income_class_index,income_class_label,lower_bound_yen_exclusive,upper_bound_yen_inclusive,is_topcoded,primary_income_type,primary_income_type_ja,positive_self_assessed_balance_persons_estimated,calculated_income_tax_million_yen,tax_credits_million_yen,post_credit_income_tax_million_yen,tax_credit_persons_estimated,tax_credit_exposure_share_within_positive_balance,dividend_credit_million_yen,housing_credit_million_yen,other_credit_million_yen,special_2024_tax_reduction_million_yen,source_withholding_persons_estimated,source_withholding_exposure_share_within_positive_balance,source_withholding_tax_million_yen,salary_withholding_persons_estimated,salary_withholding_tax_million_yen,non_salary_withholding_persons_estimated,non_salary_withholding_tax_million_yen,pension_withholding_persons_estimated,pension_withholding_tax_million_yen,self_assessed_balance_million_yen,implied_reconstruction_special_income_tax_million_yen,implied_reconstruction_special_income_tax_rate_on_post_credit,self_assessed_balance_share_of_pre_withholding_tax,table1_source_cells,table4_source_cells,table5_source_cells,source_ids,source_sha256_table1,source_sha256_table4,source_sha256_table5,cell_nature,evidence_status,target_population,identification_warning
1,70万円以下,,700000,False,business,事業所得者,5797,50,3,47,492,0.084871485251,0,1,0,1,809,0.139554942211,11,374,3,653,9,87,4,37,1,0.0212765957447,0.770833333333,D36;H36;I36;J36;K36;L36,E36;G36;I36;L36;M36;N36,D37;E37;F37;G37;H37;I37;J37;K37,NTA-2024-SHINKOKU-T1-XLSX;NTA-2024-SHINKOKU-T4-XLSX;NTA-2024-SHINKOKU-T5-XLSX,df23218947cf02235dbb526ab7a9315fd0475ed37e4aa064be7d06dbe23e99f8,172c4c315fb146cac0b3f7beaef65bedbac07634b0f79cae0ee12635980b6da2,4f74c500b213630eceeb0099939529b9a370378e8cfddbe6e5173dd128774088,SURVEY_ESTIMATED_POSITIVE_SELF_ASSESSED_BALANCE_TAX_FLOW_CELL,REPRODUCED_OFFICIAL_SURVEY_TAX_FLOW_DIAGNOSTIC,2024 NTA Sample Survey for Self-Assessment Income Tax: persons with positive self-assessed income tax,"The sample is already conditioned on positive self-assessed balance; it does not identify calculated-tax-positive persons outside that target, does not identify F71561 household-to-filer linkage, and amount-flow identities are not person-level transition observations."
1,70万円以下,,700000,False,real_estate,不動産所得者,3787,39,3,36,358,0.0945339318722,0,0,0,3,869,0.229469236863,15,327,3,709,12,312,6,22,1,0.0277777777778,0.594594594595,D70;H70;I70;J70;K70;L70,E70;G70;I70;L70;M70;N70,D72;E72;F72;G72;H72;I72;J72;K72,NTA-2024-SHINKOKU-T1-XLSX;NTA-2024-SHINKOKU-T4-XLSX;NTA-2024-SHINKOKU-T5-XLSX,df23218947cf02235dbb526ab7a9315fd0475ed37e4aa064be7d06dbe23e99f8,172c4c315fb146cac0b3f7beaef65bedbac07634b0f79cae0ee12635980b6da2,4f74c500b213630eceeb0099939529b9a370378e8cfddbe6e5173dd128774088,SURVEY_ESTIMATED_POSITIVE_SELF_ASSESSED_BALANCE_TAX_FLOW_CELL,REPRODUCED_OFFICIAL_SURVEY_TAX_FLOW_DIAGNOSTIC,2024 NTA Sample Survey for Self-Assessment Income Tax: persons with positive self-assessed income tax,"The sample is already conditioned on positive self-assessed balance; it does not identify calculated-tax-positive persons outside that target, does not identify F71561 household-to-filer linkage, and amount-flow identities are not person-level transition observations."
1,70万円以下,,700000,False,salary,給与所得者,2218,27,3,24,318,0.143372407574,0,0,0,3,1554,0.700631199279,15,1554,13,696,2,148,1,9,0,0,0.375,D98;H98;I98;J98;K98;L98,E98;G98;I98;L98;M98;N98,D100;E100;F100;G100;H100;I100;J100;K100,NTA-2024-SHINKOKU-T1-XLSX;NTA-2024-SHINKOKU-T4-XLSX;NTA-2024-SHINKOKU-T5-XLSX,df23218947cf02235dbb526ab7a9315fd0475ed37e4aa064be7d06dbe23e99f8,172c4c315fb146cac0b3f7beaef65bedbac07634b0f79cae0ee12635980b6da2,4f74c500b213630eceeb0099939529b9a370378e8cfddbe6e5173dd128774088,SURVEY_ESTIMATED_POSITIVE_SELF_ASSESSED_BALANCE_TAX_FLOW_CELL,REPRODUCED_OFFICIAL_SURVEY_TAX_FLOW_DIAGNOSTIC,2024 NTA Sample Survey for Self-Assessment Income Tax: persons with positive self-assessed income tax,"The sample is already conditioned on positive self-assessed balance; it does not identify calculated-tax-positive persons outside that target, does not identify F71561 household-to-filer linkage, and amount-flow identities are not person-level transition observations."
1,70万円以下,,700000,False,miscellaneous,雑所得者,3422,32,2,30,233,0.0680888369375,0,0,0,1,1272,0.37171244886,9,496,3,776,6,484,4,22,1,0.0333333333333,0.709677419355,D132;H132;I132;J132;K132;L132,E132;G132;I132;L132;M132;N132,D135;E135;F135;G135;H135;I135;J135;K135,NTA-2024-SHINKOKU-T1-XLSX;NTA-2024-SHINKOKU-T4-XLSX;NTA-2024-SHINKOKU-T5-XLSX,df23218947cf02235dbb526ab7a9315fd0475ed37e4aa064be7d06dbe23e99f8,172c4c315fb146cac0b3f7beaef65bedbac07634b0f79cae0ee12635980b6da2,4f74c500b213630eceeb0099939529b9a370378e8cfddbe6e5173dd128774088,SURVEY_ESTIMATED_POSITIVE_SELF_ASSESSED_BALANCE_TAX_FLOW_CELL,REPRODUCED_OFFICIAL_SURVEY_TAX_FLOW_DIAGNOSTIC,2024 NTA Sample Survey for Self-Assessment Income Tax: persons with positive self-assessed income tax,"The sample is already conditioned on positive self-assessed balance; it does not identify calculated-tax-positive persons outside that target, does not identify F71561 household-to-filer linkage, and amount-flow identities are not person-level transition observations."
1,70万円以下,,700000,False,other,他の区分に該当しない所得者,947,27,6,21,302,0.318901795143,0,0,0,6,222,0.234424498416,2,64,1,158,2,16,0,20,1,0.047619047619,0.909090909091,D160;H160;I160;J160;K160;L160,E160;G160;I160;L160;M160;N160,D163;E163;F163;G163;H163;I163;J163;K163,NTA-2024-SHINKOKU-T1-XLSX;NTA-2024-SHINKOKU-T4-XLSX;NTA-2024-SHINKOKU-T5-XLSX,df23218947cf02235dbb526ab7a9315fd0475ed37e4aa064be7d06dbe23e99f8,172c4c315fb146cac0b3f7beaef65bedbac07634b0f79cae0ee12635980b6da2,4f74c500b213630eceeb0099939529b9a370378e8cfddbe6e5173dd128774088,SURVEY_ESTIMATED_POSITIVE_SELF_ASSESSED_BALANCE_TAX_FLOW_CELL,REPRODUCED_OFFICIAL_SURVEY_TAX_FLOW_DIAGNOSTIC,2024 NTA Sample Survey for Self-Assessment Income Tax: persons with positive self-assessed income tax,"The sample is already conditioned on positive self-assessed balance; it does not identify calculated-tax-positive persons outside that target, does not identify F71561 household-to-filer linkage, and amount-flow identities are not person-level transition observations."
2,100万円,700000,1000000,False,business,事業所得者,3468,36,3,33,155,0.0446943483276,0,1,1,1,167,0.04815455594,3,90,1,97,3,0,0,31,1,0.030303030303,0.911764705882,D37;H37;I37;J37;K37;L37,E37;G37;I37;L37;M37;N37,D38;E38;F38;G38;H38;I38;J38;K38,NTA-2024-SHINKOKU-T1-XLSX;NTA-2024-SHINKOKU-T4-XLSX;NTA-2024-SHINKOKU-T5-XLSX,df23218947cf02235dbb526ab7a9315fd0475ed37e4aa064be7d06dbe23e99f8,172c4c315fb146cac0b3f7beaef65bedbac07634b0f79cae0ee12635980b6da2,4f74c500b213630eceeb0099939529b9a370378e8cfddbe6e5173dd128774088,SURVEY_ESTIMATED_POSITIVE_SELF_ASSESSED_BALANCE_TAX_FLOW_CELL,REPRODUCED_OFFICIAL_SURVEY_TAX_FLOW_DIAGNOSTIC,2024 NTA Sample Survey for Self-Assessment Income Tax: persons with positive self-assessed income tax,"The sample is already conditioned on positive self-assessed balance; it does not identify calculated-tax-positive persons outside that target, does not identify F71561 household-to-filer linkage, and amount-flow identities are not person-level transition observations."
2,100万円,700000,1000000,False,real_estate,不動産所得者,2477,35,3,32,128,0.051675413807,0,0,0,2,110,0.0444085587404,3,44,0,66,3,18,0,29,0,0,0.90625,D71;H71;I71;J71;K71;L71,E71;G71;I71;L71;M71;N71,D73;E73;F73;G73;H73;I73;J73;K73,NTA-2024-SHINKOKU-T1-XLSX;NTA-2024-SHINKOKU-T4-XLSX;NTA-2024-SHINKOKU-T5-XLSX,df23218947cf02235dbb526ab7a9315fd0475ed37e4aa064be7d06dbe23e99f8,172c4c315fb146cac0b3f7beaef65bedbac07634b0f79cae0ee12635980b6da2,4f74c500b213630eceeb0099939529b9a370378e8cfddbe6e5173dd128774088,SURVEY_ESTIMATED_POSITIVE_SELF_ASSESSED_BALANCE_TAX_FLOW_CELL,REPRODUCED_OFFICIAL_SURVEY_TAX_FLOW_DIAGNOSTIC,2024 NTA Sample Survey for Self-Assessment Income Tax: persons with positive self-assessed income tax,"The sample is already conditioned on positive self-assessed balance; it does not identify calculated-tax-positive persons outside that target, does not identify F71561 household-to-filer linkage, and amount-flow identities are not person-level transition observations."
2,100万円,700000,1000000,False,salary,給与所得者,1169,17,8,9,266,0.22754491018,0,0,0,8,362,0.309666381523,4,299,2,179,1,8,0,5,0,0,0.555555555556,D99;H99;I99;J99;K99;L99,E99;G99;I99;L99;M99;N99,D101;E101;F101;G101;H101;I101;J101;K101,NTA-2024-SHINKOKU-T1-XLSX;NTA-2024-SHINKOKU-T4-XLSX;NTA-2024-SHINKOKU-T5-XLSX,df23218947cf02235dbb526ab7a9315fd0475ed37e4aa064be7d06dbe23e99f8,172c4c315fb146cac0b3f7beaef65bedbac07634b0f79cae0ee12635980b6da2,4f74c500b213630eceeb0099939529b9a370378e8cfddbe6e5173dd128774088,SURVEY_ESTIMATED_POSITIVE_SELF_ASSESSED_BALANCE_TAX_FLOW_CELL,REPRODUCED_OFFICIAL_SURVEY_TAX_FLOW_DIAGNOSTIC,2024 NTA Sample Survey for Self-Assessment Income Tax: persons with positive self-assessed income tax,"The sample is already conditioned on positive self-assessed balance; it does not identify calculated-tax-positive persons outside that target, does not identify F71561 household-to-filer linkage, and amount-flow identities are not person-level transition observations."
2,100万円,700000,1000000,False,miscellaneous,雑所得者,2633,31,7,24,265,0.100645651348,0,0,1,6,714,0.271173566274,3,408,3,306,1,203,0,21,0,0,0.875,D133;H133;I133;J133;K133;L133,E133;G133;I133;L133;M133;N133,D136;E136;F136;G136;H136;I136;J136;K136,NTA-2024-SHINKOKU-T1-XLSX;NTA-2024-SHINKOKU-T4-XLSX;NTA-2024-SHINKOKU-T5-XLSX,df23218947cf02235dbb526ab7a9315fd0475ed37e4aa064be7d06dbe23e99f8,172c4c315fb146cac0b3f7beaef65bedbac07634b0f79cae0ee12635980b6da2,4f74c500b213630eceeb0099939529b9a370378e8cfddbe6e5173dd128774088,SURVEY_ESTIMATED_POSITIVE_SELF_ASSESSED_BALANCE_TAX_FLOW_CELL,REPRODUCED_OFFICIAL_SURVEY_TAX_FLOW_DIAGNOSTIC,2024 NTA Sample Survey for Self-Assessment Income Tax: persons with positive self-assessed income tax,"The sample is already conditioned on positive self-assessed balance; it does not identify calculated-tax-positive persons outside that target, does not identify F71561 household-to-filer linkage, and amount-flow identities are not person-level transition observations."
2,100万円,700000,1000000,False,other,他の区分に該当しない所得者,3802,171,105,66,3471,0.912940557601,1,0,0,104,236,0.0620725933719,3,114,1,122,2,12,0,64,1,0.0151515151515,0.955223880597,D161;H161;I161;J161;K161;L161,E161;G161;I161;L161;M161;N161,D164;E164;F164;G164;H164;I164;J164;K164,NTA-2024-SHINKOKU-T1-XLSX;NTA-2024-SHINKOKU-T4-XLSX;NTA-2024-SHINKOKU-T5-XLSX,df23218947cf02235dbb526ab7a9315fd0475ed37e4aa064be7d06dbe23e99f8,172c4c315fb146cac0b3f7beaef65bedbac07634b0f79cae0ee12635980b6da2,4f74c500b213630eceeb0099939529b9a370378e8cfddbe6e5173dd128774088,SURVEY_ESTIMATED_POSITIVE_SELF_ASSESSED_BALANCE_TAX_FLOW_CELL,REPRODUCED_OFFICIAL_SURVEY_TAX_FLOW_DIAGNOSTIC,2024 NTA Sample Survey for Self-Assessment Income Tax: persons with positive self-assessed income tax,"The sample is already conditioned on positive self-assessed balance; it does not identify calculated-tax-positive persons outside that target, does not identify F71561 household-to-filer linkage, and amount-flow identities are not person-level transition observations."
3,150万円,1000000,1500000,False,business,事業所得者,46153,1712,1250,462,41278,0.894373063506,1,4,3,1242,1659,0.0359456590037,25,1052,5,607,20,37,0,447,10,0.021645021645,0.947033898305,D38;H38;I38;J38;K38;L38,E38;G38;I38;L38;M38;N38,D39;E39;F39;G39;H39;I39;J39;K39,NTA-2024-SHINKOKU-T1-XLSX;NTA-2024-SHINKOKU-T4-XLSX;NTA-2024-SHINKOKU-T5-XLSX,df23218947cf02235dbb526ab7a9315fd0475ed37e4aa064be7d06dbe23e99f8,172c4c315fb146cac0b3f7beaef65bedbac07634b0f79cae0ee12635980b6da2,4f74c500b213630eceeb0099939529b9a370378e8cfddbe6e5173dd128774088,SURVEY_ESTIMATED_POSITIVE_SELF_ASSESSED_BALANCE_TAX_FLOW_CELL,REPRODUCED_OFFICIAL_SURVEY_TAX_FLOW_DIAGNOSTIC,2024 NTA Sample Survey for Self-Assessment Income Tax: persons with positive self-assessed income tax,"The sample is already conditioned on positive self-assessed balance; it does not identify calculated-tax-positive persons outside that target, does not identify F71561 household-to-filer linkage, and amount-flow identities are not person-level transition observations."
3,150万円,1000000,1500000,False,real_estate,不動産所得者,19355,779,472,307,15603,0.806148282098,1,2,3,466,811,0.041901317489,12,493,5,318,7,106,0,301,6,0.0195439739414,0.961661341853,D72;H72;I72;J72;K72;L72,E72;G72;I72;L72;M72;N72,D74;E74;F74;G74;H74;I74;J74;K74,NTA-2024-SHINKOKU-T1-XLSX;NTA-2024-SHINKOKU-T4-XLSX;NTA-2024-SHINKOKU-T5-XLSX,df23218947cf02235dbb526ab7a9315fd0475ed37e4aa064be7d06dbe23e99f8,172c4c315fb146cac0b3f7beaef65bedbac07634b0f79cae0ee12635980b6da2,4f74c500b213630eceeb0099939529b9a370378e8cfddbe6e5173dd128774088,SURVEY_ESTIMATED_POSITIVE_SELF_ASSESSED_BALANCE_TAX_FLOW_CELL,REPRODUCED_OFFICIAL_SURVEY_TAX_FLOW_DIAGNOSTIC,2024 NTA Sample Survey for Self-Assessment Income Tax: persons with positive self-assessed income tax,"The sample is already conditioned on positive self-assessed balance; it does not identify calculated-tax-positive persons outside that target, does not identify F71561 household-to-filer linkage, and amount-flow identities are not person-level transition observations."
3,150万円,1000000,1500000,False,salary,給与所得者,30051,1153,854,299,28306,0.94193204885,1,1,1,851,8140,0.270872849489,83,7772,71,462,12,149,0,223,7,0.0234113712375,0.728758169935,D100;H100;I100;J100;K100;L100,E100;G100;I100;L100;M100;N100,D102;E102;F102;G102;H102;I102;J102;K102,NTA-2024-SHINKOKU-T1-XLSX;NTA-2024-SHINKOKU-T4-XLSX;NTA-2024-SHINKOKU-T5-XLSX,df23218947cf02235dbb526ab7a9315fd0475ed37e4aa064be7d06dbe23e99f8,172c4c315fb146cac0b3f7beaef65bedbac07634b0f79cae0ee12635980b6da2,4f74c500b213630eceeb0099939529b9a370378e8cfddbe6e5173dd128774088,SURVEY_ESTIMATED_POSITIVE_SELF_ASSESSED_BALANCE_TAX_FLOW_CELL,REPRODUCED_OFFICIAL_SURVEY_TAX_FLOW_DIAGNOSTIC,2024 NTA Sample Survey for Self-Assessment Income Tax: persons with positive self-assessed income tax,"The sample is already conditioned on positive self-assessed balance; it does not identify calculated-tax-positive persons outside that target, does not identify F71561 household-to-filer linkage, and amount-flow identities are not person-level transition observations."
3,150万円,1000000,1500000,False,miscellaneous,雑所得者,22297,905,536,369,17419,0.781226173925,2,1,3,529,9295,0.416872224963,86,2541,19,6754,67,6162,29,291,8,0.0216802168022,0.771883289125,D134;H134;I134;J134;K134;L134,E134;G134;I134;L134;M134;N134,D137;E137;F137;G137;H137;I137;J137;K137,NTA-2024-SHINKOKU-T1-XLSX;NTA-2024-SHINKOKU-T4-XLSX;NTA-2024-SHINKOKU-T5-XLSX,df23218947cf02235dbb526ab7a9315fd0475ed37e4aa064be7d06dbe23e99f8,172c4c315fb146cac0b3f7beaef65bedbac07634b0f79cae0ee12635980b6da2,4f74c500b213630eceeb0099939529b9a370378e8cfddbe6e5173dd128774088,SURVEY_ESTIMATED_POSITIVE_SELF_ASSESSED_BALANCE_TAX_FLOW_CELL,REPRODUCED_OFFICIAL_SURVEY_TAX_FLOW_DIAGNOSTIC,2024 NTA Sample Survey for Self-Assessment Income Tax: persons with positive self-assessed income tax,"The sample is already conditioned on positive self-assessed balance; it does not identify calculated-tax-positive persons outside that target, does not identify F71561 household-to-filer linkage, and amount-flow identities are not person-level transition observations."
3,150万円,1000000,1500000,False,other,他の区分に該当しない所得者,10777,970,321,649,10234,0.949614920664,4,1,3,313,1251,0.116080541895,25,580,4,671,21,95,1,639,15,0.0231124807396,0.96234939759,D162;H162;I162;J162;K162;L162,E162;G162;I162;L162;M162;N162,D165;E165;F165;G165;H165;I165;J165;K165,NTA-2024-SHINKOKU-T1-XLSX;NTA-2024-SHINKOKU-T4-XLSX;NTA-2024-SHINKOKU-T5-XLSX,df23218947cf02235dbb526ab7a9315fd0475ed37e4aa064be7d06dbe23e99f8,172c4c315fb146cac0b3f7beaef65bedbac07634b0f79cae0ee12635980b6da2,4f74c500b213630eceeb0099939529b9a370378e8cfddbe6e5173dd128774088,SURVEY_ESTIMATED_POSITIVE_SELF_ASSESSED_BALANCE_TAX_FLOW_CELL,REPRODUCED_OFFICIAL_SURVEY_TAX_FLOW_DIAGNOSTIC,2024 NTA Sample Survey for Self-Assessment Income Tax: persons with positive self-assessed income tax,"The sample is already conditioned on positive self-assessed balance; it does not identify calculated-tax-positive persons outside that target, does not identify F71561 household-to-filer linkage, and amount-flow identities are not person-level transition observations."
4,200万円,1500000,2000000,False,business,事業所得者,110751,5351,3240,2111,106603,0.962546613575,2,7,14,3218,7493,0.067656273984,81,4435,36,3342,45,543,2,2074,44,0.0208432022738,0.962412993039,D39;H39;I39;J39;K39;L39,E39;G39;I39;L39;M39;N39,D40;E40;F40;G40;H40;I40;J40;K40,NTA-2024-SHINKOKU-T1-XLSX;NTA-2024-SHINKOKU-T4-XLSX;NTA-2024-SHINKOKU-T5-XLSX,df23218947cf02235dbb526ab7a9315fd0475ed37e4aa064be7d06dbe23e99f8,172c4c315fb146cac0b3f7beaef65bedbac07634b0f79cae0ee12635980b6da2,4f74c500b213630eceeb0099939529b9a370378e8cfddbe6e5173dd128774088,SURVEY_ESTIMATED_POSITIVE_SELF_ASSESSED_BALANCE_TAX_FLOW_CELL,REPRODUCED_OFFICIAL_SURVEY_TAX_FLOW_DIAGNOSTIC,2024 NTA Sample Survey for Self-Assessment Income Tax: persons with positive self-assessed income tax,"The sample is already conditioned on positive self-assessed balance; it does not identify calculated-tax-positive persons outside that target, does not identify F71561 household-to-filer linkage, and amount-flow identities are not person-level transition observations."
4,200万円,1500000,2000000,False,real_estate,不動産所得者,54540,2953,1552,1401,51109,0.937092042538,4,3,15,1531,4880,0.0894756142281,47,2272,18,2608,30,1336,5,1382,28,0.0199857244825,0.96710986704,D73;H73;I73;J73;K73;L73,E73;G73;I73;L73;M73;N73,D75;E75;F75;G75;H75;I75;J75;K75,NTA-2024-SHINKOKU-T1-XLSX;NTA-2024-SHINKOKU-T4-XLSX;NTA-2024-SHINKOKU-T5-XLSX,df23218947cf02235dbb526ab7a9315fd0475ed37e4aa064be7d06dbe23e99f8,172c4c315fb146cac0b3f7beaef65bedbac07634b0f79cae0ee12635980b6da2,4f74c500b213630eceeb0099939529b9a370378e8cfddbe6e5173dd128774088,SURVEY_ESTIMATED_POSITIVE_SELF_ASSESSED_BALANCE_TAX_FLOW_CELL,REPRODUCED_OFFICIAL_SURVEY_TAX_FLOW_DIAGNOSTIC,2024 NTA Sample Survey for Self-Assessment Income Tax: persons with positive self-assessed income tax,"The sample is already conditioned on positive self-assessed balance; it does not identify calculated-tax-positive persons outside that target, does not identify F71561 household-to-filer linkage, and amount-flow identities are not person-level transition observations."
4,200万円,1500000,2000000,False,salary,給与所得者,130046,6225,3857,2368,127753,0.982367777556,3,4,10,3840,79612,0.612183381265,903,78963,871,7405,32,4833,15,1515,50,0.0211148648649,0.626550868486,D101;H101;I101;J101;K101;L101,E101;G101;I101;L101;M101;N101,D103;E103;F103;G103;H103;I103;J103;K103,NTA-2024-SHINKOKU-T1-XLSX;NTA-2024-SHINKOKU-T4-XLSX;NTA-2024-SHINKOKU-T5-XLSX,df23218947cf02235dbb526ab7a9315fd0475ed37e4aa064be7d06dbe23e99f8,172c4c315fb146cac0b3f7beaef65bedbac07634b0f79cae0ee12635980b6da2,4f74c500b213630eceeb0099939529b9a370378e8cfddbe6e5173dd128774088,SURVEY_ESTIMATED_POSITIVE_SELF_ASSESSED_BALANCE_TAX_FLOW_CELL,REPRODUCED_OFFICIAL_SURVEY_TAX_FLOW_DIAGNOSTIC,2024 NTA Sample Survey for Self-Assessment Income Tax: persons with positive self-assessed income tax,"The sample is already conditioned on positive self-assessed balance; it does not identify calculated-tax-positive persons outside that target, does not identify F71561 household-to-filer linkage, and amount-flow identities are not person-level transition observations."
4,200万円,1500000,2000000,False,miscellaneous,雑所得者,72709,3680,2081,1599,67160,0.923682075121,5,3,15,2059,52527,0.722427759975,525,7371,52,46420,473,44857,361,1107,33,0.0206378986867,0.678308823529,D135;H135;I135;J135;K135;L135,E135;G135;I135;L135;M135;N135,D138;E138;F138;G138;H138;I138;J138;K138,NTA-2024-SHINKOKU-T1-XLSX;NTA-2024-SHINKOKU-T4-XLSX;NTA-2024-SHINKOKU-T5-XLSX,df23218947cf02235dbb526ab7a9315fd0475ed37e4aa064be7d06dbe23e99f8,172c4c315fb146cac0b3f7beaef65bedbac07634b0f79cae0ee12635980b6da2,4f74c500b213630eceeb0099939529b9a370378e8cfddbe6e5173dd128774088,SURVEY_ESTIMATED_POSITIVE_SELF_ASSESSED_BALANCE_TAX_FLOW_CELL,REPRODUCED_OFFICIAL_SURVEY_TAX_FLOW_DIAGNOSTIC,2024 NTA Sample Survey for Self-Assessment Income Tax: persons with positive self-assessed income tax,"The sample is already conditioned on positive self-assessed balance; it does not identify calculated-tax-positive persons outside that target, does not identify F71561 household-to-filer linkage, and amount-flow identities are not person-level transition observations."
4,200万円,1500000,2000000,False,other,他の区分に該当しない所得者,12933,2100,418,1682,12307,0.951596690636,7,2,4,404,2047,0.158277275188,58,978,8,1069,50,319,4,1660,36,0.0214030915577,0.966239813737,D163;H163;I163;J163;K163;L163,E163;G163;I163;L163;M163;N163,D166;E166;F166;G166;H166;I166;J166;K166,NTA-2024-SHINKOKU-T1-XLSX;NTA-2024-SHINKOKU-T4-XLSX;NTA-2024-SHINKOKU-T5-XLSX,df23218947cf02235dbb526ab7a9315fd0475ed37e4aa064be7d06dbe23e99f8,172c4c315fb146cac0b3f7beaef65bedbac07634b0f79cae0ee12635980b6da2,4f74c500b213630eceeb0099939529b9a370378e8cfddbe6e5173dd128774088,SURVEY_ESTIMATED_POSITIVE_SELF_ASSESSED_BALANCE_TAX_FLOW_CELL,REPRODUCED_OFFICIAL_SURVEY_TAX_FLOW_DIAGNOSTIC,2024 NTA Sample Survey for Self-Assessment Income Tax: persons with positive self-assessed income tax,"The sample is already conditioned on positive self-assessed balance; it does not identify calculated-tax-positive persons outside that target, does not identify F71561 household-to-filer linkage, and amount-flow identities are not person-level transition observations."
5,250万円,2000000,2500000,False,business,事業所得者,116159,7995,3569,4426,113013,0.972916433509,4,9,19,3538,11588,0.0997598119819,184,6800,88,5140,96,1161,6,4335,93,0.0210122006326,0.959283027218,D40;H40;I40;J40;K40;L40,E40;G40;I40;L40;M40;N40,D41;E41;F41;G41;H41;I41;J41;K41,NTA-2024-SHINKOKU-T1-XLSX;NTA-2024-SHINKOKU-T4-XLSX;NTA-2024-SHINKOKU-T5-XLSX,df23218947cf02235dbb526ab7a9315fd0475ed37e4aa064be7d06dbe23e99f8,172c4c315fb146cac0b3f7beaef65bedbac07634b0f79cae0ee12635980b6da2,4f74c500b213630eceeb0099939529b9a370378e8cfddbe6e5173dd128774088,SURVEY_ESTIMATED_POSITIVE_SELF_ASSESSED_BALANCE_TAX_FLOW_CELL,REPRODUCED_OFFICIAL_SURVEY_TAX_FLOW_DIAGNOSTIC,2024 NTA Sample Survey for Self-Assessment Income Tax: persons with positive self-assessed income tax,"The sample is already conditioned on positive self-assessed balance; it does not identify calculated-tax-positive persons outside that target, does not identify F71561 household-to-filer linkage, and amount-flow identities are not person-level transition observations."
5,250万円,2000000,2500000,False,real_estate,不動産所得者,60515,4476,1790,2686,57708,0.953614806246,7,5,20,1757,10050,0.166074526977,125,3928,35,6122,90,3495,21,2617,56,0.0208488458675,0.954412837345,D74;H74;I74;J74;K74;L74,E74;G74;I74;L74;M74;N74,D76;E76;F76;G76;H76;I76;J76;K76,NTA-2024-SHINKOKU-T1-XLSX;NTA-2024-SHINKOKU-T4-XLSX;NTA-2024-SHINKOKU-T5-XLSX,df23218947cf02235dbb526ab7a9315fd0475ed37e4aa064be7d06dbe23e99f8,172c4c315fb146cac0b3f7beaef65bedbac07634b0f79cae0ee12635980b6da2,4f74c500b213630eceeb0099939529b9a370378e8cfddbe6e5173dd128774088,SURVEY_ESTIMATED_POSITIVE_SELF_ASSESSED_BALANCE_TAX_FLOW_CELL,REPRODUCED_OFFICIAL_SURVEY_TAX_FLOW_DIAGNOSTIC,2024 NTA Sample Survey for Self-Assessment Income Tax: persons with positive self-assessed income tax,"The sample is already conditioned on positive self-assessed balance; it does not identify calculated-tax-positive persons outside that target, does not identify F71561 household-to-filer linkage, and amount-flow identities are not person-level transition observations."
5,250万円,2000000,2500000,False,salary,給与所得者,174464,11769,5287,6482,172199,0.987017378944,5,11,20,5250,146520,0.839829420396,3130,144927,3010,19638,120,14476,66,3488,136,0.0209811786486,0.527047446358,D102;H102;I102;J102;K102;L102,E102;G102;I102;L102;M102;N102,D104;E104;F104;G104;H104;I104;J104;K104,NTA-2024-SHINKOKU-T1-XLSX;NTA-2024-SHINKOKU-T4-XLSX;NTA-2024-SHINKOKU-T5-XLSX,df23218947cf02235dbb526ab7a9315fd0475ed37e4aa064be7d06dbe23e99f8,172c4c315fb146cac0b3f7beaef65bedbac07634b0f79cae0ee12635980b6da2,4f74c500b213630eceeb0099939529b9a370378e8cfddbe6e5173dd128774088,SURVEY_ESTIMATED_POSITIVE_SELF_ASSESSED_BALANCE_TAX_FLOW_CELL,REPRODUCED_OFFICIAL_SURVEY_TAX_FLOW_DIAGNOSTIC,2024 NTA Sample Survey for Self-Assessment Income Tax: persons with positive self-assessed income tax,"The sample is already conditioned on positive self-assessed balance; it does not identify calculated-tax-positive persons outside that target, does not identify F71561 household-to-filer linkage, and amount-flow identities are not person-level transition observations."
5,250万円,2000000,2500000,False,miscellaneous,雑所得者,71024,4945,2165,2780,67234,0.946637756251,11,5,28,2122,57942,0.815808740707,900,11634,123,52609,778,51101,582,1938,58,0.0208633093525,0.682875264271,D136;H136;I136;J136;K136;L136,E136;G136;I136;L136;M136;N136,D139;E139;F139;G139;H139;I139;J139;K139,NTA-2024-SHINKOKU-T1-XLSX;NTA-2024-SHINKOKU-T4-XLSX;NTA-2024-SHINKOKU-T5-XLSX,df23218947cf02235dbb526ab7a9315fd0475ed37e4aa064be7d06dbe23e99f8,172c4c315fb146cac0b3f7beaef65bedbac07634b0f79cae0ee12635980b6da2,4f74c500b213630eceeb0099939529b9a370378e8cfddbe6e5173dd128774088,SURVEY_ESTIMATED_POSITIVE_SELF_ASSESSED_BALANCE_TAX_FLOW_CELL,REPRODUCED_OFFICIAL_SURVEY_TAX_FLOW_DIAGNOSTIC,2024 NTA Sample Survey for Self-Assessment Income Tax: persons with positive self-assessed income tax,"The sample is already conditioned on positive self-assessed balance; it does not identify calculated-tax-positive persons outside that target, does not identify F71561 household-to-filer linkage, and amount-flow identities are not person-level transition observations."
5,250万円,2000000,2500000,False,other,他の区分に該当しない所得者,12459,2579,440,2139,11876,0.953206517377,13,5,6,415,2869,0.230275302994,100,1229,12,1640,88,790,9,2084,45,0.0210378681627,0.954212454212,D164;H164;I164;J164;K164;L164,E164;G164;I164;L164;M164;N164,D167;E167;F167;G167;H167;I167;J167;K167,NTA-2024-SHINKOKU-T1-XLSX;NTA-2024-SHINKOKU-T4-XLSX;NTA-2024-SHINKOKU-T5-XLSX,df23218947cf02235dbb526ab7a9315fd0475ed37e4aa064be7d06dbe23e99f8,172c4c315fb146cac0b3f7beaef65bedbac07634b0f79cae0ee12635980b6da2,4f74c500b213630eceeb0099939529b9a370378e8cfddbe6e5173dd128774088,SURVEY_ESTIMATED_POSITIVE_SELF_ASSESSED_BALANCE_TAX_FLOW_CELL,REPRODUCED_OFFICIAL_SURVEY_TAX_FLOW_DIAGNOSTIC,2024 NTA Sample Survey for Self-Assessment Income Tax: persons with positive self-assessed income tax,"The sample is already conditioned on positive self-assessed balance; it does not identify calculated-tax-positive persons outside that target, does not identify F71561 household-to-filer linkage, and amount-flow identities are not person-level transition observations."
6,300万円,2500000,3000000,False,business,事業所得者,115841,10450,4067,6383,113446,0.979325109417,4,18,28,4017,13699,0.118256921125,245,7473,115,6531,131,1852,13,6271,133,0.0208365972113,0.962400245549,D41;H41;I41;J41;K41;L41,E41;G41;I41;L41;M41;N41,D42;E42;F42;G42;H42;I42;J42;K42,NTA-2024-SHINKOKU-T1-XLSX;NTA-2024-SHINKOKU-T4-XLSX;NTA-2024-SHINKOKU-T5-XLSX,df23218947cf02235dbb526ab7a9315fd0475ed37e4aa064be7d06dbe23e99f8,172c4c315fb146cac0b3f7beaef65bedbac07634b0f79cae0ee12635980b6da2,4f74c500b213630eceeb0099939529b9a370378e8cfddbe6e5173dd128774088,SURVEY_ESTIMATED_POSITIVE_SELF_ASSESSED_BALANCE_TAX_FLOW_CELL,REPRODUCED_OFFICIAL_SURVEY_TAX_FLOW_DIAGNOSTIC,2024 NTA Sample Survey for Self-Assessment Income Tax: persons with positive self-assessed income tax,"The sample is already conditioned on positive self-assessed balance; it does not identify calculated-tax-positive persons outside that target, does not identify F71561 household-to-filer linkage, and amount-flow identities are not person-level transition observations."
6,300万円,2500000,3000000,False,real_estate,不動産所得者,63122,6052,2125,3927,60804,0.963277462691,12,6,27,2081,15453,0.244811634612,236,5329,63,10124,173,6551,44,3774,83,0.0211357270181,0.94114713217,D75;H75;I75;J75;K75;L75,E75;G75;I75;L75;M75;N75,D77;E77;F77;G77;H77;I77;J77;K77,NTA-2024-SHINKOKU-T1-XLSX;NTA-2024-SHINKOKU-T4-XLSX;NTA-2024-SHINKOKU-T5-XLSX,df23218947cf02235dbb526ab7a9315fd0475ed37e4aa064be7d06dbe23e99f8,172c4c315fb146cac0b3f7beaef65bedbac07634b0f79cae0ee12635980b6da2,4f74c500b213630eceeb0099939529b9a370378e8cfddbe6e5173dd128774088,SURVEY_ESTIMATED_POSITIVE_SELF_ASSESSED_BALANCE_TAX_FLOW_CELL,REPRODUCED_OFFICIAL_SURVEY_TAX_FLOW_DIAGNOSTIC,2024 NTA Sample Survey for Self-Assessment Income Tax: persons with positive self-assessed income tax,"The sample is already conditioned on positive self-assessed balance; it does not identify calculated-tax-positive persons outside that target, does not identify F71561 household-to-filer linkage, and amount-flow identities are not person-level transition observations."
6,300万円,2500000,3000000,False,salary,給与所得者,181588,15710,6306,9404,179631,0.989222856136,10,21,27,6248,152389,0.839201929643,5012,146495,4997,33055,15,26475,13,4590,198,0.021054870268,0.478025411373,D103;H103;I103;J103;K103;L103,E103;G103;I103;L103;M103;N103,D105;E105;F105;G105;H105;I105;J105;K105,NTA-2024-SHINKOKU-T1-XLSX;NTA-2024-SHINKOKU-T4-XLSX;NTA-2024-SHINKOKU-T5-XLSX,df23218947cf02235dbb526ab7a9315fd0475ed37e4aa064be7d06dbe23e99f8,172c4c315fb146cac0b3f7beaef65bedbac07634b0f79cae0ee12635980b6da2,4f74c500b213630eceeb0099939529b9a370378e8cfddbe6e5173dd128774088,SURVEY_ESTIMATED_POSITIVE_SELF_ASSESSED_BALANCE_TAX_FLOW_CELL,REPRODUCED_OFFICIAL_SURVEY_TAX_FLOW_DIAGNOSTIC,2024 NTA Sample Survey for Self-Assessment Income Tax: persons with positive self-assessed income tax,"The sample is already conditioned on positive self-assessed balance; it does not identify calculated-tax-positive persons outside that target, does not identify F71561 household-to-filer linkage, and amount-flow identities are not person-level transition observations."
6,300万円,2500000,3000000,False,miscellaneous,雑所得者,62083,5621,2357,3264,59848,0.96399980671,13,8,28,2309,51989,0.837411207577,1091,12629,163,48742,928,47416,675,2241,68,0.0208333333333,0.672569027611,D137;H137;I137;J137;K137;L137,E137;G137;I137;L137;M137;N137,D140;E140;F140;G140;H140;I140;J140;K140,NTA-2024-SHINKOKU-T1-XLSX;NTA-2024-SHINKOKU-T4-XLSX;NTA-2024-SHINKOKU-T5-XLSX,df23218947cf02235dbb526ab7a9315fd0475ed37e4aa064be7d06dbe23e99f8,172c4c315fb146cac0b3f7beaef65bedbac07634b0f79cae0ee12635980b6da2,4f74c500b213630eceeb0099939529b9a370378e8cfddbe6e5173dd128774088,SURVEY_ESTIMATED_POSITIVE_SELF_ASSESSED_BALANCE_TAX_FLOW_CELL,REPRODUCED_OFFICIAL_SURVEY_TAX_FLOW_DIAGNOSTIC,2024 NTA Sample Survey for Self-Assessment Income Tax: persons with positive self-assessed income tax,"The sample is already conditioned on positive self-assessed balance; it does not identify calculated-tax-positive persons outside that target, does not identify F71561 household-to-filer linkage, and amount-flow identities are not person-level transition observations."
6,300万円,2500000,3000000,False,other,他の区分に該当しない所得者,13281,3436,501,2935,12723,0.957985091484,14,9,8,471,3772,0.284014757925,111,1404,18,2368,93,1396,14,2885,61,0.0207836456559,0.962950600801,D165;H165;I165;J165;K165;L165,E165;G165;I165;L165;M165;N165,D168;E168;F168;G168;H168;I168;J168;K168,NTA-2024-SHINKOKU-T1-XLSX;NTA-2024-SHINKOKU-T4-XLSX;NTA-2024-SHINKOKU-T5-XLSX,df23218947cf02235dbb526ab7a9315fd0475ed37e4aa064be7d06dbe23e99f8,172c4c315fb146cac0b3f7beaef65bedbac07634b0f79cae0ee12635980b6da2,4f74c500b213630eceeb0099939529b9a370378e8cfddbe6e5173dd128774088,SURVEY_ESTIMATED_POSITIVE_SELF_ASSESSED_BALANCE_TAX_FLOW_CELL,REPRODUCED_OFFICIAL_SURVEY_TAX_FLOW_DIAGNOSTIC,2024 NTA Sample Survey for Self-Assessment Income Tax: persons with positive self-assessed income tax,"The sample is already conditioned on positive self-assessed balance; it does not identify calculated-tax-positive persons outside that target, does not identify F71561 household-to-filer linkage, and amount-flow identities are not person-level transition observations."
7,400万円,3000000,4000000,False,business,事業所得者,199937,25685,8440,17245,196853,0.984575141169,12,162,85,8180,29037,0.145230747686,722,15011,294,14122,429,4561,44,16886,363,0.0210495795883,0.95899591095,D42;H42;I42;J42;K42;L42,E42;G42;I42;L42;M42;N42,D43;E43;F43;G43;H43;I43;J43;K43,NTA-2024-SHINKOKU-T1-XLSX;NTA-2024-SHINKOKU-T4-XLSX;NTA-2024-SHINKOKU-T5-XLSX,df23218947cf02235dbb526ab7a9315fd0475ed37e4aa064be7d06dbe23e99f8,172c4c315fb146cac0b3f7beaef65bedbac07634b0f79cae0ee12635980b6da2,4f74c500b213630eceeb0099939529b9a370378e8cfddbe6e5173dd128774088,SURVEY_ESTIMATED_POSITIVE_SELF_ASSESSED_BALANCE_TAX_FLOW_CELL,REPRODUCED_OFFICIAL_SURVEY_TAX_FLOW_DIAGNOSTIC,2024 NTA Sample Survey for Self-Assessment Income Tax: persons with positive self-assessed income tax,"The sample is already conditioned on positive self-assessed balance; it does not identify calculated-tax-positive persons outside that target, does not identify F71561 household-to-filer linkage, and amount-flow identities are not person-level transition observations."
7,400万円,3000000,4000000,False,real_estate,不動産所得者,124665,16070,4790,11280,121450,0.974210885172,44,35,76,4635,46312,0.371491597481,918,15318,250,30994,668,22134,213,10599,237,0.0210106382979,0.920291742641,D76;H76;I76;J76;K76;L76,E76;G76;I76;L76;M76;N76,D78;E78;F78;G78;H78;I78;J78;K78,NTA-2024-SHINKOKU-T1-XLSX;NTA-2024-SHINKOKU-T4-XLSX;NTA-2024-SHINKOKU-T5-XLSX,df23218947cf02235dbb526ab7a9315fd0475ed37e4aa064be7d06dbe23e99f8,172c4c315fb146cac0b3f7beaef65bedbac07634b0f79cae0ee12635980b6da2,4f74c500b213630eceeb0099939529b9a370378e8cfddbe6e5173dd128774088,SURVEY_ESTIMATED_POSITIVE_SELF_ASSESSED_BALANCE_TAX_FLOW_CELL,REPRODUCED_OFFICIAL_SURVEY_TAX_FLOW_DIAGNOSTIC,2024 NTA Sample Survey for Self-Assessment Income Tax: persons with positive self-assessed income tax,"The sample is already conditioned on positive self-assessed balance; it does not identify calculated-tax-positive persons outside that target, does not identify F71561 household-to-filer linkage, and amount-flow identities are not person-level transition observations."
7,400万円,3000000,4000000,False,salary,給与所得者,368173,45379,15003,30376,364859,0.990998796761,44,186,103,14670,325691,0.884614026558,16853,301890,16402,94474,451,76493,401,14160,637,0.0209705030287,0.456582723374,D104;H104;I104;J104;K104;L104,E104;G104;I104;L104;M104;N104,D106;E106;F106;G106;H106;I106;J106;K106,NTA-2024-SHINKOKU-T1-XLSX;NTA-2024-SHINKOKU-T4-XLSX;NTA-2024-SHINKOKU-T5-XLSX,df23218947cf02235dbb526ab7a9315fd0475ed37e4aa064be7d06dbe23e99f8,172c4c315fb146cac0b3f7beaef65bedbac07634b0f79cae0ee12635980b6da2,4f74c500b213630eceeb0099939529b9a370378e8cfddbe6e5173dd128774088,SURVEY_ESTIMATED_POSITIVE_SELF_ASSESSED_BALANCE_TAX_FLOW_CELL,REPRODUCED_OFFICIAL_SURVEY_TAX_FLOW_DIAGNOSTIC,2024 NTA Sample Survey for Self-Assessment Income Tax: persons with positive self-assessed income tax,"The sample is already conditioned on positive self-assessed balance; it does not identify calculated-tax-positive persons outside that target, does not identify F71561 household-to-filer linkage, and amount-flow identities are not person-level transition observations."
7,400万円,3000000,4000000,False,miscellaneous,雑所得者,82463,11042,3586,7456,80231,0.972933315548,33,18,54,3481,72920,0.884275371985,2740,22450,404,68379,2336,66252,1744,4873,157,0.0210568669528,0.640089320898,D138;H138;I138;J138;K138;L138,E138;G138;I138;L138;M138;N138,D141;E141;F141;G141;H141;I141;J141;K141,NTA-2024-SHINKOKU-T1-XLSX;NTA-2024-SHINKOKU-T4-XLSX;NTA-2024-SHINKOKU-T5-XLSX,df23218947cf02235dbb526ab7a9315fd0475ed37e4aa064be7d06dbe23e99f8,172c4c315fb146cac0b3f7beaef65bedbac07634b0f79cae0ee12635980b6da2,4f74c500b213630eceeb0099939529b9a370378e8cfddbe6e5173dd128774088,SURVEY_ESTIMATED_POSITIVE_SELF_ASSESSED_BALANCE_TAX_FLOW_CELL,REPRODUCED_OFFICIAL_SURVEY_TAX_FLOW_DIAGNOSTIC,2024 NTA Sample Survey for Self-Assessment Income Tax: persons with positive self-assessed income tax,"The sample is already conditioned on positive self-assessed balance; it does not identify calculated-tax-positive persons outside that target, does not identify F71561 household-to-filer linkage, and amount-flow identities are not person-level transition observations."
7,400万円,3000000,4000000,False,other,他の区分に該当しない所得者,24955,8862,1024,7838,23926,0.958765778401,36,26,24,938,9487,0.380164295732,348,3221,54,6266,294,4151,54,7655,165,0.021051288594,0.956516306385,D166;H166;I166;J166;K166;L166,E166;G166;I166;L166;M166;N166,D169;E169;F169;G169;H169;I169;J169;K169,NTA-2024-SHINKOKU-T1-XLSX;NTA-2024-SHINKOKU-T4-XLSX;NTA-2024-SHINKOKU-T5-XLSX,df23218947cf02235dbb526ab7a9315fd0475ed37e4aa064be7d06dbe23e99f8,172c4c315fb146cac0b3f7beaef65bedbac07634b0f79cae0ee12635980b6da2,4f74c500b213630eceeb0099939529b9a370378e8cfddbe6e5173dd128774088,SURVEY_ESTIMATED_POSITIVE_SELF_ASSESSED_BALANCE_TAX_FLOW_CELL,REPRODUCED_OFFICIAL_SURVEY_TAX_FLOW_DIAGNOSTIC,2024 NTA Sample Survey for Self-Assessment Income Tax: persons with positive self-assessed income tax,"The sample is already conditioned on positive self-assessed balance; it does not identify calculated-tax-positive persons outside that target, does not identify F71561 household-to-filer linkage, and amount-flow identities are not person-level transition observations."
8,500万円,4000000,5000000,False,business,事業所得者,146140,30120,7855,22265,144569,0.989250034214,15,618,133,7088,25579,0.175030792391,946,12952,330,12718,616,3498,51,21787,468,0.0210195373905,0.958386486605,D43;H43;I43;J43;K43;L43,E43;G43;I43;L43;M43;N43,D44;E44;F44;G44;H44;I44;J44;K44,NTA-2024-SHINKOKU-T1-XLSX;NTA-2024-SHINKOKU-T4-XLSX;NTA-2024-SHINKOKU-T5-XLSX,df23218947cf02235dbb526ab7a9315fd0475ed37e4aa064be7d06dbe23e99f8,172c4c315fb146cac0b3f7beaef65bedbac07634b0f79cae0ee12635980b6da2,4f74c500b213630eceeb0099939529b9a370378e8cfddbe6e5173dd128774088,SURVEY_ESTIMATED_POSITIVE_SELF_ASSESSED_BALANCE_TAX_FLOW_CELL,REPRODUCED_OFFICIAL_SURVEY_TAX_FLOW_DIAGNOSTIC,2024 NTA Sample Survey for Self-Assessment Income Tax: persons with positive self-assessed income tax,"The sample is already conditioned on positive self-assessed balance; it does not identify calculated-tax-positive persons outside that target, does not identify F71561 household-to-filer linkage, and amount-flow identities are not person-level transition observations."
8,500万円,4000000,5000000,False,real_estate,不動産所得者,104065,21368,4444,16924,102045,0.980589054918,74,95,89,4186,49162,0.472416278288,1414,17566,433,32733,980,23657,339,15866,356,0.0210352162609,0.918171296296,D77;H77;I77;J77;K77;L77,E77;G77;I77;L77;M77;N77,D79;E79;F79;G79;H79;I79;J79;K79,NTA-2024-SHINKOKU-T1-XLSX;NTA-2024-SHINKOKU-T4-XLSX;NTA-2024-SHINKOKU-T5-XLSX,df23218947cf02235dbb526ab7a9315fd0475ed37e4aa064be7d06dbe23e99f8,172c4c315fb146cac0b3f7beaef65bedbac07634b0f79cae0ee12635980b6da2,4f74c500b213630eceeb0099939529b9a370378e8cfddbe6e5173dd128774088,SURVEY_ESTIMATED_POSITIVE_SELF_ASSESSED_BALANCE_TAX_FLOW_CELL,REPRODUCED_OFFICIAL_SURVEY_TAX_FLOW_DIAGNOSTIC,2024 NTA Sample Survey for Self-Assessment Income Tax: persons with positive self-assessed income tax,"The sample is already conditioned on positive self-assessed balance; it does not identify calculated-tax-positive persons outside that target, does not identify F71561 household-to-filer linkage, and amount-flow identities are not person-level transition observations."
8,500万円,4000000,5000000,False,salary,給与所得者,291420,57429,14429,43000,288892,0.991325235056,98,716,142,13473,270269,0.927420904536,24550,262277,23959,76073,590,53720,487,19355,905,0.0210465116279,0.440838173329,D105;H105;I105;J105;K105;L105,E105;G105;I105;L105;M105;N105,D107;E107;F107;G107;H107;I107;J107;K107,NTA-2024-SHINKOKU-T1-XLSX;NTA-2024-SHINKOKU-T4-XLSX;NTA-2024-SHINKOKU-T5-XLSX,df23218947cf02235dbb526ab7a9315fd0475ed37e4aa064be7d06dbe23e99f8,172c4c315fb146cac0b3f7beaef65bedbac07634b0f79cae0ee12635980b6da2,4f74c500b213630eceeb0099939529b9a370378e8cfddbe6e5173dd128774088,SURVEY_ESTIMATED_POSITIVE_SELF_ASSESSED_BALANCE_TAX_FLOW_CELL,REPRODUCED_OFFICIAL_SURVEY_TAX_FLOW_DIAGNOSTIC,2024 NTA Sample Survey for Self-Assessment Income Tax: persons with positive self-assessed income tax,"The sample is already conditioned on positive self-assessed balance; it does not identify calculated-tax-positive persons outside that target, does not identify F71561 household-to-filer linkage, and amount-flow identities are not person-level transition observations."
8,500万円,4000000,5000000,False,miscellaneous,雑所得者,36782,8472,1752,6720,35913,0.976374313523,38,25,48,1641,32885,0.894051438203,2805,11207,319,29620,2486,27977,1952,4057,142,0.021130952381,0.591227047508,D139;H139;I139;J139;K139;L139,E139;G139;I139;L139;M139;N139,D142;E142;F142;G142;H142;I142;J142;K142,NTA-2024-SHINKOKU-T1-XLSX;NTA-2024-SHINKOKU-T4-XLSX;NTA-2024-SHINKOKU-T5-XLSX,df23218947cf02235dbb526ab7a9315fd0475ed37e4aa064be7d06dbe23e99f8,172c4c315fb146cac0b3f7beaef65bedbac07634b0f79cae0ee12635980b6da2,4f74c500b213630eceeb0099939529b9a370378e8cfddbe6e5173dd128774088,SURVEY_ESTIMATED_POSITIVE_SELF_ASSESSED_BALANCE_TAX_FLOW_CELL,REPRODUCED_OFFICIAL_SURVEY_TAX_FLOW_DIAGNOSTIC,2024 NTA Sample Survey for Self-Assessment Income Tax: persons with positive self-assessed income tax,"The sample is already conditioned on positive self-assessed balance; it does not identify calculated-tax-positive persons outside that target, does not identify F71561 household-to-filer linkage, and amount-flow identities are not person-level transition observations."
8,500万円,4000000,5000000,False,other,他の区分に該当しない所得者,23391,11358,1049,10309,22511,0.96237869266,51,42,34,921,10363,0.443033645419,517,3783,85,6580,432,4440,75,10010,218,0.0211465709574,0.950888192268,D167;H167;I167;J167;K167;L167,E167;G167;I167;L167;M167;N167,D170;E170;F170;G170;H170;I170;J170;K170,NTA-2024-SHINKOKU-T1-XLSX;NTA-2024-SHINKOKU-T4-XLSX;NTA-2024-SHINKOKU-T5-XLSX,df23218947cf02235dbb526ab7a9315fd0475ed37e4aa064be7d06dbe23e99f8,172c4c315fb146cac0b3f7beaef65bedbac07634b0f79cae0ee12635980b6da2,4f74c500b213630eceeb0099939529b9a370378e8cfddbe6e5173dd128774088,SURVEY_ESTIMATED_POSITIVE_SELF_ASSESSED_BALANCE_TAX_FLOW_CELL,REPRODUCED_OFFICIAL_SURVEY_TAX_FLOW_DIAGNOSTIC,2024 NTA Sample Survey for Self-Assessment Income Tax: persons with positive self-assessed income tax,"The sample is already conditioned on positive self-assessed balance; it does not identify calculated-tax-positive persons outside that target, does not identify F71561 household-to-filer linkage, and amount-flow identities are not person-level transition observations."
9,600万円,5000000,6000000,False,business,事業所得者,102885,33647,7157,26490,102064,0.992020216747,17,1370,200,5569,21034,0.204441852554,1260,10722,340,10969,920,2336,59,25786,556,0.0209890524726,0.953412704282,D44;H44;I44;J44;K44;L44,E44;G44;I44;L44;M44;N44,D45;E45;F45;G45;H45;I45;J45;K45,NTA-2024-SHINKOKU-T1-XLSX;NTA-2024-SHINKOKU-T4-XLSX;NTA-2024-SHINKOKU-T5-XLSX,df23218947cf02235dbb526ab7a9315fd0475ed37e4aa064be7d06dbe23e99f8,172c4c315fb146cac0b3f7beaef65bedbac07634b0f79cae0ee12635980b6da2,4f74c500b213630eceeb0099939529b9a370378e8cfddbe6e5173dd128774088,SURVEY_ESTIMATED_POSITIVE_SELF_ASSESSED_BALANCE_TAX_FLOW_CELL,REPRODUCED_OFFICIAL_SURVEY_TAX_FLOW_DIAGNOSTIC,2024 NTA Sample Survey for Self-Assessment Income Tax: persons with positive self-assessed income tax,"The sample is already conditioned on positive self-assessed balance; it does not identify calculated-tax-positive persons outside that target, does not identify F71561 household-to-filer linkage, and amount-flow identities are not person-level transition observations."
9,600万円,5000000,6000000,False,real_estate,不動産所得者,79335,27049,3770,23279,78114,0.984609567026,105,198,97,3371,42147,0.531253545094,1722,17000,584,27246,1138,19198,369,22046,489,0.0210060569612,0.927549646584,D78;H78;I78;J78;K78;L78,E78;G78;I78;L78;M78;N78,D80;E80;F80;G80;H80;I80;J80;K80,NTA-2024-SHINKOKU-T1-XLSX;NTA-2024-SHINKOKU-T4-XLSX;NTA-2024-SHINKOKU-T5-XLSX,df23218947cf02235dbb526ab7a9315fd0475ed37e4aa064be7d06dbe23e99f8,172c4c315fb146cac0b3f7beaef65bedbac07634b0f79cae0ee12635980b6da2,4f74c500b213630eceeb0099939529b9a370378e8cfddbe6e5173dd128774088,SURVEY_ESTIMATED_POSITIVE_SELF_ASSESSED_BALANCE_TAX_FLOW_CELL,REPRODUCED_OFFICIAL_SURVEY_TAX_FLOW_DIAGNOSTIC,2024 NTA Sample Survey for Self-Assessment Income Tax: persons with positive self-assessed income tax,"The sample is already conditioned on positive self-assessed balance; it does not identify calculated-tax-positive persons outside that target, does not identify F71561 household-to-filer linkage, and amount-flow identities are not person-level transition observations."
9,600万円,5000000,6000000,False,salary,給与所得者,202813,63564,12731,50833,201026,0.991188927731,151,1882,154,10543,190102,0.937326502739,29658,188584,28945,44374,712,19692,396,22244,1069,0.021029646096,0.428576933452,D106;H106;I106;J106;K106;L106,E106;G106;I106;L106;M106;N106,D108;E108;F108;G108;H108;I108;J108;K108,NTA-2024-SHINKOKU-T1-XLSX;NTA-2024-SHINKOKU-T4-XLSX;NTA-2024-SHINKOKU-T5-XLSX,df23218947cf02235dbb526ab7a9315fd0475ed37e4aa064be7d06dbe23e99f8,172c4c315fb146cac0b3f7beaef65bedbac07634b0f79cae0ee12635980b6da2,4f74c500b213630eceeb0099939529b9a370378e8cfddbe6e5173dd128774088,SURVEY_ESTIMATED_POSITIVE_SELF_ASSESSED_BALANCE_TAX_FLOW_CELL,REPRODUCED_OFFICIAL_SURVEY_TAX_FLOW_DIAGNOSTIC,2024 NTA Sample Survey for Self-Assessment Income Tax: persons with positive self-assessed income tax,"The sample is already conditioned on positive self-assessed balance; it does not identify calculated-tax-positive persons outside that target, does not identify F71561 household-to-filer linkage, and amount-flow identities are not person-level transition observations."
9,600万円,5000000,6000000,False,miscellaneous,雑所得者,19374,7060,1030,6030,18982,0.979766697636,44,40,46,899,17300,0.892949313513,2627,6497,262,14688,2365,13326,1701,3529,126,0.0208955223881,0.57326185835,D140;H140;I140;J140;K140;L140,E140;G140;I140;L140;M140;N140,D143;E143;F143;G143;H143;I143;J143;K143,NTA-2024-SHINKOKU-T1-XLSX;NTA-2024-SHINKOKU-T4-XLSX;NTA-2024-SHINKOKU-T5-XLSX,df23218947cf02235dbb526ab7a9315fd0475ed37e4aa064be7d06dbe23e99f8,172c4c315fb146cac0b3f7beaef65bedbac07634b0f79cae0ee12635980b6da2,4f74c500b213630eceeb0099939529b9a370378e8cfddbe6e5173dd128774088,SURVEY_ESTIMATED_POSITIVE_SELF_ASSESSED_BALANCE_TAX_FLOW_CELL,REPRODUCED_OFFICIAL_SURVEY_TAX_FLOW_DIAGNOSTIC,2024 NTA Sample Survey for Self-Assessment Income Tax: persons with positive self-assessed income tax,"The sample is already conditioned on positive self-assessed balance; it does not identify calculated-tax-positive persons outside that target, does not identify F71561 household-to-filer linkage, and amount-flow identities are not person-level transition observations."
9,600万円,5000000,6000000,False,other,他の区分に該当しない所得者,20576,12803,990,11813,19820,0.963258164852,61,56,35,837,10097,0.490717340591,654,4206,119,5891,535,4061,92,11408,249,0.0210784728689,0.945780135964,D168;H168;I168;J168;K168;L168,E168;G168;I168;L168;M168;N168,D171;E171;F171;G171;H171;I171;J171;K171,NTA-2024-SHINKOKU-T1-XLSX;NTA-2024-SHINKOKU-T4-XLSX;NTA-2024-SHINKOKU-T5-XLSX,df23218947cf02235dbb526ab7a9315fd0475ed37e4aa064be7d06dbe23e99f8,172c4c315fb146cac0b3f7beaef65bedbac07634b0f79cae0ee12635980b6da2,4f74c500b213630eceeb0099939529b9a370378e8cfddbe6e5173dd128774088,SURVEY_ESTIMATED_POSITIVE_SELF_ASSESSED_BALANCE_TAX_FLOW_CELL,REPRODUCED_OFFICIAL_SURVEY_TAX_FLOW_DIAGNOSTIC,2024 NTA Sample Survey for Self-Assessment Income Tax: persons with positive self-assessed income tax,"The sample is already conditioned on positive self-assessed balance; it does not identify calculated-tax-positive persons outside that target, does not identify F71561 household-to-filer linkage, and amount-flow identities are not person-level transition observations."
10,700万円,6000000,7000000,False,business,事業所得者,72538,35112,6156,28956,72092,0.993851498525,21,1716,261,4158,16890,0.232843475144,1656,8502,338,9154,1318,1625,48,27909,609,0.0210319104849,0.94398782344,D45;H45;I45;J45;K45;L45,E45;G45;I45;L45;M45;N45,D46;E46;F46;G46;H46;I46;J46;K46,NTA-2024-SHINKOKU-T1-XLSX;NTA-2024-SHINKOKU-T4-XLSX;NTA-2024-SHINKOKU-T5-XLSX,df23218947cf02235dbb526ab7a9315fd0475ed37e4aa064be7d06dbe23e99f8,172c4c315fb146cac0b3f7beaef65bedbac07634b0f79cae0ee12635980b6da2,4f74c500b213630eceeb0099939529b9a370378e8cfddbe6e5173dd128774088,SURVEY_ESTIMATED_POSITIVE_SELF_ASSESSED_BALANCE_TAX_FLOW_CELL,REPRODUCED_OFFICIAL_SURVEY_TAX_FLOW_DIAGNOSTIC,2024 NTA Sample Survey for Self-Assessment Income Tax: persons with positive self-assessed income tax,"The sample is already conditioned on positive self-assessed balance; it does not identify calculated-tax-positive persons outside that target, does not identify F71561 household-to-filer linkage, and amount-flow identities are not person-level transition observations."
10,700万円,6000000,7000000,False,real_estate,不動産所得者,60129,30223,3118,27105,59356,0.987144306408,115,298,91,2615,34060,0.566448801743,1856,15339,721,21640,1136,14962,348,25818,569,0.0209924368198,0.932933439329,D79;H79;I79;J79;K79;L79,E79;G79;I79;L79;M79;N79,D81;E81;F81;G81;H81;I81;J81;K81,NTA-2024-SHINKOKU-T1-XLSX;NTA-2024-SHINKOKU-T4-XLSX;NTA-2024-SHINKOKU-T5-XLSX,df23218947cf02235dbb526ab7a9315fd0475ed37e4aa064be7d06dbe23e99f8,172c4c315fb146cac0b3f7beaef65bedbac07634b0f79cae0ee12635980b6da2,4f74c500b213630eceeb0099939529b9a370378e8cfddbe6e5173dd128774088,SURVEY_ESTIMATED_POSITIVE_SELF_ASSESSED_BALANCE_TAX_FLOW_CELL,REPRODUCED_OFFICIAL_SURVEY_TAX_FLOW_DIAGNOSTIC,2024 NTA Sample Survey for Self-Assessment Income Tax: persons with positive self-assessed income tax,"The sample is already conditioned on positive self-assessed balance; it does not identify calculated-tax-positive persons outside that target, does not identify F71561 household-to-filer linkage, and amount-flow identities are not person-level transition observations."
10,700万円,6000000,7000000,False,salary,給与所得者,156337,71263,12541,58722,154827,0.990341377921,181,3182,174,9004,148429,0.949416964634,36219,147671,35617,32943,601,8882,576,23737,1234,0.0210142706311,0.395906998466,D107;H107;I107;J107;K107;L107,E107;G107;I107;L107;M107;N107,D109;E109;F109;G109;H109;I109;J109;K109,NTA-2024-SHINKOKU-T1-XLSX;NTA-2024-SHINKOKU-T4-XLSX;NTA-2024-SHINKOKU-T5-XLSX,df23218947cf02235dbb526ab7a9315fd0475ed37e4aa064be7d06dbe23e99f8,172c4c315fb146cac0b3f7beaef65bedbac07634b0f79cae0ee12635980b6da2,4f74c500b213630eceeb0099939529b9a370378e8cfddbe6e5173dd128774088,SURVEY_ESTIMATED_POSITIVE_SELF_ASSESSED_BALANCE_TAX_FLOW_CELL,REPRODUCED_OFFICIAL_SURVEY_TAX_FLOW_DIAGNOSTIC,2024 NTA Sample Survey for Self-Assessment Income Tax: persons with positive self-assessed income tax,"The sample is already conditioned on positive self-assessed balance; it does not identify calculated-tax-positive persons outside that target, does not identify F71561 household-to-filer linkage, and amount-flow identities are not person-level transition observations."
10,700万円,6000000,7000000,False,miscellaneous,雑所得者,10998,5863,657,5206,10819,0.983724313512,44,50,44,518,9709,0.882796872159,2104,4024,218,7746,1886,6551,1081,3212,110,0.0211294660008,0.604213694507,D141;H141;I141;J141;K141;L141,E141;G141;I141;L141;M141;N141,D144;E144;F144;G144;H144;I144;J144;K144,NTA-2024-SHINKOKU-T1-XLSX;NTA-2024-SHINKOKU-T4-XLSX;NTA-2024-SHINKOKU-T5-XLSX,df23218947cf02235dbb526ab7a9315fd0475ed37e4aa064be7d06dbe23e99f8,172c4c315fb146cac0b3f7beaef65bedbac07634b0f79cae0ee12635980b6da2,4f74c500b213630eceeb0099939529b9a370378e8cfddbe6e5173dd128774088,SURVEY_ESTIMATED_POSITIVE_SELF_ASSESSED_BALANCE_TAX_FLOW_CELL,REPRODUCED_OFFICIAL_SURVEY_TAX_FLOW_DIAGNOSTIC,2024 NTA Sample Survey for Self-Assessment Income Tax: persons with positive self-assessed income tax,"The sample is already conditioned on positive self-assessed balance; it does not identify calculated-tax-positive persons outside that target, does not identify F71561 household-to-filer linkage, and amount-flow identities are not person-level transition observations."
10,700万円,6000000,7000000,False,other,他の区分に該当しない所得者,19107,14391,1001,13390,18404,0.963207201549,73,83,42,803,10044,0.525671219972,776,4886,171,5198,605,3505,100,12896,282,0.0210604929052,0.943241661791,D169;H169;I169;J169;K169;L169,E169;G169;I169;L169;M169;N169,D172;E172;F172;G172;H172;I172;J172;K172,NTA-2024-SHINKOKU-T1-XLSX;NTA-2024-SHINKOKU-T4-XLSX;NTA-2024-SHINKOKU-T5-XLSX,df23218947cf02235dbb526ab7a9315fd0475ed37e4aa064be7d06dbe23e99f8,172c4c315fb146cac0b3f7beaef65bedbac07634b0f79cae0ee12635980b6da2,4f74c500b213630eceeb0099939529b9a370378e8cfddbe6e5173dd128774088,SURVEY_ESTIMATED_POSITIVE_SELF_ASSESSED_BALANCE_TAX_FLOW_CELL,REPRODUCED_OFFICIAL_SURVEY_TAX_FLOW_DIAGNOSTIC,2024 NTA Sample Survey for Self-Assessment Income Tax: persons with positive self-assessed income tax,"The sample is already conditioned on positive self-assessed balance; it does not identify calculated-tax-positive persons outside that target, does not identify F71561 household-to-filer linkage, and amount-flow identities are not person-level transition observations."
11,800万円,7000000,8000000,False,business,事業所得者,50769,33214,4816,28398,50464,0.993992396935,21,1496,308,2991,14075,0.277236108649,2121,7026,334,8248,1787,1347,51,26874,597,0.0210226072259,0.926849456803,D46;H46;I46;J46;K46;L46,E46;G46;I46;L46;M46;N46,D47;E47;F47;G47;H47;I47;J47;K47,NTA-2024-SHINKOKU-T1-XLSX;NTA-2024-SHINKOKU-T4-XLSX;NTA-2024-SHINKOKU-T5-XLSX,df23218947cf02235dbb526ab7a9315fd0475ed37e4aa064be7d06dbe23e99f8,172c4c315fb146cac0b3f7beaef65bedbac07634b0f79cae0ee12635980b6da2,4f74c500b213630eceeb0099939529b9a370378e8cfddbe6e5173dd128774088,SURVEY_ESTIMATED_POSITIVE_SELF_ASSESSED_BALANCE_TAX_FLOW_CELL,REPRODUCED_OFFICIAL_SURVEY_TAX_FLOW_DIAGNOSTIC,2024 NTA Sample Survey for Self-Assessment Income Tax: persons with positive self-assessed income tax,"The sample is already conditioned on positive self-assessed balance; it does not identify calculated-tax-positive persons outside that target, does not identify F71561 household-to-filer linkage, and amount-flow identities are not person-level transition observations."
11,800万円,7000000,8000000,False,real_estate,不動産所得者,45986,31220,2537,28683,45461,0.988583481929,121,302,89,2026,27617,0.600552342017,1886,13598,811,16737,1075,11285,294,27400,603,0.0210229055538,0.935600628287,D80;H80;I80;J80;K80;L80,E80;G80;I80;L80;M80;N80,D82;E82;F82;G82;H82;I82;J82;K82,NTA-2024-SHINKOKU-T1-XLSX;NTA-2024-SHINKOKU-T4-XLSX;NTA-2024-SHINKOKU-T5-XLSX,df23218947cf02235dbb526ab7a9315fd0475ed37e4aa064be7d06dbe23e99f8,172c4c315fb146cac0b3f7beaef65bedbac07634b0f79cae0ee12635980b6da2,4f74c500b213630eceeb0099939529b9a370378e8cfddbe6e5173dd128774088,SURVEY_ESTIMATED_POSITIVE_SELF_ASSESSED_BALANCE_TAX_FLOW_CELL,REPRODUCED_OFFICIAL_SURVEY_TAX_FLOW_DIAGNOSTIC,2024 NTA Sample Survey for Self-Assessment Income Tax: persons with positive self-assessed income tax,"The sample is already conditioned on positive self-assessed balance; it does not identify calculated-tax-positive persons outside that target, does not identify F71561 household-to-filer linkage, and amount-flow identities are not person-level transition observations."
11,800万円,7000000,8000000,False,salary,給与所得者,119598,73284,10977,62307,118386,0.989866051272,192,3365,164,7257,115460,0.96540075921,40712,115265,40406,26135,306,5291,101,22904,1309,0.0210088754073,0.360035211268,D108;H108;I108;J108;K108;L108,E108;G108;I108;L108;M108;N108,D110;E110;F110;G110;H110;I110;J110;K110,NTA-2024-SHINKOKU-T1-XLSX;NTA-2024-SHINKOKU-T4-XLSX;NTA-2024-SHINKOKU-T5-XLSX,df23218947cf02235dbb526ab7a9315fd0475ed37e4aa064be7d06dbe23e99f8,172c4c315fb146cac0b3f7beaef65bedbac07634b0f79cae0ee12635980b6da2,4f74c500b213630eceeb0099939529b9a370378e8cfddbe6e5173dd128774088,SURVEY_ESTIMATED_POSITIVE_SELF_ASSESSED_BALANCE_TAX_FLOW_CELL,REPRODUCED_OFFICIAL_SURVEY_TAX_FLOW_DIAGNOSTIC,2024 NTA Sample Survey for Self-Assessment Income Tax: persons with positive self-assessed income tax,"The sample is already conditioned on positive self-assessed balance; it does not identify calculated-tax-positive persons outside that target, does not identify F71561 household-to-filer linkage, and amount-flow identities are not person-level transition observations."
11,800万円,7000000,8000000,False,miscellaneous,雑所得者,6285,4488,417,4071,6160,0.980111376293,38,41,40,298,5374,0.855051710422,1494,2487,183,3978,1312,3044,564,2662,85,0.0208793908131,0.64051973051,D142;H142;I142;J142;K142;L142,E142;G142;I142;L142;M142;N142,D145;E145;F145;G145;H145;I145;J145;K145,NTA-2024-SHINKOKU-T1-XLSX;NTA-2024-SHINKOKU-T4-XLSX;NTA-2024-SHINKOKU-T5-XLSX,df23218947cf02235dbb526ab7a9315fd0475ed37e4aa064be7d06dbe23e99f8,172c4c315fb146cac0b3f7beaef65bedbac07634b0f79cae0ee12635980b6da2,4f74c500b213630eceeb0099939529b9a370378e8cfddbe6e5173dd128774088,SURVEY_ESTIMATED_POSITIVE_SELF_ASSESSED_BALANCE_TAX_FLOW_CELL,REPRODUCED_OFFICIAL_SURVEY_TAX_FLOW_DIAGNOSTIC,2024 NTA Sample Survey for Self-Assessment Income Tax: persons with positive self-assessed income tax,"The sample is already conditioned on positive self-assessed balance; it does not identify calculated-tax-positive persons outside that target, does not identify F71561 household-to-filer linkage, and amount-flow identities are not person-level transition observations."
11,800万円,7000000,8000000,False,other,他の区分に該当しない所得者,16333,14383,916,13467,15695,0.960937978326,85,85,53,692,8978,0.549684687443,915,4405,207,4837,707,3214,100,12836,284,0.0210885869162,0.933459384772,D170;H170;I170;J170;K170;L170,E170;G170;I170;L170;M170;N170,D173;E173;F173;G173;H173;I173;J173;K173,NTA-2024-SHINKOKU-T1-XLSX;NTA-2024-SHINKOKU-T4-XLSX;NTA-2024-SHINKOKU-T5-XLSX,df23218947cf02235dbb526ab7a9315fd0475ed37e4aa064be7d06dbe23e99f8,172c4c315fb146cac0b3f7beaef65bedbac07634b0f79cae0ee12635980b6da2,4f74c500b213630eceeb0099939529b9a370378e8cfddbe6e5173dd128774088,SURVEY_ESTIMATED_POSITIVE_SELF_ASSESSED_BALANCE_TAX_FLOW_CELL,REPRODUCED_OFFICIAL_SURVEY_TAX_FLOW_DIAGNOSTIC,2024 NTA Sample Survey for Self-Assessment Income Tax: persons with positive self-assessed income tax,"The sample is already conditioned on positive self-assessed balance; it does not identify calculated-tax-positive persons outside that target, does not identify F71561 household-to-filer linkage, and amount-flow identities are not person-level transition observations."
12,"1,000万円",8000000,10000000,False,business,事業所得者,62406,57435,6393,51042,62070,0.994615902317,35,2012,625,3721,21028,0.336954779989,5184,10755,632,12955,4553,1701,73,46929,1071,0.0209827201128,0.900523861608,D47;H47;I47;J47;K47;L47,E47;G47;I47;L47;M47;N47,D48;E48;F48;G48;H48;I48;J48;K48,NTA-2024-SHINKOKU-T1-XLSX;NTA-2024-SHINKOKU-T4-XLSX;NTA-2024-SHINKOKU-T5-XLSX,df23218947cf02235dbb526ab7a9315fd0475ed37e4aa064be7d06dbe23e99f8,172c4c315fb146cac0b3f7beaef65bedbac07634b0f79cae0ee12635980b6da2,4f74c500b213630eceeb0099939529b9a370378e8cfddbe6e5173dd128774088,SURVEY_ESTIMATED_POSITIVE_SELF_ASSESSED_BALANCE_TAX_FLOW_CELL,REPRODUCED_OFFICIAL_SURVEY_TAX_FLOW_DIAGNOSTIC,2024 NTA Sample Survey for Self-Assessment Income Tax: persons with positive self-assessed income tax,"The sample is already conditioned on positive self-assessed balance; it does not identify calculated-tax-positive persons outside that target, does not identify F71561 household-to-filer linkage, and amount-flow identities are not person-level transition observations."
12,"1,000万円",8000000,10000000,False,real_estate,不動産所得者,62030,59514,3669,55845,61397,0.989795260358,230,525,160,2753,38717,0.624165726261,3650,20851,1738,23084,1911,15195,436,53368,1173,0.02100456621,0.935985127504,D81;H81;I81;J81;K81;L81,E81;G81;I81;L81;M81;N81,D83;E83;F83;G83;H83;I83;J83;K83,NTA-2024-SHINKOKU-T1-XLSX;NTA-2024-SHINKOKU-T4-XLSX;NTA-2024-SHINKOKU-T5-XLSX,df23218947cf02235dbb526ab7a9315fd0475ed37e4aa064be7d06dbe23e99f8,172c4c315fb146cac0b3f7beaef65bedbac07634b0f79cae0ee12635980b6da2,4f74c500b213630eceeb0099939529b9a370378e8cfddbe6e5173dd128774088,SURVEY_ESTIMATED_POSITIVE_SELF_ASSESSED_BALANCE_TAX_FLOW_CELL,REPRODUCED_OFFICIAL_SURVEY_TAX_FLOW_DIAGNOSTIC,2024 NTA Sample Survey for Self-Assessment Income Tax: persons with positive self-assessed income tax,"The sample is already conditioned on positive self-assessed balance; it does not identify calculated-tax-positive persons outside that target, does not identify F71561 household-to-filer linkage, and amount-flow identities are not person-level transition observations."
12,"1,000万円",8000000,10000000,False,salary,給与所得者,165535,143786,16341,127445,163743,0.98917449482,360,5434,345,10201,162615,0.982360225934,89054,162201,88671,39017,383,6374,121,41070,2679,0.021020832516,0.315622022071,D109;H109;I109;J109;K109;L109,E109;G109;I109;L109;M109;N109,D111;E111;F111;G111;H111;I111;J111;K111,NTA-2024-SHINKOKU-T1-XLSX;NTA-2024-SHINKOKU-T4-XLSX;NTA-2024-SHINKOKU-T5-XLSX,df23218947cf02235dbb526ab7a9315fd0475ed37e4aa064be7d06dbe23e99f8,172c4c315fb146cac0b3f7beaef65bedbac07634b0f79cae0ee12635980b6da2,4f74c500b213630eceeb0099939529b9a370378e8cfddbe6e5173dd128774088,SURVEY_ESTIMATED_POSITIVE_SELF_ASSESSED_BALANCE_TAX_FLOW_CELL,REPRODUCED_OFFICIAL_SURVEY_TAX_FLOW_DIAGNOSTIC,2024 NTA Sample Survey for Self-Assessment Income Tax: persons with positive self-assessed income tax,"The sample is already conditioned on positive self-assessed balance; it does not identify calculated-tax-positive persons outside that target, does not identify F71561 household-to-filer linkage, and amount-flow identities are not person-level transition observations."
12,"1,000万円",8000000,10000000,False,miscellaneous,雑所得者,6800,6707,523,6184,6675,0.981617647059,50,78,68,327,5576,0.82,1897,2881,285,3497,1613,2326,474,4417,130,0.021021992238,0.69955654102,D143;H143;I143;J143;K143;L143,E143;G143;I143;L143;M143;N143,D146;E146;F146;G146;H146;I146;J146;K146,NTA-2024-SHINKOKU-T1-XLSX;NTA-2024-SHINKOKU-T4-XLSX;NTA-2024-SHINKOKU-T5-XLSX,df23218947cf02235dbb526ab7a9315fd0475ed37e4aa064be7d06dbe23e99f8,172c4c315fb146cac0b3f7beaef65bedbac07634b0f79cae0ee12635980b6da2,4f74c500b213630eceeb0099939529b9a370378e8cfddbe6e5173dd128774088,SURVEY_ESTIMATED_POSITIVE_SELF_ASSESSED_BALANCE_TAX_FLOW_CELL,REPRODUCED_OFFICIAL_SURVEY_TAX_FLOW_DIAGNOSTIC,2024 NTA Sample Survey for Self-Assessment Income Tax: persons with positive self-assessed income tax,"The sample is already conditioned on positive self-assessed balance; it does not identify calculated-tax-positive persons outside that target, does not identify F71561 household-to-filer linkage, and amount-flow identities are not person-level transition observations."
12,"1,000万円",8000000,10000000,False,other,他の区分に該当しない所得者,26709,28661,1579,27082,25439,0.952450484855,189,161,118,1112,14828,0.555168669737,2154,7507,507,8406,1647,5360,184,25498,570,0.0210471900155,0.922103283668,D171;H171;I171;J171;K171;L171,E171;G171;I171;L171;M171;N171,D174;E174;F174;G174;H174;I174;J174;K174,NTA-2024-SHINKOKU-T1-XLSX;NTA-2024-SHINKOKU-T4-XLSX;NTA-2024-SHINKOKU-T5-XLSX,df23218947cf02235dbb526ab7a9315fd0475ed37e4aa064be7d06dbe23e99f8,172c4c315fb146cac0b3f7beaef65bedbac07634b0f79cae0ee12635980b6da2,4f74c500b213630eceeb0099939529b9a370378e8cfddbe6e5173dd128774088,SURVEY_ESTIMATED_POSITIVE_SELF_ASSESSED_BALANCE_TAX_FLOW_CELL,REPRODUCED_OFFICIAL_SURVEY_TAX_FLOW_DIAGNOSTIC,2024 NTA Sample Survey for Self-Assessment Income Tax: persons with positive self-assessed income tax,"The sample is already conditioned on positive self-assessed balance; it does not identify calculated-tax-positive persons outside that target, does not identify F71561 household-to-filer linkage, and amount-flow identities are not person-level transition observations."
13,"1,200万円",10000000,12000000,False,business,事業所得者,34052,46661,3792,42869,33860,0.994361564666,25,1154,588,2026,14946,0.438916950546,6513,7825,610,10049,5903,899,42,37256,900,0.020994191607,0.851196052,D48;H48;I48;J48;K48;L48,E48;G48;I48;L48;M48;N48,D49;E49;F49;G49;H49;I49;J49;K49,NTA-2024-SHINKOKU-T1-XLSX;NTA-2024-SHINKOKU-T4-XLSX;NTA-2024-SHINKOKU-T5-XLSX,df23218947cf02235dbb526ab7a9315fd0475ed37e4aa064be7d06dbe23e99f8,172c4c315fb146cac0b3f7beaef65bedbac07634b0f79cae0ee12635980b6da2,4f74c500b213630eceeb0099939529b9a370378e8cfddbe6e5173dd128774088,SURVEY_ESTIMATED_POSITIVE_SELF_ASSESSED_BALANCE_TAX_FLOW_CELL,REPRODUCED_OFFICIAL_SURVEY_TAX_FLOW_DIAGNOSTIC,2024 NTA Sample Survey for Self-Assessment Income Tax: persons with positive self-assessed income tax,"The sample is already conditioned on positive self-assessed balance; it does not identify calculated-tax-positive persons outside that target, does not identify F71561 household-to-filer linkage, and amount-flow identities are not person-level transition observations."
13,"1,200万円",10000000,12000000,False,real_estate,不動産所得者,36293,51783,2233,49550,35923,0.989805196594,142,373,119,1599,23724,0.653679772959,3066,13704,1799,13372,1266,8372,247,47525,1041,0.0210090817356,0.939396335317,D82;H82;I82;J82;K82;L82,E82;G82;I82;L82;M82;N82,D84;E84;F84;G84;H84;I84;J84;K84,NTA-2024-SHINKOKU-T1-XLSX;NTA-2024-SHINKOKU-T4-XLSX;NTA-2024-SHINKOKU-T5-XLSX,df23218947cf02235dbb526ab7a9315fd0475ed37e4aa064be7d06dbe23e99f8,172c4c315fb146cac0b3f7beaef65bedbac07634b0f79cae0ee12635980b6da2,4f74c500b213630eceeb0099939529b9a370378e8cfddbe6e5173dd128774088,SURVEY_ESTIMATED_POSITIVE_SELF_ASSESSED_BALANCE_TAX_FLOW_CELL,REPRODUCED_OFFICIAL_SURVEY_TAX_FLOW_DIAGNOSTIC,2024 NTA Sample Survey for Self-Assessment Income Tax: persons with positive self-assessed income tax,"The sample is already conditioned on positive self-assessed balance; it does not identify calculated-tax-positive persons outside that target, does not identify F71561 household-to-filer linkage, and amount-flow identities are not person-level transition observations."
13,"1,200万円",10000000,12000000,False,salary,給与所得者,112639,146394,11601,134793,111293,0.988050320049,325,4051,358,6867,111868,0.993155123891,99334,111685,98114,29124,1221,4114,692,38291,2832,0.0210099931005,0.278227066303,D110;H110;I110;J110;K110;L110,E110;G110;I110;L110;M110;N110,D112;E112;F112;G112;H112;I112;J112;K112,NTA-2024-SHINKOKU-T1-XLSX;NTA-2024-SHINKOKU-T4-XLSX;NTA-2024-SHINKOKU-T5-XLSX,df23218947cf02235dbb526ab7a9315fd0475ed37e4aa064be7d06dbe23e99f8,172c4c315fb146cac0b3f7beaef65bedbac07634b0f79cae0ee12635980b6da2,4f74c500b213630eceeb0099939529b9a370378e8cfddbe6e5173dd128774088,SURVEY_ESTIMATED_POSITIVE_SELF_ASSESSED_BALANCE_TAX_FLOW_CELL,REPRODUCED_OFFICIAL_SURVEY_TAX_FLOW_DIAGNOSTIC,2024 NTA Sample Survey for Self-Assessment Income Tax: persons with positive self-assessed income tax,"The sample is already conditioned on positive self-assessed balance; it does not identify calculated-tax-positive persons outside that target, does not identify F71561 household-to-filer linkage, and amount-flow identities are not person-level transition observations."
13,"1,200万円",10000000,12000000,False,miscellaneous,雑所得者,3468,4996,295,4701,3384,0.975778546713,28,59,45,164,2727,0.786332179931,1200,1707,285,1539,916,724,153,3600,99,0.0210593490747,0.75,D144;H144;I144;J144;K144;L144,E144;G144;I144;L144;M144;N144,D147;E147;F147;G147;H147;I147;J147;K147,NTA-2024-SHINKOKU-T1-XLSX;NTA-2024-SHINKOKU-T4-XLSX;NTA-2024-SHINKOKU-T5-XLSX,df23218947cf02235dbb526ab7a9315fd0475ed37e4aa064be7d06dbe23e99f8,172c4c315fb146cac0b3f7beaef65bedbac07634b0f79cae0ee12635980b6da2,4f74c500b213630eceeb0099939529b9a370378e8cfddbe6e5173dd128774088,SURVEY_ESTIMATED_POSITIVE_SELF_ASSESSED_BALANCE_TAX_FLOW_CELL,REPRODUCED_OFFICIAL_SURVEY_TAX_FLOW_DIAGNOSTIC,2024 NTA Sample Survey for Self-Assessment Income Tax: persons with positive self-assessed income tax,"The sample is already conditioned on positive self-assessed balance; it does not identify calculated-tax-positive persons outside that target, does not identify F71561 household-to-filer linkage, and amount-flow identities are not person-level transition observations."
13,"1,200万円",10000000,12000000,False,other,他の区分に該当しない所得者,21106,29074,1378,27696,19850,0.940490855681,214,168,118,878,12157,0.575997346726,2469,6760,631,6532,1838,3951,153,25810,583,0.021049971115,0.912691396443,D172;H172;I172;J172;K172;L172,E172;G172;I172;L172;M172;N172,D175;E175;F175;G175;H175;I175;J175;K175,NTA-2024-SHINKOKU-T1-XLSX;NTA-2024-SHINKOKU-T4-XLSX;NTA-2024-SHINKOKU-T5-XLSX,df23218947cf02235dbb526ab7a9315fd0475ed37e4aa064be7d06dbe23e99f8,172c4c315fb146cac0b3f7beaef65bedbac07634b0f79cae0ee12635980b6da2,4f74c500b213630eceeb0099939529b9a370378e8cfddbe6e5173dd128774088,SURVEY_ESTIMATED_POSITIVE_SELF_ASSESSED_BALANCE_TAX_FLOW_CELL,REPRODUCED_OFFICIAL_SURVEY_TAX_FLOW_DIAGNOSTIC,2024 NTA Sample Survey for Self-Assessment Income Tax: persons with positive self-assessed income tax,"The sample is already conditioned on positive self-assessed balance; it does not identify calculated-tax-positive persons outside that target, does not identify F71561 household-to-filer linkage, and amount-flow identities are not person-level transition observations."
14,"1,500万円",12000000,15000000,False,business,事業所得者,30394,62255,3822,58433,30219,0.994242284661,15,1081,920,1805,16315,0.536783575706,12588,8902,946,11926,11641,954,44,47074,1229,0.0210326356682,0.789011431062,D49;H49;I49;J49;K49;L49,E49;G49;I49;L49;M49;N49,D50;E50;F50;G50;H50;I50;J50;K50,NTA-2024-SHINKOKU-T1-XLSX;NTA-2024-SHINKOKU-T4-XLSX;NTA-2024-SHINKOKU-T5-XLSX,df23218947cf02235dbb526ab7a9315fd0475ed37e4aa064be7d06dbe23e99f8,172c4c315fb146cac0b3f7beaef65bedbac07634b0f79cae0ee12635980b6da2,4f74c500b213630eceeb0099939529b9a370378e8cfddbe6e5173dd128774088,SURVEY_ESTIMATED_POSITIVE_SELF_ASSESSED_BALANCE_TAX_FLOW_CELL,REPRODUCED_OFFICIAL_SURVEY_TAX_FLOW_DIAGNOSTIC,2024 NTA Sample Survey for Self-Assessment Income Tax: persons with positive self-assessed income tax,"The sample is already conditioned on positive self-assessed balance; it does not identify calculated-tax-positive persons outside that target, does not identify F71561 household-to-filer linkage, and amount-flow identities are not person-level transition observations."
14,"1,500万円",12000000,15000000,False,real_estate,不動産所得者,32127,68472,2038,66434,31771,0.988918977807,95,382,122,1440,21617,0.672860833567,3894,13019,2367,12018,1527,7406,215,63935,1395,0.0209982840112,0.942590927185,D83;H83;I83;J83;K83;L83,E83;G83;I83;L83;M83;N83,D85;E85;F85;G85;H85;I85;J85;K85,NTA-2024-SHINKOKU-T1-XLSX;NTA-2024-SHINKOKU-T4-XLSX;NTA-2024-SHINKOKU-T5-XLSX,df23218947cf02235dbb526ab7a9315fd0475ed37e4aa064be7d06dbe23e99f8,172c4c315fb146cac0b3f7beaef65bedbac07634b0f79cae0ee12635980b6da2,4f74c500b213630eceeb0099939529b9a370378e8cfddbe6e5173dd128774088,SURVEY_ESTIMATED_POSITIVE_SELF_ASSESSED_BALANCE_TAX_FLOW_CELL,REPRODUCED_OFFICIAL_SURVEY_TAX_FLOW_DIAGNOSTIC,2024 NTA Sample Survey for Self-Assessment Income Tax: persons with positive self-assessed income tax,"The sample is already conditioned on positive self-assessed balance; it does not identify calculated-tax-positive persons outside that target, does not identify F71561 household-to-filer linkage, and amount-flow identities are not person-level transition observations."
14,"1,500万円",12000000,15000000,False,salary,給与所得者,115326,226287,13006,213281,114056,0.988987739105,553,4783,550,7120,114935,0.996609611016,159993,114824,156847,34440,3146,4695,734,57771,4483,0.0210192187771,0.265291783766,D111;H111;I111;J111;K111;L111,E111;G111;I111;L111;M111;N111,D113;E113;F113;G113;H113;I113;J113;K113,NTA-2024-SHINKOKU-T1-XLSX;NTA-2024-SHINKOKU-T4-XLSX;NTA-2024-SHINKOKU-T5-XLSX,df23218947cf02235dbb526ab7a9315fd0475ed37e4aa064be7d06dbe23e99f8,172c4c315fb146cac0b3f7beaef65bedbac07634b0f79cae0ee12635980b6da2,4f74c500b213630eceeb0099939529b9a370378e8cfddbe6e5173dd128774088,SURVEY_ESTIMATED_POSITIVE_SELF_ASSESSED_BALANCE_TAX_FLOW_CELL,REPRODUCED_OFFICIAL_SURVEY_TAX_FLOW_DIAGNOSTIC,2024 NTA Sample Survey for Self-Assessment Income Tax: persons with positive self-assessed income tax,"The sample is already conditioned on positive self-assessed balance; it does not identify calculated-tax-positive persons outside that target, does not identify F71561 household-to-filer linkage, and amount-flow identities are not person-level transition observations."
14,"1,500万円",12000000,15000000,False,miscellaneous,雑所得者,3046,6390,282,6108,2953,0.969468154957,12,67,51,151,2380,0.781352593565,1424,1701,393,1104,1031,391,89,4813,129,0.0211198428291,0.771685105018,D145;H145;I145;J145;K145;L145,E145;G145;I145;L145;M145;N145,D148;E148;F148;G148;H148;I148;J148;K148,NTA-2024-SHINKOKU-T1-XLSX;NTA-2024-SHINKOKU-T4-XLSX;NTA-2024-SHINKOKU-T5-XLSX,df23218947cf02235dbb526ab7a9315fd0475ed37e4aa064be7d06dbe23e99f8,172c4c315fb146cac0b3f7beaef65bedbac07634b0f79cae0ee12635980b6da2,4f74c500b213630eceeb0099939529b9a370378e8cfddbe6e5173dd128774088,SURVEY_ESTIMATED_POSITIVE_SELF_ASSESSED_BALANCE_TAX_FLOW_CELL,REPRODUCED_OFFICIAL_SURVEY_TAX_FLOW_DIAGNOSTIC,2024 NTA Sample Survey for Self-Assessment Income Tax: persons with positive self-assessed income tax,"The sample is already conditioned on positive self-assessed balance; it does not identify calculated-tax-positive persons outside that target, does not identify F71561 household-to-filer linkage, and amount-flow identities are not person-level transition observations."
14,"1,500万円",12000000,15000000,False,other,他の区分に該当しない所得者,25779,45176,1803,43373,24069,0.933666938206,287,248,176,1092,15425,0.598355250398,4392,9157,1352,7972,3040,4626,185,39894,913,0.0210499619579,0.900826446281,D173;H173;I173;J173;K173;L173,E173;G173;I173;L173;M173;N173,D176;E176;F176;G176;H176;I176;J176;K176,NTA-2024-SHINKOKU-T1-XLSX;NTA-2024-SHINKOKU-T4-XLSX;NTA-2024-SHINKOKU-T5-XLSX,df23218947cf02235dbb526ab7a9315fd0475ed37e4aa064be7d06dbe23e99f8,172c4c315fb146cac0b3f7beaef65bedbac07634b0f79cae0ee12635980b6da2,4f74c500b213630eceeb0099939529b9a370378e8cfddbe6e5173dd128774088,SURVEY_ESTIMATED_POSITIVE_SELF_ASSESSED_BALANCE_TAX_FLOW_CELL,REPRODUCED_OFFICIAL_SURVEY_TAX_FLOW_DIAGNOSTIC,2024 NTA Sample Survey for Self-Assessment Income Tax: persons with positive self-assessed income tax,"The sample is already conditioned on positive self-assessed balance; it does not identify calculated-tax-positive persons outside that target, does not identify F71561 household-to-filer linkage, and amount-flow identities are not person-level transition observations."
15,"2,000万円",15000000,20000000,False,business,事業所得者,28507,91228,3933,87295,23188,0.813414249132,19,1143,1581,1190,19267,0.675869084786,26817,11025,1648,15611,25169,898,39,62312,1834,0.0210092216049,0.699121498053,D50;H50;I50;J50;K50;L50,E50;G50;I50;L50;M50;N50,D51;E51;F51;G51;H51;I51;J51;K51,NTA-2024-SHINKOKU-T1-XLSX;NTA-2024-SHINKOKU-T4-XLSX;NTA-2024-SHINKOKU-T5-XLSX,df23218947cf02235dbb526ab7a9315fd0475ed37e4aa064be7d06dbe23e99f8,172c4c315fb146cac0b3f7beaef65bedbac07634b0f79cae0ee12635980b6da2,4f74c500b213630eceeb0099939529b9a370378e8cfddbe6e5173dd128774088,SURVEY_ESTIMATED_POSITIVE_SELF_ASSESSED_BALANCE_TAX_FLOW_CELL,REPRODUCED_OFFICIAL_SURVEY_TAX_FLOW_DIAGNOSTIC,2024 NTA Sample Survey for Self-Assessment Income Tax: persons with positive self-assessed income tax,"The sample is already conditioned on positive self-assessed balance; it does not identify calculated-tax-positive persons outside that target, does not identify F71561 household-to-filer linkage, and amount-flow identities are not person-level transition observations."
15,"2,000万円",15000000,20000000,False,real_estate,不動産所得者,26287,87115,1404,85711,19758,0.751626279149,68,350,156,831,18418,0.70065051166,5305,11817,3548,9801,1757,5750,171,82206,1800,0.0210008050309,0.939379049491,D84;H84;I84;J84;K84;L84,E84;G84;I84;L84;M84;N84,D86;E86;F86;G86;H86;I86;J86;K86,NTA-2024-SHINKOKU-T1-XLSX;NTA-2024-SHINKOKU-T4-XLSX;NTA-2024-SHINKOKU-T5-XLSX,df23218947cf02235dbb526ab7a9315fd0475ed37e4aa064be7d06dbe23e99f8,172c4c315fb146cac0b3f7beaef65bedbac07634b0f79cae0ee12635980b6da2,4f74c500b213630eceeb0099939529b9a370378e8cfddbe6e5173dd128774088,SURVEY_ESTIMATED_POSITIVE_SELF_ASSESSED_BALANCE_TAX_FLOW_CELL,REPRODUCED_OFFICIAL_SURVEY_TAX_FLOW_DIAGNOSTIC,2024 NTA Sample Survey for Self-Assessment Income Tax: persons with positive self-assessed income tax,"The sample is already conditioned on positive self-assessed balance; it does not identify calculated-tax-positive persons outside that target, does not identify F71561 household-to-filer linkage, and amount-flow identities are not person-level transition observations."
15,"2,000万円",15000000,20000000,False,salary,給与所得者,129945,405735,13270,392465,97554,0.750733002424,943,6049,899,5380,129621,0.997506637424,310099,129555,307440,43695,2659,4592,717,90617,8251,0.0210235307607,0.226137713493,D112;H112;I112;J112;K112;L112,E112;G112;I112;L112;M112;N112,D114;E114;F114;G114;H114;I114;J114;K114,NTA-2024-SHINKOKU-T1-XLSX;NTA-2024-SHINKOKU-T4-XLSX;NTA-2024-SHINKOKU-T5-XLSX,df23218947cf02235dbb526ab7a9315fd0475ed37e4aa064be7d06dbe23e99f8,172c4c315fb146cac0b3f7beaef65bedbac07634b0f79cae0ee12635980b6da2,4f74c500b213630eceeb0099939529b9a370378e8cfddbe6e5173dd128774088,SURVEY_ESTIMATED_POSITIVE_SELF_ASSESSED_BALANCE_TAX_FLOW_CELL,REPRODUCED_OFFICIAL_SURVEY_TAX_FLOW_DIAGNOSTIC,2024 NTA Sample Survey for Self-Assessment Income Tax: persons with positive self-assessed income tax,"The sample is already conditioned on positive self-assessed balance; it does not identify calculated-tax-positive persons outside that target, does not identify F71561 household-to-filer linkage, and amount-flow identities are not person-level transition observations."
15,"2,000万円",15000000,20000000,False,miscellaneous,雑所得者,2768,8356,271,8085,2055,0.742413294798,8,73,97,94,2168,0.78323699422,1581,1630,576,1014,1005,296,53,6675,171,0.0211502782931,0.808502906977,D146;H146;I146;J146;K146;L146,E146;G146;I146;L146;M146;N146,D149;E149;F149;G149;H149;I149;J149;K149,NTA-2024-SHINKOKU-T1-XLSX;NTA-2024-SHINKOKU-T4-XLSX;NTA-2024-SHINKOKU-T5-XLSX,df23218947cf02235dbb526ab7a9315fd0475ed37e4aa064be7d06dbe23e99f8,172c4c315fb146cac0b3f7beaef65bedbac07634b0f79cae0ee12635980b6da2,4f74c500b213630eceeb0099939529b9a370378e8cfddbe6e5173dd128774088,SURVEY_ESTIMATED_POSITIVE_SELF_ASSESSED_BALANCE_TAX_FLOW_CELL,REPRODUCED_OFFICIAL_SURVEY_TAX_FLOW_DIAGNOSTIC,2024 NTA Sample Survey for Self-Assessment Income Tax: persons with positive self-assessed income tax,"The sample is already conditioned on positive self-assessed balance; it does not identify calculated-tax-positive persons outside that target, does not identify F71561 household-to-filer linkage, and amount-flow identities are not person-level transition observations."
15,"2,000万円",15000000,20000000,False,other,他の区分に該当しない所得者,31291,74030,2153,71877,21142,0.675657537311,631,379,265,878,19413,0.620402032533,8916,12342,3035,9972,5881,5303,225,64474,1513,0.0210498490477,0.878512058864,D174;H174;I174;J174;K174;L174,E174;G174;I174;L174;M174;N174,D177;E177;F177;G177;H177;I177;J177;K177,NTA-2024-SHINKOKU-T1-XLSX;NTA-2024-SHINKOKU-T4-XLSX;NTA-2024-SHINKOKU-T5-XLSX,df23218947cf02235dbb526ab7a9315fd0475ed37e4aa064be7d06dbe23e99f8,172c4c315fb146cac0b3f7beaef65bedbac07634b0f79cae0ee12635980b6da2,4f74c500b213630eceeb0099939529b9a370378e8cfddbe6e5173dd128774088,SURVEY_ESTIMATED_POSITIVE_SELF_ASSESSED_BALANCE_TAX_FLOW_CELL,REPRODUCED_OFFICIAL_SURVEY_TAX_FLOW_DIAGNOSTIC,2024 NTA Sample Survey for Self-Assessment Income Tax: persons with positive self-assessed income tax,"The sample is already conditioned on positive self-assessed balance; it does not identify calculated-tax-positive persons outside that target, does not identify F71561 household-to-filer linkage, and amount-flow identities are not person-level transition observations."
16,"3,000万円",20000000,30000000,False,business,事業所得者,23841,134217,3526,130691,9420,0.395117654461,15,860,2651,0,18874,0.791661423598,45993,11912,3031,16208,42962,811,34,87444,2746,0.0210113932865,0.65532048832,D51;H51;I51;J51;K51;L51,E51;G51;I51;L51;M51;N51,D52;E52;F52;G52;H52;I52;J52;K52,NTA-2024-SHINKOKU-T1-XLSX;NTA-2024-SHINKOKU-T4-XLSX;NTA-2024-SHINKOKU-T5-XLSX,df23218947cf02235dbb526ab7a9315fd0475ed37e4aa064be7d06dbe23e99f8,172c4c315fb146cac0b3f7beaef65bedbac07634b0f79cae0ee12635980b6da2,4f74c500b213630eceeb0099939529b9a370378e8cfddbe6e5173dd128774088,SURVEY_ESTIMATED_POSITIVE_SELF_ASSESSED_BALANCE_TAX_FLOW_CELL,REPRODUCED_OFFICIAL_SURVEY_TAX_FLOW_DIAGNOSTIC,2024 NTA Sample Survey for Self-Assessment Income Tax: persons with positive self-assessed income tax,"The sample is already conditioned on positive self-assessed balance; it does not identify calculated-tax-positive persons outside that target, does not identify F71561 household-to-filer linkage, and amount-flow identities are not person-level transition observations."
16,"3,000万円",20000000,30000000,False,real_estate,不動産所得者,17900,103291,363,102928,2835,0.158379888268,70,184,109,0,13166,0.735530726257,6659,9081,4805,6841,1853,3630,112,98431,2162,0.021004974351,0.936635265011,D85;H85;I85;J85;K85;L85,E85;G85;I85;L85;M85;N85,D87;E87;F87;G87;H87;I87;J87;K87,NTA-2024-SHINKOKU-T1-XLSX;NTA-2024-SHINKOKU-T4-XLSX;NTA-2024-SHINKOKU-T5-XLSX,df23218947cf02235dbb526ab7a9315fd0475ed37e4aa064be7d06dbe23e99f8,172c4c315fb146cac0b3f7beaef65bedbac07634b0f79cae0ee12635980b6da2,4f74c500b213630eceeb0099939529b9a370378e8cfddbe6e5173dd128774088,SURVEY_ESTIMATED_POSITIVE_SELF_ASSESSED_BALANCE_TAX_FLOW_CELL,REPRODUCED_OFFICIAL_SURVEY_TAX_FLOW_DIAGNOSTIC,2024 NTA Sample Survey for Self-Assessment Income Tax: persons with positive self-assessed income tax,"The sample is already conditioned on positive self-assessed balance; it does not identify calculated-tax-positive persons outside that target, does not identify F71561 household-to-filer linkage, and amount-flow identities are not person-level transition observations."
16,"3,000万円",20000000,30000000,False,salary,給与所得者,115523,630406,6278,624128,31462,0.272344035387,1404,3758,1116,0,115233,0.99748967738,509510,115191,503411,42097,6099,4590,738,127742,13124,0.0210277378999,0.200457589776,D113;H113;I113;J113;K113;L113,E113;G113;I113;L113;M113;N113,D115;E115;F115;G115;H115;I115;J115;K115,NTA-2024-SHINKOKU-T1-XLSX;NTA-2024-SHINKOKU-T4-XLSX;NTA-2024-SHINKOKU-T5-XLSX,df23218947cf02235dbb526ab7a9315fd0475ed37e4aa064be7d06dbe23e99f8,172c4c315fb146cac0b3f7beaef65bedbac07634b0f79cae0ee12635980b6da2,4f74c500b213630eceeb0099939529b9a370378e8cfddbe6e5173dd128774088,SURVEY_ESTIMATED_POSITIVE_SELF_ASSESSED_BALANCE_TAX_FLOW_CELL,REPRODUCED_OFFICIAL_SURVEY_TAX_FLOW_DIAGNOSTIC,2024 NTA Sample Survey for Self-Assessment Income Tax: persons with positive self-assessed income tax,"The sample is already conditioned on positive self-assessed balance; it does not identify calculated-tax-positive persons outside that target, does not identify F71561 household-to-filer linkage, and amount-flow identities are not person-level transition observations."
16,"3,000万円",20000000,30000000,False,miscellaneous,雑所得者,2275,11233,127,11106,511,0.224615384615,11,48,68,0,1789,0.786373626374,2030,1380,844,819,1186,162,39,9310,234,0.0210696920583,0.820987654321,D147;H147;I147;J147;K147;L147,E147;G147;I147;L147;M147;N147,D150;E150;F150;G150;H150;I150;J150;K150,NTA-2024-SHINKOKU-T1-XLSX;NTA-2024-SHINKOKU-T4-XLSX;NTA-2024-SHINKOKU-T5-XLSX,df23218947cf02235dbb526ab7a9315fd0475ed37e4aa064be7d06dbe23e99f8,172c4c315fb146cac0b3f7beaef65bedbac07634b0f79cae0ee12635980b6da2,4f74c500b213630eceeb0099939529b9a370378e8cfddbe6e5173dd128774088,SURVEY_ESTIMATED_POSITIVE_SELF_ASSESSED_BALANCE_TAX_FLOW_CELL,REPRODUCED_OFFICIAL_SURVEY_TAX_FLOW_DIAGNOSTIC,2024 NTA Sample Survey for Self-Assessment Income Tax: persons with positive self-assessed income tax,"The sample is already conditioned on positive self-assessed balance; it does not identify calculated-tax-positive persons outside that target, does not identify F71561 household-to-filer linkage, and amount-flow identities are not person-level transition observations."
16,"3,000万円",20000000,30000000,False,other,他の区分に該当しない所得者,36848,131932,2644,129288,7444,0.202019105515,1825,304,515,0,23438,0.636072514112,20640,15218,6840,12778,13800,6060,261,111372,2724,0.0210692407648,0.84365057722,D175;H175;I175;J175;K175;L175,E175;G175;I175;L175;M175;N175,D178;E178;F178;G178;H178;I178;J178;K178,NTA-2024-SHINKOKU-T1-XLSX;NTA-2024-SHINKOKU-T4-XLSX;NTA-2024-SHINKOKU-T5-XLSX,df23218947cf02235dbb526ab7a9315fd0475ed37e4aa064be7d06dbe23e99f8,172c4c315fb146cac0b3f7beaef65bedbac07634b0f79cae0ee12635980b6da2,4f74c500b213630eceeb0099939529b9a370378e8cfddbe6e5173dd128774088,SURVEY_ESTIMATED_POSITIVE_SELF_ASSESSED_BALANCE_TAX_FLOW_CELL,REPRODUCED_OFFICIAL_SURVEY_TAX_FLOW_DIAGNOSTIC,2024 NTA Sample Survey for Self-Assessment Income Tax: persons with positive self-assessed income tax,"The sample is already conditioned on positive self-assessed balance; it does not identify calculated-tax-positive persons outside that target, does not identify F71561 household-to-filer linkage, and amount-flow identities are not person-level transition observations."
17,"5,000万円",30000000,50000000,False,business,事業所得者,15310,167432,3628,163804,6060,0.395819725669,23,0,3605,0,13394,0.874853037231,57004,8933,3505,12295,53499,504,19,110243,3443,0.0210190227345,0.659162795147,D52;H52;I52;J52;K52;L52,E52;G52;I52;L52;M52;N52,D53;E53;F53;G53;H53;I53;J53;K53,NTA-2024-SHINKOKU-T1-XLSX;NTA-2024-SHINKOKU-T4-XLSX;NTA-2024-SHINKOKU-T5-XLSX,df23218947cf02235dbb526ab7a9315fd0475ed37e4aa064be7d06dbe23e99f8,172c4c315fb146cac0b3f7beaef65bedbac07634b0f79cae0ee12635980b6da2,4f74c500b213630eceeb0099939529b9a370378e8cfddbe6e5173dd128774088,SURVEY_ESTIMATED_POSITIVE_SELF_ASSESSED_BALANCE_TAX_FLOW_CELL,REPRODUCED_OFFICIAL_SURVEY_TAX_FLOW_DIAGNOSTIC,2024 NTA Sample Survey for Self-Assessment Income Tax: persons with positive self-assessed income tax,"The sample is already conditioned on positive self-assessed balance; it does not identify calculated-tax-positive persons outside that target, does not identify F71561 household-to-filer linkage, and amount-flow identities are not person-level transition observations."
17,"5,000万円",30000000,50000000,False,real_estate,不動産所得者,8242,89727,124,89603,1211,0.14693035671,52,0,72,0,6403,0.776874545013,6657,4776,5311,3438,1346,1405,42,84828,1882,0.0210037610348,0.927233972782,D86;H86;I86;J86;K86;L86,E86;G86;I86;L86;M86;N86,D88;E88;F88;G88;H88;I88;J88;K88,NTA-2024-SHINKOKU-T1-XLSX;NTA-2024-SHINKOKU-T4-XLSX;NTA-2024-SHINKOKU-T5-XLSX,df23218947cf02235dbb526ab7a9315fd0475ed37e4aa064be7d06dbe23e99f8,172c4c315fb146cac0b3f7beaef65bedbac07634b0f79cae0ee12635980b6da2,4f74c500b213630eceeb0099939529b9a370378e8cfddbe6e5173dd128774088,SURVEY_ESTIMATED_POSITIVE_SELF_ASSESSED_BALANCE_TAX_FLOW_CELL,REPRODUCED_OFFICIAL_SURVEY_TAX_FLOW_DIAGNOSTIC,2024 NTA Sample Survey for Self-Assessment Income Tax: persons with positive self-assessed income tax,"The sample is already conditioned on positive self-assessed balance; it does not identify calculated-tax-positive persons outside that target, does not identify F71561 household-to-filer linkage, and amount-flow identities are not person-level transition observations."
17,"5,000万円",30000000,50000000,False,salary,給与所得者,57608,600981,3258,597723,14332,0.248784890987,1899,0,1359,0,57362,0.995729759756,492371,57354,476643,24248,15727,2715,572,117930,12578,0.0210431922479,0.193232519691,D114;H114;I114;J114;K114;L114,E114;G114;I114;L114;M114;N114,D116;E116;F116;G116;H116;I116;J116;K116,NTA-2024-SHINKOKU-T1-XLSX;NTA-2024-SHINKOKU-T4-XLSX;NTA-2024-SHINKOKU-T5-XLSX,df23218947cf02235dbb526ab7a9315fd0475ed37e4aa064be7d06dbe23e99f8,172c4c315fb146cac0b3f7beaef65bedbac07634b0f79cae0ee12635980b6da2,4f74c500b213630eceeb0099939529b9a370378e8cfddbe6e5173dd128774088,SURVEY_ESTIMATED_POSITIVE_SELF_ASSESSED_BALANCE_TAX_FLOW_CELL,REPRODUCED_OFFICIAL_SURVEY_TAX_FLOW_DIAGNOSTIC,2024 NTA Sample Survey for Self-Assessment Income Tax: persons with positive self-assessed income tax,"The sample is already conditioned on positive self-assessed balance; it does not identify calculated-tax-positive persons outside that target, does not identify F71561 household-to-filer linkage, and amount-flow identities are not person-level transition observations."
17,"5,000万円",30000000,50000000,False,miscellaneous,雑所得者,1508,14108,110,13998,210,0.13925729443,14,0,96,0,1174,0.778514588859,2088,877,991,569,1096,76,13,12206,296,0.0211458779826,0.85392472366,D148;H148;I148;J148;K148;L148,E148;G148;I148;L148;M148;N148,D151;E151;F151;G151;H151;I151;J151;K151,NTA-2024-SHINKOKU-T1-XLSX;NTA-2024-SHINKOKU-T4-XLSX;NTA-2024-SHINKOKU-T5-XLSX,df23218947cf02235dbb526ab7a9315fd0475ed37e4aa064be7d06dbe23e99f8,172c4c315fb146cac0b3f7beaef65bedbac07634b0f79cae0ee12635980b6da2,4f74c500b213630eceeb0099939529b9a370378e8cfddbe6e5173dd128774088,SURVEY_ESTIMATED_POSITIVE_SELF_ASSESSED_BALANCE_TAX_FLOW_CELL,REPRODUCED_OFFICIAL_SURVEY_TAX_FLOW_DIAGNOSTIC,2024 NTA Sample Survey for Self-Assessment Income Tax: persons with positive self-assessed income tax,"The sample is already conditioned on positive self-assessed balance; it does not identify calculated-tax-positive persons outside that target, does not identify F71561 household-to-filer linkage, and amount-flow identities are not person-level transition observations."
17,"5,000万円",30000000,50000000,False,other,他の区分に該当しない所得者,34164,205759,3630,202129,6793,0.198835031027,2659,0,971,0,22356,0.654373024236,36005,14770,13799,12635,22206,5464,228,170387,4263,0.0210904917157,0.825550408931,D176;H176;I176;J176;K176;L176,E176;G176;I176;L176;M176;N176,D179;E179;F179;G179;H179;I179;J179;K179,NTA-2024-SHINKOKU-T1-XLSX;NTA-2024-SHINKOKU-T4-XLSX;NTA-2024-SHINKOKU-T5-XLSX,df23218947cf02235dbb526ab7a9315fd0475ed37e4aa064be7d06dbe23e99f8,172c4c315fb146cac0b3f7beaef65bedbac07634b0f79cae0ee12635980b6da2,4f74c500b213630eceeb0099939529b9a370378e8cfddbe6e5173dd128774088,SURVEY_ESTIMATED_POSITIVE_SELF_ASSESSED_BALANCE_TAX_FLOW_CELL,REPRODUCED_OFFICIAL_SURVEY_TAX_FLOW_DIAGNOSTIC,2024 NTA Sample Survey for Self-Assessment Income Tax: persons with positive self-assessed income tax,"The sample is already conditioned on positive self-assessed balance; it does not identify calculated-tax-positive persons outside that target, does not identify F71561 household-to-filer linkage, and amount-flow identities are not person-level transition observations."
18,1億円,50000000,100000000,False,business,事業所得者,7083,161985,3219,158766,3169,0.447409289849,21,0,3198,0,6602,0.932090921926,49463,4565,3143,6282,46320,224,9,112643,3340,0.021037249789,0.694872490839,D53;H53;I53;J53;K53;L53,E53;G53;I53;L53;M53;N53,D54;E54;F54;G54;H54;I54;J54;K54,NTA-2024-SHINKOKU-T1-XLSX;NTA-2024-SHINKOKU-T4-XLSX;NTA-2024-SHINKOKU-T5-XLSX,df23218947cf02235dbb526ab7a9315fd0475ed37e4aa064be7d06dbe23e99f8,172c4c315fb146cac0b3f7beaef65bedbac07634b0f79cae0ee12635980b6da2,4f74c500b213630eceeb0099939529b9a370378e8cfddbe6e5173dd128774088,SURVEY_ESTIMATED_POSITIVE_SELF_ASSESSED_BALANCE_TAX_FLOW_CELL,REPRODUCED_OFFICIAL_SURVEY_TAX_FLOW_DIAGNOSTIC,2024 NTA Sample Survey for Self-Assessment Income Tax: persons with positive self-assessed income tax,"The sample is already conditioned on positive self-assessed balance; it does not identify calculated-tax-positive persons outside that target, does not identify F71561 household-to-filer linkage, and amount-flow identities are not person-level transition observations."
18,1億円,50000000,100000000,False,real_estate,不動産所得者,2904,65080,118,64962,584,0.201101928375,50,0,68,0,2398,0.825757575758,5650,1840,4511,1383,1139,482,16,60677,1365,0.0210122841046,0.914815987456,D87;H87;I87;J87;K87;L87,E87;G87;I87;L87;M87;N87,D89;E89;F89;G89;H89;I89;J89;K89,NTA-2024-SHINKOKU-T1-XLSX;NTA-2024-SHINKOKU-T4-XLSX;NTA-2024-SHINKOKU-T5-XLSX,df23218947cf02235dbb526ab7a9315fd0475ed37e4aa064be7d06dbe23e99f8,172c4c315fb146cac0b3f7beaef65bedbac07634b0f79cae0ee12635980b6da2,4f74c500b213630eceeb0099939529b9a370378e8cfddbe6e5173dd128774088,SURVEY_ESTIMATED_POSITIVE_SELF_ASSESSED_BALANCE_TAX_FLOW_CELL,REPRODUCED_OFFICIAL_SURVEY_TAX_FLOW_DIAGNOSTIC,2024 NTA Sample Survey for Self-Assessment Income Tax: persons with positive self-assessed income tax,"The sample is already conditioned on positive self-assessed balance; it does not identify calculated-tax-positive persons outside that target, does not identify F71561 household-to-filer linkage, and amount-flow identities are not person-level transition observations."
18,1億円,50000000,100000000,False,salary,給与所得者,23745,527527,4004,523523,7970,0.335649610444,2193,0,1811,0,23554,0.991956201306,432576,23550,417409,11614,15167,1279,601,101979,11032,0.0210726176309,0.190773634144,D115;H115;I115;J115;K115;L115,E115;G115;I115;L115;M115;N115,D117;E117;F117;G117;H117;I117;J117;K117,NTA-2024-SHINKOKU-T1-XLSX;NTA-2024-SHINKOKU-T4-XLSX;NTA-2024-SHINKOKU-T5-XLSX,df23218947cf02235dbb526ab7a9315fd0475ed37e4aa064be7d06dbe23e99f8,172c4c315fb146cac0b3f7beaef65bedbac07634b0f79cae0ee12635980b6da2,4f74c500b213630eceeb0099939529b9a370378e8cfddbe6e5173dd128774088,SURVEY_ESTIMATED_POSITIVE_SELF_ASSESSED_BALANCE_TAX_FLOW_CELL,REPRODUCED_OFFICIAL_SURVEY_TAX_FLOW_DIAGNOSTIC,2024 NTA Sample Survey for Self-Assessment Income Tax: persons with positive self-assessed income tax,"The sample is already conditioned on positive self-assessed balance; it does not identify calculated-tax-positive persons outside that target, does not identify F71561 household-to-filer linkage, and amount-flow identities are not person-level transition observations."
18,1億円,50000000,100000000,False,miscellaneous,雑所得者,906,16444,163,16281,156,0.172185430464,5,0,158,0,696,0.76821192053,2399,345,744,351,1655,49,15,14227,345,0.0211903445734,0.855707927343,D149;H149;I149;J149;K149;L149,E149;G149;I149;L149;M149;N149,D152;E152;F152;G152;H152;I152;J152;K152,NTA-2024-SHINKOKU-T1-XLSX;NTA-2024-SHINKOKU-T4-XLSX;NTA-2024-SHINKOKU-T5-XLSX,df23218947cf02235dbb526ab7a9315fd0475ed37e4aa064be7d06dbe23e99f8,172c4c315fb146cac0b3f7beaef65bedbac07634b0f79cae0ee12635980b6da2,4f74c500b213630eceeb0099939529b9a370378e8cfddbe6e5173dd128774088,SURVEY_ESTIMATED_POSITIVE_SELF_ASSESSED_BALANCE_TAX_FLOW_CELL,REPRODUCED_OFFICIAL_SURVEY_TAX_FLOW_DIAGNOSTIC,2024 NTA Sample Survey for Self-Assessment Income Tax: persons with positive self-assessed income tax,"The sample is already conditioned on positive self-assessed balance; it does not identify calculated-tax-positive persons outside that target, does not identify F71561 household-to-filer linkage, and amount-flow identities are not person-level transition observations."
18,1億円,50000000,100000000,False,other,他の区分に該当しない所得者,26729,308382,5383,302999,6141,0.229750458304,3727,0,1657,0,17970,0.672303490591,57716,12409,24224,10698,33492,3992,169,251676,6393,0.0210990795349,0.81345348296,D177;H177;I177;J177;K177;L177,E177;G177;I177;L177;M177;N177,D180;E180;F180;G180;H180;I180;J180;K180,NTA-2024-SHINKOKU-T1-XLSX;NTA-2024-SHINKOKU-T4-XLSX;NTA-2024-SHINKOKU-T5-XLSX,df23218947cf02235dbb526ab7a9315fd0475ed37e4aa064be7d06dbe23e99f8,172c4c315fb146cac0b3f7beaef65bedbac07634b0f79cae0ee12635980b6da2,4f74c500b213630eceeb0099939529b9a370378e8cfddbe6e5173dd128774088,SURVEY_ESTIMATED_POSITIVE_SELF_ASSESSED_BALANCE_TAX_FLOW_CELL,REPRODUCED_OFFICIAL_SURVEY_TAX_FLOW_DIAGNOSTIC,2024 NTA Sample Survey for Self-Assessment Income Tax: persons with positive self-assessed income tax,"The sample is already conditioned on positive self-assessed balance; it does not identify calculated-tax-positive persons outside that target, does not identify F71561 household-to-filer linkage, and amount-flow identities are not person-level transition observations."
19,2億円,100000000,200000000,False,business,事業所得者,1550,78977,1845,77132,749,0.483225806452,9,0,1837,0,1479,0.954193548387,24785,967,1536,1449,23249,38,1,53981,1634,0.0211844629985,0.685333773456,D54;H54;I54;J54;K54;L54,E54;G54;I54;L54;M54;N54,D55;E55;F55;G55;H55;I55;J55;K55,NTA-2024-SHINKOKU-T1-XLSX;NTA-2024-SHINKOKU-T4-XLSX;NTA-2024-SHINKOKU-T5-XLSX,df23218947cf02235dbb526ab7a9315fd0475ed37e4aa064be7d06dbe23e99f8,172c4c315fb146cac0b3f7beaef65bedbac07634b0f79cae0ee12635980b6da2,4f74c500b213630eceeb0099939529b9a370378e8cfddbe6e5173dd128774088,SURVEY_ESTIMATED_POSITIVE_SELF_ASSESSED_BALANCE_TAX_FLOW_CELL,REPRODUCED_OFFICIAL_SURVEY_TAX_FLOW_DIAGNOSTIC,2024 NTA Sample Survey for Self-Assessment Income Tax: persons with positive self-assessed income tax,"The sample is already conditioned on positive self-assessed balance; it does not identify calculated-tax-positive persons outside that target, does not identify F71561 household-to-filer linkage, and amount-flow identities are not person-level transition observations."
19,2億円,100000000,200000000,False,real_estate,不動産所得者,545,26499,79,26420,165,0.302752293578,34,0,45,0,472,0.866055045872,2636,398,2428,309,208,63,2,24340,556,0.021044663134,0.902283511269,D88;H88;I88;J88;K88;L88,E88;G88;I88;L88;M88;N88,D90;E90;F90;G90;H90;I90;J90;K90,NTA-2024-SHINKOKU-T1-XLSX;NTA-2024-SHINKOKU-T4-XLSX;NTA-2024-SHINKOKU-T5-XLSX,df23218947cf02235dbb526ab7a9315fd0475ed37e4aa064be7d06dbe23e99f8,172c4c315fb146cac0b3f7beaef65bedbac07634b0f79cae0ee12635980b6da2,4f74c500b213630eceeb0099939529b9a370378e8cfddbe6e5173dd128774088,SURVEY_ESTIMATED_POSITIVE_SELF_ASSESSED_BALANCE_TAX_FLOW_CELL,REPRODUCED_OFFICIAL_SURVEY_TAX_FLOW_DIAGNOSTIC,2024 NTA Sample Survey for Self-Assessment Income Tax: persons with positive self-assessed income tax,"The sample is already conditioned on positive self-assessed balance; it does not identify calculated-tax-positive persons outside that target, does not identify F71561 household-to-filer linkage, and amount-flow identities are not person-level transition observations."
19,2億円,100000000,200000000,False,salary,給与所得者,5677,282708,2743,279965,2459,0.433151312313,1239,0,1504,0,5599,0.986260348776,227934,3328,130905,3039,97029,319,31,57942,5911,0.0211133534549,0.202682281828,D116;H116;I116;J116;K116;L116,E116;G116;I116;L116;M116;N116,D118;E118;F118;G118;H118;I118;J118;K118,NTA-2024-SHINKOKU-T1-XLSX;NTA-2024-SHINKOKU-T4-XLSX;NTA-2024-SHINKOKU-T5-XLSX,df23218947cf02235dbb526ab7a9315fd0475ed37e4aa064be7d06dbe23e99f8,172c4c315fb146cac0b3f7beaef65bedbac07634b0f79cae0ee12635980b6da2,4f74c500b213630eceeb0099939529b9a370378e8cfddbe6e5173dd128774088,SURVEY_ESTIMATED_POSITIVE_SELF_ASSESSED_BALANCE_TAX_FLOW_CELL,REPRODUCED_OFFICIAL_SURVEY_TAX_FLOW_DIAGNOSTIC,2024 NTA Sample Survey for Self-Assessment Income Tax: persons with positive self-assessed income tax,"The sample is already conditioned on positive self-assessed balance; it does not identify calculated-tax-positive persons outside that target, does not identify F71561 household-to-filer linkage, and amount-flow identities are not person-level transition observations."
19,2億円,100000000,200000000,False,miscellaneous,雑所得者,316,11767,105,11662,60,0.189873417722,5,0,99,0,220,0.696202531646,1310,108,255,112,1055,9,1,10600,248,0.0212656491168,0.890008396306,D150;H150;I150;J150;K150;L150,E150;G150;I150;L150;M150;N150,D153;E153;F153;G153;H153;I153;J153;K153,NTA-2024-SHINKOKU-T1-XLSX;NTA-2024-SHINKOKU-T4-XLSX;NTA-2024-SHINKOKU-T5-XLSX,df23218947cf02235dbb526ab7a9315fd0475ed37e4aa064be7d06dbe23e99f8,172c4c315fb146cac0b3f7beaef65bedbac07634b0f79cae0ee12635980b6da2,4f74c500b213630eceeb0099939529b9a370378e8cfddbe6e5173dd128774088,SURVEY_ESTIMATED_POSITIVE_SELF_ASSESSED_BALANCE_TAX_FLOW_CELL,REPRODUCED_OFFICIAL_SURVEY_TAX_FLOW_DIAGNOSTIC,2024 NTA Sample Survey for Self-Assessment Income Tax: persons with positive self-assessed income tax,"The sample is already conditioned on positive self-assessed balance; it does not identify calculated-tax-positive persons outside that target, does not identify F71561 household-to-filer linkage, and amount-flow identities are not person-level transition observations."
19,2億円,100000000,200000000,False,other,他の区分に該当しない所得者,12425,303123,6001,297122,3494,0.281207243461,4097,0,1904,0,9079,0.730704225352,63763,6549,26848,5677,36915,1680,83,239634,6275,0.0211192708719,0.789836418949,D178;H178;I178;J178;K178;L178,E178;G178;I178;L178;M178;N178,D181;E181;F181;G181;H181;I181;J181;K181,NTA-2024-SHINKOKU-T1-XLSX;NTA-2024-SHINKOKU-T4-XLSX;NTA-2024-SHINKOKU-T5-XLSX,df23218947cf02235dbb526ab7a9315fd0475ed37e4aa064be7d06dbe23e99f8,172c4c315fb146cac0b3f7beaef65bedbac07634b0f79cae0ee12635980b6da2,4f74c500b213630eceeb0099939529b9a370378e8cfddbe6e5173dd128774088,SURVEY_ESTIMATED_POSITIVE_SELF_ASSESSED_BALANCE_TAX_FLOW_CELL,REPRODUCED_OFFICIAL_SURVEY_TAX_FLOW_DIAGNOSTIC,2024 NTA Sample Survey for Self-Assessment Income Tax: persons with positive self-assessed income tax,"The sample is already conditioned on positive self-assessed balance; it does not identify calculated-tax-positive persons outside that target, does not identify F71561 household-to-filer linkage, and amount-flow identities are not person-level transition observations."
20,5億円,200000000,500000000,False,business,事業所得者,396,46804,2757,44047,195,0.492424242424,11,0,2746,0,369,0.931818181818,15811,49,250,348,15561,11,24,29208,972,0.0220673371626,0.648792731958,D55;H55;I55;J55;K55;L55,E55;G55;I55;L55;M55;N55,D56;E56;F56;G56;H56;I56;J56;K56,NTA-2024-SHINKOKU-T1-XLSX;NTA-2024-SHINKOKU-T4-XLSX;NTA-2024-SHINKOKU-T5-XLSX,df23218947cf02235dbb526ab7a9315fd0475ed37e4aa064be7d06dbe23e99f8,172c4c315fb146cac0b3f7beaef65bedbac07634b0f79cae0ee12635980b6da2,4f74c500b213630eceeb0099939529b9a370378e8cfddbe6e5173dd128774088,SURVEY_ESTIMATED_POSITIVE_SELF_ASSESSED_BALANCE_TAX_FLOW_CELL,REPRODUCED_OFFICIAL_SURVEY_TAX_FLOW_DIAGNOSTIC,2024 NTA Sample Survey for Self-Assessment Income Tax: persons with positive self-assessed income tax,"The sample is already conditioned on positive self-assessed balance; it does not identify calculated-tax-positive persons outside that target, does not identify F71561 household-to-filer linkage, and amount-flow identities are not person-level transition observations."
20,5億円,200000000,500000000,False,real_estate,不動産所得者,89,9547,45,9502,43,0.483146067416,29,0,17,0,82,0.921348314607,1331,24,82,58,1250,7,0,8370,199,0.020942959377,0.862797649727,D89;H89;I89;J89;K89;L89,E89;G89;I89;L89;M89;N89,D91;E91;F91;G91;H91;I91;J91;K91,NTA-2024-SHINKOKU-T1-XLSX;NTA-2024-SHINKOKU-T4-XLSX;NTA-2024-SHINKOKU-T5-XLSX,df23218947cf02235dbb526ab7a9315fd0475ed37e4aa064be7d06dbe23e99f8,172c4c315fb146cac0b3f7beaef65bedbac07634b0f79cae0ee12635980b6da2,4f74c500b213630eceeb0099939529b9a370378e8cfddbe6e5173dd128774088,SURVEY_ESTIMATED_POSITIVE_SELF_ASSESSED_BALANCE_TAX_FLOW_CELL,REPRODUCED_OFFICIAL_SURVEY_TAX_FLOW_DIAGNOSTIC,2024 NTA Sample Survey for Self-Assessment Income Tax: persons with positive self-assessed income tax,"The sample is already conditioned on positive self-assessed balance; it does not identify calculated-tax-positive persons outside that target, does not identify F71561 household-to-filer linkage, and amount-flow identities are not person-level transition observations."
20,5億円,200000000,500000000,False,salary,給与所得者,1527,173111,2616,170495,755,0.494433529797,759,0,1858,0,1492,0.977079240341,135929,648,40482,1023,95447,86,57,38182,3616,0.0212088331036,0.21929688532,D117;H117;I117;J117;K117;L117,E117;G117;I117;L117;M117;N117,D119;E119;F119;G119;H119;I119;J119;K119,NTA-2024-SHINKOKU-T1-XLSX;NTA-2024-SHINKOKU-T4-XLSX;NTA-2024-SHINKOKU-T5-XLSX,df23218947cf02235dbb526ab7a9315fd0475ed37e4aa064be7d06dbe23e99f8,172c4c315fb146cac0b3f7beaef65bedbac07634b0f79cae0ee12635980b6da2,4f74c500b213630eceeb0099939529b9a370378e8cfddbe6e5173dd128774088,SURVEY_ESTIMATED_POSITIVE_SELF_ASSESSED_BALANCE_TAX_FLOW_CELL,REPRODUCED_OFFICIAL_SURVEY_TAX_FLOW_DIAGNOSTIC,2024 NTA Sample Survey for Self-Assessment Income Tax: persons with positive self-assessed income tax,"The sample is already conditioned on positive self-assessed balance; it does not identify calculated-tax-positive persons outside that target, does not identify F71561 household-to-filer linkage, and amount-flow identities are not person-level transition observations."
20,5億円,200000000,500000000,False,miscellaneous,雑所得者,159,14246,40,14206,42,0.264150943396,7,0,33,0,114,0.716981132075,1349,49,49,65,1300,10,0,13156,299,0.0210474447417,0.906997587039,D151;H151;I151;J151;K151;L151,E151;G151;I151;L151;M151;N151,D154;E154;F154;G154;H154;I154;J154;K154,NTA-2024-SHINKOKU-T1-XLSX;NTA-2024-SHINKOKU-T4-XLSX;NTA-2024-SHINKOKU-T5-XLSX,df23218947cf02235dbb526ab7a9315fd0475ed37e4aa064be7d06dbe23e99f8,172c4c315fb146cac0b3f7beaef65bedbac07634b0f79cae0ee12635980b6da2,4f74c500b213630eceeb0099939529b9a370378e8cfddbe6e5173dd128774088,SURVEY_ESTIMATED_POSITIVE_SELF_ASSESSED_BALANCE_TAX_FLOW_CELL,REPRODUCED_OFFICIAL_SURVEY_TAX_FLOW_DIAGNOSTIC,2024 NTA Sample Survey for Self-Assessment Income Tax: persons with positive self-assessed income tax,"The sample is already conditioned on positive self-assessed balance; it does not identify calculated-tax-positive persons outside that target, does not identify F71561 household-to-filer linkage, and amount-flow identities are not person-level transition observations."
20,5億円,200000000,500000000,False,other,他の区分に該当しない所得者,6081,330040,6938,323102,2035,0.33464890643,4509,0,2429,0,4848,0.797237296497,68971,3838,31659,3054,37312,709,26,260962,6831,0.0211419304121,0.790954527131,D179;H179;I179;J179;K179;L179,E179;G179;I179;L179;M179;N179,D182;E182;F182;G182;H182;I182;J182;K182,NTA-2024-SHINKOKU-T1-XLSX;NTA-2024-SHINKOKU-T4-XLSX;NTA-2024-SHINKOKU-T5-XLSX,df23218947cf02235dbb526ab7a9315fd0475ed37e4aa064be7d06dbe23e99f8,172c4c315fb146cac0b3f7beaef65bedbac07634b0f79cae0ee12635980b6da2,4f74c500b213630eceeb0099939529b9a370378e8cfddbe6e5173dd128774088,SURVEY_ESTIMATED_POSITIVE_SELF_ASSESSED_BALANCE_TAX_FLOW_CELL,REPRODUCED_OFFICIAL_SURVEY_TAX_FLOW_DIAGNOSTIC,2024 NTA Sample Survey for Self-Assessment Income Tax: persons with positive self-assessed income tax,"The sample is already conditioned on positive self-assessed balance; it does not identify calculated-tax-positive persons outside that target, does not identify F71561 household-to-filer linkage, and amount-flow identities are not person-level transition observations."
21,10億円,500000000,1000000000,False,business,事業所得者,62,17842,2581,15261,28,0.451612903226,0,0,2581,0,59,0.951612903226,5471,21,313,59,5159,1,0,10162,372,0.0243758600354,0.650035181987,D56;H56;I56;J56;K56;L56,E56;G56;I56;L56;M56;N56,D57;E57;F57;G57;H57;I57;J57;K57,NTA-2024-SHINKOKU-T1-XLSX;NTA-2024-SHINKOKU-T4-XLSX;NTA-2024-SHINKOKU-T5-XLSX,df23218947cf02235dbb526ab7a9315fd0475ed37e4aa064be7d06dbe23e99f8,172c4c315fb146cac0b3f7beaef65bedbac07634b0f79cae0ee12635980b6da2,4f74c500b213630eceeb0099939529b9a370378e8cfddbe6e5173dd128774088,SURVEY_ESTIMATED_POSITIVE_SELF_ASSESSED_BALANCE_TAX_FLOW_CELL,REPRODUCED_OFFICIAL_SURVEY_TAX_FLOW_DIAGNOSTIC,2024 NTA Sample Survey for Self-Assessment Income Tax: persons with positive self-assessed income tax,"The sample is already conditioned on positive self-assessed balance; it does not identify calculated-tax-positive persons outside that target, does not identify F71561 household-to-filer linkage, and amount-flow identities are not person-level transition observations."
21,10億円,500000000,1000000000,False,real_estate,不動産所得者,5,1701,3,1698,2,0.4,3,0,0,0,4,0.8,357,4,312,4,45,0,0,1377,36,0.0212014134276,0.794117647059,D90;H90;I90;J90;K90;L90,E90;G90;I90;L90;M90;N90,D92;E92;F92;G92;H92;I92;J92;K92,NTA-2024-SHINKOKU-T1-XLSX;NTA-2024-SHINKOKU-T4-XLSX;NTA-2024-SHINKOKU-T5-XLSX,df23218947cf02235dbb526ab7a9315fd0475ed37e4aa064be7d06dbe23e99f8,172c4c315fb146cac0b3f7beaef65bedbac07634b0f79cae0ee12635980b6da2,4f74c500b213630eceeb0099939529b9a370378e8cfddbe6e5173dd128774088,SURVEY_ESTIMATED_POSITIVE_SELF_ASSESSED_BALANCE_TAX_FLOW_CELL,REPRODUCED_OFFICIAL_SURVEY_TAX_FLOW_DIAGNOSTIC,2024 NTA Sample Survey for Self-Assessment Income Tax: persons with positive self-assessed income tax,"The sample is already conditioned on positive self-assessed balance; it does not identify calculated-tax-positive persons outside that target, does not identify F71561 household-to-filer linkage, and amount-flow identities are not person-level transition observations."
21,10億円,500000000,1000000000,False,salary,給与所得者,232,59955,755,59200,127,0.547413793103,278,0,477,0,230,0.991379310345,46796,228,44923,135,1873,15,2,13656,1252,0.0211486486486,0.225898233309,D118;H118;I118;J118;K118;L118,E118;G118;I118;L118;M118;N118,D120;E120;F120;G120;H120;I120;J120;K120,NTA-2024-SHINKOKU-T1-XLSX;NTA-2024-SHINKOKU-T4-XLSX;NTA-2024-SHINKOKU-T5-XLSX,df23218947cf02235dbb526ab7a9315fd0475ed37e4aa064be7d06dbe23e99f8,172c4c315fb146cac0b3f7beaef65bedbac07634b0f79cae0ee12635980b6da2,4f74c500b213630eceeb0099939529b9a370378e8cfddbe6e5173dd128774088,SURVEY_ESTIMATED_POSITIVE_SELF_ASSESSED_BALANCE_TAX_FLOW_CELL,REPRODUCED_OFFICIAL_SURVEY_TAX_FLOW_DIAGNOSTIC,2024 NTA Sample Survey for Self-Assessment Income Tax: persons with positive self-assessed income tax,"The sample is already conditioned on positive self-assessed balance; it does not identify calculated-tax-positive persons outside that target, does not identify F71561 household-to-filer linkage, and amount-flow identities are not person-level transition observations."
21,10億円,500000000,1000000000,False,miscellaneous,雑所得者,39,8583,19,8564,12,0.307692307692,15,0,3,0,29,0.74358974359,939,10,1,19,938,6,0,7805,180,0.021018215787,0.892612076853,D152;H152;I152;J152;K152;L152,E152;G152;I152;L152;M152;N152,D155;E155;F155;G155;H155;I155;J155;K155,NTA-2024-SHINKOKU-T1-XLSX;NTA-2024-SHINKOKU-T4-XLSX;NTA-2024-SHINKOKU-T5-XLSX,df23218947cf02235dbb526ab7a9315fd0475ed37e4aa064be7d06dbe23e99f8,172c4c315fb146cac0b3f7beaef65bedbac07634b0f79cae0ee12635980b6da2,4f74c500b213630eceeb0099939529b9a370378e8cfddbe6e5173dd128774088,SURVEY_ESTIMATED_POSITIVE_SELF_ASSESSED_BALANCE_TAX_FLOW_CELL,REPRODUCED_OFFICIAL_SURVEY_TAX_FLOW_DIAGNOSTIC,2024 NTA Sample Survey for Self-Assessment Income Tax: persons with positive self-assessed income tax,"The sample is already conditioned on positive self-assessed balance; it does not identify calculated-tax-positive persons outside that target, does not identify F71561 household-to-filer linkage, and amount-flow identities are not person-level transition observations."
21,10億円,500000000,1000000000,False,other,他の区分に該当しない所得者,1718,213279,4980,208299,690,0.401629802095,3545,0,1435,0,1482,0.86263096624,43118,1242,16808,925,26310,141,8,169580,4399,0.0211186803585,0.79728065144,D180;H180;I180;J180;K180;L180,E180;G180;I180;L180;M180;N180,D183;E183;F183;G183;H183;I183;J183;K183,NTA-2024-SHINKOKU-T1-XLSX;NTA-2024-SHINKOKU-T4-XLSX;NTA-2024-SHINKOKU-T5-XLSX,df23218947cf02235dbb526ab7a9315fd0475ed37e4aa064be7d06dbe23e99f8,172c4c315fb146cac0b3f7beaef65bedbac07634b0f79cae0ee12635980b6da2,4f74c500b213630eceeb0099939529b9a370378e8cfddbe6e5173dd128774088,SURVEY_ESTIMATED_POSITIVE_SELF_ASSESSED_BALANCE_TAX_FLOW_CELL,REPRODUCED_OFFICIAL_SURVEY_TAX_FLOW_DIAGNOSTIC,2024 NTA Sample Survey for Self-Assessment Income Tax: persons with positive self-assessed income tax,"The sample is already conditioned on positive self-assessed balance; it does not identify calculated-tax-positive persons outside that target, does not identify F71561 household-to-filer linkage, and amount-flow identities are not person-level transition observations."
22,20億円,1000000000,2000000000,False,business,事業所得者,15,9191,1186,8005,8,0.533333333333,10,0,1176,0,15,1,2670,7,299,14,2371,2,0,5525,190,0.0237351655215,0.674191580232,D57;H57;I57;J57;K57;L57,E57;G57;I57;L57;M57;N57,D58;E58;F58;G58;H58;I58;J58;K58,NTA-2024-SHINKOKU-T1-XLSX;NTA-2024-SHINKOKU-T4-XLSX;NTA-2024-SHINKOKU-T5-XLSX,df23218947cf02235dbb526ab7a9315fd0475ed37e4aa064be7d06dbe23e99f8,172c4c315fb146cac0b3f7beaef65bedbac07634b0f79cae0ee12635980b6da2,4f74c500b213630eceeb0099939529b9a370378e8cfddbe6e5173dd128774088,SURVEY_ESTIMATED_POSITIVE_SELF_ASSESSED_BALANCE_TAX_FLOW_CELL,REPRODUCED_OFFICIAL_SURVEY_TAX_FLOW_DIAGNOSTIC,2024 NTA Sample Survey for Self-Assessment Income Tax: persons with positive self-assessed income tax,"The sample is already conditioned on positive self-assessed balance; it does not identify calculated-tax-positive persons outside that target, does not identify F71561 household-to-filer linkage, and amount-flow identities are not person-level transition observations."
22,20億円,1000000000,2000000000,False,real_estate,不動産所得者,0,0,0,0,0,0,0,0,0,0,0,0,0,0,0,0,0,0,0,0,0,0,0,D91;H91;I91;J91;K91;L91,E91;G91;I91;L91;M91;N91,D93;E93;F93;G93;H93;I93;J93;K93,NTA-2024-SHINKOKU-T1-XLSX;NTA-2024-SHINKOKU-T4-XLSX;NTA-2024-SHINKOKU-T5-XLSX,df23218947cf02235dbb526ab7a9315fd0475ed37e4aa064be7d06dbe23e99f8,172c4c315fb146cac0b3f7beaef65bedbac07634b0f79cae0ee12635980b6da2,4f74c500b213630eceeb0099939529b9a370378e8cfddbe6e5173dd128774088,SURVEY_ESTIMATED_POSITIVE_SELF_ASSESSED_BALANCE_TAX_FLOW_CELL,REPRODUCED_OFFICIAL_SURVEY_TAX_FLOW_DIAGNOSTIC,2024 NTA Sample Survey for Self-Assessment Income Tax: persons with positive self-assessed income tax,"The sample is already conditioned on positive self-assessed balance; it does not identify calculated-tax-positive persons outside that target, does not identify F71561 household-to-filer linkage, and amount-flow identities are not person-level transition observations."
22,20億円,1000000000,2000000000,False,salary,給与所得者,70,35227,998,34229,45,0.642857142857,165,0,833,0,70,1,25716,70,24597,45,1119,4,0,9250,737,0.0215314499401,0.264542698622,D119;H119;I119;J119;K119;L119,E119;G119;I119;L119;M119;N119,D121;E121;F121;G121;H121;I121;J121;K121,NTA-2024-SHINKOKU-T1-XLSX;NTA-2024-SHINKOKU-T4-XLSX;NTA-2024-SHINKOKU-T5-XLSX,df23218947cf02235dbb526ab7a9315fd0475ed37e4aa064be7d06dbe23e99f8,172c4c315fb146cac0b3f7beaef65bedbac07634b0f79cae0ee12635980b6da2,4f74c500b213630eceeb0099939529b9a370378e8cfddbe6e5173dd128774088,SURVEY_ESTIMATED_POSITIVE_SELF_ASSESSED_BALANCE_TAX_FLOW_CELL,REPRODUCED_OFFICIAL_SURVEY_TAX_FLOW_DIAGNOSTIC,2024 NTA Sample Survey for Self-Assessment Income Tax: persons with positive self-assessed income tax,"The sample is already conditioned on positive self-assessed balance; it does not identify calculated-tax-positive persons outside that target, does not identify F71561 household-to-filer linkage, and amount-flow identities are not person-level transition observations."
22,20億円,1000000000,2000000000,False,miscellaneous,雑所得者,13,5862,0,5862,2,0.153846153846,0,0,0,0,9,0.692307692308,594,7,67,8,527,1,0,5390,122,0.0208120095531,0.900735294118,D153;H153;I153;J153;K153;L153,E153;G153;I153;L153;M153;N153,D156;E156;F156;G156;H156;I156;J156;K156,NTA-2024-SHINKOKU-T1-XLSX;NTA-2024-SHINKOKU-T4-XLSX;NTA-2024-SHINKOKU-T5-XLSX,df23218947cf02235dbb526ab7a9315fd0475ed37e4aa064be7d06dbe23e99f8,172c4c315fb146cac0b3f7beaef65bedbac07634b0f79cae0ee12635980b6da2,4f74c500b213630eceeb0099939529b9a370378e8cfddbe6e5173dd128774088,SURVEY_ESTIMATED_POSITIVE_SELF_ASSESSED_BALANCE_TAX_FLOW_CELL,REPRODUCED_OFFICIAL_SURVEY_TAX_FLOW_DIAGNOSTIC,2024 NTA Sample Survey for Self-Assessment Income Tax: persons with positive self-assessed income tax,"The sample is already conditioned on positive self-assessed balance; it does not identify calculated-tax-positive persons outside that target, does not identify F71561 household-to-filer linkage, and amount-flow identities are not person-level transition observations."
22,20億円,1000000000,2000000000,False,other,他の区分に該当しない所得者,700,163427,3385,160042,326,0.465714285714,2119,0,1266,0,640,0.914285714286,25345,532,11902,460,13443,58,2,138081,3384,0.021144449582,0.844914517886,D181;H181;I181;J181;K181;L181,E181;G181;I181;L181;M181;N181,D184;E184;F184;G184;H184;I184;J184;K184,NTA-2024-SHINKOKU-T1-XLSX;NTA-2024-SHINKOKU-T4-XLSX;NTA-2024-SHINKOKU-T5-XLSX,df23218947cf02235dbb526ab7a9315fd0475ed37e4aa064be7d06dbe23e99f8,172c4c315fb146cac0b3f7beaef65bedbac07634b0f79cae0ee12635980b6da2,4f74c500b213630eceeb0099939529b9a370378e8cfddbe6e5173dd128774088,SURVEY_ESTIMATED_POSITIVE_SELF_ASSESSED_BALANCE_TAX_FLOW_CELL,REPRODUCED_OFFICIAL_SURVEY_TAX_FLOW_DIAGNOSTIC,2024 NTA Sample Survey for Self-Assessment Income Tax: persons with positive self-assessed income tax,"The sample is already conditioned on positive self-assessed balance; it does not identify calculated-tax-positive persons outside that target, does not identify F71561 household-to-filer linkage, and amount-flow identities are not person-level transition observations."
23,50億円,2000000000,5000000000,False,business,事業所得者,8,10751,3779,6972,6,0.75,3,0,3776,0,7,0.875,1888,4,227,7,1661,1,0,5309,225,0.0322719449225,0.737668472975,D58;H58;I58;J58;K58;L58,E58;G58;I58;L58;M58;N58,D59;E59;F59;G59;H59;I59;J59;K59,NTA-2024-SHINKOKU-T1-XLSX;NTA-2024-SHINKOKU-T4-XLSX;NTA-2024-SHINKOKU-T5-XLSX,df23218947cf02235dbb526ab7a9315fd0475ed37e4aa064be7d06dbe23e99f8,172c4c315fb146cac0b3f7beaef65bedbac07634b0f79cae0ee12635980b6da2,4f74c500b213630eceeb0099939529b9a370378e8cfddbe6e5173dd128774088,SURVEY_ESTIMATED_POSITIVE_SELF_ASSESSED_BALANCE_TAX_FLOW_CELL,REPRODUCED_OFFICIAL_SURVEY_TAX_FLOW_DIAGNOSTIC,2024 NTA Sample Survey for Self-Assessment Income Tax: persons with positive self-assessed income tax,"The sample is already conditioned on positive self-assessed balance; it does not identify calculated-tax-positive persons outside that target, does not identify F71561 household-to-filer linkage, and amount-flow identities are not person-level transition observations."
23,50億円,2000000000,5000000000,False,real_estate,不動産所得者,0,0,0,0,0,0,0,0,0,0,0,0,0,0,0,0,0,0,0,0,0,0,0,D92;H92;I92;J92;K92;L92,E92;G92;I92;L92;M92;N92,D94;E94;F94;G94;H94;I94;J94;K94,NTA-2024-SHINKOKU-T1-XLSX;NTA-2024-SHINKOKU-T4-XLSX;NTA-2024-SHINKOKU-T5-XLSX,df23218947cf02235dbb526ab7a9315fd0475ed37e4aa064be7d06dbe23e99f8,172c4c315fb146cac0b3f7beaef65bedbac07634b0f79cae0ee12635980b6da2,4f74c500b213630eceeb0099939529b9a370378e8cfddbe6e5173dd128774088,SURVEY_ESTIMATED_POSITIVE_SELF_ASSESSED_BALANCE_TAX_FLOW_CELL,REPRODUCED_OFFICIAL_SURVEY_TAX_FLOW_DIAGNOSTIC,2024 NTA Sample Survey for Self-Assessment Income Tax: persons with positive self-assessed income tax,"The sample is already conditioned on positive self-assessed balance; it does not identify calculated-tax-positive persons outside that target, does not identify F71561 household-to-filer linkage, and amount-flow identities are not person-level transition observations."
23,50億円,2000000000,5000000000,False,salary,給与所得者,21,22513,552,21961,14,0.666666666667,9,0,542,0,21,1,18590,21,18431,16,158,2,0,3845,474,0.0215837165885,0.171383998217,D120;H120;I120;J120;K120;L120,E120;G120;I120;L120;M120;N120,D122;E122;F122;G122;H122;I122;J122;K122,NTA-2024-SHINKOKU-T1-XLSX;NTA-2024-SHINKOKU-T4-XLSX;NTA-2024-SHINKOKU-T5-XLSX,df23218947cf02235dbb526ab7a9315fd0475ed37e4aa064be7d06dbe23e99f8,172c4c315fb146cac0b3f7beaef65bedbac07634b0f79cae0ee12635980b6da2,4f74c500b213630eceeb0099939529b9a370378e8cfddbe6e5173dd128774088,SURVEY_ESTIMATED_POSITIVE_SELF_ASSESSED_BALANCE_TAX_FLOW_CELL,REPRODUCED_OFFICIAL_SURVEY_TAX_FLOW_DIAGNOSTIC,2024 NTA Sample Survey for Self-Assessment Income Tax: persons with positive self-assessed income tax,"The sample is already conditioned on positive self-assessed balance; it does not identify calculated-tax-positive persons outside that target, does not identify F71561 household-to-filer linkage, and amount-flow identities are not person-level transition observations."
23,50億円,2000000000,5000000000,False,miscellaneous,雑所得者,7,6566,2,6564,2,0.285714285714,0,0,2,0,5,0.714285714286,146,3,17,2,129,0,0,6557,139,0.0211761121268,0.978218708041,D154;H154;I154;J154;K154;L154,E154;G154;I154;L154;M154;N154,D157;E157;F157;G157;H157;I157;J157;K157,NTA-2024-SHINKOKU-T1-XLSX;NTA-2024-SHINKOKU-T4-XLSX;NTA-2024-SHINKOKU-T5-XLSX,df23218947cf02235dbb526ab7a9315fd0475ed37e4aa064be7d06dbe23e99f8,172c4c315fb146cac0b3f7beaef65bedbac07634b0f79cae0ee12635980b6da2,4f74c500b213630eceeb0099939529b9a370378e8cfddbe6e5173dd128774088,SURVEY_ESTIMATED_POSITIVE_SELF_ASSESSED_BALANCE_TAX_FLOW_CELL,REPRODUCED_OFFICIAL_SURVEY_TAX_FLOW_DIAGNOSTIC,2024 NTA Sample Survey for Self-Assessment Income Tax: persons with positive self-assessed income tax,"The sample is already conditioned on positive self-assessed balance; it does not identify calculated-tax-positive persons outside that target, does not identify F71561 household-to-filer linkage, and amount-flow identities are not person-level transition observations."
23,50億円,2000000000,5000000000,False,other,他の区分に該当しない所得者,410,215600,5148,210452,211,0.514634146341,3679,0,1469,0,385,0.939024390244,31736,182,6065,253,25670,22,1,183159,4443,0.021111702431,0.852318574187,D182;H182;I182;J182;K182;L182,E182;G182;I182;L182;M182;N182,D185;E185;F185;G185;H185;I185;J185;K185,NTA-2024-SHINKOKU-T1-XLSX;NTA-2024-SHINKOKU-T4-XLSX;NTA-2024-SHINKOKU-T5-XLSX,df23218947cf02235dbb526ab7a9315fd0475ed37e4aa064be7d06dbe23e99f8,172c4c315fb146cac0b3f7beaef65bedbac07634b0f79cae0ee12635980b6da2,4f74c500b213630eceeb0099939529b9a370378e8cfddbe6e5173dd128774088,SURVEY_ESTIMATED_POSITIVE_SELF_ASSESSED_BALANCE_TAX_FLOW_CELL,REPRODUCED_OFFICIAL_SURVEY_TAX_FLOW_DIAGNOSTIC,2024 NTA Sample Survey for Self-Assessment Income Tax: persons with positive self-assessed income tax,"The sample is already conditioned on positive self-assessed balance; it does not identify calculated-tax-positive persons outside that target, does not identify F71561 household-to-filer linkage, and amount-flow identities are not person-level transition observations."
24,100億円,5000000000,10000000000,False,business,事業所得者,3,7283,181,7102,2,0.666666666667,1,0,179,0,3,1,289,2,218,3,72,0,0,6963,150,0.0211208110391,0.960148924435,D59;H59;I59;J59;K59;L59,E59;G59;I59;L59;M59;N59,D60;E60;F60;G60;H60;I60;J60;K60,NTA-2024-SHINKOKU-T1-XLSX;NTA-2024-SHINKOKU-T4-XLSX;NTA-2024-SHINKOKU-T5-XLSX,df23218947cf02235dbb526ab7a9315fd0475ed37e4aa064be7d06dbe23e99f8,172c4c315fb146cac0b3f7beaef65bedbac07634b0f79cae0ee12635980b6da2,4f74c500b213630eceeb0099939529b9a370378e8cfddbe6e5173dd128774088,SURVEY_ESTIMATED_POSITIVE_SELF_ASSESSED_BALANCE_TAX_FLOW_CELL,REPRODUCED_OFFICIAL_SURVEY_TAX_FLOW_DIAGNOSTIC,2024 NTA Sample Survey for Self-Assessment Income Tax: persons with positive self-assessed income tax,"The sample is already conditioned on positive self-assessed balance; it does not identify calculated-tax-positive persons outside that target, does not identify F71561 household-to-filer linkage, and amount-flow identities are not person-level transition observations."
24,100億円,5000000000,10000000000,False,real_estate,不動産所得者,0,0,0,0,0,0,0,0,0,0,0,0,0,0,0,0,0,0,0,0,0,0,0,D93;H93;I93;J93;K93;L93,E93;G93;I93;L93;M93;N93,D95;E95;F95;G95;H95;I95;J95;K95,NTA-2024-SHINKOKU-T1-XLSX;NTA-2024-SHINKOKU-T4-XLSX;NTA-2024-SHINKOKU-T5-XLSX,df23218947cf02235dbb526ab7a9315fd0475ed37e4aa064be7d06dbe23e99f8,172c4c315fb146cac0b3f7beaef65bedbac07634b0f79cae0ee12635980b6da2,4f74c500b213630eceeb0099939529b9a370378e8cfddbe6e5173dd128774088,SURVEY_ESTIMATED_POSITIVE_SELF_ASSESSED_BALANCE_TAX_FLOW_CELL,REPRODUCED_OFFICIAL_SURVEY_TAX_FLOW_DIAGNOSTIC,2024 NTA Sample Survey for Self-Assessment Income Tax: persons with positive self-assessed income tax,"The sample is already conditioned on positive self-assessed balance; it does not identify calculated-tax-positive persons outside that target, does not identify F71561 household-to-filer linkage, and amount-flow identities are not person-level transition observations."
24,100億円,5000000000,10000000000,False,salary,給与所得者,1,1150,0,1150,0,0,0,0,0,0,1,1,45,1,45,0,0,0,0,1128,23,0.02,0.961636828645,D121;H121;I121;J121;K121;L121,E121;G121;I121;L121;M121;N121,D123;E123;F123;G123;H123;I123;J123;K123,NTA-2024-SHINKOKU-T1-XLSX;NTA-2024-SHINKOKU-T4-XLSX;NTA-2024-SHINKOKU-T5-XLSX,df23218947cf02235dbb526ab7a9315fd0475ed37e4aa064be7d06dbe23e99f8,172c4c315fb146cac0b3f7beaef65bedbac07634b0f79cae0ee12635980b6da2,4f74c500b213630eceeb0099939529b9a370378e8cfddbe6e5173dd128774088,SURVEY_ESTIMATED_POSITIVE_SELF_ASSESSED_BALANCE_TAX_FLOW_CELL,REPRODUCED_OFFICIAL_SURVEY_TAX_FLOW_DIAGNOSTIC,2024 NTA Sample Survey for Self-Assessment Income Tax: persons with positive self-assessed income tax,"The sample is already conditioned on positive self-assessed balance; it does not identify calculated-tax-positive persons outside that target, does not identify F71561 household-to-filer linkage, and amount-flow identities are not person-level transition observations."
24,100億円,5000000000,10000000000,False,miscellaneous,雑所得者,1,2877,9,2868,1,1,0,0,9,0,1,1,50,0,0,1,50,0,0,2878,60,0.0209205020921,0.982923497268,D155;H155;I155;J155;K155;L155,E155;G155;I155;L155;M155;N155,D158;E158;F158;G158;H158;I158;J158;K158,NTA-2024-SHINKOKU-T1-XLSX;NTA-2024-SHINKOKU-T4-XLSX;NTA-2024-SHINKOKU-T5-XLSX,df23218947cf02235dbb526ab7a9315fd0475ed37e4aa064be7d06dbe23e99f8,172c4c315fb146cac0b3f7beaef65bedbac07634b0f79cae0ee12635980b6da2,4f74c500b213630eceeb0099939529b9a370378e8cfddbe6e5173dd128774088,SURVEY_ESTIMATED_POSITIVE_SELF_ASSESSED_BALANCE_TAX_FLOW_CELL,REPRODUCED_OFFICIAL_SURVEY_TAX_FLOW_DIAGNOSTIC,2024 NTA Sample Survey for Self-Assessment Income Tax: persons with positive self-assessed income tax,"The sample is already conditioned on positive self-assessed balance; it does not identify calculated-tax-positive persons outside that target, does not identify F71561 household-to-filer linkage, and amount-flow identities are not person-level transition observations."
24,100億円,5000000000,10000000000,False,other,他の区分に該当しない所得者,108,120340,2307,118033,73,0.675925925926,1275,0,1032,0,105,0.972222222222,13386,23,759,82,12627,3,0,107147,2500,0.021180517313,0.888943276945,D183;H183;I183;J183;K183;L183,E183;G183;I183;L183;M183;N183,D186;E186;F186;G186;H186;I186;J186;K186,NTA-2024-SHINKOKU-T1-XLSX;NTA-2024-SHINKOKU-T4-XLSX;NTA-2024-SHINKOKU-T5-XLSX,df23218947cf02235dbb526ab7a9315fd0475ed37e4aa064be7d06dbe23e99f8,172c4c315fb146cac0b3f7beaef65bedbac07634b0f79cae0ee12635980b6da2,4f74c500b213630eceeb0099939529b9a370378e8cfddbe6e5173dd128774088,SURVEY_ESTIMATED_POSITIVE_SELF_ASSESSED_BALANCE_TAX_FLOW_CELL,REPRODUCED_OFFICIAL_SURVEY_TAX_FLOW_DIAGNOSTIC,2024 NTA Sample Survey for Self-Assessment Income Tax: persons with positive self-assessed income tax,"The sample is already conditioned on positive self-assessed balance; it does not identify calculated-tax-positive persons outside that target, does not identify F71561 household-to-filer linkage, and amount-flow identities are not person-level transition observations."
25,100億円超,10000000000,,True,business,事業所得者,0,0,0,0,0,0,0,0,0,0,0,0,0,0,0,0,0,0,0,0,0,0,0,D60;H60;I60;J60;K60;L60,E60;G60;I60;L60;M60;N60,D61;E61;F61;G61;H61;I61;J61;K61,NTA-2024-SHINKOKU-T1-XLSX;NTA-2024-SHINKOKU-T4-XLSX;NTA-2024-SHINKOKU-T5-XLSX,df23218947cf02235dbb526ab7a9315fd0475ed37e4aa064be7d06dbe23e99f8,172c4c315fb146cac0b3f7beaef65bedbac07634b0f79cae0ee12635980b6da2,4f74c500b213630eceeb0099939529b9a370378e8cfddbe6e5173dd128774088,SURVEY_ESTIMATED_POSITIVE_SELF_ASSESSED_BALANCE_TAX_FLOW_CELL,REPRODUCED_OFFICIAL_SURVEY_TAX_FLOW_DIAGNOSTIC,2024 NTA Sample Survey for Self-Assessment Income Tax: persons with positive self-assessed income tax,"The sample is already conditioned on positive self-assessed balance; it does not identify calculated-tax-positive persons outside that target, does not identify F71561 household-to-filer linkage, and amount-flow identities are not person-level transition observations."
25,100億円超,10000000000,,True,real_estate,不動産所得者,0,0,0,0,0,0,0,0,0,0,0,0,0,0,0,0,0,0,0,0,0,0,0,D94;H94;I94;J94;K94;L94,E94;G94;I94;L94;M94;N94,D96;E96;F96;G96;H96;I96;J96;K96,NTA-2024-SHINKOKU-T1-XLSX;NTA-2024-SHINKOKU-T4-XLSX;NTA-2024-SHINKOKU-T5-XLSX,df23218947cf02235dbb526ab7a9315fd0475ed37e4aa064be7d06dbe23e99f8,172c4c315fb146cac0b3f7beaef65bedbac07634b0f79cae0ee12635980b6da2,4f74c500b213630eceeb0099939529b9a370378e8cfddbe6e5173dd128774088,SURVEY_ESTIMATED_POSITIVE_SELF_ASSESSED_BALANCE_TAX_FLOW_CELL,REPRODUCED_OFFICIAL_SURVEY_TAX_FLOW_DIAGNOSTIC,2024 NTA Sample Survey for Self-Assessment Income Tax: persons with positive self-assessed income tax,"The sample is already conditioned on positive self-assessed balance; it does not identify calculated-tax-positive persons outside that target, does not identify F71561 household-to-filer linkage, and amount-flow identities are not person-level transition observations."
25,100億円超,10000000000,,True,salary,給与所得者,0,0,0,0,0,0,0,0,0,0,0,0,0,0,0,0,0,0,0,0,0,0,0,D122;H122;I122;J122;K122;L122,E122;G122;I122;L122;M122;N122,D124;E124;F124;G124;H124;I124;J124;K124,NTA-2024-SHINKOKU-T1-XLSX;NTA-2024-SHINKOKU-T4-XLSX;NTA-2024-SHINKOKU-T5-XLSX,df23218947cf02235dbb526ab7a9315fd0475ed37e4aa064be7d06dbe23e99f8,172c4c315fb146cac0b3f7beaef65bedbac07634b0f79cae0ee12635980b6da2,4f74c500b213630eceeb0099939529b9a370378e8cfddbe6e5173dd128774088,SURVEY_ESTIMATED_POSITIVE_SELF_ASSESSED_BALANCE_TAX_FLOW_CELL,REPRODUCED_OFFICIAL_SURVEY_TAX_FLOW_DIAGNOSTIC,2024 NTA Sample Survey for Self-Assessment Income Tax: persons with positive self-assessed income tax,"The sample is already conditioned on positive self-assessed balance; it does not identify calculated-tax-positive persons outside that target, does not identify F71561 household-to-filer linkage, and amount-flow identities are not person-level transition observations."
25,100億円超,10000000000,,True,miscellaneous,雑所得者,0,0,0,0,0,0,0,0,0,0,0,0,0,0,0,0,0,0,0,0,0,0,0,D156;H156;I156;J156;K156;L156,E156;G156;I156;L156;M156;N156,D159;E159;F159;G159;H159;I159;J159;K159,NTA-2024-SHINKOKU-T1-XLSX;NTA-2024-SHINKOKU-T4-XLSX;NTA-2024-SHINKOKU-T5-XLSX,df23218947cf02235dbb526ab7a9315fd0475ed37e4aa064be7d06dbe23e99f8,172c4c315fb146cac0b3f7beaef65bedbac07634b0f79cae0ee12635980b6da2,4f74c500b213630eceeb0099939529b9a370378e8cfddbe6e5173dd128774088,SURVEY_ESTIMATED_POSITIVE_SELF_ASSESSED_BALANCE_TAX_FLOW_CELL,REPRODUCED_OFFICIAL_SURVEY_TAX_FLOW_DIAGNOSTIC,2024 NTA Sample Survey for Self-Assessment Income Tax: persons with positive self-assessed income tax,"The sample is already conditioned on positive self-assessed balance; it does not identify calculated-tax-positive persons outside that target, does not identify F71561 household-to-filer linkage, and amount-flow identities are not person-level transition observations."
25,100億円超,10000000000,,True,other,他の区分に該当しない所得者,66,254371,2937,251434,45,0.681818181818,2834,0,103,0,63,0.954545454545,19222,59,6617,49,12605,3,0,237494,5282,0.0210075009744,0.925123482759,D184;H184;I184;J184;K184;L184,E184;G184;I184;L184;M184;N184,D187;E187;F187;G187;H187;I187;J187;K187,NTA-2024-SHINKOKU-T1-XLSX;NTA-2024-SHINKOKU-T4-XLSX;NTA-2024-SHINKOKU-T5-XLSX,df23218947cf02235dbb526ab7a9315fd0475ed37e4aa064be7d06dbe23e99f8,172c4c315fb146cac0b3f7beaef65bedbac07634b0f79cae0ee12635980b6da2,4f74c500b213630eceeb0099939529b9a370378e8cfddbe6e5173dd128774088,SURVEY_ESTIMATED_POSITIVE_SELF_ASSESSED_BALANCE_TAX_FLOW_CELL,REPRODUCED_OFFICIAL_SURVEY_TAX_FLOW_DIAGNOSTIC,2024 NTA Sample Survey for Self-Assessment Income Tax: persons with positive self-assessed income tax,"The sample is already conditioned on positive self-assessed balance; it does not identify calculated-tax-positive persons outside that target, does not identify F71561 household-to-filer linkage, and amount-flow identities are not person-level transition observations."
