income_class_index,income_class_label,lower_bound_yen_exclusive,upper_bound_yen_inclusive,is_topcoded,primary_income_type,primary_income_type_ja,table22_population_persons,positive_self_assessed_balance_persons,refund_persons,neither_positive_nor_refund_residual,positive_self_assessed_balance_rate,refund_rate,residual_rate,income_class_all_categories_table22_population_persons,income_class_all_categories_positive_self_assessed_balance_persons,income_class_all_categories_refund_persons,sample_survey_positive_self_assessed_balance_cell,sample_crosscheck_difference,source_id,source_file,source_sha256,source_locator,source_printed_page,source_pdf_page_1based,pypdf_version,cryptography_version,population_definition,denominator_note,cell_nature,evidence_status,identification_warning
1,70万円以下,,700000,False,business,事業所得者,1149818,5797,287551,856470,0.00504166746389,0.250083926326,0.74487440621,4301396,16171,2137229,5797,0,NTA-R06,data/raw/nta/nta_fy2024_annual_statistics.pdf,18e26ad7d255a41d82d171d42478c76a36bae5cb8345c65fef717318db5bf529,"Table 2-2(1), printed pp.61-62 / PDF pages 71-72",61,71,6.1.1,50.0.1,"Table 2-2(1): persons who filed for 2024 or whose income-tax cases were processed (correction/determination etc.) by 2025-03-31, classified as of 2025-06-30",table22_population_persons is not the stage-1 NTA final-return numerator and is not restricted to voluntary final-return filings alone,ADMINISTRATIVE_ANNUAL_STATISTICS_COUNT,REPRODUCED_OFFICIAL_ADMINISTRATIVE_CROSSTAB,NTA total net income is not F71561 equivalized disposable income; decile linkage still requires an explicit bridge assumption
1,70万円以下,,700000,False,real_estate,不動産所得者,270688,3787,43473,223428,0.0139902766284,0.160601873744,0.825407849628,4301396,16171,2137229,3787,0,NTA-R06,data/raw/nta/nta_fy2024_annual_statistics.pdf,18e26ad7d255a41d82d171d42478c76a36bae5cb8345c65fef717318db5bf529,"Table 2-2(1), printed pp.61-62 / PDF pages 71-72",61,71,6.1.1,50.0.1,"Table 2-2(1): persons who filed for 2024 or whose income-tax cases were processed (correction/determination etc.) by 2025-03-31, classified as of 2025-06-30",table22_population_persons is not the stage-1 NTA final-return numerator and is not restricted to voluntary final-return filings alone,ADMINISTRATIVE_ANNUAL_STATISTICS_COUNT,REPRODUCED_OFFICIAL_ADMINISTRATIVE_CROSSTAB,NTA total net income is not F71561 equivalized disposable income; decile linkage still requires an explicit bridge assumption
1,70万円以下,,700000,False,salary,給与所得者,942026,2218,679968,259840,0.00235449976965,0.721814472212,0.275831028018,4301396,16171,2137229,2218,0,NTA-R06,data/raw/nta/nta_fy2024_annual_statistics.pdf,18e26ad7d255a41d82d171d42478c76a36bae5cb8345c65fef717318db5bf529,"Table 2-2(1), printed pp.61-62 / PDF pages 71-72",62,72,6.1.1,50.0.1,"Table 2-2(1): persons who filed for 2024 or whose income-tax cases were processed (correction/determination etc.) by 2025-03-31, classified as of 2025-06-30",table22_population_persons is not the stage-1 NTA final-return numerator and is not restricted to voluntary final-return filings alone,ADMINISTRATIVE_ANNUAL_STATISTICS_COUNT,REPRODUCED_OFFICIAL_ADMINISTRATIVE_CROSSTAB,NTA total net income is not F71561 equivalized disposable income; decile linkage still requires an explicit bridge assumption
1,70万円以下,,700000,False,miscellaneous,雑所得者,1725782,3422,952851,769509,0.00198286921523,0.552127093689,0.445890037096,4301396,16171,2137229,3422,0,NTA-R06,data/raw/nta/nta_fy2024_annual_statistics.pdf,18e26ad7d255a41d82d171d42478c76a36bae5cb8345c65fef717318db5bf529,"Table 2-2(1), printed pp.61-62 / PDF pages 71-72",62,72,6.1.1,50.0.1,"Table 2-2(1): persons who filed for 2024 or whose income-tax cases were processed (correction/determination etc.) by 2025-03-31, classified as of 2025-06-30",table22_population_persons is not the stage-1 NTA final-return numerator and is not restricted to voluntary final-return filings alone,ADMINISTRATIVE_ANNUAL_STATISTICS_COUNT,REPRODUCED_OFFICIAL_ADMINISTRATIVE_CROSSTAB,NTA total net income is not F71561 equivalized disposable income; decile linkage still requires an explicit bridge assumption
1,70万円以下,,700000,False,other,他の区分に該当しない所得者,213082,947,173386,38749,0.0044442984391,0.813705521818,0.181850179743,4301396,16171,2137229,947,0,NTA-R06,data/raw/nta/nta_fy2024_annual_statistics.pdf,18e26ad7d255a41d82d171d42478c76a36bae5cb8345c65fef717318db5bf529,"Table 2-2(1), printed pp.61-62 / PDF pages 71-72",62,72,6.1.1,50.0.1,"Table 2-2(1): persons who filed for 2024 or whose income-tax cases were processed (correction/determination etc.) by 2025-03-31, classified as of 2025-06-30",table22_population_persons is not the stage-1 NTA final-return numerator and is not restricted to voluntary final-return filings alone,ADMINISTRATIVE_ANNUAL_STATISTICS_COUNT,REPRODUCED_OFFICIAL_ADMINISTRATIVE_CROSSTAB,NTA total net income is not F71561 equivalized disposable income; decile linkage still requires an explicit bridge assumption
2,100万円,700000,1000000,False,business,事業所得者,277654,3468,89803,184383,0.012490365707,0.323434922602,0.664074711692,1255432,13549,756204,3468,0,NTA-R06,data/raw/nta/nta_fy2024_annual_statistics.pdf,18e26ad7d255a41d82d171d42478c76a36bae5cb8345c65fef717318db5bf529,"Table 2-2(1), printed pp.61-62 / PDF pages 71-72",61,71,6.1.1,50.0.1,"Table 2-2(1): persons who filed for 2024 or whose income-tax cases were processed (correction/determination etc.) by 2025-03-31, classified as of 2025-06-30",table22_population_persons is not the stage-1 NTA final-return numerator and is not restricted to voluntary final-return filings alone,ADMINISTRATIVE_ANNUAL_STATISTICS_COUNT,REPRODUCED_OFFICIAL_ADMINISTRATIVE_CROSSTAB,NTA total net income is not F71561 equivalized disposable income; decile linkage still requires an explicit bridge assumption
2,100万円,700000,1000000,False,real_estate,不動産所得者,102524,2477,16043,84004,0.0241601966369,0.15648043385,0.819359369513,1255432,13549,756204,2477,0,NTA-R06,data/raw/nta/nta_fy2024_annual_statistics.pdf,18e26ad7d255a41d82d171d42478c76a36bae5cb8345c65fef717318db5bf529,"Table 2-2(1), printed pp.61-62 / PDF pages 71-72",61,71,6.1.1,50.0.1,"Table 2-2(1): persons who filed for 2024 or whose income-tax cases were processed (correction/determination etc.) by 2025-03-31, classified as of 2025-06-30",table22_population_persons is not the stage-1 NTA final-return numerator and is not restricted to voluntary final-return filings alone,ADMINISTRATIVE_ANNUAL_STATISTICS_COUNT,REPRODUCED_OFFICIAL_ADMINISTRATIVE_CROSSTAB,NTA total net income is not F71561 equivalized disposable income; decile linkage still requires an explicit bridge assumption
2,100万円,700000,1000000,False,salary,給与所得者,371909,1169,260243,110497,0.00314324202964,0.69974913218,0.29710762579,1255432,13549,756204,1169,0,NTA-R06,data/raw/nta/nta_fy2024_annual_statistics.pdf,18e26ad7d255a41d82d171d42478c76a36bae5cb8345c65fef717318db5bf529,"Table 2-2(1), printed pp.61-62 / PDF pages 71-72",62,72,6.1.1,50.0.1,"Table 2-2(1): persons who filed for 2024 or whose income-tax cases were processed (correction/determination etc.) by 2025-03-31, classified as of 2025-06-30",table22_population_persons is not the stage-1 NTA final-return numerator and is not restricted to voluntary final-return filings alone,ADMINISTRATIVE_ANNUAL_STATISTICS_COUNT,REPRODUCED_OFFICIAL_ADMINISTRATIVE_CROSSTAB,NTA total net income is not F71561 equivalized disposable income; decile linkage still requires an explicit bridge assumption
2,100万円,700000,1000000,False,miscellaneous,雑所得者,468417,2633,367337,98447,0.0056210598676,0.784209369002,0.21016957113,1255432,13549,756204,2633,0,NTA-R06,data/raw/nta/nta_fy2024_annual_statistics.pdf,18e26ad7d255a41d82d171d42478c76a36bae5cb8345c65fef717318db5bf529,"Table 2-2(1), printed pp.61-62 / PDF pages 71-72",62,72,6.1.1,50.0.1,"Table 2-2(1): persons who filed for 2024 or whose income-tax cases were processed (correction/determination etc.) by 2025-03-31, classified as of 2025-06-30",table22_population_persons is not the stage-1 NTA final-return numerator and is not restricted to voluntary final-return filings alone,ADMINISTRATIVE_ANNUAL_STATISTICS_COUNT,REPRODUCED_OFFICIAL_ADMINISTRATIVE_CROSSTAB,NTA total net income is not F71561 equivalized disposable income; decile linkage still requires an explicit bridge assumption
2,100万円,700000,1000000,False,other,他の区分に該当しない所得者,34928,3802,22778,8348,0.108852496564,0.652141548328,0.239005955108,1255432,13549,756204,3802,0,NTA-R06,data/raw/nta/nta_fy2024_annual_statistics.pdf,18e26ad7d255a41d82d171d42478c76a36bae5cb8345c65fef717318db5bf529,"Table 2-2(1), printed pp.61-62 / PDF pages 71-72",62,72,6.1.1,50.0.1,"Table 2-2(1): persons who filed for 2024 or whose income-tax cases were processed (correction/determination etc.) by 2025-03-31, classified as of 2025-06-30",table22_population_persons is not the stage-1 NTA final-return numerator and is not restricted to voluntary final-return filings alone,ADMINISTRATIVE_ANNUAL_STATISTICS_COUNT,REPRODUCED_OFFICIAL_ADMINISTRATIVE_CROSSTAB,NTA total net income is not F71561 equivalized disposable income; decile linkage still requires an explicit bridge assumption
3,150万円,1000000,1500000,False,business,事業所得者,390029,46153,121382,222494,0.118332226578,0.311212755975,0.570455017447,2517909,128633,1716372,46153,0,NTA-R06,data/raw/nta/nta_fy2024_annual_statistics.pdf,18e26ad7d255a41d82d171d42478c76a36bae5cb8345c65fef717318db5bf529,"Table 2-2(1), printed pp.61-62 / PDF pages 71-72",61,71,6.1.1,50.0.1,"Table 2-2(1): persons who filed for 2024 or whose income-tax cases were processed (correction/determination etc.) by 2025-03-31, classified as of 2025-06-30",table22_population_persons is not the stage-1 NTA final-return numerator and is not restricted to voluntary final-return filings alone,ADMINISTRATIVE_ANNUAL_STATISTICS_COUNT,REPRODUCED_OFFICIAL_ADMINISTRATIVE_CROSSTAB,NTA total net income is not F71561 equivalized disposable income; decile linkage still requires an explicit bridge assumption
3,150万円,1000000,1500000,False,real_estate,不動産所得者,147621,19355,26903,101363,0.131112782057,0.182243718712,0.686643499231,2517909,128633,1716372,19355,0,NTA-R06,data/raw/nta/nta_fy2024_annual_statistics.pdf,18e26ad7d255a41d82d171d42478c76a36bae5cb8345c65fef717318db5bf529,"Table 2-2(1), printed pp.61-62 / PDF pages 71-72",61,71,6.1.1,50.0.1,"Table 2-2(1): persons who filed for 2024 or whose income-tax cases were processed (correction/determination etc.) by 2025-03-31, classified as of 2025-06-30",table22_population_persons is not the stage-1 NTA final-return numerator and is not restricted to voluntary final-return filings alone,ADMINISTRATIVE_ANNUAL_STATISTICS_COUNT,REPRODUCED_OFFICIAL_ADMINISTRATIVE_CROSSTAB,NTA total net income is not F71561 equivalized disposable income; decile linkage still requires an explicit bridge assumption
3,150万円,1000000,1500000,False,salary,給与所得者,811925,30051,574604,207270,0.0370120392893,0.707705761,0.255282199711,2517909,128633,1716372,30051,0,NTA-R06,data/raw/nta/nta_fy2024_annual_statistics.pdf,18e26ad7d255a41d82d171d42478c76a36bae5cb8345c65fef717318db5bf529,"Table 2-2(1), printed pp.61-62 / PDF pages 71-72",62,72,6.1.1,50.0.1,"Table 2-2(1): persons who filed for 2024 or whose income-tax cases were processed (correction/determination etc.) by 2025-03-31, classified as of 2025-06-30",table22_population_persons is not the stage-1 NTA final-return numerator and is not restricted to voluntary final-return filings alone,ADMINISTRATIVE_ANNUAL_STATISTICS_COUNT,REPRODUCED_OFFICIAL_ADMINISTRATIVE_CROSSTAB,NTA total net income is not F71561 equivalized disposable income; decile linkage still requires an explicit bridge assumption
3,150万円,1000000,1500000,False,miscellaneous,雑所得者,1124264,22297,966652,135315,0.0198325304377,0.859808728199,0.120358741363,2517909,128633,1716372,22297,0,NTA-R06,data/raw/nta/nta_fy2024_annual_statistics.pdf,18e26ad7d255a41d82d171d42478c76a36bae5cb8345c65fef717318db5bf529,"Table 2-2(1), printed pp.61-62 / PDF pages 71-72",62,72,6.1.1,50.0.1,"Table 2-2(1): persons who filed for 2024 or whose income-tax cases were processed (correction/determination etc.) by 2025-03-31, classified as of 2025-06-30",table22_population_persons is not the stage-1 NTA final-return numerator and is not restricted to voluntary final-return filings alone,ADMINISTRATIVE_ANNUAL_STATISTICS_COUNT,REPRODUCED_OFFICIAL_ADMINISTRATIVE_CROSSTAB,NTA total net income is not F71561 equivalized disposable income; decile linkage still requires an explicit bridge assumption
3,150万円,1000000,1500000,False,other,他の区分に該当しない所得者,44070,10777,26831,6462,0.244542772861,0.608826866349,0.14663036079,2517909,128633,1716372,10777,0,NTA-R06,data/raw/nta/nta_fy2024_annual_statistics.pdf,18e26ad7d255a41d82d171d42478c76a36bae5cb8345c65fef717318db5bf529,"Table 2-2(1), printed pp.61-62 / PDF pages 71-72",62,72,6.1.1,50.0.1,"Table 2-2(1): persons who filed for 2024 or whose income-tax cases were processed (correction/determination etc.) by 2025-03-31, classified as of 2025-06-30",table22_population_persons is not the stage-1 NTA final-return numerator and is not restricted to voluntary final-return filings alone,ADMINISTRATIVE_ANNUAL_STATISTICS_COUNT,REPRODUCED_OFFICIAL_ADMINISTRATIVE_CROSSTAB,NTA total net income is not F71561 equivalized disposable income; decile linkage still requires an explicit bridge assumption
4,200万円,1500000,2000000,False,business,事業所得者,323972,110751,88743,124478,0.341853616979,0.273921820404,0.384224562617,2454983,380979,1707058,110751,0,NTA-R06,data/raw/nta/nta_fy2024_annual_statistics.pdf,18e26ad7d255a41d82d171d42478c76a36bae5cb8345c65fef717318db5bf529,"Table 2-2(1), printed pp.61-62 / PDF pages 71-72",61,71,6.1.1,50.0.1,"Table 2-2(1): persons who filed for 2024 or whose income-tax cases were processed (correction/determination etc.) by 2025-03-31, classified as of 2025-06-30",table22_population_persons is not the stage-1 NTA final-return numerator and is not restricted to voluntary final-return filings alone,ADMINISTRATIVE_ANNUAL_STATISTICS_COUNT,REPRODUCED_OFFICIAL_ADMINISTRATIVE_CROSSTAB,NTA total net income is not F71561 equivalized disposable income; decile linkage still requires an explicit bridge assumption
4,200万円,1500000,2000000,False,real_estate,不動産所得者,125546,54540,22399,48607,0.43442244277,0.178412693355,0.387164863875,2454983,380979,1707058,54540,0,NTA-R06,data/raw/nta/nta_fy2024_annual_statistics.pdf,18e26ad7d255a41d82d171d42478c76a36bae5cb8345c65fef717318db5bf529,"Table 2-2(1), printed pp.61-62 / PDF pages 71-72",61,71,6.1.1,50.0.1,"Table 2-2(1): persons who filed for 2024 or whose income-tax cases were processed (correction/determination etc.) by 2025-03-31, classified as of 2025-06-30",table22_population_persons is not the stage-1 NTA final-return numerator and is not restricted to voluntary final-return filings alone,ADMINISTRATIVE_ANNUAL_STATISTICS_COUNT,REPRODUCED_OFFICIAL_ADMINISTRATIVE_CROSSTAB,NTA total net income is not F71561 equivalized disposable income; decile linkage still requires an explicit bridge assumption
4,200万円,1500000,2000000,False,salary,給与所得者,962520,130046,705165,127309,0.135109919794,0.732623737689,0.132266342518,2454983,380979,1707058,130046,0,NTA-R06,data/raw/nta/nta_fy2024_annual_statistics.pdf,18e26ad7d255a41d82d171d42478c76a36bae5cb8345c65fef717318db5bf529,"Table 2-2(1), printed pp.61-62 / PDF pages 71-72",62,72,6.1.1,50.0.1,"Table 2-2(1): persons who filed for 2024 or whose income-tax cases were processed (correction/determination etc.) by 2025-03-31, classified as of 2025-06-30",table22_population_persons is not the stage-1 NTA final-return numerator and is not restricted to voluntary final-return filings alone,ADMINISTRATIVE_ANNUAL_STATISTICS_COUNT,REPRODUCED_OFFICIAL_ADMINISTRATIVE_CROSSTAB,NTA total net income is not F71561 equivalized disposable income; decile linkage still requires an explicit bridge assumption
4,200万円,1500000,2000000,False,miscellaneous,雑所得者,1007576,72709,870852,64015,0.0721622984271,0.864304032649,0.0635336689242,2454983,380979,1707058,72709,0,NTA-R06,data/raw/nta/nta_fy2024_annual_statistics.pdf,18e26ad7d255a41d82d171d42478c76a36bae5cb8345c65fef717318db5bf529,"Table 2-2(1), printed pp.61-62 / PDF pages 71-72",62,72,6.1.1,50.0.1,"Table 2-2(1): persons who filed for 2024 or whose income-tax cases were processed (correction/determination etc.) by 2025-03-31, classified as of 2025-06-30",table22_population_persons is not the stage-1 NTA final-return numerator and is not restricted to voluntary final-return filings alone,ADMINISTRATIVE_ANNUAL_STATISTICS_COUNT,REPRODUCED_OFFICIAL_ADMINISTRATIVE_CROSSTAB,NTA total net income is not F71561 equivalized disposable income; decile linkage still requires an explicit bridge assumption
4,200万円,1500000,2000000,False,other,他の区分に該当しない所得者,35369,12933,19899,2537,0.365659193079,0.562611326303,0.0717294806186,2454983,380979,1707058,12933,0,NTA-R06,data/raw/nta/nta_fy2024_annual_statistics.pdf,18e26ad7d255a41d82d171d42478c76a36bae5cb8345c65fef717318db5bf529,"Table 2-2(1), printed pp.61-62 / PDF pages 71-72",62,72,6.1.1,50.0.1,"Table 2-2(1): persons who filed for 2024 or whose income-tax cases were processed (correction/determination etc.) by 2025-03-31, classified as of 2025-06-30",table22_population_persons is not the stage-1 NTA final-return numerator and is not restricted to voluntary final-return filings alone,ADMINISTRATIVE_ANNUAL_STATISTICS_COUNT,REPRODUCED_OFFICIAL_ADMINISTRATIVE_CROSSTAB,NTA total net income is not F71561 equivalized disposable income; decile linkage still requires an explicit bridge assumption
5,250万円,2000000,2500000,False,business,事業所得者,273679,116159,68482,89038,0.424435195978,0.250227456253,0.325337347769,1971281,434621,1252506,116159,0,NTA-R06,data/raw/nta/nta_fy2024_annual_statistics.pdf,18e26ad7d255a41d82d171d42478c76a36bae5cb8345c65fef717318db5bf529,"Table 2-2(1), printed pp.61-62 / PDF pages 71-72",61,71,6.1.1,50.0.1,"Table 2-2(1): persons who filed for 2024 or whose income-tax cases were processed (correction/determination etc.) by 2025-03-31, classified as of 2025-06-30",table22_population_persons is not the stage-1 NTA final-return numerator and is not restricted to voluntary final-return filings alone,ADMINISTRATIVE_ANNUAL_STATISTICS_COUNT,REPRODUCED_OFFICIAL_ADMINISTRATIVE_CROSSTAB,NTA total net income is not F71561 equivalized disposable income; decile linkage still requires an explicit bridge assumption
5,250万円,2000000,2500000,False,real_estate,不動産所得者,106274,60515,17804,27955,0.569424318272,0.16752921693,0.263046464799,1971281,434621,1252506,60515,0,NTA-R06,data/raw/nta/nta_fy2024_annual_statistics.pdf,18e26ad7d255a41d82d171d42478c76a36bae5cb8345c65fef717318db5bf529,"Table 2-2(1), printed pp.61-62 / PDF pages 71-72",61,71,6.1.1,50.0.1,"Table 2-2(1): persons who filed for 2024 or whose income-tax cases were processed (correction/determination etc.) by 2025-03-31, classified as of 2025-06-30",table22_population_persons is not the stage-1 NTA final-return numerator and is not restricted to voluntary final-return filings alone,ADMINISTRATIVE_ANNUAL_STATISTICS_COUNT,REPRODUCED_OFFICIAL_ADMINISTRATIVE_CROSSTAB,NTA total net income is not F71561 equivalized disposable income; decile linkage still requires an explicit bridge assumption
5,250万円,2000000,2500000,False,salary,給与所得者,960833,174464,647442,138927,0.181575778517,0.673834058572,0.144590162911,1971281,434621,1252506,174464,0,NTA-R06,data/raw/nta/nta_fy2024_annual_statistics.pdf,18e26ad7d255a41d82d171d42478c76a36bae5cb8345c65fef717318db5bf529,"Table 2-2(1), printed pp.61-62 / PDF pages 71-72",62,72,6.1.1,50.0.1,"Table 2-2(1): persons who filed for 2024 or whose income-tax cases were processed (correction/determination etc.) by 2025-03-31, classified as of 2025-06-30",table22_population_persons is not the stage-1 NTA final-return numerator and is not restricted to voluntary final-return filings alone,ADMINISTRATIVE_ANNUAL_STATISTICS_COUNT,REPRODUCED_OFFICIAL_ADMINISTRATIVE_CROSSTAB,NTA total net income is not F71561 equivalized disposable income; decile linkage still requires an explicit bridge assumption
5,250万円,2000000,2500000,False,miscellaneous,雑所得者,600217,71024,502419,26774,0.118330537122,0.837062262482,0.0446072003959,1971281,434621,1252506,71024,0,NTA-R06,data/raw/nta/nta_fy2024_annual_statistics.pdf,18e26ad7d255a41d82d171d42478c76a36bae5cb8345c65fef717318db5bf529,"Table 2-2(1), printed pp.61-62 / PDF pages 71-72",62,72,6.1.1,50.0.1,"Table 2-2(1): persons who filed for 2024 or whose income-tax cases were processed (correction/determination etc.) by 2025-03-31, classified as of 2025-06-30",table22_population_persons is not the stage-1 NTA final-return numerator and is not restricted to voluntary final-return filings alone,ADMINISTRATIVE_ANNUAL_STATISTICS_COUNT,REPRODUCED_OFFICIAL_ADMINISTRATIVE_CROSSTAB,NTA total net income is not F71561 equivalized disposable income; decile linkage still requires an explicit bridge assumption
5,250万円,2000000,2500000,False,other,他の区分に該当しない所得者,30278,12459,16359,1460,0.41148688817,0.540293282251,0.0482198295792,1971281,434621,1252506,12459,0,NTA-R06,data/raw/nta/nta_fy2024_annual_statistics.pdf,18e26ad7d255a41d82d171d42478c76a36bae5cb8345c65fef717318db5bf529,"Table 2-2(1), printed pp.61-62 / PDF pages 71-72",62,72,6.1.1,50.0.1,"Table 2-2(1): persons who filed for 2024 or whose income-tax cases were processed (correction/determination etc.) by 2025-03-31, classified as of 2025-06-30",table22_population_persons is not the stage-1 NTA final-return numerator and is not restricted to voluntary final-return filings alone,ADMINISTRATIVE_ANNUAL_STATISTICS_COUNT,REPRODUCED_OFFICIAL_ADMINISTRATIVE_CROSSTAB,NTA total net income is not F71561 equivalized disposable income; decile linkage still requires an explicit bridge assumption
6,300万円,2500000,3000000,False,business,事業所得者,230926,115841,53458,61627,0.501636888007,0.231494071694,0.266869040299,1538192,435915,896245,115841,0,NTA-R06,data/raw/nta/nta_fy2024_annual_statistics.pdf,18e26ad7d255a41d82d171d42478c76a36bae5cb8345c65fef717318db5bf529,"Table 2-2(1), printed pp.61-62 / PDF pages 71-72",61,71,6.1.1,50.0.1,"Table 2-2(1): persons who filed for 2024 or whose income-tax cases were processed (correction/determination etc.) by 2025-03-31, classified as of 2025-06-30",table22_population_persons is not the stage-1 NTA final-return numerator and is not restricted to voluntary final-return filings alone,ADMINISTRATIVE_ANNUAL_STATISTICS_COUNT,REPRODUCED_OFFICIAL_ADMINISTRATIVE_CROSSTAB,NTA total net income is not F71561 equivalized disposable income; decile linkage still requires an explicit bridge assumption
6,300万円,2500000,3000000,False,real_estate,不動産所得者,93002,63122,14191,15689,0.67871658674,0.152588116385,0.168695296875,1538192,435915,896245,63122,0,NTA-R06,data/raw/nta/nta_fy2024_annual_statistics.pdf,18e26ad7d255a41d82d171d42478c76a36bae5cb8345c65fef717318db5bf529,"Table 2-2(1), printed pp.61-62 / PDF pages 71-72",61,71,6.1.1,50.0.1,"Table 2-2(1): persons who filed for 2024 or whose income-tax cases were processed (correction/determination etc.) by 2025-03-31, classified as of 2025-06-30",table22_population_persons is not the stage-1 NTA final-return numerator and is not restricted to voluntary final-return filings alone,ADMINISTRATIVE_ANNUAL_STATISTICS_COUNT,REPRODUCED_OFFICIAL_ADMINISTRATIVE_CROSSTAB,NTA total net income is not F71561 equivalized disposable income; decile linkage still requires an explicit bridge assumption
6,300万円,2500000,3000000,False,salary,給与所得者,826696,181588,525707,119401,0.219655109012,0.63591332243,0.144431568557,1538192,435915,896245,181588,0,NTA-R06,data/raw/nta/nta_fy2024_annual_statistics.pdf,18e26ad7d255a41d82d171d42478c76a36bae5cb8345c65fef717318db5bf529,"Table 2-2(1), printed pp.61-62 / PDF pages 71-72",62,72,6.1.1,50.0.1,"Table 2-2(1): persons who filed for 2024 or whose income-tax cases were processed (correction/determination etc.) by 2025-03-31, classified as of 2025-06-30",table22_population_persons is not the stage-1 NTA final-return numerator and is not restricted to voluntary final-return filings alone,ADMINISTRATIVE_ANNUAL_STATISTICS_COUNT,REPRODUCED_OFFICIAL_ADMINISTRATIVE_CROSSTAB,NTA total net income is not F71561 equivalized disposable income; decile linkage still requires an explicit bridge assumption
6,300万円,2500000,3000000,False,miscellaneous,雑所得者,359397,62083,288773,8541,0.17274212083,0.80349307312,0.0237648060501,1538192,435915,896245,62083,0,NTA-R06,data/raw/nta/nta_fy2024_annual_statistics.pdf,18e26ad7d255a41d82d171d42478c76a36bae5cb8345c65fef717318db5bf529,"Table 2-2(1), printed pp.61-62 / PDF pages 71-72",62,72,6.1.1,50.0.1,"Table 2-2(1): persons who filed for 2024 or whose income-tax cases were processed (correction/determination etc.) by 2025-03-31, classified as of 2025-06-30",table22_population_persons is not the stage-1 NTA final-return numerator and is not restricted to voluntary final-return filings alone,ADMINISTRATIVE_ANNUAL_STATISTICS_COUNT,REPRODUCED_OFFICIAL_ADMINISTRATIVE_CROSSTAB,NTA total net income is not F71561 equivalized disposable income; decile linkage still requires an explicit bridge assumption
6,300万円,2500000,3000000,False,other,他の区分に該当しない所得者,28171,13281,14116,774,0.47144226332,0.501082673672,0.0274750630081,1538192,435915,896245,13281,0,NTA-R06,data/raw/nta/nta_fy2024_annual_statistics.pdf,18e26ad7d255a41d82d171d42478c76a36bae5cb8345c65fef717318db5bf529,"Table 2-2(1), printed pp.61-62 / PDF pages 71-72",62,72,6.1.1,50.0.1,"Table 2-2(1): persons who filed for 2024 or whose income-tax cases were processed (correction/determination etc.) by 2025-03-31, classified as of 2025-06-30",table22_population_persons is not the stage-1 NTA final-return numerator and is not restricted to voluntary final-return filings alone,ADMINISTRATIVE_ANNUAL_STATISTICS_COUNT,REPRODUCED_OFFICIAL_ADMINISTRATIVE_CROSSTAB,NTA total net income is not F71561 equivalized disposable income; decile linkage still requires an explicit bridge assumption
7,400万円,3000000,4000000,False,business,事業所得者,344088,199937,76079,68072,0.581063565135,0.221103322406,0.19783311246,2368737,800193,1305224,199937,0,NTA-R06,data/raw/nta/nta_fy2024_annual_statistics.pdf,18e26ad7d255a41d82d171d42478c76a36bae5cb8345c65fef717318db5bf529,"Table 2-2(1), printed pp.61-62 / PDF pages 71-72",61,71,6.1.1,50.0.1,"Table 2-2(1): persons who filed for 2024 or whose income-tax cases were processed (correction/determination etc.) by 2025-03-31, classified as of 2025-06-30",table22_population_persons is not the stage-1 NTA final-return numerator and is not restricted to voluntary final-return filings alone,ADMINISTRATIVE_ANNUAL_STATISTICS_COUNT,REPRODUCED_OFFICIAL_ADMINISTRATIVE_CROSSTAB,NTA total net income is not F71561 equivalized disposable income; decile linkage still requires an explicit bridge assumption
7,400万円,3000000,4000000,False,real_estate,不動産所得者,154304,124665,17466,12173,0.807918135628,0.113192140191,0.0788897241808,2368737,800193,1305224,124665,0,NTA-R06,data/raw/nta/nta_fy2024_annual_statistics.pdf,18e26ad7d255a41d82d171d42478c76a36bae5cb8345c65fef717318db5bf529,"Table 2-2(1), printed pp.61-62 / PDF pages 71-72",61,71,6.1.1,50.0.1,"Table 2-2(1): persons who filed for 2024 or whose income-tax cases were processed (correction/determination etc.) by 2025-03-31, classified as of 2025-06-30",table22_population_persons is not the stage-1 NTA final-return numerator and is not restricted to voluntary final-return filings alone,ADMINISTRATIVE_ANNUAL_STATISTICS_COUNT,REPRODUCED_OFFICIAL_ADMINISTRATIVE_CROSSTAB,NTA total net income is not F71561 equivalized disposable income; decile linkage still requires an explicit bridge assumption
7,400万円,3000000,4000000,False,salary,給与所得者,1487654,368173,941265,178216,0.247485638462,0.632717688387,0.119796673151,2368737,800193,1305224,368173,0,NTA-R06,data/raw/nta/nta_fy2024_annual_statistics.pdf,18e26ad7d255a41d82d171d42478c76a36bae5cb8345c65fef717318db5bf529,"Table 2-2(1), printed pp.61-62 / PDF pages 71-72",62,72,6.1.1,50.0.1,"Table 2-2(1): persons who filed for 2024 or whose income-tax cases were processed (correction/determination etc.) by 2025-03-31, classified as of 2025-06-30",table22_population_persons is not the stage-1 NTA final-return numerator and is not restricted to voluntary final-return filings alone,ADMINISTRATIVE_ANNUAL_STATISTICS_COUNT,REPRODUCED_OFFICIAL_ADMINISTRATIVE_CROSSTAB,NTA total net income is not F71561 equivalized disposable income; decile linkage still requires an explicit bridge assumption
7,400万円,3000000,4000000,False,miscellaneous,雑所得者,333113,82463,246576,4074,0.24755263229,0.740217283624,0.0122300840856,2368737,800193,1305224,82463,0,NTA-R06,data/raw/nta/nta_fy2024_annual_statistics.pdf,18e26ad7d255a41d82d171d42478c76a36bae5cb8345c65fef717318db5bf529,"Table 2-2(1), printed pp.61-62 / PDF pages 71-72",62,72,6.1.1,50.0.1,"Table 2-2(1): persons who filed for 2024 or whose income-tax cases were processed (correction/determination etc.) by 2025-03-31, classified as of 2025-06-30",table22_population_persons is not the stage-1 NTA final-return numerator and is not restricted to voluntary final-return filings alone,ADMINISTRATIVE_ANNUAL_STATISTICS_COUNT,REPRODUCED_OFFICIAL_ADMINISTRATIVE_CROSSTAB,NTA total net income is not F71561 equivalized disposable income; decile linkage still requires an explicit bridge assumption
7,400万円,3000000,4000000,False,other,他の区分に該当しない所得者,49578,24955,23838,785,0.503348259309,0.480818104805,0.0158336358869,2368737,800193,1305224,24955,0,NTA-R06,data/raw/nta/nta_fy2024_annual_statistics.pdf,18e26ad7d255a41d82d171d42478c76a36bae5cb8345c65fef717318db5bf529,"Table 2-2(1), printed pp.61-62 / PDF pages 71-72",62,72,6.1.1,50.0.1,"Table 2-2(1): persons who filed for 2024 or whose income-tax cases were processed (correction/determination etc.) by 2025-03-31, classified as of 2025-06-30",table22_population_persons is not the stage-1 NTA final-return numerator and is not restricted to voluntary final-return filings alone,ADMINISTRATIVE_ANNUAL_STATISTICS_COUNT,REPRODUCED_OFFICIAL_ADMINISTRATIVE_CROSSTAB,NTA total net income is not F71561 equivalized disposable income; decile linkage still requires an explicit bridge assumption
8,500万円,4000000,5000000,False,business,事業所得者,224236,146140,49504,28592,0.651724076419,0.220767405769,0.127508517812,1667488,601798,921432,146140,0,NTA-R06,data/raw/nta/nta_fy2024_annual_statistics.pdf,18e26ad7d255a41d82d171d42478c76a36bae5cb8345c65fef717318db5bf529,"Table 2-2(1), printed pp.61-62 / PDF pages 71-72",61,71,6.1.1,50.0.1,"Table 2-2(1): persons who filed for 2024 or whose income-tax cases were processed (correction/determination etc.) by 2025-03-31, classified as of 2025-06-30",table22_population_persons is not the stage-1 NTA final-return numerator and is not restricted to voluntary final-return filings alone,ADMINISTRATIVE_ANNUAL_STATISTICS_COUNT,REPRODUCED_OFFICIAL_ADMINISTRATIVE_CROSSTAB,NTA total net income is not F71561 equivalized disposable income; decile linkage still requires an explicit bridge assumption
8,500万円,4000000,5000000,False,real_estate,不動産所得者,116059,104065,8385,3609,0.896656011167,0.0722477360653,0.031096252768,1667488,601798,921432,104065,0,NTA-R06,data/raw/nta/nta_fy2024_annual_statistics.pdf,18e26ad7d255a41d82d171d42478c76a36bae5cb8345c65fef717318db5bf529,"Table 2-2(1), printed pp.61-62 / PDF pages 71-72",61,71,6.1.1,50.0.1,"Table 2-2(1): persons who filed for 2024 or whose income-tax cases were processed (correction/determination etc.) by 2025-03-31, classified as of 2025-06-30",table22_population_persons is not the stage-1 NTA final-return numerator and is not restricted to voluntary final-return filings alone,ADMINISTRATIVE_ANNUAL_STATISTICS_COUNT,REPRODUCED_OFFICIAL_ADMINISTRATIVE_CROSSTAB,NTA total net income is not F71561 equivalized disposable income; decile linkage still requires an explicit bridge assumption
8,500万円,4000000,5000000,False,salary,給与所得者,1175007,291420,772697,110890,0.248015543737,0.657610550405,0.0943739058576,1667488,601798,921432,291420,0,NTA-R06,data/raw/nta/nta_fy2024_annual_statistics.pdf,18e26ad7d255a41d82d171d42478c76a36bae5cb8345c65fef717318db5bf529,"Table 2-2(1), printed pp.61-62 / PDF pages 71-72",62,72,6.1.1,50.0.1,"Table 2-2(1): persons who filed for 2024 or whose income-tax cases were processed (correction/determination etc.) by 2025-03-31, classified as of 2025-06-30",table22_population_persons is not the stage-1 NTA final-return numerator and is not restricted to voluntary final-return filings alone,ADMINISTRATIVE_ANNUAL_STATISTICS_COUNT,REPRODUCED_OFFICIAL_ADMINISTRATIVE_CROSSTAB,NTA total net income is not F71561 equivalized disposable income; decile linkage still requires an explicit bridge assumption
8,500万円,4000000,5000000,False,miscellaneous,雑所得者,110254,36782,72652,820,0.333611478949,0.658951149165,0.00743737188673,1667488,601798,921432,36782,0,NTA-R06,data/raw/nta/nta_fy2024_annual_statistics.pdf,18e26ad7d255a41d82d171d42478c76a36bae5cb8345c65fef717318db5bf529,"Table 2-2(1), printed pp.61-62 / PDF pages 71-72",62,72,6.1.1,50.0.1,"Table 2-2(1): persons who filed for 2024 or whose income-tax cases were processed (correction/determination etc.) by 2025-03-31, classified as of 2025-06-30",table22_population_persons is not the stage-1 NTA final-return numerator and is not restricted to voluntary final-return filings alone,ADMINISTRATIVE_ANNUAL_STATISTICS_COUNT,REPRODUCED_OFFICIAL_ADMINISTRATIVE_CROSSTAB,NTA total net income is not F71561 equivalized disposable income; decile linkage still requires an explicit bridge assumption
8,500万円,4000000,5000000,False,other,他の区分に該当しない所得者,41932,23391,18194,347,0.557831727559,0.43389296957,0.00827530287132,1667488,601798,921432,23391,0,NTA-R06,data/raw/nta/nta_fy2024_annual_statistics.pdf,18e26ad7d255a41d82d171d42478c76a36bae5cb8345c65fef717318db5bf529,"Table 2-2(1), printed pp.61-62 / PDF pages 71-72",62,72,6.1.1,50.0.1,"Table 2-2(1): persons who filed for 2024 or whose income-tax cases were processed (correction/determination etc.) by 2025-03-31, classified as of 2025-06-30",table22_population_persons is not the stage-1 NTA final-return numerator and is not restricted to voluntary final-return filings alone,ADMINISTRATIVE_ANNUAL_STATISTICS_COUNT,REPRODUCED_OFFICIAL_ADMINISTRATIVE_CROSSTAB,NTA total net income is not F71561 equivalized disposable income; decile linkage still requires an explicit bridge assumption
9,600万円,5000000,6000000,False,business,事業所得者,145195,102885,32387,9923,0.70859878095,0.22305864527,0.0683425737801,1156539,424983,664413,102885,0,NTA-R06,data/raw/nta/nta_fy2024_annual_statistics.pdf,18e26ad7d255a41d82d171d42478c76a36bae5cb8345c65fef717318db5bf529,"Table 2-2(1), printed pp.61-62 / PDF pages 71-72",61,71,6.1.1,50.0.1,"Table 2-2(1): persons who filed for 2024 or whose income-tax cases were processed (correction/determination etc.) by 2025-03-31, classified as of 2025-06-30",table22_population_persons is not the stage-1 NTA final-return numerator and is not restricted to voluntary final-return filings alone,ADMINISTRATIVE_ANNUAL_STATISTICS_COUNT,REPRODUCED_OFFICIAL_ADMINISTRATIVE_CROSSTAB,NTA total net income is not F71561 equivalized disposable income; decile linkage still requires an explicit bridge assumption
9,600万円,5000000,6000000,False,real_estate,不動産所得者,84032,79335,3623,1074,0.944104626809,0.0431145277989,0.0127808453922,1156539,424983,664413,79335,0,NTA-R06,data/raw/nta/nta_fy2024_annual_statistics.pdf,18e26ad7d255a41d82d171d42478c76a36bae5cb8345c65fef717318db5bf529,"Table 2-2(1), printed pp.61-62 / PDF pages 71-72",61,71,6.1.1,50.0.1,"Table 2-2(1): persons who filed for 2024 or whose income-tax cases were processed (correction/determination etc.) by 2025-03-31, classified as of 2025-06-30",table22_population_persons is not the stage-1 NTA final-return numerator and is not restricted to voluntary final-return filings alone,ADMINISTRATIVE_ANNUAL_STATISTICS_COUNT,REPRODUCED_OFFICIAL_ADMINISTRATIVE_CROSSTAB,NTA total net income is not F71561 equivalized disposable income; decile linkage still requires an explicit bridge assumption
9,600万円,5000000,6000000,False,salary,給与所得者,853182,202813,594653,55716,0.237713641404,0.696982589881,0.0653037687152,1156539,424983,664413,202813,0,NTA-R06,data/raw/nta/nta_fy2024_annual_statistics.pdf,18e26ad7d255a41d82d171d42478c76a36bae5cb8345c65fef717318db5bf529,"Table 2-2(1), printed pp.61-62 / PDF pages 71-72",62,72,6.1.1,50.0.1,"Table 2-2(1): persons who filed for 2024 or whose income-tax cases were processed (correction/determination etc.) by 2025-03-31, classified as of 2025-06-30",table22_population_persons is not the stage-1 NTA final-return numerator and is not restricted to voluntary final-return filings alone,ADMINISTRATIVE_ANNUAL_STATISTICS_COUNT,REPRODUCED_OFFICIAL_ADMINISTRATIVE_CROSSTAB,NTA total net income is not F71561 equivalized disposable income; decile linkage still requires an explicit bridge assumption
9,600万円,5000000,6000000,False,miscellaneous,雑所得者,39708,19374,20073,261,0.487911755817,0.505515261408,0.00657298277425,1156539,424983,664413,19374,0,NTA-R06,data/raw/nta/nta_fy2024_annual_statistics.pdf,18e26ad7d255a41d82d171d42478c76a36bae5cb8345c65fef717318db5bf529,"Table 2-2(1), printed pp.61-62 / PDF pages 71-72",62,72,6.1.1,50.0.1,"Table 2-2(1): persons who filed for 2024 or whose income-tax cases were processed (correction/determination etc.) by 2025-03-31, classified as of 2025-06-30",table22_population_persons is not the stage-1 NTA final-return numerator and is not restricted to voluntary final-return filings alone,ADMINISTRATIVE_ANNUAL_STATISTICS_COUNT,REPRODUCED_OFFICIAL_ADMINISTRATIVE_CROSSTAB,NTA total net income is not F71561 equivalized disposable income; decile linkage still requires an explicit bridge assumption
9,600万円,5000000,6000000,False,other,他の区分に該当しない所得者,34422,20576,13677,169,0.597757248271,0.397333100924,0.00490965080472,1156539,424983,664413,20576,0,NTA-R06,data/raw/nta/nta_fy2024_annual_statistics.pdf,18e26ad7d255a41d82d171d42478c76a36bae5cb8345c65fef717318db5bf529,"Table 2-2(1), printed pp.61-62 / PDF pages 71-72",62,72,6.1.1,50.0.1,"Table 2-2(1): persons who filed for 2024 or whose income-tax cases were processed (correction/determination etc.) by 2025-03-31, classified as of 2025-06-30",table22_population_persons is not the stage-1 NTA final-return numerator and is not restricted to voluntary final-return filings alone,ADMINISTRATIVE_ANNUAL_STATISTICS_COUNT,REPRODUCED_OFFICIAL_ADMINISTRATIVE_CROSSTAB,NTA total net income is not F71561 equivalized disposable income; decile linkage still requires an explicit bridge assumption
10,700万円,6000000,7000000,False,business,事業所得者,97781,72538,22600,2643,0.741841462043,0.231128746894,0.0270297910637,853429,319109,510928,72538,0,NTA-R06,data/raw/nta/nta_fy2024_annual_statistics.pdf,18e26ad7d255a41d82d171d42478c76a36bae5cb8345c65fef717318db5bf529,"Table 2-2(1), printed pp.61-62 / PDF pages 71-72",61,71,6.1.1,50.0.1,"Table 2-2(1): persons who filed for 2024 or whose income-tax cases were processed (correction/determination etc.) by 2025-03-31, classified as of 2025-06-30",table22_population_persons is not the stage-1 NTA final-return numerator and is not restricted to voluntary final-return filings alone,ADMINISTRATIVE_ANNUAL_STATISTICS_COUNT,REPRODUCED_OFFICIAL_ADMINISTRATIVE_CROSSTAB,NTA total net income is not F71561 equivalized disposable income; decile linkage still requires an explicit bridge assumption
10,700万円,6000000,7000000,False,real_estate,不動産所得者,62051,60129,1622,300,0.969025479041,0.0261397882387,0.00483473271986,853429,319109,510928,60129,0,NTA-R06,data/raw/nta/nta_fy2024_annual_statistics.pdf,18e26ad7d255a41d82d171d42478c76a36bae5cb8345c65fef717318db5bf529,"Table 2-2(1), printed pp.61-62 / PDF pages 71-72",61,71,6.1.1,50.0.1,"Table 2-2(1): persons who filed for 2024 or whose income-tax cases were processed (correction/determination etc.) by 2025-03-31, classified as of 2025-06-30",table22_population_persons is not the stage-1 NTA final-return numerator and is not restricted to voluntary final-return filings alone,ADMINISTRATIVE_ANNUAL_STATISTICS_COUNT,REPRODUCED_OFFICIAL_ADMINISTRATIVE_CROSSTAB,NTA total net income is not F71561 equivalized disposable income; decile linkage still requires an explicit bridge assumption
10,700万円,6000000,7000000,False,salary,給与所得者,646209,156337,469620,20252,0.241929468639,0.726730825476,0.0313397058846,853429,319109,510928,156337,0,NTA-R06,data/raw/nta/nta_fy2024_annual_statistics.pdf,18e26ad7d255a41d82d171d42478c76a36bae5cb8345c65fef717318db5bf529,"Table 2-2(1), printed pp.61-62 / PDF pages 71-72",62,72,6.1.1,50.0.1,"Table 2-2(1): persons who filed for 2024 or whose income-tax cases were processed (correction/determination etc.) by 2025-03-31, classified as of 2025-06-30",table22_population_persons is not the stage-1 NTA final-return numerator and is not restricted to voluntary final-return filings alone,ADMINISTRATIVE_ANNUAL_STATISTICS_COUNT,REPRODUCED_OFFICIAL_ADMINISTRATIVE_CROSSTAB,NTA total net income is not F71561 equivalized disposable income; decile linkage still requires an explicit bridge assumption
10,700万円,6000000,7000000,False,miscellaneous,雑所得者,17476,10998,6386,92,0.629320210575,0.365415426871,0.00526436255436,853429,319109,510928,10998,0,NTA-R06,data/raw/nta/nta_fy2024_annual_statistics.pdf,18e26ad7d255a41d82d171d42478c76a36bae5cb8345c65fef717318db5bf529,"Table 2-2(1), printed pp.61-62 / PDF pages 71-72",62,72,6.1.1,50.0.1,"Table 2-2(1): persons who filed for 2024 or whose income-tax cases were processed (correction/determination etc.) by 2025-03-31, classified as of 2025-06-30",table22_population_persons is not the stage-1 NTA final-return numerator and is not restricted to voluntary final-return filings alone,ADMINISTRATIVE_ANNUAL_STATISTICS_COUNT,REPRODUCED_OFFICIAL_ADMINISTRATIVE_CROSSTAB,NTA total net income is not F71561 equivalized disposable income; decile linkage still requires an explicit bridge assumption
10,700万円,6000000,7000000,False,other,他の区分に該当しない所得者,29912,19107,10700,105,0.638773736293,0.357715966836,0.00351029687082,853429,319109,510928,19107,0,NTA-R06,data/raw/nta/nta_fy2024_annual_statistics.pdf,18e26ad7d255a41d82d171d42478c76a36bae5cb8345c65fef717318db5bf529,"Table 2-2(1), printed pp.61-62 / PDF pages 71-72",62,72,6.1.1,50.0.1,"Table 2-2(1): persons who filed for 2024 or whose income-tax cases were processed (correction/determination etc.) by 2025-03-31, classified as of 2025-06-30",table22_population_persons is not the stage-1 NTA final-return numerator and is not restricted to voluntary final-return filings alone,ADMINISTRATIVE_ANNUAL_STATISTICS_COUNT,REPRODUCED_OFFICIAL_ADMINISTRATIVE_CROSSTAB,NTA total net income is not F71561 equivalized disposable income; decile linkage still requires an explicit bridge assumption
11,800万円,7000000,8000000,False,business,事業所得者,67219,50769,15857,593,0.7552775257,0.235900563829,0.00882191047174,613418,238971,368077,50769,0,NTA-R06,data/raw/nta/nta_fy2024_annual_statistics.pdf,18e26ad7d255a41d82d171d42478c76a36bae5cb8345c65fef717318db5bf529,"Table 2-2(1), printed pp.61-62 / PDF pages 71-72",61,71,6.1.1,50.0.1,"Table 2-2(1): persons who filed for 2024 or whose income-tax cases were processed (correction/determination etc.) by 2025-03-31, classified as of 2025-06-30",table22_population_persons is not the stage-1 NTA final-return numerator and is not restricted to voluntary final-return filings alone,ADMINISTRATIVE_ANNUAL_STATISTICS_COUNT,REPRODUCED_OFFICIAL_ADMINISTRATIVE_CROSSTAB,NTA total net income is not F71561 equivalized disposable income; decile linkage still requires an explicit bridge assumption
11,800万円,7000000,8000000,False,real_estate,不動産所得者,46943,45986,858,99,0.979613573909,0.0182774854611,0.00210894063013,613418,238971,368077,45986,0,NTA-R06,data/raw/nta/nta_fy2024_annual_statistics.pdf,18e26ad7d255a41d82d171d42478c76a36bae5cb8345c65fef717318db5bf529,"Table 2-2(1), printed pp.61-62 / PDF pages 71-72",61,71,6.1.1,50.0.1,"Table 2-2(1): persons who filed for 2024 or whose income-tax cases were processed (correction/determination etc.) by 2025-03-31, classified as of 2025-06-30",table22_population_persons is not the stage-1 NTA final-return numerator and is not restricted to voluntary final-return filings alone,ADMINISTRATIVE_ANNUAL_STATISTICS_COUNT,REPRODUCED_OFFICIAL_ADMINISTRATIVE_CROSSTAB,NTA total net income is not F71561 equivalized disposable income; decile linkage still requires an explicit bridge assumption
11,800万円,7000000,8000000,False,salary,給与所得者,465292,119598,340130,5564,0.25703859082,0.731003326943,0.0119580822365,613418,238971,368077,119598,0,NTA-R06,data/raw/nta/nta_fy2024_annual_statistics.pdf,18e26ad7d255a41d82d171d42478c76a36bae5cb8345c65fef717318db5bf529,"Table 2-2(1), printed pp.61-62 / PDF pages 71-72",62,72,6.1.1,50.0.1,"Table 2-2(1): persons who filed for 2024 or whose income-tax cases were processed (correction/determination etc.) by 2025-03-31, classified as of 2025-06-30",table22_population_persons is not the stage-1 NTA final-return numerator and is not restricted to voluntary final-return filings alone,ADMINISTRATIVE_ANNUAL_STATISTICS_COUNT,REPRODUCED_OFFICIAL_ADMINISTRATIVE_CROSSTAB,NTA total net income is not F71561 equivalized disposable income; decile linkage still requires an explicit bridge assumption
11,800万円,7000000,8000000,False,miscellaneous,雑所得者,8985,6285,2651,49,0.699499165275,0.295047301057,0.00545353366722,613418,238971,368077,6285,0,NTA-R06,data/raw/nta/nta_fy2024_annual_statistics.pdf,18e26ad7d255a41d82d171d42478c76a36bae5cb8345c65fef717318db5bf529,"Table 2-2(1), printed pp.61-62 / PDF pages 71-72",62,72,6.1.1,50.0.1,"Table 2-2(1): persons who filed for 2024 or whose income-tax cases were processed (correction/determination etc.) by 2025-03-31, classified as of 2025-06-30",table22_population_persons is not the stage-1 NTA final-return numerator and is not restricted to voluntary final-return filings alone,ADMINISTRATIVE_ANNUAL_STATISTICS_COUNT,REPRODUCED_OFFICIAL_ADMINISTRATIVE_CROSSTAB,NTA total net income is not F71561 equivalized disposable income; decile linkage still requires an explicit bridge assumption
11,800万円,7000000,8000000,False,other,他の区分に該当しない所得者,24979,16333,8581,65,0.65386925017,0.343528563994,0.0026021858361,613418,238971,368077,16333,0,NTA-R06,data/raw/nta/nta_fy2024_annual_statistics.pdf,18e26ad7d255a41d82d171d42478c76a36bae5cb8345c65fef717318db5bf529,"Table 2-2(1), printed pp.61-62 / PDF pages 71-72",62,72,6.1.1,50.0.1,"Table 2-2(1): persons who filed for 2024 or whose income-tax cases were processed (correction/determination etc.) by 2025-03-31, classified as of 2025-06-30",table22_population_persons is not the stage-1 NTA final-return numerator and is not restricted to voluntary final-return filings alone,ADMINISTRATIVE_ANNUAL_STATISTICS_COUNT,REPRODUCED_OFFICIAL_ADMINISTRATIVE_CROSSTAB,NTA total net income is not F71561 equivalized disposable income; decile linkage still requires an explicit bridge assumption
12,"1,000万円",8000000,10000000,False,business,事業所得者,83971,62406,21321,244,0.743185147253,0.253909087661,0.00290576508557,782938,323480,455442,62406,0,NTA-R06,data/raw/nta/nta_fy2024_annual_statistics.pdf,18e26ad7d255a41d82d171d42478c76a36bae5cb8345c65fef717318db5bf529,"Table 2-2(1), printed pp.61-62 / PDF pages 71-72",61,71,6.1.1,50.0.1,"Table 2-2(1): persons who filed for 2024 or whose income-tax cases were processed (correction/determination etc.) by 2025-03-31, classified as of 2025-06-30",table22_population_persons is not the stage-1 NTA final-return numerator and is not restricted to voluntary final-return filings alone,ADMINISTRATIVE_ANNUAL_STATISTICS_COUNT,REPRODUCED_OFFICIAL_ADMINISTRATIVE_CROSSTAB,NTA total net income is not F71561 equivalized disposable income; decile linkage still requires an explicit bridge assumption
12,"1,000万円",8000000,10000000,False,real_estate,不動産所得者,62901,62030,811,60,0.986152843357,0.0128932767365,0.00095387990652,782938,323480,455442,62030,0,NTA-R06,data/raw/nta/nta_fy2024_annual_statistics.pdf,18e26ad7d255a41d82d171d42478c76a36bae5cb8345c65fef717318db5bf529,"Table 2-2(1), printed pp.61-62 / PDF pages 71-72",61,71,6.1.1,50.0.1,"Table 2-2(1): persons who filed for 2024 or whose income-tax cases were processed (correction/determination etc.) by 2025-03-31, classified as of 2025-06-30",table22_population_persons is not the stage-1 NTA final-return numerator and is not restricted to voluntary final-return filings alone,ADMINISTRATIVE_ANNUAL_STATISTICS_COUNT,REPRODUCED_OFFICIAL_ADMINISTRATIVE_CROSSTAB,NTA total net income is not F71561 equivalized disposable income; decile linkage still requires an explicit bridge assumption
12,"1,000万円",8000000,10000000,False,salary,給与所得者,588063,165535,418984,3544,0.281491948992,0.712481485827,0.00602656518094,782938,323480,455442,165535,0,NTA-R06,data/raw/nta/nta_fy2024_annual_statistics.pdf,18e26ad7d255a41d82d171d42478c76a36bae5cb8345c65fef717318db5bf529,"Table 2-2(1), printed pp.61-62 / PDF pages 71-72",62,72,6.1.1,50.0.1,"Table 2-2(1): persons who filed for 2024 or whose income-tax cases were processed (correction/determination etc.) by 2025-03-31, classified as of 2025-06-30",table22_population_persons is not the stage-1 NTA final-return numerator and is not restricted to voluntary final-return filings alone,ADMINISTRATIVE_ANNUAL_STATISTICS_COUNT,REPRODUCED_OFFICIAL_ADMINISTRATIVE_CROSSTAB,NTA total net income is not F71561 equivalized disposable income; decile linkage still requires an explicit bridge assumption
12,"1,000万円",8000000,10000000,False,miscellaneous,雑所得者,8789,6800,1941,48,0.773694390716,0.220844237115,0.00546137216976,782938,323480,455442,6800,0,NTA-R06,data/raw/nta/nta_fy2024_annual_statistics.pdf,18e26ad7d255a41d82d171d42478c76a36bae5cb8345c65fef717318db5bf529,"Table 2-2(1), printed pp.61-62 / PDF pages 71-72",62,72,6.1.1,50.0.1,"Table 2-2(1): persons who filed for 2024 or whose income-tax cases were processed (correction/determination etc.) by 2025-03-31, classified as of 2025-06-30",table22_population_persons is not the stage-1 NTA final-return numerator and is not restricted to voluntary final-return filings alone,ADMINISTRATIVE_ANNUAL_STATISTICS_COUNT,REPRODUCED_OFFICIAL_ADMINISTRATIVE_CROSSTAB,NTA total net income is not F71561 equivalized disposable income; decile linkage still requires an explicit bridge assumption
12,"1,000万円",8000000,10000000,False,other,他の区分に該当しない所得者,39214,26709,12385,120,0.681108787678,0.315831080736,0.00306013158566,782938,323480,455442,26709,0,NTA-R06,data/raw/nta/nta_fy2024_annual_statistics.pdf,18e26ad7d255a41d82d171d42478c76a36bae5cb8345c65fef717318db5bf529,"Table 2-2(1), printed pp.61-62 / PDF pages 71-72",62,72,6.1.1,50.0.1,"Table 2-2(1): persons who filed for 2024 or whose income-tax cases were processed (correction/determination etc.) by 2025-03-31, classified as of 2025-06-30",table22_population_persons is not the stage-1 NTA final-return numerator and is not restricted to voluntary final-return filings alone,ADMINISTRATIVE_ANNUAL_STATISTICS_COUNT,REPRODUCED_OFFICIAL_ADMINISTRATIVE_CROSSTAB,NTA total net income is not F71561 equivalized disposable income; decile linkage still requires an explicit bridge assumption
13,"1,200万円",10000000,12000000,False,business,事業所得者,46232,34052,12118,62,0.736546115245,0.262112822288,0.00134106246755,476437,207558,267079,34052,0,NTA-R06,data/raw/nta/nta_fy2024_annual_statistics.pdf,18e26ad7d255a41d82d171d42478c76a36bae5cb8345c65fef717318db5bf529,"Table 2-2(1), printed pp.61-62 / PDF pages 71-72",61,71,6.1.1,50.0.1,"Table 2-2(1): persons who filed for 2024 or whose income-tax cases were processed (correction/determination etc.) by 2025-03-31, classified as of 2025-06-30",table22_population_persons is not the stage-1 NTA final-return numerator and is not restricted to voluntary final-return filings alone,ADMINISTRATIVE_ANNUAL_STATISTICS_COUNT,REPRODUCED_OFFICIAL_ADMINISTRATIVE_CROSSTAB,NTA total net income is not F71561 equivalized disposable income; decile linkage still requires an explicit bridge assumption
13,"1,200万円",10000000,12000000,False,real_estate,不動産所得者,36596,36293,285,18,0.991720406602,0.00778773636463,0.000491857033556,476437,207558,267079,36293,0,NTA-R06,data/raw/nta/nta_fy2024_annual_statistics.pdf,18e26ad7d255a41d82d171d42478c76a36bae5cb8345c65fef717318db5bf529,"Table 2-2(1), printed pp.61-62 / PDF pages 71-72",61,71,6.1.1,50.0.1,"Table 2-2(1): persons who filed for 2024 or whose income-tax cases were processed (correction/determination etc.) by 2025-03-31, classified as of 2025-06-30",table22_population_persons is not the stage-1 NTA final-return numerator and is not restricted to voluntary final-return filings alone,ADMINISTRATIVE_ANNUAL_STATISTICS_COUNT,REPRODUCED_OFFICIAL_ADMINISTRATIVE_CROSSTAB,NTA total net income is not F71561 equivalized disposable income; decile linkage still requires an explicit bridge assumption
13,"1,200万円",10000000,12000000,False,salary,給与所得者,360480,112639,246227,1614,0.312469485131,0.683053151354,0.00447736351531,476437,207558,267079,112639,0,NTA-R06,data/raw/nta/nta_fy2024_annual_statistics.pdf,18e26ad7d255a41d82d171d42478c76a36bae5cb8345c65fef717318db5bf529,"Table 2-2(1), printed pp.61-62 / PDF pages 71-72",62,72,6.1.1,50.0.1,"Table 2-2(1): persons who filed for 2024 or whose income-tax cases were processed (correction/determination etc.) by 2025-03-31, classified as of 2025-06-30",table22_population_persons is not the stage-1 NTA final-return numerator and is not restricted to voluntary final-return filings alone,ADMINISTRATIVE_ANNUAL_STATISTICS_COUNT,REPRODUCED_OFFICIAL_ADMINISTRATIVE_CROSSTAB,NTA total net income is not F71561 equivalized disposable income; decile linkage still requires an explicit bridge assumption
13,"1,200万円",10000000,12000000,False,miscellaneous,雑所得者,4115,3468,619,28,0.842770352369,0.15042527339,0.00680437424058,476437,207558,267079,3468,0,NTA-R06,data/raw/nta/nta_fy2024_annual_statistics.pdf,18e26ad7d255a41d82d171d42478c76a36bae5cb8345c65fef717318db5bf529,"Table 2-2(1), printed pp.61-62 / PDF pages 71-72",62,72,6.1.1,50.0.1,"Table 2-2(1): persons who filed for 2024 or whose income-tax cases were processed (correction/determination etc.) by 2025-03-31, classified as of 2025-06-30",table22_population_persons is not the stage-1 NTA final-return numerator and is not restricted to voluntary final-return filings alone,ADMINISTRATIVE_ANNUAL_STATISTICS_COUNT,REPRODUCED_OFFICIAL_ADMINISTRATIVE_CROSSTAB,NTA total net income is not F71561 equivalized disposable income; decile linkage still requires an explicit bridge assumption
13,"1,200万円",10000000,12000000,False,other,他の区分に該当しない所得者,29014,21106,7830,78,0.727441924588,0.269869718067,0.00268835734473,476437,207558,267079,21106,0,NTA-R06,data/raw/nta/nta_fy2024_annual_statistics.pdf,18e26ad7d255a41d82d171d42478c76a36bae5cb8345c65fef717318db5bf529,"Table 2-2(1), printed pp.61-62 / PDF pages 71-72",62,72,6.1.1,50.0.1,"Table 2-2(1): persons who filed for 2024 or whose income-tax cases were processed (correction/determination etc.) by 2025-03-31, classified as of 2025-06-30",table22_population_persons is not the stage-1 NTA final-return numerator and is not restricted to voluntary final-return filings alone,ADMINISTRATIVE_ANNUAL_STATISTICS_COUNT,REPRODUCED_OFFICIAL_ADMINISTRATIVE_CROSSTAB,NTA total net income is not F71561 equivalized disposable income; decile linkage still requires an explicit bridge assumption
14,"1,500万円",12000000,15000000,False,business,事業所得者,40896,30394,10467,35,0.743202269171,0.255941901408,0.00085582942097,422919,206672,215018,30394,0,NTA-R06,data/raw/nta/nta_fy2024_annual_statistics.pdf,18e26ad7d255a41d82d171d42478c76a36bae5cb8345c65fef717318db5bf529,"Table 2-2(1), printed pp.61-62 / PDF pages 71-72",61,71,6.1.1,50.0.1,"Table 2-2(1): persons who filed for 2024 or whose income-tax cases were processed (correction/determination etc.) by 2025-03-31, classified as of 2025-06-30",table22_population_persons is not the stage-1 NTA final-return numerator and is not restricted to voluntary final-return filings alone,ADMINISTRATIVE_ANNUAL_STATISTICS_COUNT,REPRODUCED_OFFICIAL_ADMINISTRATIVE_CROSSTAB,NTA total net income is not F71561 equivalized disposable income; decile linkage still requires an explicit bridge assumption
14,"1,500万円",12000000,15000000,False,real_estate,不動産所得者,32361,32127,216,18,0.992769073885,0.00667470102902,0.000556225085751,422919,206672,215018,32127,0,NTA-R06,data/raw/nta/nta_fy2024_annual_statistics.pdf,18e26ad7d255a41d82d171d42478c76a36bae5cb8345c65fef717318db5bf529,"Table 2-2(1), printed pp.61-62 / PDF pages 71-72",61,71,6.1.1,50.0.1,"Table 2-2(1): persons who filed for 2024 or whose income-tax cases were processed (correction/determination etc.) by 2025-03-31, classified as of 2025-06-30",table22_population_persons is not the stage-1 NTA final-return numerator and is not restricted to voluntary final-return filings alone,ADMINISTRATIVE_ANNUAL_STATISTICS_COUNT,REPRODUCED_OFFICIAL_ADMINISTRATIVE_CROSSTAB,NTA total net income is not F71561 equivalized disposable income; decile linkage still requires an explicit bridge assumption
14,"1,500万円",12000000,15000000,False,salary,給与所得者,312981,115326,196580,1075,0.368476041677,0.628089245034,0.00343471328931,422919,206672,215018,115326,0,NTA-R06,data/raw/nta/nta_fy2024_annual_statistics.pdf,18e26ad7d255a41d82d171d42478c76a36bae5cb8345c65fef717318db5bf529,"Table 2-2(1), printed pp.61-62 / PDF pages 71-72",62,72,6.1.1,50.0.1,"Table 2-2(1): persons who filed for 2024 or whose income-tax cases were processed (correction/determination etc.) by 2025-03-31, classified as of 2025-06-30",table22_population_persons is not the stage-1 NTA final-return numerator and is not restricted to voluntary final-return filings alone,ADMINISTRATIVE_ANNUAL_STATISTICS_COUNT,REPRODUCED_OFFICIAL_ADMINISTRATIVE_CROSSTAB,NTA total net income is not F71561 equivalized disposable income; decile linkage still requires an explicit bridge assumption
14,"1,500万円",12000000,15000000,False,miscellaneous,雑所得者,3410,3046,351,13,0.893255131965,0.10293255132,0.00381231671554,422919,206672,215018,3046,0,NTA-R06,data/raw/nta/nta_fy2024_annual_statistics.pdf,18e26ad7d255a41d82d171d42478c76a36bae5cb8345c65fef717318db5bf529,"Table 2-2(1), printed pp.61-62 / PDF pages 71-72",62,72,6.1.1,50.0.1,"Table 2-2(1): persons who filed for 2024 or whose income-tax cases were processed (correction/determination etc.) by 2025-03-31, classified as of 2025-06-30",table22_population_persons is not the stage-1 NTA final-return numerator and is not restricted to voluntary final-return filings alone,ADMINISTRATIVE_ANNUAL_STATISTICS_COUNT,REPRODUCED_OFFICIAL_ADMINISTRATIVE_CROSSTAB,NTA total net income is not F71561 equivalized disposable income; decile linkage still requires an explicit bridge assumption
14,"1,500万円",12000000,15000000,False,other,他の区分に該当しない所得者,33271,25779,7404,88,0.774818911364,0.222536142587,0.00264494604911,422919,206672,215018,25779,0,NTA-R06,data/raw/nta/nta_fy2024_annual_statistics.pdf,18e26ad7d255a41d82d171d42478c76a36bae5cb8345c65fef717318db5bf529,"Table 2-2(1), printed pp.61-62 / PDF pages 71-72",62,72,6.1.1,50.0.1,"Table 2-2(1): persons who filed for 2024 or whose income-tax cases were processed (correction/determination etc.) by 2025-03-31, classified as of 2025-06-30",table22_population_persons is not the stage-1 NTA final-return numerator and is not restricted to voluntary final-return filings alone,ADMINISTRATIVE_ANNUAL_STATISTICS_COUNT,REPRODUCED_OFFICIAL_ADMINISTRATIVE_CROSSTAB,NTA total net income is not F71561 equivalized disposable income; decile linkage still requires an explicit bridge assumption
15,"2,000万円",15000000,20000000,False,business,事業所得者,36055,28507,7524,24,0.79065316877,0.208681181528,0.000665649701844,394544,218798,174992,28507,0,NTA-R06,data/raw/nta/nta_fy2024_annual_statistics.pdf,18e26ad7d255a41d82d171d42478c76a36bae5cb8345c65fef717318db5bf529,"Table 2-2(1), printed pp.61-62 / PDF pages 71-72",61,71,6.1.1,50.0.1,"Table 2-2(1): persons who filed for 2024 or whose income-tax cases were processed (correction/determination etc.) by 2025-03-31, classified as of 2025-06-30",table22_population_persons is not the stage-1 NTA final-return numerator and is not restricted to voluntary final-return filings alone,ADMINISTRATIVE_ANNUAL_STATISTICS_COUNT,REPRODUCED_OFFICIAL_ADMINISTRATIVE_CROSSTAB,NTA total net income is not F71561 equivalized disposable income; decile linkage still requires an explicit bridge assumption
15,"2,000万円",15000000,20000000,False,real_estate,不動産所得者,26417,26287,121,9,0.995078926449,0.00458038384374,0.000340689707385,394544,218798,174992,26287,0,NTA-R06,data/raw/nta/nta_fy2024_annual_statistics.pdf,18e26ad7d255a41d82d171d42478c76a36bae5cb8345c65fef717318db5bf529,"Table 2-2(1), printed pp.61-62 / PDF pages 71-72",61,71,6.1.1,50.0.1,"Table 2-2(1): persons who filed for 2024 or whose income-tax cases were processed (correction/determination etc.) by 2025-03-31, classified as of 2025-06-30",table22_population_persons is not the stage-1 NTA final-return numerator and is not restricted to voluntary final-return filings alone,ADMINISTRATIVE_ANNUAL_STATISTICS_COUNT,REPRODUCED_OFFICIAL_ADMINISTRATIVE_CROSSTAB,NTA total net income is not F71561 equivalized disposable income; decile linkage still requires an explicit bridge assumption
15,"2,000万円",15000000,20000000,False,salary,給与所得者,291027,129945,160470,612,0.446504963457,0.551392138874,0.00210289766929,394544,218798,174992,129945,0,NTA-R06,data/raw/nta/nta_fy2024_annual_statistics.pdf,18e26ad7d255a41d82d171d42478c76a36bae5cb8345c65fef717318db5bf529,"Table 2-2(1), printed pp.61-62 / PDF pages 71-72",62,72,6.1.1,50.0.1,"Table 2-2(1): persons who filed for 2024 or whose income-tax cases were processed (correction/determination etc.) by 2025-03-31, classified as of 2025-06-30",table22_population_persons is not the stage-1 NTA final-return numerator and is not restricted to voluntary final-return filings alone,ADMINISTRATIVE_ANNUAL_STATISTICS_COUNT,REPRODUCED_OFFICIAL_ADMINISTRATIVE_CROSSTAB,NTA total net income is not F71561 equivalized disposable income; decile linkage still requires an explicit bridge assumption
15,"2,000万円",15000000,20000000,False,miscellaneous,雑所得者,2963,2768,188,7,0.934188322646,0.0634492068849,0.00236247046912,394544,218798,174992,2768,0,NTA-R06,data/raw/nta/nta_fy2024_annual_statistics.pdf,18e26ad7d255a41d82d171d42478c76a36bae5cb8345c65fef717318db5bf529,"Table 2-2(1), printed pp.61-62 / PDF pages 71-72",62,72,6.1.1,50.0.1,"Table 2-2(1): persons who filed for 2024 or whose income-tax cases were processed (correction/determination etc.) by 2025-03-31, classified as of 2025-06-30",table22_population_persons is not the stage-1 NTA final-return numerator and is not restricted to voluntary final-return filings alone,ADMINISTRATIVE_ANNUAL_STATISTICS_COUNT,REPRODUCED_OFFICIAL_ADMINISTRATIVE_CROSSTAB,NTA total net income is not F71561 equivalized disposable income; decile linkage still requires an explicit bridge assumption
15,"2,000万円",15000000,20000000,False,other,他の区分に該当しない所得者,38082,31291,6689,102,0.821674281813,0.175647287432,0.00267843075469,394544,218798,174992,31291,0,NTA-R06,data/raw/nta/nta_fy2024_annual_statistics.pdf,18e26ad7d255a41d82d171d42478c76a36bae5cb8345c65fef717318db5bf529,"Table 2-2(1), printed pp.61-62 / PDF pages 71-72",62,72,6.1.1,50.0.1,"Table 2-2(1): persons who filed for 2024 or whose income-tax cases were processed (correction/determination etc.) by 2025-03-31, classified as of 2025-06-30",table22_population_persons is not the stage-1 NTA final-return numerator and is not restricted to voluntary final-return filings alone,ADMINISTRATIVE_ANNUAL_STATISTICS_COUNT,REPRODUCED_OFFICIAL_ADMINISTRATIVE_CROSSTAB,NTA total net income is not F71561 equivalized disposable income; decile linkage still requires an explicit bridge assumption
16,"3,000万円",20000000,30000000,False,business,事業所得者,27450,23841,3598,11,0.868524590164,0.131074681239,0.00040072859745,308589,196387,111988,23841,0,NTA-R06,data/raw/nta/nta_fy2024_annual_statistics.pdf,18e26ad7d255a41d82d171d42478c76a36bae5cb8345c65fef717318db5bf529,"Table 2-2(1), printed pp.61-62 / PDF pages 71-72",61,71,6.1.1,50.0.1,"Table 2-2(1): persons who filed for 2024 or whose income-tax cases were processed (correction/determination etc.) by 2025-03-31, classified as of 2025-06-30",table22_population_persons is not the stage-1 NTA final-return numerator and is not restricted to voluntary final-return filings alone,ADMINISTRATIVE_ANNUAL_STATISTICS_COUNT,REPRODUCED_OFFICIAL_ADMINISTRATIVE_CROSSTAB,NTA total net income is not F71561 equivalized disposable income; decile linkage still requires an explicit bridge assumption
16,"3,000万円",20000000,30000000,False,real_estate,不動産所得者,17960,17900,53,7,0.996659242762,0.00295100222717,0.000389755011136,308589,196387,111988,17900,0,NTA-R06,data/raw/nta/nta_fy2024_annual_statistics.pdf,18e26ad7d255a41d82d171d42478c76a36bae5cb8345c65fef717318db5bf529,"Table 2-2(1), printed pp.61-62 / PDF pages 71-72",61,71,6.1.1,50.0.1,"Table 2-2(1): persons who filed for 2024 or whose income-tax cases were processed (correction/determination etc.) by 2025-03-31, classified as of 2025-06-30",table22_population_persons is not the stage-1 NTA final-return numerator and is not restricted to voluntary final-return filings alone,ADMINISTRATIVE_ANNUAL_STATISTICS_COUNT,REPRODUCED_OFFICIAL_ADMINISTRATIVE_CROSSTAB,NTA total net income is not F71561 equivalized disposable income; decile linkage still requires an explicit bridge assumption
16,"3,000万円",20000000,30000000,False,salary,給与所得者,219156,115523,103560,73,0.527126795525,0.472540108416,0.000333096059428,308589,196387,111988,115523,0,NTA-R06,data/raw/nta/nta_fy2024_annual_statistics.pdf,18e26ad7d255a41d82d171d42478c76a36bae5cb8345c65fef717318db5bf529,"Table 2-2(1), printed pp.61-62 / PDF pages 71-72",62,72,6.1.1,50.0.1,"Table 2-2(1): persons who filed for 2024 or whose income-tax cases were processed (correction/determination etc.) by 2025-03-31, classified as of 2025-06-30",table22_population_persons is not the stage-1 NTA final-return numerator and is not restricted to voluntary final-return filings alone,ADMINISTRATIVE_ANNUAL_STATISTICS_COUNT,REPRODUCED_OFFICIAL_ADMINISTRATIVE_CROSSTAB,NTA total net income is not F71561 equivalized disposable income; decile linkage still requires an explicit bridge assumption
16,"3,000万円",20000000,30000000,False,miscellaneous,雑所得者,2361,2275,81,5,0.963574756459,0.0343074968234,0.00211774671749,308589,196387,111988,2275,0,NTA-R06,data/raw/nta/nta_fy2024_annual_statistics.pdf,18e26ad7d255a41d82d171d42478c76a36bae5cb8345c65fef717318db5bf529,"Table 2-2(1), printed pp.61-62 / PDF pages 71-72",62,72,6.1.1,50.0.1,"Table 2-2(1): persons who filed for 2024 or whose income-tax cases were processed (correction/determination etc.) by 2025-03-31, classified as of 2025-06-30",table22_population_persons is not the stage-1 NTA final-return numerator and is not restricted to voluntary final-return filings alone,ADMINISTRATIVE_ANNUAL_STATISTICS_COUNT,REPRODUCED_OFFICIAL_ADMINISTRATIVE_CROSSTAB,NTA total net income is not F71561 equivalized disposable income; decile linkage still requires an explicit bridge assumption
16,"3,000万円",20000000,30000000,False,other,他の区分に該当しない所得者,41662,36848,4696,118,0.884451058519,0.112716624262,0.00283231721953,308589,196387,111988,36848,0,NTA-R06,data/raw/nta/nta_fy2024_annual_statistics.pdf,18e26ad7d255a41d82d171d42478c76a36bae5cb8345c65fef717318db5bf529,"Table 2-2(1), printed pp.61-62 / PDF pages 71-72",62,72,6.1.1,50.0.1,"Table 2-2(1): persons who filed for 2024 or whose income-tax cases were processed (correction/determination etc.) by 2025-03-31, classified as of 2025-06-30",table22_population_persons is not the stage-1 NTA final-return numerator and is not restricted to voluntary final-return filings alone,ADMINISTRATIVE_ANNUAL_STATISTICS_COUNT,REPRODUCED_OFFICIAL_ADMINISTRATIVE_CROSSTAB,NTA total net income is not F71561 equivalized disposable income; decile linkage still requires an explicit bridge assumption
17,"5,000万円",30000000,50000000,False,business,事業所得者,16289,15310,970,9,0.939898090736,0.0595493891583,0.000552520105593,161586,116832,44652,15310,0,NTA-R06,data/raw/nta/nta_fy2024_annual_statistics.pdf,18e26ad7d255a41d82d171d42478c76a36bae5cb8345c65fef717318db5bf529,"Table 2-2(1), printed pp.61-62 / PDF pages 71-72",61,71,6.1.1,50.0.1,"Table 2-2(1): persons who filed for 2024 or whose income-tax cases were processed (correction/determination etc.) by 2025-03-31, classified as of 2025-06-30",table22_population_persons is not the stage-1 NTA final-return numerator and is not restricted to voluntary final-return filings alone,ADMINISTRATIVE_ANNUAL_STATISTICS_COUNT,REPRODUCED_OFFICIAL_ADMINISTRATIVE_CROSSTAB,NTA total net income is not F71561 equivalized disposable income; decile linkage still requires an explicit bridge assumption
17,"5,000万円",30000000,50000000,False,real_estate,不動産所得者,8274,8242,24,8,0.996132463138,0.00290065264685,0.000966884215615,161586,116832,44652,8242,0,NTA-R06,data/raw/nta/nta_fy2024_annual_statistics.pdf,18e26ad7d255a41d82d171d42478c76a36bae5cb8345c65fef717318db5bf529,"Table 2-2(1), printed pp.61-62 / PDF pages 71-72",61,71,6.1.1,50.0.1,"Table 2-2(1): persons who filed for 2024 or whose income-tax cases were processed (correction/determination etc.) by 2025-03-31, classified as of 2025-06-30",table22_population_persons is not the stage-1 NTA final-return numerator and is not restricted to voluntary final-return filings alone,ADMINISTRATIVE_ANNUAL_STATISTICS_COUNT,REPRODUCED_OFFICIAL_ADMINISTRATIVE_CROSSTAB,NTA total net income is not F71561 equivalized disposable income; decile linkage still requires an explicit bridge assumption
17,"5,000万円",30000000,50000000,False,salary,給与所得者,98508,57608,40867,33,0.584805295001,0.414859706826,0.000334998172737,161586,116832,44652,57608,0,NTA-R06,data/raw/nta/nta_fy2024_annual_statistics.pdf,18e26ad7d255a41d82d171d42478c76a36bae5cb8345c65fef717318db5bf529,"Table 2-2(1), printed pp.61-62 / PDF pages 71-72",62,72,6.1.1,50.0.1,"Table 2-2(1): persons who filed for 2024 or whose income-tax cases were processed (correction/determination etc.) by 2025-03-31, classified as of 2025-06-30",table22_population_persons is not the stage-1 NTA final-return numerator and is not restricted to voluntary final-return filings alone,ADMINISTRATIVE_ANNUAL_STATISTICS_COUNT,REPRODUCED_OFFICIAL_ADMINISTRATIVE_CROSSTAB,NTA total net income is not F71561 equivalized disposable income; decile linkage still requires an explicit bridge assumption
17,"5,000万円",30000000,50000000,False,miscellaneous,雑所得者,1549,1508,36,5,0.973531310523,0.0232408005165,0.00322788896062,161586,116832,44652,1508,0,NTA-R06,data/raw/nta/nta_fy2024_annual_statistics.pdf,18e26ad7d255a41d82d171d42478c76a36bae5cb8345c65fef717318db5bf529,"Table 2-2(1), printed pp.61-62 / PDF pages 71-72",62,72,6.1.1,50.0.1,"Table 2-2(1): persons who filed for 2024 or whose income-tax cases were processed (correction/determination etc.) by 2025-03-31, classified as of 2025-06-30",table22_population_persons is not the stage-1 NTA final-return numerator and is not restricted to voluntary final-return filings alone,ADMINISTRATIVE_ANNUAL_STATISTICS_COUNT,REPRODUCED_OFFICIAL_ADMINISTRATIVE_CROSSTAB,NTA total net income is not F71561 equivalized disposable income; decile linkage still requires an explicit bridge assumption
17,"5,000万円",30000000,50000000,False,other,他の区分に該当しない所得者,36966,34164,2755,47,0.924200616783,0.0745279445977,0.00127143861927,161586,116832,44652,34164,0,NTA-R06,data/raw/nta/nta_fy2024_annual_statistics.pdf,18e26ad7d255a41d82d171d42478c76a36bae5cb8345c65fef717318db5bf529,"Table 2-2(1), printed pp.61-62 / PDF pages 71-72",62,72,6.1.1,50.0.1,"Table 2-2(1): persons who filed for 2024 or whose income-tax cases were processed (correction/determination etc.) by 2025-03-31, classified as of 2025-06-30",table22_population_persons is not the stage-1 NTA final-return numerator and is not restricted to voluntary final-return filings alone,ADMINISTRATIVE_ANNUAL_STATISTICS_COUNT,REPRODUCED_OFFICIAL_ADMINISTRATIVE_CROSSTAB,NTA total net income is not F71561 equivalized disposable income; decile linkage still requires an explicit bridge assumption
18,1億円,50000000,100000000,False,business,事業所得者,7440,7083,352,5,0.952016129032,0.047311827957,0.000672043010753,78367,61367,16958,7083,0,NTA-R06,data/raw/nta/nta_fy2024_annual_statistics.pdf,18e26ad7d255a41d82d171d42478c76a36bae5cb8345c65fef717318db5bf529,"Table 2-2(1), printed pp.61-62 / PDF pages 71-72",61,71,6.1.1,50.0.1,"Table 2-2(1): persons who filed for 2024 or whose income-tax cases were processed (correction/determination etc.) by 2025-03-31, classified as of 2025-06-30",table22_population_persons is not the stage-1 NTA final-return numerator and is not restricted to voluntary final-return filings alone,ADMINISTRATIVE_ANNUAL_STATISTICS_COUNT,REPRODUCED_OFFICIAL_ADMINISTRATIVE_CROSSTAB,NTA total net income is not F71561 equivalized disposable income; decile linkage still requires an explicit bridge assumption
18,1億円,50000000,100000000,False,real_estate,不動産所得者,2910,2904,5,1,0.99793814433,0.00171821305842,0.000343642611684,78367,61367,16958,2904,0,NTA-R06,data/raw/nta/nta_fy2024_annual_statistics.pdf,18e26ad7d255a41d82d171d42478c76a36bae5cb8345c65fef717318db5bf529,"Table 2-2(1), printed pp.61-62 / PDF pages 71-72",61,71,6.1.1,50.0.1,"Table 2-2(1): persons who filed for 2024 or whose income-tax cases were processed (correction/determination etc.) by 2025-03-31, classified as of 2025-06-30",table22_population_persons is not the stage-1 NTA final-return numerator and is not restricted to voluntary final-return filings alone,ADMINISTRATIVE_ANNUAL_STATISTICS_COUNT,REPRODUCED_OFFICIAL_ADMINISTRATIVE_CROSSTAB,NTA total net income is not F71561 equivalized disposable income; decile linkage still requires an explicit bridge assumption
18,1億円,50000000,100000000,False,salary,給与所得者,38413,23745,14659,9,0.618150105433,0.381615598886,0.00023429568115,78367,61367,16958,23745,0,NTA-R06,data/raw/nta/nta_fy2024_annual_statistics.pdf,18e26ad7d255a41d82d171d42478c76a36bae5cb8345c65fef717318db5bf529,"Table 2-2(1), printed pp.61-62 / PDF pages 71-72",62,72,6.1.1,50.0.1,"Table 2-2(1): persons who filed for 2024 or whose income-tax cases were processed (correction/determination etc.) by 2025-03-31, classified as of 2025-06-30",table22_population_persons is not the stage-1 NTA final-return numerator and is not restricted to voluntary final-return filings alone,ADMINISTRATIVE_ANNUAL_STATISTICS_COUNT,REPRODUCED_OFFICIAL_ADMINISTRATIVE_CROSSTAB,NTA total net income is not F71561 equivalized disposable income; decile linkage still requires an explicit bridge assumption
18,1億円,50000000,100000000,False,miscellaneous,雑所得者,938,906,26,6,0.965884861407,0.0277185501066,0.00639658848614,78367,61367,16958,906,0,NTA-R06,data/raw/nta/nta_fy2024_annual_statistics.pdf,18e26ad7d255a41d82d171d42478c76a36bae5cb8345c65fef717318db5bf529,"Table 2-2(1), printed pp.61-62 / PDF pages 71-72",62,72,6.1.1,50.0.1,"Table 2-2(1): persons who filed for 2024 or whose income-tax cases were processed (correction/determination etc.) by 2025-03-31, classified as of 2025-06-30",table22_population_persons is not the stage-1 NTA final-return numerator and is not restricted to voluntary final-return filings alone,ADMINISTRATIVE_ANNUAL_STATISTICS_COUNT,REPRODUCED_OFFICIAL_ADMINISTRATIVE_CROSSTAB,NTA total net income is not F71561 equivalized disposable income; decile linkage still requires an explicit bridge assumption
18,1億円,50000000,100000000,False,other,他の区分に該当しない所得者,28666,26729,1916,21,0.932428661132,0.0668387636922,0.000732575176167,78367,61367,16958,26729,0,NTA-R06,data/raw/nta/nta_fy2024_annual_statistics.pdf,18e26ad7d255a41d82d171d42478c76a36bae5cb8345c65fef717318db5bf529,"Table 2-2(1), printed pp.61-62 / PDF pages 71-72",62,72,6.1.1,50.0.1,"Table 2-2(1): persons who filed for 2024 or whose income-tax cases were processed (correction/determination etc.) by 2025-03-31, classified as of 2025-06-30",table22_population_persons is not the stage-1 NTA final-return numerator and is not restricted to voluntary final-return filings alone,ADMINISTRATIVE_ANNUAL_STATISTICS_COUNT,REPRODUCED_OFFICIAL_ADMINISTRATIVE_CROSSTAB,NTA total net income is not F71561 equivalized disposable income; decile linkage still requires an explicit bridge assumption
19,2億円,100000000,200000000,False,business,事業所得者,1716,1550,134,32,0.903263403263,0.0780885780886,0.018648018648,24830,20513,4278,1550,0,NTA-R06,data/raw/nta/nta_fy2024_annual_statistics.pdf,18e26ad7d255a41d82d171d42478c76a36bae5cb8345c65fef717318db5bf529,"Table 2-2(1), printed pp.61-62 / PDF pages 71-72",61,71,6.1.1,50.0.1,"Table 2-2(1): persons who filed for 2024 or whose income-tax cases were processed (correction/determination etc.) by 2025-03-31, classified as of 2025-06-30",table22_population_persons is not the stage-1 NTA final-return numerator and is not restricted to voluntary final-return filings alone,ADMINISTRATIVE_ANNUAL_STATISTICS_COUNT,REPRODUCED_OFFICIAL_ADMINISTRATIVE_CROSSTAB,NTA total net income is not F71561 equivalized disposable income; decile linkage still requires an explicit bridge assumption
19,2億円,100000000,200000000,False,real_estate,不動産所得者,545,545,0,0,1,0,0,24830,20513,4278,545,0,NTA-R06,data/raw/nta/nta_fy2024_annual_statistics.pdf,18e26ad7d255a41d82d171d42478c76a36bae5cb8345c65fef717318db5bf529,"Table 2-2(1), printed pp.61-62 / PDF pages 71-72",61,71,6.1.1,50.0.1,"Table 2-2(1): persons who filed for 2024 or whose income-tax cases were processed (correction/determination etc.) by 2025-03-31, classified as of 2025-06-30",table22_population_persons is not the stage-1 NTA final-return numerator and is not restricted to voluntary final-return filings alone,ADMINISTRATIVE_ANNUAL_STATISTICS_COUNT,REPRODUCED_OFFICIAL_ADMINISTRATIVE_CROSSTAB,NTA total net income is not F71561 equivalized disposable income; decile linkage still requires an explicit bridge assumption
19,2億円,100000000,200000000,False,salary,給与所得者,8978,5677,3300,1,0.63232345734,0.367565159278,0.000111383381599,24830,20513,4278,5677,0,NTA-R06,data/raw/nta/nta_fy2024_annual_statistics.pdf,18e26ad7d255a41d82d171d42478c76a36bae5cb8345c65fef717318db5bf529,"Table 2-2(1), printed pp.61-62 / PDF pages 71-72",62,72,6.1.1,50.0.1,"Table 2-2(1): persons who filed for 2024 or whose income-tax cases were processed (correction/determination etc.) by 2025-03-31, classified as of 2025-06-30",table22_population_persons is not the stage-1 NTA final-return numerator and is not restricted to voluntary final-return filings alone,ADMINISTRATIVE_ANNUAL_STATISTICS_COUNT,REPRODUCED_OFFICIAL_ADMINISTRATIVE_CROSSTAB,NTA total net income is not F71561 equivalized disposable income; decile linkage still requires an explicit bridge assumption
19,2億円,100000000,200000000,False,miscellaneous,雑所得者,319,316,2,1,0.990595611285,0.00626959247649,0.00313479623824,24830,20513,4278,316,0,NTA-R06,data/raw/nta/nta_fy2024_annual_statistics.pdf,18e26ad7d255a41d82d171d42478c76a36bae5cb8345c65fef717318db5bf529,"Table 2-2(1), printed pp.61-62 / PDF pages 71-72",62,72,6.1.1,50.0.1,"Table 2-2(1): persons who filed for 2024 or whose income-tax cases were processed (correction/determination etc.) by 2025-03-31, classified as of 2025-06-30",table22_population_persons is not the stage-1 NTA final-return numerator and is not restricted to voluntary final-return filings alone,ADMINISTRATIVE_ANNUAL_STATISTICS_COUNT,REPRODUCED_OFFICIAL_ADMINISTRATIVE_CROSSTAB,NTA total net income is not F71561 equivalized disposable income; decile linkage still requires an explicit bridge assumption
19,2億円,100000000,200000000,False,other,他の区分に該当しない所得者,13272,12425,842,5,0.936181434599,0.0634418324292,0.00037673297167,24830,20513,4278,12425,0,NTA-R06,data/raw/nta/nta_fy2024_annual_statistics.pdf,18e26ad7d255a41d82d171d42478c76a36bae5cb8345c65fef717318db5bf529,"Table 2-2(1), printed pp.61-62 / PDF pages 71-72",62,72,6.1.1,50.0.1,"Table 2-2(1): persons who filed for 2024 or whose income-tax cases were processed (correction/determination etc.) by 2025-03-31, classified as of 2025-06-30",table22_population_persons is not the stage-1 NTA final-return numerator and is not restricted to voluntary final-return filings alone,ADMINISTRATIVE_ANNUAL_STATISTICS_COUNT,REPRODUCED_OFFICIAL_ADMINISTRATIVE_CROSSTAB,NTA total net income is not F71561 equivalized disposable income; decile linkage still requires an explicit bridge assumption
20,5億円,200000000,500000000,False,business,事業所得者,446,396,27,23,0.887892376682,0.0605381165919,0.0515695067265,9444,8252,1162,396,0,NTA-R06,data/raw/nta/nta_fy2024_annual_statistics.pdf,18e26ad7d255a41d82d171d42478c76a36bae5cb8345c65fef717318db5bf529,"Table 2-2(1), printed pp.61-62 / PDF pages 71-72",61,71,6.1.1,50.0.1,"Table 2-2(1): persons who filed for 2024 or whose income-tax cases were processed (correction/determination etc.) by 2025-03-31, classified as of 2025-06-30",table22_population_persons is not the stage-1 NTA final-return numerator and is not restricted to voluntary final-return filings alone,ADMINISTRATIVE_ANNUAL_STATISTICS_COUNT,REPRODUCED_OFFICIAL_ADMINISTRATIVE_CROSSTAB,NTA total net income is not F71561 equivalized disposable income; decile linkage still requires an explicit bridge assumption
20,5億円,200000000,500000000,False,real_estate,不動産所得者,89,89,0,0,1,0,0,9444,8252,1162,89,0,NTA-R06,data/raw/nta/nta_fy2024_annual_statistics.pdf,18e26ad7d255a41d82d171d42478c76a36bae5cb8345c65fef717318db5bf529,"Table 2-2(1), printed pp.61-62 / PDF pages 71-72",61,71,6.1.1,50.0.1,"Table 2-2(1): persons who filed for 2024 or whose income-tax cases were processed (correction/determination etc.) by 2025-03-31, classified as of 2025-06-30",table22_population_persons is not the stage-1 NTA final-return numerator and is not restricted to voluntary final-return filings alone,ADMINISTRATIVE_ANNUAL_STATISTICS_COUNT,REPRODUCED_OFFICIAL_ADMINISTRATIVE_CROSSTAB,NTA total net income is not F71561 equivalized disposable income; decile linkage still requires an explicit bridge assumption
20,5億円,200000000,500000000,False,salary,給与所得者,2284,1527,757,0,0.668563922942,0.331436077058,0,9444,8252,1162,1527,0,NTA-R06,data/raw/nta/nta_fy2024_annual_statistics.pdf,18e26ad7d255a41d82d171d42478c76a36bae5cb8345c65fef717318db5bf529,"Table 2-2(1), printed pp.61-62 / PDF pages 71-72",62,72,6.1.1,50.0.1,"Table 2-2(1): persons who filed for 2024 or whose income-tax cases were processed (correction/determination etc.) by 2025-03-31, classified as of 2025-06-30",table22_population_persons is not the stage-1 NTA final-return numerator and is not restricted to voluntary final-return filings alone,ADMINISTRATIVE_ANNUAL_STATISTICS_COUNT,REPRODUCED_OFFICIAL_ADMINISTRATIVE_CROSSTAB,NTA total net income is not F71561 equivalized disposable income; decile linkage still requires an explicit bridge assumption
20,5億円,200000000,500000000,False,miscellaneous,雑所得者,160,159,1,0,0.99375,0.00625,0,9444,8252,1162,159,0,NTA-R06,data/raw/nta/nta_fy2024_annual_statistics.pdf,18e26ad7d255a41d82d171d42478c76a36bae5cb8345c65fef717318db5bf529,"Table 2-2(1), printed pp.61-62 / PDF pages 71-72",62,72,6.1.1,50.0.1,"Table 2-2(1): persons who filed for 2024 or whose income-tax cases were processed (correction/determination etc.) by 2025-03-31, classified as of 2025-06-30",table22_population_persons is not the stage-1 NTA final-return numerator and is not restricted to voluntary final-return filings alone,ADMINISTRATIVE_ANNUAL_STATISTICS_COUNT,REPRODUCED_OFFICIAL_ADMINISTRATIVE_CROSSTAB,NTA total net income is not F71561 equivalized disposable income; decile linkage still requires an explicit bridge assumption
20,5億円,200000000,500000000,False,other,他の区分に該当しない所得者,6465,6081,377,7,0.94060324826,0.0583139984532,0.00108275328693,9444,8252,1162,6081,0,NTA-R06,data/raw/nta/nta_fy2024_annual_statistics.pdf,18e26ad7d255a41d82d171d42478c76a36bae5cb8345c65fef717318db5bf529,"Table 2-2(1), printed pp.61-62 / PDF pages 71-72",62,72,6.1.1,50.0.1,"Table 2-2(1): persons who filed for 2024 or whose income-tax cases were processed (correction/determination etc.) by 2025-03-31, classified as of 2025-06-30",table22_population_persons is not the stage-1 NTA final-return numerator and is not restricted to voluntary final-return filings alone,ADMINISTRATIVE_ANNUAL_STATISTICS_COUNT,REPRODUCED_OFFICIAL_ADMINISTRATIVE_CROSSTAB,NTA total net income is not F71561 equivalized disposable income; decile linkage still requires an explicit bridge assumption
21,10億円,500000000,1000000000,False,business,事業所得者,65,62,2,1,0.953846153846,0.0307692307692,0.0153846153846,2232,2056,173,62,0,NTA-R06,data/raw/nta/nta_fy2024_annual_statistics.pdf,18e26ad7d255a41d82d171d42478c76a36bae5cb8345c65fef717318db5bf529,"Table 2-2(1), printed pp.61-62 / PDF pages 71-72",61,71,6.1.1,50.0.1,"Table 2-2(1): persons who filed for 2024 or whose income-tax cases were processed (correction/determination etc.) by 2025-03-31, classified as of 2025-06-30",table22_population_persons is not the stage-1 NTA final-return numerator and is not restricted to voluntary final-return filings alone,ADMINISTRATIVE_ANNUAL_STATISTICS_COUNT,REPRODUCED_OFFICIAL_ADMINISTRATIVE_CROSSTAB,NTA total net income is not F71561 equivalized disposable income; decile linkage still requires an explicit bridge assumption
21,10億円,500000000,1000000000,False,real_estate,不動産所得者,5,5,0,0,1,0,0,2232,2056,173,5,0,NTA-R06,data/raw/nta/nta_fy2024_annual_statistics.pdf,18e26ad7d255a41d82d171d42478c76a36bae5cb8345c65fef717318db5bf529,"Table 2-2(1), printed pp.61-62 / PDF pages 71-72",61,71,6.1.1,50.0.1,"Table 2-2(1): persons who filed for 2024 or whose income-tax cases were processed (correction/determination etc.) by 2025-03-31, classified as of 2025-06-30",table22_population_persons is not the stage-1 NTA final-return numerator and is not restricted to voluntary final-return filings alone,ADMINISTRATIVE_ANNUAL_STATISTICS_COUNT,REPRODUCED_OFFICIAL_ADMINISTRATIVE_CROSSTAB,NTA total net income is not F71561 equivalized disposable income; decile linkage still requires an explicit bridge assumption
21,10億円,500000000,1000000000,False,salary,給与所得者,332,232,100,0,0.698795180723,0.301204819277,0,2232,2056,173,232,0,NTA-R06,data/raw/nta/nta_fy2024_annual_statistics.pdf,18e26ad7d255a41d82d171d42478c76a36bae5cb8345c65fef717318db5bf529,"Table 2-2(1), printed pp.61-62 / PDF pages 71-72",62,72,6.1.1,50.0.1,"Table 2-2(1): persons who filed for 2024 or whose income-tax cases were processed (correction/determination etc.) by 2025-03-31, classified as of 2025-06-30",table22_population_persons is not the stage-1 NTA final-return numerator and is not restricted to voluntary final-return filings alone,ADMINISTRATIVE_ANNUAL_STATISTICS_COUNT,REPRODUCED_OFFICIAL_ADMINISTRATIVE_CROSSTAB,NTA total net income is not F71561 equivalized disposable income; decile linkage still requires an explicit bridge assumption
21,10億円,500000000,1000000000,False,miscellaneous,雑所得者,39,39,0,0,1,0,0,2232,2056,173,39,0,NTA-R06,data/raw/nta/nta_fy2024_annual_statistics.pdf,18e26ad7d255a41d82d171d42478c76a36bae5cb8345c65fef717318db5bf529,"Table 2-2(1), printed pp.61-62 / PDF pages 71-72",62,72,6.1.1,50.0.1,"Table 2-2(1): persons who filed for 2024 or whose income-tax cases were processed (correction/determination etc.) by 2025-03-31, classified as of 2025-06-30",table22_population_persons is not the stage-1 NTA final-return numerator and is not restricted to voluntary final-return filings alone,ADMINISTRATIVE_ANNUAL_STATISTICS_COUNT,REPRODUCED_OFFICIAL_ADMINISTRATIVE_CROSSTAB,NTA total net income is not F71561 equivalized disposable income; decile linkage still requires an explicit bridge assumption
21,10億円,500000000,1000000000,False,other,他の区分に該当しない所得者,1791,1718,71,2,0.959240647683,0.0396426577331,0.00111669458403,2232,2056,173,1718,0,NTA-R06,data/raw/nta/nta_fy2024_annual_statistics.pdf,18e26ad7d255a41d82d171d42478c76a36bae5cb8345c65fef717318db5bf529,"Table 2-2(1), printed pp.61-62 / PDF pages 71-72",62,72,6.1.1,50.0.1,"Table 2-2(1): persons who filed for 2024 or whose income-tax cases were processed (correction/determination etc.) by 2025-03-31, classified as of 2025-06-30",table22_population_persons is not the stage-1 NTA final-return numerator and is not restricted to voluntary final-return filings alone,ADMINISTRATIVE_ANNUAL_STATISTICS_COUNT,REPRODUCED_OFFICIAL_ADMINISTRATIVE_CROSSTAB,NTA total net income is not F71561 equivalized disposable income; decile linkage still requires an explicit bridge assumption
22,20億円,1000000000,2000000000,False,business,事業所得者,15,15,0,0,1,0,0,844,798,45,15,0,NTA-R06,data/raw/nta/nta_fy2024_annual_statistics.pdf,18e26ad7d255a41d82d171d42478c76a36bae5cb8345c65fef717318db5bf529,"Table 2-2(1), printed pp.61-62 / PDF pages 71-72",61,71,6.1.1,50.0.1,"Table 2-2(1): persons who filed for 2024 or whose income-tax cases were processed (correction/determination etc.) by 2025-03-31, classified as of 2025-06-30",table22_population_persons is not the stage-1 NTA final-return numerator and is not restricted to voluntary final-return filings alone,ADMINISTRATIVE_ANNUAL_STATISTICS_COUNT,REPRODUCED_OFFICIAL_ADMINISTRATIVE_CROSSTAB,NTA total net income is not F71561 equivalized disposable income; decile linkage still requires an explicit bridge assumption
22,20億円,1000000000,2000000000,False,real_estate,不動産所得者,0,0,0,0,,,,844,798,45,0,0,NTA-R06,data/raw/nta/nta_fy2024_annual_statistics.pdf,18e26ad7d255a41d82d171d42478c76a36bae5cb8345c65fef717318db5bf529,"Table 2-2(1), printed pp.61-62 / PDF pages 71-72",61,71,6.1.1,50.0.1,"Table 2-2(1): persons who filed for 2024 or whose income-tax cases were processed (correction/determination etc.) by 2025-03-31, classified as of 2025-06-30",table22_population_persons is not the stage-1 NTA final-return numerator and is not restricted to voluntary final-return filings alone,ADMINISTRATIVE_ANNUAL_STATISTICS_COUNT,REPRODUCED_OFFICIAL_ADMINISTRATIVE_CROSSTAB,NTA total net income is not F71561 equivalized disposable income; decile linkage still requires an explicit bridge assumption
22,20億円,1000000000,2000000000,False,salary,給与所得者,86,70,16,0,0.813953488372,0.186046511628,0,844,798,45,70,0,NTA-R06,data/raw/nta/nta_fy2024_annual_statistics.pdf,18e26ad7d255a41d82d171d42478c76a36bae5cb8345c65fef717318db5bf529,"Table 2-2(1), printed pp.61-62 / PDF pages 71-72",62,72,6.1.1,50.0.1,"Table 2-2(1): persons who filed for 2024 or whose income-tax cases were processed (correction/determination etc.) by 2025-03-31, classified as of 2025-06-30",table22_population_persons is not the stage-1 NTA final-return numerator and is not restricted to voluntary final-return filings alone,ADMINISTRATIVE_ANNUAL_STATISTICS_COUNT,REPRODUCED_OFFICIAL_ADMINISTRATIVE_CROSSTAB,NTA total net income is not F71561 equivalized disposable income; decile linkage still requires an explicit bridge assumption
22,20億円,1000000000,2000000000,False,miscellaneous,雑所得者,13,13,0,0,1,0,0,844,798,45,13,0,NTA-R06,data/raw/nta/nta_fy2024_annual_statistics.pdf,18e26ad7d255a41d82d171d42478c76a36bae5cb8345c65fef717318db5bf529,"Table 2-2(1), printed pp.61-62 / PDF pages 71-72",62,72,6.1.1,50.0.1,"Table 2-2(1): persons who filed for 2024 or whose income-tax cases were processed (correction/determination etc.) by 2025-03-31, classified as of 2025-06-30",table22_population_persons is not the stage-1 NTA final-return numerator and is not restricted to voluntary final-return filings alone,ADMINISTRATIVE_ANNUAL_STATISTICS_COUNT,REPRODUCED_OFFICIAL_ADMINISTRATIVE_CROSSTAB,NTA total net income is not F71561 equivalized disposable income; decile linkage still requires an explicit bridge assumption
22,20億円,1000000000,2000000000,False,other,他の区分に該当しない所得者,730,700,29,1,0.958904109589,0.0397260273973,0.0013698630137,844,798,45,700,0,NTA-R06,data/raw/nta/nta_fy2024_annual_statistics.pdf,18e26ad7d255a41d82d171d42478c76a36bae5cb8345c65fef717318db5bf529,"Table 2-2(1), printed pp.61-62 / PDF pages 71-72",62,72,6.1.1,50.0.1,"Table 2-2(1): persons who filed for 2024 or whose income-tax cases were processed (correction/determination etc.) by 2025-03-31, classified as of 2025-06-30",table22_population_persons is not the stage-1 NTA final-return numerator and is not restricted to voluntary final-return filings alone,ADMINISTRATIVE_ANNUAL_STATISTICS_COUNT,REPRODUCED_OFFICIAL_ADMINISTRATIVE_CROSSTAB,NTA total net income is not F71561 equivalized disposable income; decile linkage still requires an explicit bridge assumption
23,50億円,2000000000,5000000000,False,business,事業所得者,9,8,0,1,0.888888888889,0,0.111111111111,466,446,18,8,0,NTA-R06,data/raw/nta/nta_fy2024_annual_statistics.pdf,18e26ad7d255a41d82d171d42478c76a36bae5cb8345c65fef717318db5bf529,"Table 2-2(1), printed pp.61-62 / PDF pages 71-72",61,71,6.1.1,50.0.1,"Table 2-2(1): persons who filed for 2024 or whose income-tax cases were processed (correction/determination etc.) by 2025-03-31, classified as of 2025-06-30",table22_population_persons is not the stage-1 NTA final-return numerator and is not restricted to voluntary final-return filings alone,ADMINISTRATIVE_ANNUAL_STATISTICS_COUNT,REPRODUCED_OFFICIAL_ADMINISTRATIVE_CROSSTAB,NTA total net income is not F71561 equivalized disposable income; decile linkage still requires an explicit bridge assumption
23,50億円,2000000000,5000000000,False,real_estate,不動産所得者,0,0,0,0,,,,466,446,18,0,0,NTA-R06,data/raw/nta/nta_fy2024_annual_statistics.pdf,18e26ad7d255a41d82d171d42478c76a36bae5cb8345c65fef717318db5bf529,"Table 2-2(1), printed pp.61-62 / PDF pages 71-72",61,71,6.1.1,50.0.1,"Table 2-2(1): persons who filed for 2024 or whose income-tax cases were processed (correction/determination etc.) by 2025-03-31, classified as of 2025-06-30",table22_population_persons is not the stage-1 NTA final-return numerator and is not restricted to voluntary final-return filings alone,ADMINISTRATIVE_ANNUAL_STATISTICS_COUNT,REPRODUCED_OFFICIAL_ADMINISTRATIVE_CROSSTAB,NTA total net income is not F71561 equivalized disposable income; decile linkage still requires an explicit bridge assumption
23,50億円,2000000000,5000000000,False,salary,給与所得者,25,21,4,0,0.84,0.16,0,466,446,18,21,0,NTA-R06,data/raw/nta/nta_fy2024_annual_statistics.pdf,18e26ad7d255a41d82d171d42478c76a36bae5cb8345c65fef717318db5bf529,"Table 2-2(1), printed pp.61-62 / PDF pages 71-72",62,72,6.1.1,50.0.1,"Table 2-2(1): persons who filed for 2024 or whose income-tax cases were processed (correction/determination etc.) by 2025-03-31, classified as of 2025-06-30",table22_population_persons is not the stage-1 NTA final-return numerator and is not restricted to voluntary final-return filings alone,ADMINISTRATIVE_ANNUAL_STATISTICS_COUNT,REPRODUCED_OFFICIAL_ADMINISTRATIVE_CROSSTAB,NTA total net income is not F71561 equivalized disposable income; decile linkage still requires an explicit bridge assumption
23,50億円,2000000000,5000000000,False,miscellaneous,雑所得者,7,7,0,0,1,0,0,466,446,18,7,0,NTA-R06,data/raw/nta/nta_fy2024_annual_statistics.pdf,18e26ad7d255a41d82d171d42478c76a36bae5cb8345c65fef717318db5bf529,"Table 2-2(1), printed pp.61-62 / PDF pages 71-72",62,72,6.1.1,50.0.1,"Table 2-2(1): persons who filed for 2024 or whose income-tax cases were processed (correction/determination etc.) by 2025-03-31, classified as of 2025-06-30",table22_population_persons is not the stage-1 NTA final-return numerator and is not restricted to voluntary final-return filings alone,ADMINISTRATIVE_ANNUAL_STATISTICS_COUNT,REPRODUCED_OFFICIAL_ADMINISTRATIVE_CROSSTAB,NTA total net income is not F71561 equivalized disposable income; decile linkage still requires an explicit bridge assumption
23,50億円,2000000000,5000000000,False,other,他の区分に該当しない所得者,425,410,14,1,0.964705882353,0.0329411764706,0.00235294117647,466,446,18,410,0,NTA-R06,data/raw/nta/nta_fy2024_annual_statistics.pdf,18e26ad7d255a41d82d171d42478c76a36bae5cb8345c65fef717318db5bf529,"Table 2-2(1), printed pp.61-62 / PDF pages 71-72",62,72,6.1.1,50.0.1,"Table 2-2(1): persons who filed for 2024 or whose income-tax cases were processed (correction/determination etc.) by 2025-03-31, classified as of 2025-06-30",table22_population_persons is not the stage-1 NTA final-return numerator and is not restricted to voluntary final-return filings alone,ADMINISTRATIVE_ANNUAL_STATISTICS_COUNT,REPRODUCED_OFFICIAL_ADMINISTRATIVE_CROSSTAB,NTA total net income is not F71561 equivalized disposable income; decile linkage still requires an explicit bridge assumption
24,100億円,5000000000,10000000000,False,business,事業所得者,3,3,0,0,1,0,0,117,113,3,3,0,NTA-R06,data/raw/nta/nta_fy2024_annual_statistics.pdf,18e26ad7d255a41d82d171d42478c76a36bae5cb8345c65fef717318db5bf529,"Table 2-2(1), printed pp.61-62 / PDF pages 71-72",61,71,6.1.1,50.0.1,"Table 2-2(1): persons who filed for 2024 or whose income-tax cases were processed (correction/determination etc.) by 2025-03-31, classified as of 2025-06-30",table22_population_persons is not the stage-1 NTA final-return numerator and is not restricted to voluntary final-return filings alone,ADMINISTRATIVE_ANNUAL_STATISTICS_COUNT,REPRODUCED_OFFICIAL_ADMINISTRATIVE_CROSSTAB,NTA total net income is not F71561 equivalized disposable income; decile linkage still requires an explicit bridge assumption
24,100億円,5000000000,10000000000,False,real_estate,不動産所得者,0,0,0,0,,,,117,113,3,0,0,NTA-R06,data/raw/nta/nta_fy2024_annual_statistics.pdf,18e26ad7d255a41d82d171d42478c76a36bae5cb8345c65fef717318db5bf529,"Table 2-2(1), printed pp.61-62 / PDF pages 71-72",61,71,6.1.1,50.0.1,"Table 2-2(1): persons who filed for 2024 or whose income-tax cases were processed (correction/determination etc.) by 2025-03-31, classified as of 2025-06-30",table22_population_persons is not the stage-1 NTA final-return numerator and is not restricted to voluntary final-return filings alone,ADMINISTRATIVE_ANNUAL_STATISTICS_COUNT,REPRODUCED_OFFICIAL_ADMINISTRATIVE_CROSSTAB,NTA total net income is not F71561 equivalized disposable income; decile linkage still requires an explicit bridge assumption
24,100億円,5000000000,10000000000,False,salary,給与所得者,1,1,0,0,1,0,0,117,113,3,1,0,NTA-R06,data/raw/nta/nta_fy2024_annual_statistics.pdf,18e26ad7d255a41d82d171d42478c76a36bae5cb8345c65fef717318db5bf529,"Table 2-2(1), printed pp.61-62 / PDF pages 71-72",62,72,6.1.1,50.0.1,"Table 2-2(1): persons who filed for 2024 or whose income-tax cases were processed (correction/determination etc.) by 2025-03-31, classified as of 2025-06-30",table22_population_persons is not the stage-1 NTA final-return numerator and is not restricted to voluntary final-return filings alone,ADMINISTRATIVE_ANNUAL_STATISTICS_COUNT,REPRODUCED_OFFICIAL_ADMINISTRATIVE_CROSSTAB,NTA total net income is not F71561 equivalized disposable income; decile linkage still requires an explicit bridge assumption
24,100億円,5000000000,10000000000,False,miscellaneous,雑所得者,1,1,0,0,1,0,0,117,113,3,1,0,NTA-R06,data/raw/nta/nta_fy2024_annual_statistics.pdf,18e26ad7d255a41d82d171d42478c76a36bae5cb8345c65fef717318db5bf529,"Table 2-2(1), printed pp.61-62 / PDF pages 71-72",62,72,6.1.1,50.0.1,"Table 2-2(1): persons who filed for 2024 or whose income-tax cases were processed (correction/determination etc.) by 2025-03-31, classified as of 2025-06-30",table22_population_persons is not the stage-1 NTA final-return numerator and is not restricted to voluntary final-return filings alone,ADMINISTRATIVE_ANNUAL_STATISTICS_COUNT,REPRODUCED_OFFICIAL_ADMINISTRATIVE_CROSSTAB,NTA total net income is not F71561 equivalized disposable income; decile linkage still requires an explicit bridge assumption
24,100億円,5000000000,10000000000,False,other,他の区分に該当しない所得者,112,108,3,1,0.964285714286,0.0267857142857,0.00892857142857,117,113,3,108,0,NTA-R06,data/raw/nta/nta_fy2024_annual_statistics.pdf,18e26ad7d255a41d82d171d42478c76a36bae5cb8345c65fef717318db5bf529,"Table 2-2(1), printed pp.61-62 / PDF pages 71-72",62,72,6.1.1,50.0.1,"Table 2-2(1): persons who filed for 2024 or whose income-tax cases were processed (correction/determination etc.) by 2025-03-31, classified as of 2025-06-30",table22_population_persons is not the stage-1 NTA final-return numerator and is not restricted to voluntary final-return filings alone,ADMINISTRATIVE_ANNUAL_STATISTICS_COUNT,REPRODUCED_OFFICIAL_ADMINISTRATIVE_CROSSTAB,NTA total net income is not F71561 equivalized disposable income; decile linkage still requires an explicit bridge assumption
25,100億円超,10000000000,,True,business,事業所得者,0,0,0,0,,,,67,66,0,0,0,NTA-R06,data/raw/nta/nta_fy2024_annual_statistics.pdf,18e26ad7d255a41d82d171d42478c76a36bae5cb8345c65fef717318db5bf529,"Table 2-2(1), printed pp.61-62 / PDF pages 71-72",61,71,6.1.1,50.0.1,"Table 2-2(1): persons who filed for 2024 or whose income-tax cases were processed (correction/determination etc.) by 2025-03-31, classified as of 2025-06-30",table22_population_persons is not the stage-1 NTA final-return numerator and is not restricted to voluntary final-return filings alone,ADMINISTRATIVE_ANNUAL_STATISTICS_COUNT,REPRODUCED_OFFICIAL_ADMINISTRATIVE_CROSSTAB,NTA total net income is not F71561 equivalized disposable income; decile linkage still requires an explicit bridge assumption
25,100億円超,10000000000,,True,real_estate,不動産所得者,0,0,0,0,,,,67,66,0,0,0,NTA-R06,data/raw/nta/nta_fy2024_annual_statistics.pdf,18e26ad7d255a41d82d171d42478c76a36bae5cb8345c65fef717318db5bf529,"Table 2-2(1), printed pp.61-62 / PDF pages 71-72",61,71,6.1.1,50.0.1,"Table 2-2(1): persons who filed for 2024 or whose income-tax cases were processed (correction/determination etc.) by 2025-03-31, classified as of 2025-06-30",table22_population_persons is not the stage-1 NTA final-return numerator and is not restricted to voluntary final-return filings alone,ADMINISTRATIVE_ANNUAL_STATISTICS_COUNT,REPRODUCED_OFFICIAL_ADMINISTRATIVE_CROSSTAB,NTA total net income is not F71561 equivalized disposable income; decile linkage still requires an explicit bridge assumption
25,100億円超,10000000000,,True,salary,給与所得者,0,0,0,0,,,,67,66,0,0,0,NTA-R06,data/raw/nta/nta_fy2024_annual_statistics.pdf,18e26ad7d255a41d82d171d42478c76a36bae5cb8345c65fef717318db5bf529,"Table 2-2(1), printed pp.61-62 / PDF pages 71-72",62,72,6.1.1,50.0.1,"Table 2-2(1): persons who filed for 2024 or whose income-tax cases were processed (correction/determination etc.) by 2025-03-31, classified as of 2025-06-30",table22_population_persons is not the stage-1 NTA final-return numerator and is not restricted to voluntary final-return filings alone,ADMINISTRATIVE_ANNUAL_STATISTICS_COUNT,REPRODUCED_OFFICIAL_ADMINISTRATIVE_CROSSTAB,NTA total net income is not F71561 equivalized disposable income; decile linkage still requires an explicit bridge assumption
25,100億円超,10000000000,,True,miscellaneous,雑所得者,0,0,0,0,,,,67,66,0,0,0,NTA-R06,data/raw/nta/nta_fy2024_annual_statistics.pdf,18e26ad7d255a41d82d171d42478c76a36bae5cb8345c65fef717318db5bf529,"Table 2-2(1), printed pp.61-62 / PDF pages 71-72",62,72,6.1.1,50.0.1,"Table 2-2(1): persons who filed for 2024 or whose income-tax cases were processed (correction/determination etc.) by 2025-03-31, classified as of 2025-06-30",table22_population_persons is not the stage-1 NTA final-return numerator and is not restricted to voluntary final-return filings alone,ADMINISTRATIVE_ANNUAL_STATISTICS_COUNT,REPRODUCED_OFFICIAL_ADMINISTRATIVE_CROSSTAB,NTA total net income is not F71561 equivalized disposable income; decile linkage still requires an explicit bridge assumption
25,100億円超,10000000000,,True,other,他の区分に該当しない所得者,67,66,0,1,0.985074626866,0,0.0149253731343,67,66,0,66,0,NTA-R06,data/raw/nta/nta_fy2024_annual_statistics.pdf,18e26ad7d255a41d82d171d42478c76a36bae5cb8345c65fef717318db5bf529,"Table 2-2(1), printed pp.61-62 / PDF pages 71-72",62,72,6.1.1,50.0.1,"Table 2-2(1): persons who filed for 2024 or whose income-tax cases were processed (correction/determination etc.) by 2025-03-31, classified as of 2025-06-30",table22_population_persons is not the stage-1 NTA final-return numerator and is not restricted to voluntary final-return filings alone,ADMINISTRATIVE_ANNUAL_STATISTICS_COUNT,REPRODUCED_OFFICIAL_ADMINISTRATIVE_CROSSTAB,NTA total net income is not F71561 equivalized disposable income; decile linkage still requires an explicit bridge assumption
