regime_id,vat_standard_rate,vat_reduced_rate,vat_admin_state,invoice_system_state,vat_admin_removal_fraction,vat_admin_resource_share_of_baseline_output,productive_redeployment_fraction,allocative_efficiency_dividend_share,transition_years,released_vat_admin_resource_share,compliance_productivity_level_effect,allocative_efficiency_level_effect,total_institutional_level_effect,annualized_transition_growth_contribution,ordinary_vat_demand_effect,ordinary_vat_demand_effect_status,income_gini_effect_status,wealth_gini_effect_status,fgt2_effect_status,fiscal_balance_effect_status,debt_gdp_effect_status,identification_status
current_8_10_admin_retained,0.10,0.08,retained,retained,0,0,0,0,1,0,0,0,0,0,0,EXCLUDED_FROM_COMPLIANCE_MODULE,NOT_MODELED_PHASE1,NOT_MODELED_PHASE1,NOT_MODELED_PHASE1,FINANCING_CHANNEL_SEPARATE,FINANCING_CHANNEL_SEPARATE,MODEL_CONTINGENT_STRESS_TEST_ONLY
current_8_10_admin_retained,0.10,0.08,retained,retained,0,0,0,0,3,0,0,0,0,0,0,EXCLUDED_FROM_COMPLIANCE_MODULE,NOT_MODELED_PHASE1,NOT_MODELED_PHASE1,NOT_MODELED_PHASE1,FINANCING_CHANNEL_SEPARATE,FINANCING_CHANNEL_SEPARATE,MODEL_CONTINGENT_STRESS_TEST_ONLY
current_8_10_admin_retained,0.10,0.08,retained,retained,0,0,0,0,5,0,0,0,0,0,0,EXCLUDED_FROM_COMPLIANCE_MODULE,NOT_MODELED_PHASE1,NOT_MODELED_PHASE1,NOT_MODELED_PHASE1,FINANCING_CHANNEL_SEPARATE,FINANCING_CHANNEL_SEPARATE,MODEL_CONTINGENT_STRESS_TEST_ONLY
current_8_10_admin_retained,0.10,0.08,retained,retained,0,0,0,0.00025,1,0,0,0,0,0,0,EXCLUDED_FROM_COMPLIANCE_MODULE,NOT_MODELED_PHASE1,NOT_MODELED_PHASE1,NOT_MODELED_PHASE1,FINANCING_CHANNEL_SEPARATE,FINANCING_CHANNEL_SEPARATE,MODEL_CONTINGENT_STRESS_TEST_ONLY
current_8_10_admin_retained,0.10,0.08,retained,retained,0,0,0,0.00025,3,0,0,0,0,0,0,EXCLUDED_FROM_COMPLIANCE_MODULE,NOT_MODELED_PHASE1,NOT_MODELED_PHASE1,NOT_MODELED_PHASE1,FINANCING_CHANNEL_SEPARATE,FINANCING_CHANNEL_SEPARATE,MODEL_CONTINGENT_STRESS_TEST_ONLY
current_8_10_admin_retained,0.10,0.08,retained,retained,0,0,0,0.00025,5,0,0,0,0,0,0,EXCLUDED_FROM_COMPLIANCE_MODULE,NOT_MODELED_PHASE1,NOT_MODELED_PHASE1,NOT_MODELED_PHASE1,FINANCING_CHANNEL_SEPARATE,FINANCING_CHANNEL_SEPARATE,MODEL_CONTINGENT_STRESS_TEST_ONLY
current_8_10_admin_retained,0.10,0.08,retained,retained,0,0,0,0.0005,1,0,0,0,0,0,0,EXCLUDED_FROM_COMPLIANCE_MODULE,NOT_MODELED_PHASE1,NOT_MODELED_PHASE1,NOT_MODELED_PHASE1,FINANCING_CHANNEL_SEPARATE,FINANCING_CHANNEL_SEPARATE,MODEL_CONTINGENT_STRESS_TEST_ONLY
current_8_10_admin_retained,0.10,0.08,retained,retained,0,0,0,0.0005,3,0,0,0,0,0,0,EXCLUDED_FROM_COMPLIANCE_MODULE,NOT_MODELED_PHASE1,NOT_MODELED_PHASE1,NOT_MODELED_PHASE1,FINANCING_CHANNEL_SEPARATE,FINANCING_CHANNEL_SEPARATE,MODEL_CONTINGENT_STRESS_TEST_ONLY
current_8_10_admin_retained,0.10,0.08,retained,retained,0,0,0,0.0005,5,0,0,0,0,0,0,EXCLUDED_FROM_COMPLIANCE_MODULE,NOT_MODELED_PHASE1,NOT_MODELED_PHASE1,NOT_MODELED_PHASE1,FINANCING_CHANNEL_SEPARATE,FINANCING_CHANNEL_SEPARATE,MODEL_CONTINGENT_STRESS_TEST_ONLY
current_8_10_admin_retained,0.10,0.08,retained,retained,0,0,0,0.001,1,0,0,0,0,0,0,EXCLUDED_FROM_COMPLIANCE_MODULE,NOT_MODELED_PHASE1,NOT_MODELED_PHASE1,NOT_MODELED_PHASE1,FINANCING_CHANNEL_SEPARATE,FINANCING_CHANNEL_SEPARATE,MODEL_CONTINGENT_STRESS_TEST_ONLY
current_8_10_admin_retained,0.10,0.08,retained,retained,0,0,0,0.001,3,0,0,0,0,0,0,EXCLUDED_FROM_COMPLIANCE_MODULE,NOT_MODELED_PHASE1,NOT_MODELED_PHASE1,NOT_MODELED_PHASE1,FINANCING_CHANNEL_SEPARATE,FINANCING_CHANNEL_SEPARATE,MODEL_CONTINGENT_STRESS_TEST_ONLY
current_8_10_admin_retained,0.10,0.08,retained,retained,0,0,0,0.001,5,0,0,0,0,0,0,EXCLUDED_FROM_COMPLIANCE_MODULE,NOT_MODELED_PHASE1,NOT_MODELED_PHASE1,NOT_MODELED_PHASE1,FINANCING_CHANNEL_SEPARATE,FINANCING_CHANNEL_SEPARATE,MODEL_CONTINGENT_STRESS_TEST_ONLY
current_8_10_admin_retained,0.10,0.08,retained,retained,0,0,0.25,0,1,0,0,0,0,0,0,EXCLUDED_FROM_COMPLIANCE_MODULE,NOT_MODELED_PHASE1,NOT_MODELED_PHASE1,NOT_MODELED_PHASE1,FINANCING_CHANNEL_SEPARATE,FINANCING_CHANNEL_SEPARATE,MODEL_CONTINGENT_STRESS_TEST_ONLY
current_8_10_admin_retained,0.10,0.08,retained,retained,0,0,0.25,0,3,0,0,0,0,0,0,EXCLUDED_FROM_COMPLIANCE_MODULE,NOT_MODELED_PHASE1,NOT_MODELED_PHASE1,NOT_MODELED_PHASE1,FINANCING_CHANNEL_SEPARATE,FINANCING_CHANNEL_SEPARATE,MODEL_CONTINGENT_STRESS_TEST_ONLY
current_8_10_admin_retained,0.10,0.08,retained,retained,0,0,0.25,0,5,0,0,0,0,0,0,EXCLUDED_FROM_COMPLIANCE_MODULE,NOT_MODELED_PHASE1,NOT_MODELED_PHASE1,NOT_MODELED_PHASE1,FINANCING_CHANNEL_SEPARATE,FINANCING_CHANNEL_SEPARATE,MODEL_CONTINGENT_STRESS_TEST_ONLY
current_8_10_admin_retained,0.10,0.08,retained,retained,0,0,0.25,0.00025,1,0,0,0,0,0,0,EXCLUDED_FROM_COMPLIANCE_MODULE,NOT_MODELED_PHASE1,NOT_MODELED_PHASE1,NOT_MODELED_PHASE1,FINANCING_CHANNEL_SEPARATE,FINANCING_CHANNEL_SEPARATE,MODEL_CONTINGENT_STRESS_TEST_ONLY
current_8_10_admin_retained,0.10,0.08,retained,retained,0,0,0.25,0.00025,3,0,0,0,0,0,0,EXCLUDED_FROM_COMPLIANCE_MODULE,NOT_MODELED_PHASE1,NOT_MODELED_PHASE1,NOT_MODELED_PHASE1,FINANCING_CHANNEL_SEPARATE,FINANCING_CHANNEL_SEPARATE,MODEL_CONTINGENT_STRESS_TEST_ONLY
current_8_10_admin_retained,0.10,0.08,retained,retained,0,0,0.25,0.00025,5,0,0,0,0,0,0,EXCLUDED_FROM_COMPLIANCE_MODULE,NOT_MODELED_PHASE1,NOT_MODELED_PHASE1,NOT_MODELED_PHASE1,FINANCING_CHANNEL_SEPARATE,FINANCING_CHANNEL_SEPARATE,MODEL_CONTINGENT_STRESS_TEST_ONLY
current_8_10_admin_retained,0.10,0.08,retained,retained,0,0,0.25,0.0005,1,0,0,0,0,0,0,EXCLUDED_FROM_COMPLIANCE_MODULE,NOT_MODELED_PHASE1,NOT_MODELED_PHASE1,NOT_MODELED_PHASE1,FINANCING_CHANNEL_SEPARATE,FINANCING_CHANNEL_SEPARATE,MODEL_CONTINGENT_STRESS_TEST_ONLY
current_8_10_admin_retained,0.10,0.08,retained,retained,0,0,0.25,0.0005,3,0,0,0,0,0,0,EXCLUDED_FROM_COMPLIANCE_MODULE,NOT_MODELED_PHASE1,NOT_MODELED_PHASE1,NOT_MODELED_PHASE1,FINANCING_CHANNEL_SEPARATE,FINANCING_CHANNEL_SEPARATE,MODEL_CONTINGENT_STRESS_TEST_ONLY
current_8_10_admin_retained,0.10,0.08,retained,retained,0,0,0.25,0.0005,5,0,0,0,0,0,0,EXCLUDED_FROM_COMPLIANCE_MODULE,NOT_MODELED_PHASE1,NOT_MODELED_PHASE1,NOT_MODELED_PHASE1,FINANCING_CHANNEL_SEPARATE,FINANCING_CHANNEL_SEPARATE,MODEL_CONTINGENT_STRESS_TEST_ONLY
current_8_10_admin_retained,0.10,0.08,retained,retained,0,0,0.25,0.001,1,0,0,0,0,0,0,EXCLUDED_FROM_COMPLIANCE_MODULE,NOT_MODELED_PHASE1,NOT_MODELED_PHASE1,NOT_MODELED_PHASE1,FINANCING_CHANNEL_SEPARATE,FINANCING_CHANNEL_SEPARATE,MODEL_CONTINGENT_STRESS_TEST_ONLY
current_8_10_admin_retained,0.10,0.08,retained,retained,0,0,0.25,0.001,3,0,0,0,0,0,0,EXCLUDED_FROM_COMPLIANCE_MODULE,NOT_MODELED_PHASE1,NOT_MODELED_PHASE1,NOT_MODELED_PHASE1,FINANCING_CHANNEL_SEPARATE,FINANCING_CHANNEL_SEPARATE,MODEL_CONTINGENT_STRESS_TEST_ONLY
current_8_10_admin_retained,0.10,0.08,retained,retained,0,0,0.25,0.001,5,0,0,0,0,0,0,EXCLUDED_FROM_COMPLIANCE_MODULE,NOT_MODELED_PHASE1,NOT_MODELED_PHASE1,NOT_MODELED_PHASE1,FINANCING_CHANNEL_SEPARATE,FINANCING_CHANNEL_SEPARATE,MODEL_CONTINGENT_STRESS_TEST_ONLY
current_8_10_admin_retained,0.10,0.08,retained,retained,0,0,0.5,0,1,0,0,0,0,0,0,EXCLUDED_FROM_COMPLIANCE_MODULE,NOT_MODELED_PHASE1,NOT_MODELED_PHASE1,NOT_MODELED_PHASE1,FINANCING_CHANNEL_SEPARATE,FINANCING_CHANNEL_SEPARATE,MODEL_CONTINGENT_STRESS_TEST_ONLY
current_8_10_admin_retained,0.10,0.08,retained,retained,0,0,0.5,0,3,0,0,0,0,0,0,EXCLUDED_FROM_COMPLIANCE_MODULE,NOT_MODELED_PHASE1,NOT_MODELED_PHASE1,NOT_MODELED_PHASE1,FINANCING_CHANNEL_SEPARATE,FINANCING_CHANNEL_SEPARATE,MODEL_CONTINGENT_STRESS_TEST_ONLY
current_8_10_admin_retained,0.10,0.08,retained,retained,0,0,0.5,0,5,0,0,0,0,0,0,EXCLUDED_FROM_COMPLIANCE_MODULE,NOT_MODELED_PHASE1,NOT_MODELED_PHASE1,NOT_MODELED_PHASE1,FINANCING_CHANNEL_SEPARATE,FINANCING_CHANNEL_SEPARATE,MODEL_CONTINGENT_STRESS_TEST_ONLY
current_8_10_admin_retained,0.10,0.08,retained,retained,0,0,0.5,0.00025,1,0,0,0,0,0,0,EXCLUDED_FROM_COMPLIANCE_MODULE,NOT_MODELED_PHASE1,NOT_MODELED_PHASE1,NOT_MODELED_PHASE1,FINANCING_CHANNEL_SEPARATE,FINANCING_CHANNEL_SEPARATE,MODEL_CONTINGENT_STRESS_TEST_ONLY
current_8_10_admin_retained,0.10,0.08,retained,retained,0,0,0.5,0.00025,3,0,0,0,0,0,0,EXCLUDED_FROM_COMPLIANCE_MODULE,NOT_MODELED_PHASE1,NOT_MODELED_PHASE1,NOT_MODELED_PHASE1,FINANCING_CHANNEL_SEPARATE,FINANCING_CHANNEL_SEPARATE,MODEL_CONTINGENT_STRESS_TEST_ONLY
current_8_10_admin_retained,0.10,0.08,retained,retained,0,0,0.5,0.00025,5,0,0,0,0,0,0,EXCLUDED_FROM_COMPLIANCE_MODULE,NOT_MODELED_PHASE1,NOT_MODELED_PHASE1,NOT_MODELED_PHASE1,FINANCING_CHANNEL_SEPARATE,FINANCING_CHANNEL_SEPARATE,MODEL_CONTINGENT_STRESS_TEST_ONLY
current_8_10_admin_retained,0.10,0.08,retained,retained,0,0,0.5,0.0005,1,0,0,0,0,0,0,EXCLUDED_FROM_COMPLIANCE_MODULE,NOT_MODELED_PHASE1,NOT_MODELED_PHASE1,NOT_MODELED_PHASE1,FINANCING_CHANNEL_SEPARATE,FINANCING_CHANNEL_SEPARATE,MODEL_CONTINGENT_STRESS_TEST_ONLY
current_8_10_admin_retained,0.10,0.08,retained,retained,0,0,0.5,0.0005,3,0,0,0,0,0,0,EXCLUDED_FROM_COMPLIANCE_MODULE,NOT_MODELED_PHASE1,NOT_MODELED_PHASE1,NOT_MODELED_PHASE1,FINANCING_CHANNEL_SEPARATE,FINANCING_CHANNEL_SEPARATE,MODEL_CONTINGENT_STRESS_TEST_ONLY
current_8_10_admin_retained,0.10,0.08,retained,retained,0,0,0.5,0.0005,5,0,0,0,0,0,0,EXCLUDED_FROM_COMPLIANCE_MODULE,NOT_MODELED_PHASE1,NOT_MODELED_PHASE1,NOT_MODELED_PHASE1,FINANCING_CHANNEL_SEPARATE,FINANCING_CHANNEL_SEPARATE,MODEL_CONTINGENT_STRESS_TEST_ONLY
current_8_10_admin_retained,0.10,0.08,retained,retained,0,0,0.5,0.001,1,0,0,0,0,0,0,EXCLUDED_FROM_COMPLIANCE_MODULE,NOT_MODELED_PHASE1,NOT_MODELED_PHASE1,NOT_MODELED_PHASE1,FINANCING_CHANNEL_SEPARATE,FINANCING_CHANNEL_SEPARATE,MODEL_CONTINGENT_STRESS_TEST_ONLY
current_8_10_admin_retained,0.10,0.08,retained,retained,0,0,0.5,0.001,3,0,0,0,0,0,0,EXCLUDED_FROM_COMPLIANCE_MODULE,NOT_MODELED_PHASE1,NOT_MODELED_PHASE1,NOT_MODELED_PHASE1,FINANCING_CHANNEL_SEPARATE,FINANCING_CHANNEL_SEPARATE,MODEL_CONTINGENT_STRESS_TEST_ONLY
current_8_10_admin_retained,0.10,0.08,retained,retained,0,0,0.5,0.001,5,0,0,0,0,0,0,EXCLUDED_FROM_COMPLIANCE_MODULE,NOT_MODELED_PHASE1,NOT_MODELED_PHASE1,NOT_MODELED_PHASE1,FINANCING_CHANNEL_SEPARATE,FINANCING_CHANNEL_SEPARATE,MODEL_CONTINGENT_STRESS_TEST_ONLY
current_8_10_admin_retained,0.10,0.08,retained,retained,0,0,0.75,0,1,0,0,0,0,0,0,EXCLUDED_FROM_COMPLIANCE_MODULE,NOT_MODELED_PHASE1,NOT_MODELED_PHASE1,NOT_MODELED_PHASE1,FINANCING_CHANNEL_SEPARATE,FINANCING_CHANNEL_SEPARATE,MODEL_CONTINGENT_STRESS_TEST_ONLY
current_8_10_admin_retained,0.10,0.08,retained,retained,0,0,0.75,0,3,0,0,0,0,0,0,EXCLUDED_FROM_COMPLIANCE_MODULE,NOT_MODELED_PHASE1,NOT_MODELED_PHASE1,NOT_MODELED_PHASE1,FINANCING_CHANNEL_SEPARATE,FINANCING_CHANNEL_SEPARATE,MODEL_CONTINGENT_STRESS_TEST_ONLY
current_8_10_admin_retained,0.10,0.08,retained,retained,0,0,0.75,0,5,0,0,0,0,0,0,EXCLUDED_FROM_COMPLIANCE_MODULE,NOT_MODELED_PHASE1,NOT_MODELED_PHASE1,NOT_MODELED_PHASE1,FINANCING_CHANNEL_SEPARATE,FINANCING_CHANNEL_SEPARATE,MODEL_CONTINGENT_STRESS_TEST_ONLY
current_8_10_admin_retained,0.10,0.08,retained,retained,0,0,0.75,0.00025,1,0,0,0,0,0,0,EXCLUDED_FROM_COMPLIANCE_MODULE,NOT_MODELED_PHASE1,NOT_MODELED_PHASE1,NOT_MODELED_PHASE1,FINANCING_CHANNEL_SEPARATE,FINANCING_CHANNEL_SEPARATE,MODEL_CONTINGENT_STRESS_TEST_ONLY
current_8_10_admin_retained,0.10,0.08,retained,retained,0,0,0.75,0.00025,3,0,0,0,0,0,0,EXCLUDED_FROM_COMPLIANCE_MODULE,NOT_MODELED_PHASE1,NOT_MODELED_PHASE1,NOT_MODELED_PHASE1,FINANCING_CHANNEL_SEPARATE,FINANCING_CHANNEL_SEPARATE,MODEL_CONTINGENT_STRESS_TEST_ONLY
current_8_10_admin_retained,0.10,0.08,retained,retained,0,0,0.75,0.00025,5,0,0,0,0,0,0,EXCLUDED_FROM_COMPLIANCE_MODULE,NOT_MODELED_PHASE1,NOT_MODELED_PHASE1,NOT_MODELED_PHASE1,FINANCING_CHANNEL_SEPARATE,FINANCING_CHANNEL_SEPARATE,MODEL_CONTINGENT_STRESS_TEST_ONLY
current_8_10_admin_retained,0.10,0.08,retained,retained,0,0,0.75,0.0005,1,0,0,0,0,0,0,EXCLUDED_FROM_COMPLIANCE_MODULE,NOT_MODELED_PHASE1,NOT_MODELED_PHASE1,NOT_MODELED_PHASE1,FINANCING_CHANNEL_SEPARATE,FINANCING_CHANNEL_SEPARATE,MODEL_CONTINGENT_STRESS_TEST_ONLY
current_8_10_admin_retained,0.10,0.08,retained,retained,0,0,0.75,0.0005,3,0,0,0,0,0,0,EXCLUDED_FROM_COMPLIANCE_MODULE,NOT_MODELED_PHASE1,NOT_MODELED_PHASE1,NOT_MODELED_PHASE1,FINANCING_CHANNEL_SEPARATE,FINANCING_CHANNEL_SEPARATE,MODEL_CONTINGENT_STRESS_TEST_ONLY
current_8_10_admin_retained,0.10,0.08,retained,retained,0,0,0.75,0.0005,5,0,0,0,0,0,0,EXCLUDED_FROM_COMPLIANCE_MODULE,NOT_MODELED_PHASE1,NOT_MODELED_PHASE1,NOT_MODELED_PHASE1,FINANCING_CHANNEL_SEPARATE,FINANCING_CHANNEL_SEPARATE,MODEL_CONTINGENT_STRESS_TEST_ONLY
current_8_10_admin_retained,0.10,0.08,retained,retained,0,0,0.75,0.001,1,0,0,0,0,0,0,EXCLUDED_FROM_COMPLIANCE_MODULE,NOT_MODELED_PHASE1,NOT_MODELED_PHASE1,NOT_MODELED_PHASE1,FINANCING_CHANNEL_SEPARATE,FINANCING_CHANNEL_SEPARATE,MODEL_CONTINGENT_STRESS_TEST_ONLY
current_8_10_admin_retained,0.10,0.08,retained,retained,0,0,0.75,0.001,3,0,0,0,0,0,0,EXCLUDED_FROM_COMPLIANCE_MODULE,NOT_MODELED_PHASE1,NOT_MODELED_PHASE1,NOT_MODELED_PHASE1,FINANCING_CHANNEL_SEPARATE,FINANCING_CHANNEL_SEPARATE,MODEL_CONTINGENT_STRESS_TEST_ONLY
current_8_10_admin_retained,0.10,0.08,retained,retained,0,0,0.75,0.001,5,0,0,0,0,0,0,EXCLUDED_FROM_COMPLIANCE_MODULE,NOT_MODELED_PHASE1,NOT_MODELED_PHASE1,NOT_MODELED_PHASE1,FINANCING_CHANNEL_SEPARATE,FINANCING_CHANNEL_SEPARATE,MODEL_CONTINGENT_STRESS_TEST_ONLY
current_8_10_admin_retained,0.10,0.08,retained,retained,0,0,1,0,1,0,0,0,0,0,0,EXCLUDED_FROM_COMPLIANCE_MODULE,NOT_MODELED_PHASE1,NOT_MODELED_PHASE1,NOT_MODELED_PHASE1,FINANCING_CHANNEL_SEPARATE,FINANCING_CHANNEL_SEPARATE,MODEL_CONTINGENT_STRESS_TEST_ONLY
current_8_10_admin_retained,0.10,0.08,retained,retained,0,0,1,0,3,0,0,0,0,0,0,EXCLUDED_FROM_COMPLIANCE_MODULE,NOT_MODELED_PHASE1,NOT_MODELED_PHASE1,NOT_MODELED_PHASE1,FINANCING_CHANNEL_SEPARATE,FINANCING_CHANNEL_SEPARATE,MODEL_CONTINGENT_STRESS_TEST_ONLY
current_8_10_admin_retained,0.10,0.08,retained,retained,0,0,1,0,5,0,0,0,0,0,0,EXCLUDED_FROM_COMPLIANCE_MODULE,NOT_MODELED_PHASE1,NOT_MODELED_PHASE1,NOT_MODELED_PHASE1,FINANCING_CHANNEL_SEPARATE,FINANCING_CHANNEL_SEPARATE,MODEL_CONTINGENT_STRESS_TEST_ONLY
current_8_10_admin_retained,0.10,0.08,retained,retained,0,0,1,0.00025,1,0,0,0,0,0,0,EXCLUDED_FROM_COMPLIANCE_MODULE,NOT_MODELED_PHASE1,NOT_MODELED_PHASE1,NOT_MODELED_PHASE1,FINANCING_CHANNEL_SEPARATE,FINANCING_CHANNEL_SEPARATE,MODEL_CONTINGENT_STRESS_TEST_ONLY
current_8_10_admin_retained,0.10,0.08,retained,retained,0,0,1,0.00025,3,0,0,0,0,0,0,EXCLUDED_FROM_COMPLIANCE_MODULE,NOT_MODELED_PHASE1,NOT_MODELED_PHASE1,NOT_MODELED_PHASE1,FINANCING_CHANNEL_SEPARATE,FINANCING_CHANNEL_SEPARATE,MODEL_CONTINGENT_STRESS_TEST_ONLY
current_8_10_admin_retained,0.10,0.08,retained,retained,0,0,1,0.00025,5,0,0,0,0,0,0,EXCLUDED_FROM_COMPLIANCE_MODULE,NOT_MODELED_PHASE1,NOT_MODELED_PHASE1,NOT_MODELED_PHASE1,FINANCING_CHANNEL_SEPARATE,FINANCING_CHANNEL_SEPARATE,MODEL_CONTINGENT_STRESS_TEST_ONLY
current_8_10_admin_retained,0.10,0.08,retained,retained,0,0,1,0.0005,1,0,0,0,0,0,0,EXCLUDED_FROM_COMPLIANCE_MODULE,NOT_MODELED_PHASE1,NOT_MODELED_PHASE1,NOT_MODELED_PHASE1,FINANCING_CHANNEL_SEPARATE,FINANCING_CHANNEL_SEPARATE,MODEL_CONTINGENT_STRESS_TEST_ONLY
current_8_10_admin_retained,0.10,0.08,retained,retained,0,0,1,0.0005,3,0,0,0,0,0,0,EXCLUDED_FROM_COMPLIANCE_MODULE,NOT_MODELED_PHASE1,NOT_MODELED_PHASE1,NOT_MODELED_PHASE1,FINANCING_CHANNEL_SEPARATE,FINANCING_CHANNEL_SEPARATE,MODEL_CONTINGENT_STRESS_TEST_ONLY
current_8_10_admin_retained,0.10,0.08,retained,retained,0,0,1,0.0005,5,0,0,0,0,0,0,EXCLUDED_FROM_COMPLIANCE_MODULE,NOT_MODELED_PHASE1,NOT_MODELED_PHASE1,NOT_MODELED_PHASE1,FINANCING_CHANNEL_SEPARATE,FINANCING_CHANNEL_SEPARATE,MODEL_CONTINGENT_STRESS_TEST_ONLY
current_8_10_admin_retained,0.10,0.08,retained,retained,0,0,1,0.001,1,0,0,0,0,0,0,EXCLUDED_FROM_COMPLIANCE_MODULE,NOT_MODELED_PHASE1,NOT_MODELED_PHASE1,NOT_MODELED_PHASE1,FINANCING_CHANNEL_SEPARATE,FINANCING_CHANNEL_SEPARATE,MODEL_CONTINGENT_STRESS_TEST_ONLY
current_8_10_admin_retained,0.10,0.08,retained,retained,0,0,1,0.001,3,0,0,0,0,0,0,EXCLUDED_FROM_COMPLIANCE_MODULE,NOT_MODELED_PHASE1,NOT_MODELED_PHASE1,NOT_MODELED_PHASE1,FINANCING_CHANNEL_SEPARATE,FINANCING_CHANNEL_SEPARATE,MODEL_CONTINGENT_STRESS_TEST_ONLY
current_8_10_admin_retained,0.10,0.08,retained,retained,0,0,1,0.001,5,0,0,0,0,0,0,EXCLUDED_FROM_COMPLIANCE_MODULE,NOT_MODELED_PHASE1,NOT_MODELED_PHASE1,NOT_MODELED_PHASE1,FINANCING_CHANNEL_SEPARATE,FINANCING_CHANNEL_SEPARATE,MODEL_CONTINGENT_STRESS_TEST_ONLY
current_8_10_admin_retained,0.10,0.08,retained,retained,0,0.0005,0,0,1,0,0,0,0,0,0,EXCLUDED_FROM_COMPLIANCE_MODULE,NOT_MODELED_PHASE1,NOT_MODELED_PHASE1,NOT_MODELED_PHASE1,FINANCING_CHANNEL_SEPARATE,FINANCING_CHANNEL_SEPARATE,MODEL_CONTINGENT_STRESS_TEST_ONLY
current_8_10_admin_retained,0.10,0.08,retained,retained,0,0.0005,0,0,3,0,0,0,0,0,0,EXCLUDED_FROM_COMPLIANCE_MODULE,NOT_MODELED_PHASE1,NOT_MODELED_PHASE1,NOT_MODELED_PHASE1,FINANCING_CHANNEL_SEPARATE,FINANCING_CHANNEL_SEPARATE,MODEL_CONTINGENT_STRESS_TEST_ONLY
current_8_10_admin_retained,0.10,0.08,retained,retained,0,0.0005,0,0,5,0,0,0,0,0,0,EXCLUDED_FROM_COMPLIANCE_MODULE,NOT_MODELED_PHASE1,NOT_MODELED_PHASE1,NOT_MODELED_PHASE1,FINANCING_CHANNEL_SEPARATE,FINANCING_CHANNEL_SEPARATE,MODEL_CONTINGENT_STRESS_TEST_ONLY
current_8_10_admin_retained,0.10,0.08,retained,retained,0,0.0005,0,0.00025,1,0,0,0,0,0,0,EXCLUDED_FROM_COMPLIANCE_MODULE,NOT_MODELED_PHASE1,NOT_MODELED_PHASE1,NOT_MODELED_PHASE1,FINANCING_CHANNEL_SEPARATE,FINANCING_CHANNEL_SEPARATE,MODEL_CONTINGENT_STRESS_TEST_ONLY
current_8_10_admin_retained,0.10,0.08,retained,retained,0,0.0005,0,0.00025,3,0,0,0,0,0,0,EXCLUDED_FROM_COMPLIANCE_MODULE,NOT_MODELED_PHASE1,NOT_MODELED_PHASE1,NOT_MODELED_PHASE1,FINANCING_CHANNEL_SEPARATE,FINANCING_CHANNEL_SEPARATE,MODEL_CONTINGENT_STRESS_TEST_ONLY
current_8_10_admin_retained,0.10,0.08,retained,retained,0,0.0005,0,0.00025,5,0,0,0,0,0,0,EXCLUDED_FROM_COMPLIANCE_MODULE,NOT_MODELED_PHASE1,NOT_MODELED_PHASE1,NOT_MODELED_PHASE1,FINANCING_CHANNEL_SEPARATE,FINANCING_CHANNEL_SEPARATE,MODEL_CONTINGENT_STRESS_TEST_ONLY
current_8_10_admin_retained,0.10,0.08,retained,retained,0,0.0005,0,0.0005,1,0,0,0,0,0,0,EXCLUDED_FROM_COMPLIANCE_MODULE,NOT_MODELED_PHASE1,NOT_MODELED_PHASE1,NOT_MODELED_PHASE1,FINANCING_CHANNEL_SEPARATE,FINANCING_CHANNEL_SEPARATE,MODEL_CONTINGENT_STRESS_TEST_ONLY
current_8_10_admin_retained,0.10,0.08,retained,retained,0,0.0005,0,0.0005,3,0,0,0,0,0,0,EXCLUDED_FROM_COMPLIANCE_MODULE,NOT_MODELED_PHASE1,NOT_MODELED_PHASE1,NOT_MODELED_PHASE1,FINANCING_CHANNEL_SEPARATE,FINANCING_CHANNEL_SEPARATE,MODEL_CONTINGENT_STRESS_TEST_ONLY
current_8_10_admin_retained,0.10,0.08,retained,retained,0,0.0005,0,0.0005,5,0,0,0,0,0,0,EXCLUDED_FROM_COMPLIANCE_MODULE,NOT_MODELED_PHASE1,NOT_MODELED_PHASE1,NOT_MODELED_PHASE1,FINANCING_CHANNEL_SEPARATE,FINANCING_CHANNEL_SEPARATE,MODEL_CONTINGENT_STRESS_TEST_ONLY
current_8_10_admin_retained,0.10,0.08,retained,retained,0,0.0005,0,0.001,1,0,0,0,0,0,0,EXCLUDED_FROM_COMPLIANCE_MODULE,NOT_MODELED_PHASE1,NOT_MODELED_PHASE1,NOT_MODELED_PHASE1,FINANCING_CHANNEL_SEPARATE,FINANCING_CHANNEL_SEPARATE,MODEL_CONTINGENT_STRESS_TEST_ONLY
current_8_10_admin_retained,0.10,0.08,retained,retained,0,0.0005,0,0.001,3,0,0,0,0,0,0,EXCLUDED_FROM_COMPLIANCE_MODULE,NOT_MODELED_PHASE1,NOT_MODELED_PHASE1,NOT_MODELED_PHASE1,FINANCING_CHANNEL_SEPARATE,FINANCING_CHANNEL_SEPARATE,MODEL_CONTINGENT_STRESS_TEST_ONLY
current_8_10_admin_retained,0.10,0.08,retained,retained,0,0.0005,0,0.001,5,0,0,0,0,0,0,EXCLUDED_FROM_COMPLIANCE_MODULE,NOT_MODELED_PHASE1,NOT_MODELED_PHASE1,NOT_MODELED_PHASE1,FINANCING_CHANNEL_SEPARATE,FINANCING_CHANNEL_SEPARATE,MODEL_CONTINGENT_STRESS_TEST_ONLY
current_8_10_admin_retained,0.10,0.08,retained,retained,0,0.0005,0.25,0,1,0,0,0,0,0,0,EXCLUDED_FROM_COMPLIANCE_MODULE,NOT_MODELED_PHASE1,NOT_MODELED_PHASE1,NOT_MODELED_PHASE1,FINANCING_CHANNEL_SEPARATE,FINANCING_CHANNEL_SEPARATE,MODEL_CONTINGENT_STRESS_TEST_ONLY
current_8_10_admin_retained,0.10,0.08,retained,retained,0,0.0005,0.25,0,3,0,0,0,0,0,0,EXCLUDED_FROM_COMPLIANCE_MODULE,NOT_MODELED_PHASE1,NOT_MODELED_PHASE1,NOT_MODELED_PHASE1,FINANCING_CHANNEL_SEPARATE,FINANCING_CHANNEL_SEPARATE,MODEL_CONTINGENT_STRESS_TEST_ONLY
current_8_10_admin_retained,0.10,0.08,retained,retained,0,0.0005,0.25,0,5,0,0,0,0,0,0,EXCLUDED_FROM_COMPLIANCE_MODULE,NOT_MODELED_PHASE1,NOT_MODELED_PHASE1,NOT_MODELED_PHASE1,FINANCING_CHANNEL_SEPARATE,FINANCING_CHANNEL_SEPARATE,MODEL_CONTINGENT_STRESS_TEST_ONLY
current_8_10_admin_retained,0.10,0.08,retained,retained,0,0.0005,0.25,0.00025,1,0,0,0,0,0,0,EXCLUDED_FROM_COMPLIANCE_MODULE,NOT_MODELED_PHASE1,NOT_MODELED_PHASE1,NOT_MODELED_PHASE1,FINANCING_CHANNEL_SEPARATE,FINANCING_CHANNEL_SEPARATE,MODEL_CONTINGENT_STRESS_TEST_ONLY
current_8_10_admin_retained,0.10,0.08,retained,retained,0,0.0005,0.25,0.00025,3,0,0,0,0,0,0,EXCLUDED_FROM_COMPLIANCE_MODULE,NOT_MODELED_PHASE1,NOT_MODELED_PHASE1,NOT_MODELED_PHASE1,FINANCING_CHANNEL_SEPARATE,FINANCING_CHANNEL_SEPARATE,MODEL_CONTINGENT_STRESS_TEST_ONLY
current_8_10_admin_retained,0.10,0.08,retained,retained,0,0.0005,0.25,0.00025,5,0,0,0,0,0,0,EXCLUDED_FROM_COMPLIANCE_MODULE,NOT_MODELED_PHASE1,NOT_MODELED_PHASE1,NOT_MODELED_PHASE1,FINANCING_CHANNEL_SEPARATE,FINANCING_CHANNEL_SEPARATE,MODEL_CONTINGENT_STRESS_TEST_ONLY
current_8_10_admin_retained,0.10,0.08,retained,retained,0,0.0005,0.25,0.0005,1,0,0,0,0,0,0,EXCLUDED_FROM_COMPLIANCE_MODULE,NOT_MODELED_PHASE1,NOT_MODELED_PHASE1,NOT_MODELED_PHASE1,FINANCING_CHANNEL_SEPARATE,FINANCING_CHANNEL_SEPARATE,MODEL_CONTINGENT_STRESS_TEST_ONLY
current_8_10_admin_retained,0.10,0.08,retained,retained,0,0.0005,0.25,0.0005,3,0,0,0,0,0,0,EXCLUDED_FROM_COMPLIANCE_MODULE,NOT_MODELED_PHASE1,NOT_MODELED_PHASE1,NOT_MODELED_PHASE1,FINANCING_CHANNEL_SEPARATE,FINANCING_CHANNEL_SEPARATE,MODEL_CONTINGENT_STRESS_TEST_ONLY
current_8_10_admin_retained,0.10,0.08,retained,retained,0,0.0005,0.25,0.0005,5,0,0,0,0,0,0,EXCLUDED_FROM_COMPLIANCE_MODULE,NOT_MODELED_PHASE1,NOT_MODELED_PHASE1,NOT_MODELED_PHASE1,FINANCING_CHANNEL_SEPARATE,FINANCING_CHANNEL_SEPARATE,MODEL_CONTINGENT_STRESS_TEST_ONLY
current_8_10_admin_retained,0.10,0.08,retained,retained,0,0.0005,0.25,0.001,1,0,0,0,0,0,0,EXCLUDED_FROM_COMPLIANCE_MODULE,NOT_MODELED_PHASE1,NOT_MODELED_PHASE1,NOT_MODELED_PHASE1,FINANCING_CHANNEL_SEPARATE,FINANCING_CHANNEL_SEPARATE,MODEL_CONTINGENT_STRESS_TEST_ONLY
current_8_10_admin_retained,0.10,0.08,retained,retained,0,0.0005,0.25,0.001,3,0,0,0,0,0,0,EXCLUDED_FROM_COMPLIANCE_MODULE,NOT_MODELED_PHASE1,NOT_MODELED_PHASE1,NOT_MODELED_PHASE1,FINANCING_CHANNEL_SEPARATE,FINANCING_CHANNEL_SEPARATE,MODEL_CONTINGENT_STRESS_TEST_ONLY
current_8_10_admin_retained,0.10,0.08,retained,retained,0,0.0005,0.25,0.001,5,0,0,0,0,0,0,EXCLUDED_FROM_COMPLIANCE_MODULE,NOT_MODELED_PHASE1,NOT_MODELED_PHASE1,NOT_MODELED_PHASE1,FINANCING_CHANNEL_SEPARATE,FINANCING_CHANNEL_SEPARATE,MODEL_CONTINGENT_STRESS_TEST_ONLY
current_8_10_admin_retained,0.10,0.08,retained,retained,0,0.0005,0.5,0,1,0,0,0,0,0,0,EXCLUDED_FROM_COMPLIANCE_MODULE,NOT_MODELED_PHASE1,NOT_MODELED_PHASE1,NOT_MODELED_PHASE1,FINANCING_CHANNEL_SEPARATE,FINANCING_CHANNEL_SEPARATE,MODEL_CONTINGENT_STRESS_TEST_ONLY
current_8_10_admin_retained,0.10,0.08,retained,retained,0,0.0005,0.5,0,3,0,0,0,0,0,0,EXCLUDED_FROM_COMPLIANCE_MODULE,NOT_MODELED_PHASE1,NOT_MODELED_PHASE1,NOT_MODELED_PHASE1,FINANCING_CHANNEL_SEPARATE,FINANCING_CHANNEL_SEPARATE,MODEL_CONTINGENT_STRESS_TEST_ONLY
current_8_10_admin_retained,0.10,0.08,retained,retained,0,0.0005,0.5,0,5,0,0,0,0,0,0,EXCLUDED_FROM_COMPLIANCE_MODULE,NOT_MODELED_PHASE1,NOT_MODELED_PHASE1,NOT_MODELED_PHASE1,FINANCING_CHANNEL_SEPARATE,FINANCING_CHANNEL_SEPARATE,MODEL_CONTINGENT_STRESS_TEST_ONLY
current_8_10_admin_retained,0.10,0.08,retained,retained,0,0.0005,0.5,0.00025,1,0,0,0,0,0,0,EXCLUDED_FROM_COMPLIANCE_MODULE,NOT_MODELED_PHASE1,NOT_MODELED_PHASE1,NOT_MODELED_PHASE1,FINANCING_CHANNEL_SEPARATE,FINANCING_CHANNEL_SEPARATE,MODEL_CONTINGENT_STRESS_TEST_ONLY
current_8_10_admin_retained,0.10,0.08,retained,retained,0,0.0005,0.5,0.00025,3,0,0,0,0,0,0,EXCLUDED_FROM_COMPLIANCE_MODULE,NOT_MODELED_PHASE1,NOT_MODELED_PHASE1,NOT_MODELED_PHASE1,FINANCING_CHANNEL_SEPARATE,FINANCING_CHANNEL_SEPARATE,MODEL_CONTINGENT_STRESS_TEST_ONLY
current_8_10_admin_retained,0.10,0.08,retained,retained,0,0.0005,0.5,0.00025,5,0,0,0,0,0,0,EXCLUDED_FROM_COMPLIANCE_MODULE,NOT_MODELED_PHASE1,NOT_MODELED_PHASE1,NOT_MODELED_PHASE1,FINANCING_CHANNEL_SEPARATE,FINANCING_CHANNEL_SEPARATE,MODEL_CONTINGENT_STRESS_TEST_ONLY
current_8_10_admin_retained,0.10,0.08,retained,retained,0,0.0005,0.5,0.0005,1,0,0,0,0,0,0,EXCLUDED_FROM_COMPLIANCE_MODULE,NOT_MODELED_PHASE1,NOT_MODELED_PHASE1,NOT_MODELED_PHASE1,FINANCING_CHANNEL_SEPARATE,FINANCING_CHANNEL_SEPARATE,MODEL_CONTINGENT_STRESS_TEST_ONLY
current_8_10_admin_retained,0.10,0.08,retained,retained,0,0.0005,0.5,0.0005,3,0,0,0,0,0,0,EXCLUDED_FROM_COMPLIANCE_MODULE,NOT_MODELED_PHASE1,NOT_MODELED_PHASE1,NOT_MODELED_PHASE1,FINANCING_CHANNEL_SEPARATE,FINANCING_CHANNEL_SEPARATE,MODEL_CONTINGENT_STRESS_TEST_ONLY
current_8_10_admin_retained,0.10,0.08,retained,retained,0,0.0005,0.5,0.0005,5,0,0,0,0,0,0,EXCLUDED_FROM_COMPLIANCE_MODULE,NOT_MODELED_PHASE1,NOT_MODELED_PHASE1,NOT_MODELED_PHASE1,FINANCING_CHANNEL_SEPARATE,FINANCING_CHANNEL_SEPARATE,MODEL_CONTINGENT_STRESS_TEST_ONLY
current_8_10_admin_retained,0.10,0.08,retained,retained,0,0.0005,0.5,0.001,1,0,0,0,0,0,0,EXCLUDED_FROM_COMPLIANCE_MODULE,NOT_MODELED_PHASE1,NOT_MODELED_PHASE1,NOT_MODELED_PHASE1,FINANCING_CHANNEL_SEPARATE,FINANCING_CHANNEL_SEPARATE,MODEL_CONTINGENT_STRESS_TEST_ONLY
current_8_10_admin_retained,0.10,0.08,retained,retained,0,0.0005,0.5,0.001,3,0,0,0,0,0,0,EXCLUDED_FROM_COMPLIANCE_MODULE,NOT_MODELED_PHASE1,NOT_MODELED_PHASE1,NOT_MODELED_PHASE1,FINANCING_CHANNEL_SEPARATE,FINANCING_CHANNEL_SEPARATE,MODEL_CONTINGENT_STRESS_TEST_ONLY
current_8_10_admin_retained,0.10,0.08,retained,retained,0,0.0005,0.5,0.001,5,0,0,0,0,0,0,EXCLUDED_FROM_COMPLIANCE_MODULE,NOT_MODELED_PHASE1,NOT_MODELED_PHASE1,NOT_MODELED_PHASE1,FINANCING_CHANNEL_SEPARATE,FINANCING_CHANNEL_SEPARATE,MODEL_CONTINGENT_STRESS_TEST_ONLY
current_8_10_admin_retained,0.10,0.08,retained,retained,0,0.0005,0.75,0,1,0,0,0,0,0,0,EXCLUDED_FROM_COMPLIANCE_MODULE,NOT_MODELED_PHASE1,NOT_MODELED_PHASE1,NOT_MODELED_PHASE1,FINANCING_CHANNEL_SEPARATE,FINANCING_CHANNEL_SEPARATE,MODEL_CONTINGENT_STRESS_TEST_ONLY
current_8_10_admin_retained,0.10,0.08,retained,retained,0,0.0005,0.75,0,3,0,0,0,0,0,0,EXCLUDED_FROM_COMPLIANCE_MODULE,NOT_MODELED_PHASE1,NOT_MODELED_PHASE1,NOT_MODELED_PHASE1,FINANCING_CHANNEL_SEPARATE,FINANCING_CHANNEL_SEPARATE,MODEL_CONTINGENT_STRESS_TEST_ONLY
current_8_10_admin_retained,0.10,0.08,retained,retained,0,0.0005,0.75,0,5,0,0,0,0,0,0,EXCLUDED_FROM_COMPLIANCE_MODULE,NOT_MODELED_PHASE1,NOT_MODELED_PHASE1,NOT_MODELED_PHASE1,FINANCING_CHANNEL_SEPARATE,FINANCING_CHANNEL_SEPARATE,MODEL_CONTINGENT_STRESS_TEST_ONLY
current_8_10_admin_retained,0.10,0.08,retained,retained,0,0.0005,0.75,0.00025,1,0,0,0,0,0,0,EXCLUDED_FROM_COMPLIANCE_MODULE,NOT_MODELED_PHASE1,NOT_MODELED_PHASE1,NOT_MODELED_PHASE1,FINANCING_CHANNEL_SEPARATE,FINANCING_CHANNEL_SEPARATE,MODEL_CONTINGENT_STRESS_TEST_ONLY
current_8_10_admin_retained,0.10,0.08,retained,retained,0,0.0005,0.75,0.00025,3,0,0,0,0,0,0,EXCLUDED_FROM_COMPLIANCE_MODULE,NOT_MODELED_PHASE1,NOT_MODELED_PHASE1,NOT_MODELED_PHASE1,FINANCING_CHANNEL_SEPARATE,FINANCING_CHANNEL_SEPARATE,MODEL_CONTINGENT_STRESS_TEST_ONLY
current_8_10_admin_retained,0.10,0.08,retained,retained,0,0.0005,0.75,0.00025,5,0,0,0,0,0,0,EXCLUDED_FROM_COMPLIANCE_MODULE,NOT_MODELED_PHASE1,NOT_MODELED_PHASE1,NOT_MODELED_PHASE1,FINANCING_CHANNEL_SEPARATE,FINANCING_CHANNEL_SEPARATE,MODEL_CONTINGENT_STRESS_TEST_ONLY
current_8_10_admin_retained,0.10,0.08,retained,retained,0,0.0005,0.75,0.0005,1,0,0,0,0,0,0,EXCLUDED_FROM_COMPLIANCE_MODULE,NOT_MODELED_PHASE1,NOT_MODELED_PHASE1,NOT_MODELED_PHASE1,FINANCING_CHANNEL_SEPARATE,FINANCING_CHANNEL_SEPARATE,MODEL_CONTINGENT_STRESS_TEST_ONLY
current_8_10_admin_retained,0.10,0.08,retained,retained,0,0.0005,0.75,0.0005,3,0,0,0,0,0,0,EXCLUDED_FROM_COMPLIANCE_MODULE,NOT_MODELED_PHASE1,NOT_MODELED_PHASE1,NOT_MODELED_PHASE1,FINANCING_CHANNEL_SEPARATE,FINANCING_CHANNEL_SEPARATE,MODEL_CONTINGENT_STRESS_TEST_ONLY
current_8_10_admin_retained,0.10,0.08,retained,retained,0,0.0005,0.75,0.0005,5,0,0,0,0,0,0,EXCLUDED_FROM_COMPLIANCE_MODULE,NOT_MODELED_PHASE1,NOT_MODELED_PHASE1,NOT_MODELED_PHASE1,FINANCING_CHANNEL_SEPARATE,FINANCING_CHANNEL_SEPARATE,MODEL_CONTINGENT_STRESS_TEST_ONLY
current_8_10_admin_retained,0.10,0.08,retained,retained,0,0.0005,0.75,0.001,1,0,0,0,0,0,0,EXCLUDED_FROM_COMPLIANCE_MODULE,NOT_MODELED_PHASE1,NOT_MODELED_PHASE1,NOT_MODELED_PHASE1,FINANCING_CHANNEL_SEPARATE,FINANCING_CHANNEL_SEPARATE,MODEL_CONTINGENT_STRESS_TEST_ONLY
current_8_10_admin_retained,0.10,0.08,retained,retained,0,0.0005,0.75,0.001,3,0,0,0,0,0,0,EXCLUDED_FROM_COMPLIANCE_MODULE,NOT_MODELED_PHASE1,NOT_MODELED_PHASE1,NOT_MODELED_PHASE1,FINANCING_CHANNEL_SEPARATE,FINANCING_CHANNEL_SEPARATE,MODEL_CONTINGENT_STRESS_TEST_ONLY
current_8_10_admin_retained,0.10,0.08,retained,retained,0,0.0005,0.75,0.001,5,0,0,0,0,0,0,EXCLUDED_FROM_COMPLIANCE_MODULE,NOT_MODELED_PHASE1,NOT_MODELED_PHASE1,NOT_MODELED_PHASE1,FINANCING_CHANNEL_SEPARATE,FINANCING_CHANNEL_SEPARATE,MODEL_CONTINGENT_STRESS_TEST_ONLY
current_8_10_admin_retained,0.10,0.08,retained,retained,0,0.0005,1,0,1,0,0,0,0,0,0,EXCLUDED_FROM_COMPLIANCE_MODULE,NOT_MODELED_PHASE1,NOT_MODELED_PHASE1,NOT_MODELED_PHASE1,FINANCING_CHANNEL_SEPARATE,FINANCING_CHANNEL_SEPARATE,MODEL_CONTINGENT_STRESS_TEST_ONLY
current_8_10_admin_retained,0.10,0.08,retained,retained,0,0.0005,1,0,3,0,0,0,0,0,0,EXCLUDED_FROM_COMPLIANCE_MODULE,NOT_MODELED_PHASE1,NOT_MODELED_PHASE1,NOT_MODELED_PHASE1,FINANCING_CHANNEL_SEPARATE,FINANCING_CHANNEL_SEPARATE,MODEL_CONTINGENT_STRESS_TEST_ONLY
current_8_10_admin_retained,0.10,0.08,retained,retained,0,0.0005,1,0,5,0,0,0,0,0,0,EXCLUDED_FROM_COMPLIANCE_MODULE,NOT_MODELED_PHASE1,NOT_MODELED_PHASE1,NOT_MODELED_PHASE1,FINANCING_CHANNEL_SEPARATE,FINANCING_CHANNEL_SEPARATE,MODEL_CONTINGENT_STRESS_TEST_ONLY
current_8_10_admin_retained,0.10,0.08,retained,retained,0,0.0005,1,0.00025,1,0,0,0,0,0,0,EXCLUDED_FROM_COMPLIANCE_MODULE,NOT_MODELED_PHASE1,NOT_MODELED_PHASE1,NOT_MODELED_PHASE1,FINANCING_CHANNEL_SEPARATE,FINANCING_CHANNEL_SEPARATE,MODEL_CONTINGENT_STRESS_TEST_ONLY
current_8_10_admin_retained,0.10,0.08,retained,retained,0,0.0005,1,0.00025,3,0,0,0,0,0,0,EXCLUDED_FROM_COMPLIANCE_MODULE,NOT_MODELED_PHASE1,NOT_MODELED_PHASE1,NOT_MODELED_PHASE1,FINANCING_CHANNEL_SEPARATE,FINANCING_CHANNEL_SEPARATE,MODEL_CONTINGENT_STRESS_TEST_ONLY
current_8_10_admin_retained,0.10,0.08,retained,retained,0,0.0005,1,0.00025,5,0,0,0,0,0,0,EXCLUDED_FROM_COMPLIANCE_MODULE,NOT_MODELED_PHASE1,NOT_MODELED_PHASE1,NOT_MODELED_PHASE1,FINANCING_CHANNEL_SEPARATE,FINANCING_CHANNEL_SEPARATE,MODEL_CONTINGENT_STRESS_TEST_ONLY
current_8_10_admin_retained,0.10,0.08,retained,retained,0,0.0005,1,0.0005,1,0,0,0,0,0,0,EXCLUDED_FROM_COMPLIANCE_MODULE,NOT_MODELED_PHASE1,NOT_MODELED_PHASE1,NOT_MODELED_PHASE1,FINANCING_CHANNEL_SEPARATE,FINANCING_CHANNEL_SEPARATE,MODEL_CONTINGENT_STRESS_TEST_ONLY
current_8_10_admin_retained,0.10,0.08,retained,retained,0,0.0005,1,0.0005,3,0,0,0,0,0,0,EXCLUDED_FROM_COMPLIANCE_MODULE,NOT_MODELED_PHASE1,NOT_MODELED_PHASE1,NOT_MODELED_PHASE1,FINANCING_CHANNEL_SEPARATE,FINANCING_CHANNEL_SEPARATE,MODEL_CONTINGENT_STRESS_TEST_ONLY
current_8_10_admin_retained,0.10,0.08,retained,retained,0,0.0005,1,0.0005,5,0,0,0,0,0,0,EXCLUDED_FROM_COMPLIANCE_MODULE,NOT_MODELED_PHASE1,NOT_MODELED_PHASE1,NOT_MODELED_PHASE1,FINANCING_CHANNEL_SEPARATE,FINANCING_CHANNEL_SEPARATE,MODEL_CONTINGENT_STRESS_TEST_ONLY
current_8_10_admin_retained,0.10,0.08,retained,retained,0,0.0005,1,0.001,1,0,0,0,0,0,0,EXCLUDED_FROM_COMPLIANCE_MODULE,NOT_MODELED_PHASE1,NOT_MODELED_PHASE1,NOT_MODELED_PHASE1,FINANCING_CHANNEL_SEPARATE,FINANCING_CHANNEL_SEPARATE,MODEL_CONTINGENT_STRESS_TEST_ONLY
current_8_10_admin_retained,0.10,0.08,retained,retained,0,0.0005,1,0.001,3,0,0,0,0,0,0,EXCLUDED_FROM_COMPLIANCE_MODULE,NOT_MODELED_PHASE1,NOT_MODELED_PHASE1,NOT_MODELED_PHASE1,FINANCING_CHANNEL_SEPARATE,FINANCING_CHANNEL_SEPARATE,MODEL_CONTINGENT_STRESS_TEST_ONLY
current_8_10_admin_retained,0.10,0.08,retained,retained,0,0.0005,1,0.001,5,0,0,0,0,0,0,EXCLUDED_FROM_COMPLIANCE_MODULE,NOT_MODELED_PHASE1,NOT_MODELED_PHASE1,NOT_MODELED_PHASE1,FINANCING_CHANNEL_SEPARATE,FINANCING_CHANNEL_SEPARATE,MODEL_CONTINGENT_STRESS_TEST_ONLY
current_8_10_admin_retained,0.10,0.08,retained,retained,0,0.001,0,0,1,0,0,0,0,0,0,EXCLUDED_FROM_COMPLIANCE_MODULE,NOT_MODELED_PHASE1,NOT_MODELED_PHASE1,NOT_MODELED_PHASE1,FINANCING_CHANNEL_SEPARATE,FINANCING_CHANNEL_SEPARATE,MODEL_CONTINGENT_STRESS_TEST_ONLY
current_8_10_admin_retained,0.10,0.08,retained,retained,0,0.001,0,0,3,0,0,0,0,0,0,EXCLUDED_FROM_COMPLIANCE_MODULE,NOT_MODELED_PHASE1,NOT_MODELED_PHASE1,NOT_MODELED_PHASE1,FINANCING_CHANNEL_SEPARATE,FINANCING_CHANNEL_SEPARATE,MODEL_CONTINGENT_STRESS_TEST_ONLY
current_8_10_admin_retained,0.10,0.08,retained,retained,0,0.001,0,0,5,0,0,0,0,0,0,EXCLUDED_FROM_COMPLIANCE_MODULE,NOT_MODELED_PHASE1,NOT_MODELED_PHASE1,NOT_MODELED_PHASE1,FINANCING_CHANNEL_SEPARATE,FINANCING_CHANNEL_SEPARATE,MODEL_CONTINGENT_STRESS_TEST_ONLY
current_8_10_admin_retained,0.10,0.08,retained,retained,0,0.001,0,0.00025,1,0,0,0,0,0,0,EXCLUDED_FROM_COMPLIANCE_MODULE,NOT_MODELED_PHASE1,NOT_MODELED_PHASE1,NOT_MODELED_PHASE1,FINANCING_CHANNEL_SEPARATE,FINANCING_CHANNEL_SEPARATE,MODEL_CONTINGENT_STRESS_TEST_ONLY
current_8_10_admin_retained,0.10,0.08,retained,retained,0,0.001,0,0.00025,3,0,0,0,0,0,0,EXCLUDED_FROM_COMPLIANCE_MODULE,NOT_MODELED_PHASE1,NOT_MODELED_PHASE1,NOT_MODELED_PHASE1,FINANCING_CHANNEL_SEPARATE,FINANCING_CHANNEL_SEPARATE,MODEL_CONTINGENT_STRESS_TEST_ONLY
current_8_10_admin_retained,0.10,0.08,retained,retained,0,0.001,0,0.00025,5,0,0,0,0,0,0,EXCLUDED_FROM_COMPLIANCE_MODULE,NOT_MODELED_PHASE1,NOT_MODELED_PHASE1,NOT_MODELED_PHASE1,FINANCING_CHANNEL_SEPARATE,FINANCING_CHANNEL_SEPARATE,MODEL_CONTINGENT_STRESS_TEST_ONLY
current_8_10_admin_retained,0.10,0.08,retained,retained,0,0.001,0,0.0005,1,0,0,0,0,0,0,EXCLUDED_FROM_COMPLIANCE_MODULE,NOT_MODELED_PHASE1,NOT_MODELED_PHASE1,NOT_MODELED_PHASE1,FINANCING_CHANNEL_SEPARATE,FINANCING_CHANNEL_SEPARATE,MODEL_CONTINGENT_STRESS_TEST_ONLY
current_8_10_admin_retained,0.10,0.08,retained,retained,0,0.001,0,0.0005,3,0,0,0,0,0,0,EXCLUDED_FROM_COMPLIANCE_MODULE,NOT_MODELED_PHASE1,NOT_MODELED_PHASE1,NOT_MODELED_PHASE1,FINANCING_CHANNEL_SEPARATE,FINANCING_CHANNEL_SEPARATE,MODEL_CONTINGENT_STRESS_TEST_ONLY
current_8_10_admin_retained,0.10,0.08,retained,retained,0,0.001,0,0.0005,5,0,0,0,0,0,0,EXCLUDED_FROM_COMPLIANCE_MODULE,NOT_MODELED_PHASE1,NOT_MODELED_PHASE1,NOT_MODELED_PHASE1,FINANCING_CHANNEL_SEPARATE,FINANCING_CHANNEL_SEPARATE,MODEL_CONTINGENT_STRESS_TEST_ONLY
current_8_10_admin_retained,0.10,0.08,retained,retained,0,0.001,0,0.001,1,0,0,0,0,0,0,EXCLUDED_FROM_COMPLIANCE_MODULE,NOT_MODELED_PHASE1,NOT_MODELED_PHASE1,NOT_MODELED_PHASE1,FINANCING_CHANNEL_SEPARATE,FINANCING_CHANNEL_SEPARATE,MODEL_CONTINGENT_STRESS_TEST_ONLY
current_8_10_admin_retained,0.10,0.08,retained,retained,0,0.001,0,0.001,3,0,0,0,0,0,0,EXCLUDED_FROM_COMPLIANCE_MODULE,NOT_MODELED_PHASE1,NOT_MODELED_PHASE1,NOT_MODELED_PHASE1,FINANCING_CHANNEL_SEPARATE,FINANCING_CHANNEL_SEPARATE,MODEL_CONTINGENT_STRESS_TEST_ONLY
current_8_10_admin_retained,0.10,0.08,retained,retained,0,0.001,0,0.001,5,0,0,0,0,0,0,EXCLUDED_FROM_COMPLIANCE_MODULE,NOT_MODELED_PHASE1,NOT_MODELED_PHASE1,NOT_MODELED_PHASE1,FINANCING_CHANNEL_SEPARATE,FINANCING_CHANNEL_SEPARATE,MODEL_CONTINGENT_STRESS_TEST_ONLY
current_8_10_admin_retained,0.10,0.08,retained,retained,0,0.001,0.25,0,1,0,0,0,0,0,0,EXCLUDED_FROM_COMPLIANCE_MODULE,NOT_MODELED_PHASE1,NOT_MODELED_PHASE1,NOT_MODELED_PHASE1,FINANCING_CHANNEL_SEPARATE,FINANCING_CHANNEL_SEPARATE,MODEL_CONTINGENT_STRESS_TEST_ONLY
current_8_10_admin_retained,0.10,0.08,retained,retained,0,0.001,0.25,0,3,0,0,0,0,0,0,EXCLUDED_FROM_COMPLIANCE_MODULE,NOT_MODELED_PHASE1,NOT_MODELED_PHASE1,NOT_MODELED_PHASE1,FINANCING_CHANNEL_SEPARATE,FINANCING_CHANNEL_SEPARATE,MODEL_CONTINGENT_STRESS_TEST_ONLY
current_8_10_admin_retained,0.10,0.08,retained,retained,0,0.001,0.25,0,5,0,0,0,0,0,0,EXCLUDED_FROM_COMPLIANCE_MODULE,NOT_MODELED_PHASE1,NOT_MODELED_PHASE1,NOT_MODELED_PHASE1,FINANCING_CHANNEL_SEPARATE,FINANCING_CHANNEL_SEPARATE,MODEL_CONTINGENT_STRESS_TEST_ONLY
current_8_10_admin_retained,0.10,0.08,retained,retained,0,0.001,0.25,0.00025,1,0,0,0,0,0,0,EXCLUDED_FROM_COMPLIANCE_MODULE,NOT_MODELED_PHASE1,NOT_MODELED_PHASE1,NOT_MODELED_PHASE1,FINANCING_CHANNEL_SEPARATE,FINANCING_CHANNEL_SEPARATE,MODEL_CONTINGENT_STRESS_TEST_ONLY
current_8_10_admin_retained,0.10,0.08,retained,retained,0,0.001,0.25,0.00025,3,0,0,0,0,0,0,EXCLUDED_FROM_COMPLIANCE_MODULE,NOT_MODELED_PHASE1,NOT_MODELED_PHASE1,NOT_MODELED_PHASE1,FINANCING_CHANNEL_SEPARATE,FINANCING_CHANNEL_SEPARATE,MODEL_CONTINGENT_STRESS_TEST_ONLY
current_8_10_admin_retained,0.10,0.08,retained,retained,0,0.001,0.25,0.00025,5,0,0,0,0,0,0,EXCLUDED_FROM_COMPLIANCE_MODULE,NOT_MODELED_PHASE1,NOT_MODELED_PHASE1,NOT_MODELED_PHASE1,FINANCING_CHANNEL_SEPARATE,FINANCING_CHANNEL_SEPARATE,MODEL_CONTINGENT_STRESS_TEST_ONLY
current_8_10_admin_retained,0.10,0.08,retained,retained,0,0.001,0.25,0.0005,1,0,0,0,0,0,0,EXCLUDED_FROM_COMPLIANCE_MODULE,NOT_MODELED_PHASE1,NOT_MODELED_PHASE1,NOT_MODELED_PHASE1,FINANCING_CHANNEL_SEPARATE,FINANCING_CHANNEL_SEPARATE,MODEL_CONTINGENT_STRESS_TEST_ONLY
current_8_10_admin_retained,0.10,0.08,retained,retained,0,0.001,0.25,0.0005,3,0,0,0,0,0,0,EXCLUDED_FROM_COMPLIANCE_MODULE,NOT_MODELED_PHASE1,NOT_MODELED_PHASE1,NOT_MODELED_PHASE1,FINANCING_CHANNEL_SEPARATE,FINANCING_CHANNEL_SEPARATE,MODEL_CONTINGENT_STRESS_TEST_ONLY
current_8_10_admin_retained,0.10,0.08,retained,retained,0,0.001,0.25,0.0005,5,0,0,0,0,0,0,EXCLUDED_FROM_COMPLIANCE_MODULE,NOT_MODELED_PHASE1,NOT_MODELED_PHASE1,NOT_MODELED_PHASE1,FINANCING_CHANNEL_SEPARATE,FINANCING_CHANNEL_SEPARATE,MODEL_CONTINGENT_STRESS_TEST_ONLY
current_8_10_admin_retained,0.10,0.08,retained,retained,0,0.001,0.25,0.001,1,0,0,0,0,0,0,EXCLUDED_FROM_COMPLIANCE_MODULE,NOT_MODELED_PHASE1,NOT_MODELED_PHASE1,NOT_MODELED_PHASE1,FINANCING_CHANNEL_SEPARATE,FINANCING_CHANNEL_SEPARATE,MODEL_CONTINGENT_STRESS_TEST_ONLY
current_8_10_admin_retained,0.10,0.08,retained,retained,0,0.001,0.25,0.001,3,0,0,0,0,0,0,EXCLUDED_FROM_COMPLIANCE_MODULE,NOT_MODELED_PHASE1,NOT_MODELED_PHASE1,NOT_MODELED_PHASE1,FINANCING_CHANNEL_SEPARATE,FINANCING_CHANNEL_SEPARATE,MODEL_CONTINGENT_STRESS_TEST_ONLY
current_8_10_admin_retained,0.10,0.08,retained,retained,0,0.001,0.25,0.001,5,0,0,0,0,0,0,EXCLUDED_FROM_COMPLIANCE_MODULE,NOT_MODELED_PHASE1,NOT_MODELED_PHASE1,NOT_MODELED_PHASE1,FINANCING_CHANNEL_SEPARATE,FINANCING_CHANNEL_SEPARATE,MODEL_CONTINGENT_STRESS_TEST_ONLY
current_8_10_admin_retained,0.10,0.08,retained,retained,0,0.001,0.5,0,1,0,0,0,0,0,0,EXCLUDED_FROM_COMPLIANCE_MODULE,NOT_MODELED_PHASE1,NOT_MODELED_PHASE1,NOT_MODELED_PHASE1,FINANCING_CHANNEL_SEPARATE,FINANCING_CHANNEL_SEPARATE,MODEL_CONTINGENT_STRESS_TEST_ONLY
current_8_10_admin_retained,0.10,0.08,retained,retained,0,0.001,0.5,0,3,0,0,0,0,0,0,EXCLUDED_FROM_COMPLIANCE_MODULE,NOT_MODELED_PHASE1,NOT_MODELED_PHASE1,NOT_MODELED_PHASE1,FINANCING_CHANNEL_SEPARATE,FINANCING_CHANNEL_SEPARATE,MODEL_CONTINGENT_STRESS_TEST_ONLY
current_8_10_admin_retained,0.10,0.08,retained,retained,0,0.001,0.5,0,5,0,0,0,0,0,0,EXCLUDED_FROM_COMPLIANCE_MODULE,NOT_MODELED_PHASE1,NOT_MODELED_PHASE1,NOT_MODELED_PHASE1,FINANCING_CHANNEL_SEPARATE,FINANCING_CHANNEL_SEPARATE,MODEL_CONTINGENT_STRESS_TEST_ONLY
current_8_10_admin_retained,0.10,0.08,retained,retained,0,0.001,0.5,0.00025,1,0,0,0,0,0,0,EXCLUDED_FROM_COMPLIANCE_MODULE,NOT_MODELED_PHASE1,NOT_MODELED_PHASE1,NOT_MODELED_PHASE1,FINANCING_CHANNEL_SEPARATE,FINANCING_CHANNEL_SEPARATE,MODEL_CONTINGENT_STRESS_TEST_ONLY
current_8_10_admin_retained,0.10,0.08,retained,retained,0,0.001,0.5,0.00025,3,0,0,0,0,0,0,EXCLUDED_FROM_COMPLIANCE_MODULE,NOT_MODELED_PHASE1,NOT_MODELED_PHASE1,NOT_MODELED_PHASE1,FINANCING_CHANNEL_SEPARATE,FINANCING_CHANNEL_SEPARATE,MODEL_CONTINGENT_STRESS_TEST_ONLY
current_8_10_admin_retained,0.10,0.08,retained,retained,0,0.001,0.5,0.00025,5,0,0,0,0,0,0,EXCLUDED_FROM_COMPLIANCE_MODULE,NOT_MODELED_PHASE1,NOT_MODELED_PHASE1,NOT_MODELED_PHASE1,FINANCING_CHANNEL_SEPARATE,FINANCING_CHANNEL_SEPARATE,MODEL_CONTINGENT_STRESS_TEST_ONLY
current_8_10_admin_retained,0.10,0.08,retained,retained,0,0.001,0.5,0.0005,1,0,0,0,0,0,0,EXCLUDED_FROM_COMPLIANCE_MODULE,NOT_MODELED_PHASE1,NOT_MODELED_PHASE1,NOT_MODELED_PHASE1,FINANCING_CHANNEL_SEPARATE,FINANCING_CHANNEL_SEPARATE,MODEL_CONTINGENT_STRESS_TEST_ONLY
current_8_10_admin_retained,0.10,0.08,retained,retained,0,0.001,0.5,0.0005,3,0,0,0,0,0,0,EXCLUDED_FROM_COMPLIANCE_MODULE,NOT_MODELED_PHASE1,NOT_MODELED_PHASE1,NOT_MODELED_PHASE1,FINANCING_CHANNEL_SEPARATE,FINANCING_CHANNEL_SEPARATE,MODEL_CONTINGENT_STRESS_TEST_ONLY
current_8_10_admin_retained,0.10,0.08,retained,retained,0,0.001,0.5,0.0005,5,0,0,0,0,0,0,EXCLUDED_FROM_COMPLIANCE_MODULE,NOT_MODELED_PHASE1,NOT_MODELED_PHASE1,NOT_MODELED_PHASE1,FINANCING_CHANNEL_SEPARATE,FINANCING_CHANNEL_SEPARATE,MODEL_CONTINGENT_STRESS_TEST_ONLY
current_8_10_admin_retained,0.10,0.08,retained,retained,0,0.001,0.5,0.001,1,0,0,0,0,0,0,EXCLUDED_FROM_COMPLIANCE_MODULE,NOT_MODELED_PHASE1,NOT_MODELED_PHASE1,NOT_MODELED_PHASE1,FINANCING_CHANNEL_SEPARATE,FINANCING_CHANNEL_SEPARATE,MODEL_CONTINGENT_STRESS_TEST_ONLY
current_8_10_admin_retained,0.10,0.08,retained,retained,0,0.001,0.5,0.001,3,0,0,0,0,0,0,EXCLUDED_FROM_COMPLIANCE_MODULE,NOT_MODELED_PHASE1,NOT_MODELED_PHASE1,NOT_MODELED_PHASE1,FINANCING_CHANNEL_SEPARATE,FINANCING_CHANNEL_SEPARATE,MODEL_CONTINGENT_STRESS_TEST_ONLY
current_8_10_admin_retained,0.10,0.08,retained,retained,0,0.001,0.5,0.001,5,0,0,0,0,0,0,EXCLUDED_FROM_COMPLIANCE_MODULE,NOT_MODELED_PHASE1,NOT_MODELED_PHASE1,NOT_MODELED_PHASE1,FINANCING_CHANNEL_SEPARATE,FINANCING_CHANNEL_SEPARATE,MODEL_CONTINGENT_STRESS_TEST_ONLY
current_8_10_admin_retained,0.10,0.08,retained,retained,0,0.001,0.75,0,1,0,0,0,0,0,0,EXCLUDED_FROM_COMPLIANCE_MODULE,NOT_MODELED_PHASE1,NOT_MODELED_PHASE1,NOT_MODELED_PHASE1,FINANCING_CHANNEL_SEPARATE,FINANCING_CHANNEL_SEPARATE,MODEL_CONTINGENT_STRESS_TEST_ONLY
current_8_10_admin_retained,0.10,0.08,retained,retained,0,0.001,0.75,0,3,0,0,0,0,0,0,EXCLUDED_FROM_COMPLIANCE_MODULE,NOT_MODELED_PHASE1,NOT_MODELED_PHASE1,NOT_MODELED_PHASE1,FINANCING_CHANNEL_SEPARATE,FINANCING_CHANNEL_SEPARATE,MODEL_CONTINGENT_STRESS_TEST_ONLY
current_8_10_admin_retained,0.10,0.08,retained,retained,0,0.001,0.75,0,5,0,0,0,0,0,0,EXCLUDED_FROM_COMPLIANCE_MODULE,NOT_MODELED_PHASE1,NOT_MODELED_PHASE1,NOT_MODELED_PHASE1,FINANCING_CHANNEL_SEPARATE,FINANCING_CHANNEL_SEPARATE,MODEL_CONTINGENT_STRESS_TEST_ONLY
current_8_10_admin_retained,0.10,0.08,retained,retained,0,0.001,0.75,0.00025,1,0,0,0,0,0,0,EXCLUDED_FROM_COMPLIANCE_MODULE,NOT_MODELED_PHASE1,NOT_MODELED_PHASE1,NOT_MODELED_PHASE1,FINANCING_CHANNEL_SEPARATE,FINANCING_CHANNEL_SEPARATE,MODEL_CONTINGENT_STRESS_TEST_ONLY
current_8_10_admin_retained,0.10,0.08,retained,retained,0,0.001,0.75,0.00025,3,0,0,0,0,0,0,EXCLUDED_FROM_COMPLIANCE_MODULE,NOT_MODELED_PHASE1,NOT_MODELED_PHASE1,NOT_MODELED_PHASE1,FINANCING_CHANNEL_SEPARATE,FINANCING_CHANNEL_SEPARATE,MODEL_CONTINGENT_STRESS_TEST_ONLY
current_8_10_admin_retained,0.10,0.08,retained,retained,0,0.001,0.75,0.00025,5,0,0,0,0,0,0,EXCLUDED_FROM_COMPLIANCE_MODULE,NOT_MODELED_PHASE1,NOT_MODELED_PHASE1,NOT_MODELED_PHASE1,FINANCING_CHANNEL_SEPARATE,FINANCING_CHANNEL_SEPARATE,MODEL_CONTINGENT_STRESS_TEST_ONLY
current_8_10_admin_retained,0.10,0.08,retained,retained,0,0.001,0.75,0.0005,1,0,0,0,0,0,0,EXCLUDED_FROM_COMPLIANCE_MODULE,NOT_MODELED_PHASE1,NOT_MODELED_PHASE1,NOT_MODELED_PHASE1,FINANCING_CHANNEL_SEPARATE,FINANCING_CHANNEL_SEPARATE,MODEL_CONTINGENT_STRESS_TEST_ONLY
current_8_10_admin_retained,0.10,0.08,retained,retained,0,0.001,0.75,0.0005,3,0,0,0,0,0,0,EXCLUDED_FROM_COMPLIANCE_MODULE,NOT_MODELED_PHASE1,NOT_MODELED_PHASE1,NOT_MODELED_PHASE1,FINANCING_CHANNEL_SEPARATE,FINANCING_CHANNEL_SEPARATE,MODEL_CONTINGENT_STRESS_TEST_ONLY
current_8_10_admin_retained,0.10,0.08,retained,retained,0,0.001,0.75,0.0005,5,0,0,0,0,0,0,EXCLUDED_FROM_COMPLIANCE_MODULE,NOT_MODELED_PHASE1,NOT_MODELED_PHASE1,NOT_MODELED_PHASE1,FINANCING_CHANNEL_SEPARATE,FINANCING_CHANNEL_SEPARATE,MODEL_CONTINGENT_STRESS_TEST_ONLY
current_8_10_admin_retained,0.10,0.08,retained,retained,0,0.001,0.75,0.001,1,0,0,0,0,0,0,EXCLUDED_FROM_COMPLIANCE_MODULE,NOT_MODELED_PHASE1,NOT_MODELED_PHASE1,NOT_MODELED_PHASE1,FINANCING_CHANNEL_SEPARATE,FINANCING_CHANNEL_SEPARATE,MODEL_CONTINGENT_STRESS_TEST_ONLY
current_8_10_admin_retained,0.10,0.08,retained,retained,0,0.001,0.75,0.001,3,0,0,0,0,0,0,EXCLUDED_FROM_COMPLIANCE_MODULE,NOT_MODELED_PHASE1,NOT_MODELED_PHASE1,NOT_MODELED_PHASE1,FINANCING_CHANNEL_SEPARATE,FINANCING_CHANNEL_SEPARATE,MODEL_CONTINGENT_STRESS_TEST_ONLY
current_8_10_admin_retained,0.10,0.08,retained,retained,0,0.001,0.75,0.001,5,0,0,0,0,0,0,EXCLUDED_FROM_COMPLIANCE_MODULE,NOT_MODELED_PHASE1,NOT_MODELED_PHASE1,NOT_MODELED_PHASE1,FINANCING_CHANNEL_SEPARATE,FINANCING_CHANNEL_SEPARATE,MODEL_CONTINGENT_STRESS_TEST_ONLY
current_8_10_admin_retained,0.10,0.08,retained,retained,0,0.001,1,0,1,0,0,0,0,0,0,EXCLUDED_FROM_COMPLIANCE_MODULE,NOT_MODELED_PHASE1,NOT_MODELED_PHASE1,NOT_MODELED_PHASE1,FINANCING_CHANNEL_SEPARATE,FINANCING_CHANNEL_SEPARATE,MODEL_CONTINGENT_STRESS_TEST_ONLY
current_8_10_admin_retained,0.10,0.08,retained,retained,0,0.001,1,0,3,0,0,0,0,0,0,EXCLUDED_FROM_COMPLIANCE_MODULE,NOT_MODELED_PHASE1,NOT_MODELED_PHASE1,NOT_MODELED_PHASE1,FINANCING_CHANNEL_SEPARATE,FINANCING_CHANNEL_SEPARATE,MODEL_CONTINGENT_STRESS_TEST_ONLY
current_8_10_admin_retained,0.10,0.08,retained,retained,0,0.001,1,0,5,0,0,0,0,0,0,EXCLUDED_FROM_COMPLIANCE_MODULE,NOT_MODELED_PHASE1,NOT_MODELED_PHASE1,NOT_MODELED_PHASE1,FINANCING_CHANNEL_SEPARATE,FINANCING_CHANNEL_SEPARATE,MODEL_CONTINGENT_STRESS_TEST_ONLY
current_8_10_admin_retained,0.10,0.08,retained,retained,0,0.001,1,0.00025,1,0,0,0,0,0,0,EXCLUDED_FROM_COMPLIANCE_MODULE,NOT_MODELED_PHASE1,NOT_MODELED_PHASE1,NOT_MODELED_PHASE1,FINANCING_CHANNEL_SEPARATE,FINANCING_CHANNEL_SEPARATE,MODEL_CONTINGENT_STRESS_TEST_ONLY
current_8_10_admin_retained,0.10,0.08,retained,retained,0,0.001,1,0.00025,3,0,0,0,0,0,0,EXCLUDED_FROM_COMPLIANCE_MODULE,NOT_MODELED_PHASE1,NOT_MODELED_PHASE1,NOT_MODELED_PHASE1,FINANCING_CHANNEL_SEPARATE,FINANCING_CHANNEL_SEPARATE,MODEL_CONTINGENT_STRESS_TEST_ONLY
current_8_10_admin_retained,0.10,0.08,retained,retained,0,0.001,1,0.00025,5,0,0,0,0,0,0,EXCLUDED_FROM_COMPLIANCE_MODULE,NOT_MODELED_PHASE1,NOT_MODELED_PHASE1,NOT_MODELED_PHASE1,FINANCING_CHANNEL_SEPARATE,FINANCING_CHANNEL_SEPARATE,MODEL_CONTINGENT_STRESS_TEST_ONLY
current_8_10_admin_retained,0.10,0.08,retained,retained,0,0.001,1,0.0005,1,0,0,0,0,0,0,EXCLUDED_FROM_COMPLIANCE_MODULE,NOT_MODELED_PHASE1,NOT_MODELED_PHASE1,NOT_MODELED_PHASE1,FINANCING_CHANNEL_SEPARATE,FINANCING_CHANNEL_SEPARATE,MODEL_CONTINGENT_STRESS_TEST_ONLY
current_8_10_admin_retained,0.10,0.08,retained,retained,0,0.001,1,0.0005,3,0,0,0,0,0,0,EXCLUDED_FROM_COMPLIANCE_MODULE,NOT_MODELED_PHASE1,NOT_MODELED_PHASE1,NOT_MODELED_PHASE1,FINANCING_CHANNEL_SEPARATE,FINANCING_CHANNEL_SEPARATE,MODEL_CONTINGENT_STRESS_TEST_ONLY
current_8_10_admin_retained,0.10,0.08,retained,retained,0,0.001,1,0.0005,5,0,0,0,0,0,0,EXCLUDED_FROM_COMPLIANCE_MODULE,NOT_MODELED_PHASE1,NOT_MODELED_PHASE1,NOT_MODELED_PHASE1,FINANCING_CHANNEL_SEPARATE,FINANCING_CHANNEL_SEPARATE,MODEL_CONTINGENT_STRESS_TEST_ONLY
current_8_10_admin_retained,0.10,0.08,retained,retained,0,0.001,1,0.001,1,0,0,0,0,0,0,EXCLUDED_FROM_COMPLIANCE_MODULE,NOT_MODELED_PHASE1,NOT_MODELED_PHASE1,NOT_MODELED_PHASE1,FINANCING_CHANNEL_SEPARATE,FINANCING_CHANNEL_SEPARATE,MODEL_CONTINGENT_STRESS_TEST_ONLY
current_8_10_admin_retained,0.10,0.08,retained,retained,0,0.001,1,0.001,3,0,0,0,0,0,0,EXCLUDED_FROM_COMPLIANCE_MODULE,NOT_MODELED_PHASE1,NOT_MODELED_PHASE1,NOT_MODELED_PHASE1,FINANCING_CHANNEL_SEPARATE,FINANCING_CHANNEL_SEPARATE,MODEL_CONTINGENT_STRESS_TEST_ONLY
current_8_10_admin_retained,0.10,0.08,retained,retained,0,0.001,1,0.001,5,0,0,0,0,0,0,EXCLUDED_FROM_COMPLIANCE_MODULE,NOT_MODELED_PHASE1,NOT_MODELED_PHASE1,NOT_MODELED_PHASE1,FINANCING_CHANNEL_SEPARATE,FINANCING_CHANNEL_SEPARATE,MODEL_CONTINGENT_STRESS_TEST_ONLY
current_8_10_admin_retained,0.10,0.08,retained,retained,0,0.0025,0,0,1,0,0,0,0,0,0,EXCLUDED_FROM_COMPLIANCE_MODULE,NOT_MODELED_PHASE1,NOT_MODELED_PHASE1,NOT_MODELED_PHASE1,FINANCING_CHANNEL_SEPARATE,FINANCING_CHANNEL_SEPARATE,MODEL_CONTINGENT_STRESS_TEST_ONLY
current_8_10_admin_retained,0.10,0.08,retained,retained,0,0.0025,0,0,3,0,0,0,0,0,0,EXCLUDED_FROM_COMPLIANCE_MODULE,NOT_MODELED_PHASE1,NOT_MODELED_PHASE1,NOT_MODELED_PHASE1,FINANCING_CHANNEL_SEPARATE,FINANCING_CHANNEL_SEPARATE,MODEL_CONTINGENT_STRESS_TEST_ONLY
current_8_10_admin_retained,0.10,0.08,retained,retained,0,0.0025,0,0,5,0,0,0,0,0,0,EXCLUDED_FROM_COMPLIANCE_MODULE,NOT_MODELED_PHASE1,NOT_MODELED_PHASE1,NOT_MODELED_PHASE1,FINANCING_CHANNEL_SEPARATE,FINANCING_CHANNEL_SEPARATE,MODEL_CONTINGENT_STRESS_TEST_ONLY
current_8_10_admin_retained,0.10,0.08,retained,retained,0,0.0025,0,0.00025,1,0,0,0,0,0,0,EXCLUDED_FROM_COMPLIANCE_MODULE,NOT_MODELED_PHASE1,NOT_MODELED_PHASE1,NOT_MODELED_PHASE1,FINANCING_CHANNEL_SEPARATE,FINANCING_CHANNEL_SEPARATE,MODEL_CONTINGENT_STRESS_TEST_ONLY
current_8_10_admin_retained,0.10,0.08,retained,retained,0,0.0025,0,0.00025,3,0,0,0,0,0,0,EXCLUDED_FROM_COMPLIANCE_MODULE,NOT_MODELED_PHASE1,NOT_MODELED_PHASE1,NOT_MODELED_PHASE1,FINANCING_CHANNEL_SEPARATE,FINANCING_CHANNEL_SEPARATE,MODEL_CONTINGENT_STRESS_TEST_ONLY
current_8_10_admin_retained,0.10,0.08,retained,retained,0,0.0025,0,0.00025,5,0,0,0,0,0,0,EXCLUDED_FROM_COMPLIANCE_MODULE,NOT_MODELED_PHASE1,NOT_MODELED_PHASE1,NOT_MODELED_PHASE1,FINANCING_CHANNEL_SEPARATE,FINANCING_CHANNEL_SEPARATE,MODEL_CONTINGENT_STRESS_TEST_ONLY
current_8_10_admin_retained,0.10,0.08,retained,retained,0,0.0025,0,0.0005,1,0,0,0,0,0,0,EXCLUDED_FROM_COMPLIANCE_MODULE,NOT_MODELED_PHASE1,NOT_MODELED_PHASE1,NOT_MODELED_PHASE1,FINANCING_CHANNEL_SEPARATE,FINANCING_CHANNEL_SEPARATE,MODEL_CONTINGENT_STRESS_TEST_ONLY
current_8_10_admin_retained,0.10,0.08,retained,retained,0,0.0025,0,0.0005,3,0,0,0,0,0,0,EXCLUDED_FROM_COMPLIANCE_MODULE,NOT_MODELED_PHASE1,NOT_MODELED_PHASE1,NOT_MODELED_PHASE1,FINANCING_CHANNEL_SEPARATE,FINANCING_CHANNEL_SEPARATE,MODEL_CONTINGENT_STRESS_TEST_ONLY
current_8_10_admin_retained,0.10,0.08,retained,retained,0,0.0025,0,0.0005,5,0,0,0,0,0,0,EXCLUDED_FROM_COMPLIANCE_MODULE,NOT_MODELED_PHASE1,NOT_MODELED_PHASE1,NOT_MODELED_PHASE1,FINANCING_CHANNEL_SEPARATE,FINANCING_CHANNEL_SEPARATE,MODEL_CONTINGENT_STRESS_TEST_ONLY
current_8_10_admin_retained,0.10,0.08,retained,retained,0,0.0025,0,0.001,1,0,0,0,0,0,0,EXCLUDED_FROM_COMPLIANCE_MODULE,NOT_MODELED_PHASE1,NOT_MODELED_PHASE1,NOT_MODELED_PHASE1,FINANCING_CHANNEL_SEPARATE,FINANCING_CHANNEL_SEPARATE,MODEL_CONTINGENT_STRESS_TEST_ONLY
current_8_10_admin_retained,0.10,0.08,retained,retained,0,0.0025,0,0.001,3,0,0,0,0,0,0,EXCLUDED_FROM_COMPLIANCE_MODULE,NOT_MODELED_PHASE1,NOT_MODELED_PHASE1,NOT_MODELED_PHASE1,FINANCING_CHANNEL_SEPARATE,FINANCING_CHANNEL_SEPARATE,MODEL_CONTINGENT_STRESS_TEST_ONLY
current_8_10_admin_retained,0.10,0.08,retained,retained,0,0.0025,0,0.001,5,0,0,0,0,0,0,EXCLUDED_FROM_COMPLIANCE_MODULE,NOT_MODELED_PHASE1,NOT_MODELED_PHASE1,NOT_MODELED_PHASE1,FINANCING_CHANNEL_SEPARATE,FINANCING_CHANNEL_SEPARATE,MODEL_CONTINGENT_STRESS_TEST_ONLY
current_8_10_admin_retained,0.10,0.08,retained,retained,0,0.0025,0.25,0,1,0,0,0,0,0,0,EXCLUDED_FROM_COMPLIANCE_MODULE,NOT_MODELED_PHASE1,NOT_MODELED_PHASE1,NOT_MODELED_PHASE1,FINANCING_CHANNEL_SEPARATE,FINANCING_CHANNEL_SEPARATE,MODEL_CONTINGENT_STRESS_TEST_ONLY
current_8_10_admin_retained,0.10,0.08,retained,retained,0,0.0025,0.25,0,3,0,0,0,0,0,0,EXCLUDED_FROM_COMPLIANCE_MODULE,NOT_MODELED_PHASE1,NOT_MODELED_PHASE1,NOT_MODELED_PHASE1,FINANCING_CHANNEL_SEPARATE,FINANCING_CHANNEL_SEPARATE,MODEL_CONTINGENT_STRESS_TEST_ONLY
current_8_10_admin_retained,0.10,0.08,retained,retained,0,0.0025,0.25,0,5,0,0,0,0,0,0,EXCLUDED_FROM_COMPLIANCE_MODULE,NOT_MODELED_PHASE1,NOT_MODELED_PHASE1,NOT_MODELED_PHASE1,FINANCING_CHANNEL_SEPARATE,FINANCING_CHANNEL_SEPARATE,MODEL_CONTINGENT_STRESS_TEST_ONLY
current_8_10_admin_retained,0.10,0.08,retained,retained,0,0.0025,0.25,0.00025,1,0,0,0,0,0,0,EXCLUDED_FROM_COMPLIANCE_MODULE,NOT_MODELED_PHASE1,NOT_MODELED_PHASE1,NOT_MODELED_PHASE1,FINANCING_CHANNEL_SEPARATE,FINANCING_CHANNEL_SEPARATE,MODEL_CONTINGENT_STRESS_TEST_ONLY
current_8_10_admin_retained,0.10,0.08,retained,retained,0,0.0025,0.25,0.00025,3,0,0,0,0,0,0,EXCLUDED_FROM_COMPLIANCE_MODULE,NOT_MODELED_PHASE1,NOT_MODELED_PHASE1,NOT_MODELED_PHASE1,FINANCING_CHANNEL_SEPARATE,FINANCING_CHANNEL_SEPARATE,MODEL_CONTINGENT_STRESS_TEST_ONLY
current_8_10_admin_retained,0.10,0.08,retained,retained,0,0.0025,0.25,0.00025,5,0,0,0,0,0,0,EXCLUDED_FROM_COMPLIANCE_MODULE,NOT_MODELED_PHASE1,NOT_MODELED_PHASE1,NOT_MODELED_PHASE1,FINANCING_CHANNEL_SEPARATE,FINANCING_CHANNEL_SEPARATE,MODEL_CONTINGENT_STRESS_TEST_ONLY
current_8_10_admin_retained,0.10,0.08,retained,retained,0,0.0025,0.25,0.0005,1,0,0,0,0,0,0,EXCLUDED_FROM_COMPLIANCE_MODULE,NOT_MODELED_PHASE1,NOT_MODELED_PHASE1,NOT_MODELED_PHASE1,FINANCING_CHANNEL_SEPARATE,FINANCING_CHANNEL_SEPARATE,MODEL_CONTINGENT_STRESS_TEST_ONLY
current_8_10_admin_retained,0.10,0.08,retained,retained,0,0.0025,0.25,0.0005,3,0,0,0,0,0,0,EXCLUDED_FROM_COMPLIANCE_MODULE,NOT_MODELED_PHASE1,NOT_MODELED_PHASE1,NOT_MODELED_PHASE1,FINANCING_CHANNEL_SEPARATE,FINANCING_CHANNEL_SEPARATE,MODEL_CONTINGENT_STRESS_TEST_ONLY
current_8_10_admin_retained,0.10,0.08,retained,retained,0,0.0025,0.25,0.0005,5,0,0,0,0,0,0,EXCLUDED_FROM_COMPLIANCE_MODULE,NOT_MODELED_PHASE1,NOT_MODELED_PHASE1,NOT_MODELED_PHASE1,FINANCING_CHANNEL_SEPARATE,FINANCING_CHANNEL_SEPARATE,MODEL_CONTINGENT_STRESS_TEST_ONLY
current_8_10_admin_retained,0.10,0.08,retained,retained,0,0.0025,0.25,0.001,1,0,0,0,0,0,0,EXCLUDED_FROM_COMPLIANCE_MODULE,NOT_MODELED_PHASE1,NOT_MODELED_PHASE1,NOT_MODELED_PHASE1,FINANCING_CHANNEL_SEPARATE,FINANCING_CHANNEL_SEPARATE,MODEL_CONTINGENT_STRESS_TEST_ONLY
current_8_10_admin_retained,0.10,0.08,retained,retained,0,0.0025,0.25,0.001,3,0,0,0,0,0,0,EXCLUDED_FROM_COMPLIANCE_MODULE,NOT_MODELED_PHASE1,NOT_MODELED_PHASE1,NOT_MODELED_PHASE1,FINANCING_CHANNEL_SEPARATE,FINANCING_CHANNEL_SEPARATE,MODEL_CONTINGENT_STRESS_TEST_ONLY
current_8_10_admin_retained,0.10,0.08,retained,retained,0,0.0025,0.25,0.001,5,0,0,0,0,0,0,EXCLUDED_FROM_COMPLIANCE_MODULE,NOT_MODELED_PHASE1,NOT_MODELED_PHASE1,NOT_MODELED_PHASE1,FINANCING_CHANNEL_SEPARATE,FINANCING_CHANNEL_SEPARATE,MODEL_CONTINGENT_STRESS_TEST_ONLY
current_8_10_admin_retained,0.10,0.08,retained,retained,0,0.0025,0.5,0,1,0,0,0,0,0,0,EXCLUDED_FROM_COMPLIANCE_MODULE,NOT_MODELED_PHASE1,NOT_MODELED_PHASE1,NOT_MODELED_PHASE1,FINANCING_CHANNEL_SEPARATE,FINANCING_CHANNEL_SEPARATE,MODEL_CONTINGENT_STRESS_TEST_ONLY
current_8_10_admin_retained,0.10,0.08,retained,retained,0,0.0025,0.5,0,3,0,0,0,0,0,0,EXCLUDED_FROM_COMPLIANCE_MODULE,NOT_MODELED_PHASE1,NOT_MODELED_PHASE1,NOT_MODELED_PHASE1,FINANCING_CHANNEL_SEPARATE,FINANCING_CHANNEL_SEPARATE,MODEL_CONTINGENT_STRESS_TEST_ONLY
current_8_10_admin_retained,0.10,0.08,retained,retained,0,0.0025,0.5,0,5,0,0,0,0,0,0,EXCLUDED_FROM_COMPLIANCE_MODULE,NOT_MODELED_PHASE1,NOT_MODELED_PHASE1,NOT_MODELED_PHASE1,FINANCING_CHANNEL_SEPARATE,FINANCING_CHANNEL_SEPARATE,MODEL_CONTINGENT_STRESS_TEST_ONLY
current_8_10_admin_retained,0.10,0.08,retained,retained,0,0.0025,0.5,0.00025,1,0,0,0,0,0,0,EXCLUDED_FROM_COMPLIANCE_MODULE,NOT_MODELED_PHASE1,NOT_MODELED_PHASE1,NOT_MODELED_PHASE1,FINANCING_CHANNEL_SEPARATE,FINANCING_CHANNEL_SEPARATE,MODEL_CONTINGENT_STRESS_TEST_ONLY
current_8_10_admin_retained,0.10,0.08,retained,retained,0,0.0025,0.5,0.00025,3,0,0,0,0,0,0,EXCLUDED_FROM_COMPLIANCE_MODULE,NOT_MODELED_PHASE1,NOT_MODELED_PHASE1,NOT_MODELED_PHASE1,FINANCING_CHANNEL_SEPARATE,FINANCING_CHANNEL_SEPARATE,MODEL_CONTINGENT_STRESS_TEST_ONLY
current_8_10_admin_retained,0.10,0.08,retained,retained,0,0.0025,0.5,0.00025,5,0,0,0,0,0,0,EXCLUDED_FROM_COMPLIANCE_MODULE,NOT_MODELED_PHASE1,NOT_MODELED_PHASE1,NOT_MODELED_PHASE1,FINANCING_CHANNEL_SEPARATE,FINANCING_CHANNEL_SEPARATE,MODEL_CONTINGENT_STRESS_TEST_ONLY
current_8_10_admin_retained,0.10,0.08,retained,retained,0,0.0025,0.5,0.0005,1,0,0,0,0,0,0,EXCLUDED_FROM_COMPLIANCE_MODULE,NOT_MODELED_PHASE1,NOT_MODELED_PHASE1,NOT_MODELED_PHASE1,FINANCING_CHANNEL_SEPARATE,FINANCING_CHANNEL_SEPARATE,MODEL_CONTINGENT_STRESS_TEST_ONLY
current_8_10_admin_retained,0.10,0.08,retained,retained,0,0.0025,0.5,0.0005,3,0,0,0,0,0,0,EXCLUDED_FROM_COMPLIANCE_MODULE,NOT_MODELED_PHASE1,NOT_MODELED_PHASE1,NOT_MODELED_PHASE1,FINANCING_CHANNEL_SEPARATE,FINANCING_CHANNEL_SEPARATE,MODEL_CONTINGENT_STRESS_TEST_ONLY
current_8_10_admin_retained,0.10,0.08,retained,retained,0,0.0025,0.5,0.0005,5,0,0,0,0,0,0,EXCLUDED_FROM_COMPLIANCE_MODULE,NOT_MODELED_PHASE1,NOT_MODELED_PHASE1,NOT_MODELED_PHASE1,FINANCING_CHANNEL_SEPARATE,FINANCING_CHANNEL_SEPARATE,MODEL_CONTINGENT_STRESS_TEST_ONLY
current_8_10_admin_retained,0.10,0.08,retained,retained,0,0.0025,0.5,0.001,1,0,0,0,0,0,0,EXCLUDED_FROM_COMPLIANCE_MODULE,NOT_MODELED_PHASE1,NOT_MODELED_PHASE1,NOT_MODELED_PHASE1,FINANCING_CHANNEL_SEPARATE,FINANCING_CHANNEL_SEPARATE,MODEL_CONTINGENT_STRESS_TEST_ONLY
current_8_10_admin_retained,0.10,0.08,retained,retained,0,0.0025,0.5,0.001,3,0,0,0,0,0,0,EXCLUDED_FROM_COMPLIANCE_MODULE,NOT_MODELED_PHASE1,NOT_MODELED_PHASE1,NOT_MODELED_PHASE1,FINANCING_CHANNEL_SEPARATE,FINANCING_CHANNEL_SEPARATE,MODEL_CONTINGENT_STRESS_TEST_ONLY
current_8_10_admin_retained,0.10,0.08,retained,retained,0,0.0025,0.5,0.001,5,0,0,0,0,0,0,EXCLUDED_FROM_COMPLIANCE_MODULE,NOT_MODELED_PHASE1,NOT_MODELED_PHASE1,NOT_MODELED_PHASE1,FINANCING_CHANNEL_SEPARATE,FINANCING_CHANNEL_SEPARATE,MODEL_CONTINGENT_STRESS_TEST_ONLY
current_8_10_admin_retained,0.10,0.08,retained,retained,0,0.0025,0.75,0,1,0,0,0,0,0,0,EXCLUDED_FROM_COMPLIANCE_MODULE,NOT_MODELED_PHASE1,NOT_MODELED_PHASE1,NOT_MODELED_PHASE1,FINANCING_CHANNEL_SEPARATE,FINANCING_CHANNEL_SEPARATE,MODEL_CONTINGENT_STRESS_TEST_ONLY
current_8_10_admin_retained,0.10,0.08,retained,retained,0,0.0025,0.75,0,3,0,0,0,0,0,0,EXCLUDED_FROM_COMPLIANCE_MODULE,NOT_MODELED_PHASE1,NOT_MODELED_PHASE1,NOT_MODELED_PHASE1,FINANCING_CHANNEL_SEPARATE,FINANCING_CHANNEL_SEPARATE,MODEL_CONTINGENT_STRESS_TEST_ONLY
current_8_10_admin_retained,0.10,0.08,retained,retained,0,0.0025,0.75,0,5,0,0,0,0,0,0,EXCLUDED_FROM_COMPLIANCE_MODULE,NOT_MODELED_PHASE1,NOT_MODELED_PHASE1,NOT_MODELED_PHASE1,FINANCING_CHANNEL_SEPARATE,FINANCING_CHANNEL_SEPARATE,MODEL_CONTINGENT_STRESS_TEST_ONLY
current_8_10_admin_retained,0.10,0.08,retained,retained,0,0.0025,0.75,0.00025,1,0,0,0,0,0,0,EXCLUDED_FROM_COMPLIANCE_MODULE,NOT_MODELED_PHASE1,NOT_MODELED_PHASE1,NOT_MODELED_PHASE1,FINANCING_CHANNEL_SEPARATE,FINANCING_CHANNEL_SEPARATE,MODEL_CONTINGENT_STRESS_TEST_ONLY
current_8_10_admin_retained,0.10,0.08,retained,retained,0,0.0025,0.75,0.00025,3,0,0,0,0,0,0,EXCLUDED_FROM_COMPLIANCE_MODULE,NOT_MODELED_PHASE1,NOT_MODELED_PHASE1,NOT_MODELED_PHASE1,FINANCING_CHANNEL_SEPARATE,FINANCING_CHANNEL_SEPARATE,MODEL_CONTINGENT_STRESS_TEST_ONLY
current_8_10_admin_retained,0.10,0.08,retained,retained,0,0.0025,0.75,0.00025,5,0,0,0,0,0,0,EXCLUDED_FROM_COMPLIANCE_MODULE,NOT_MODELED_PHASE1,NOT_MODELED_PHASE1,NOT_MODELED_PHASE1,FINANCING_CHANNEL_SEPARATE,FINANCING_CHANNEL_SEPARATE,MODEL_CONTINGENT_STRESS_TEST_ONLY
current_8_10_admin_retained,0.10,0.08,retained,retained,0,0.0025,0.75,0.0005,1,0,0,0,0,0,0,EXCLUDED_FROM_COMPLIANCE_MODULE,NOT_MODELED_PHASE1,NOT_MODELED_PHASE1,NOT_MODELED_PHASE1,FINANCING_CHANNEL_SEPARATE,FINANCING_CHANNEL_SEPARATE,MODEL_CONTINGENT_STRESS_TEST_ONLY
current_8_10_admin_retained,0.10,0.08,retained,retained,0,0.0025,0.75,0.0005,3,0,0,0,0,0,0,EXCLUDED_FROM_COMPLIANCE_MODULE,NOT_MODELED_PHASE1,NOT_MODELED_PHASE1,NOT_MODELED_PHASE1,FINANCING_CHANNEL_SEPARATE,FINANCING_CHANNEL_SEPARATE,MODEL_CONTINGENT_STRESS_TEST_ONLY
current_8_10_admin_retained,0.10,0.08,retained,retained,0,0.0025,0.75,0.0005,5,0,0,0,0,0,0,EXCLUDED_FROM_COMPLIANCE_MODULE,NOT_MODELED_PHASE1,NOT_MODELED_PHASE1,NOT_MODELED_PHASE1,FINANCING_CHANNEL_SEPARATE,FINANCING_CHANNEL_SEPARATE,MODEL_CONTINGENT_STRESS_TEST_ONLY
current_8_10_admin_retained,0.10,0.08,retained,retained,0,0.0025,0.75,0.001,1,0,0,0,0,0,0,EXCLUDED_FROM_COMPLIANCE_MODULE,NOT_MODELED_PHASE1,NOT_MODELED_PHASE1,NOT_MODELED_PHASE1,FINANCING_CHANNEL_SEPARATE,FINANCING_CHANNEL_SEPARATE,MODEL_CONTINGENT_STRESS_TEST_ONLY
current_8_10_admin_retained,0.10,0.08,retained,retained,0,0.0025,0.75,0.001,3,0,0,0,0,0,0,EXCLUDED_FROM_COMPLIANCE_MODULE,NOT_MODELED_PHASE1,NOT_MODELED_PHASE1,NOT_MODELED_PHASE1,FINANCING_CHANNEL_SEPARATE,FINANCING_CHANNEL_SEPARATE,MODEL_CONTINGENT_STRESS_TEST_ONLY
current_8_10_admin_retained,0.10,0.08,retained,retained,0,0.0025,0.75,0.001,5,0,0,0,0,0,0,EXCLUDED_FROM_COMPLIANCE_MODULE,NOT_MODELED_PHASE1,NOT_MODELED_PHASE1,NOT_MODELED_PHASE1,FINANCING_CHANNEL_SEPARATE,FINANCING_CHANNEL_SEPARATE,MODEL_CONTINGENT_STRESS_TEST_ONLY
current_8_10_admin_retained,0.10,0.08,retained,retained,0,0.0025,1,0,1,0,0,0,0,0,0,EXCLUDED_FROM_COMPLIANCE_MODULE,NOT_MODELED_PHASE1,NOT_MODELED_PHASE1,NOT_MODELED_PHASE1,FINANCING_CHANNEL_SEPARATE,FINANCING_CHANNEL_SEPARATE,MODEL_CONTINGENT_STRESS_TEST_ONLY
current_8_10_admin_retained,0.10,0.08,retained,retained,0,0.0025,1,0,3,0,0,0,0,0,0,EXCLUDED_FROM_COMPLIANCE_MODULE,NOT_MODELED_PHASE1,NOT_MODELED_PHASE1,NOT_MODELED_PHASE1,FINANCING_CHANNEL_SEPARATE,FINANCING_CHANNEL_SEPARATE,MODEL_CONTINGENT_STRESS_TEST_ONLY
current_8_10_admin_retained,0.10,0.08,retained,retained,0,0.0025,1,0,5,0,0,0,0,0,0,EXCLUDED_FROM_COMPLIANCE_MODULE,NOT_MODELED_PHASE1,NOT_MODELED_PHASE1,NOT_MODELED_PHASE1,FINANCING_CHANNEL_SEPARATE,FINANCING_CHANNEL_SEPARATE,MODEL_CONTINGENT_STRESS_TEST_ONLY
current_8_10_admin_retained,0.10,0.08,retained,retained,0,0.0025,1,0.00025,1,0,0,0,0,0,0,EXCLUDED_FROM_COMPLIANCE_MODULE,NOT_MODELED_PHASE1,NOT_MODELED_PHASE1,NOT_MODELED_PHASE1,FINANCING_CHANNEL_SEPARATE,FINANCING_CHANNEL_SEPARATE,MODEL_CONTINGENT_STRESS_TEST_ONLY
current_8_10_admin_retained,0.10,0.08,retained,retained,0,0.0025,1,0.00025,3,0,0,0,0,0,0,EXCLUDED_FROM_COMPLIANCE_MODULE,NOT_MODELED_PHASE1,NOT_MODELED_PHASE1,NOT_MODELED_PHASE1,FINANCING_CHANNEL_SEPARATE,FINANCING_CHANNEL_SEPARATE,MODEL_CONTINGENT_STRESS_TEST_ONLY
current_8_10_admin_retained,0.10,0.08,retained,retained,0,0.0025,1,0.00025,5,0,0,0,0,0,0,EXCLUDED_FROM_COMPLIANCE_MODULE,NOT_MODELED_PHASE1,NOT_MODELED_PHASE1,NOT_MODELED_PHASE1,FINANCING_CHANNEL_SEPARATE,FINANCING_CHANNEL_SEPARATE,MODEL_CONTINGENT_STRESS_TEST_ONLY
current_8_10_admin_retained,0.10,0.08,retained,retained,0,0.0025,1,0.0005,1,0,0,0,0,0,0,EXCLUDED_FROM_COMPLIANCE_MODULE,NOT_MODELED_PHASE1,NOT_MODELED_PHASE1,NOT_MODELED_PHASE1,FINANCING_CHANNEL_SEPARATE,FINANCING_CHANNEL_SEPARATE,MODEL_CONTINGENT_STRESS_TEST_ONLY
current_8_10_admin_retained,0.10,0.08,retained,retained,0,0.0025,1,0.0005,3,0,0,0,0,0,0,EXCLUDED_FROM_COMPLIANCE_MODULE,NOT_MODELED_PHASE1,NOT_MODELED_PHASE1,NOT_MODELED_PHASE1,FINANCING_CHANNEL_SEPARATE,FINANCING_CHANNEL_SEPARATE,MODEL_CONTINGENT_STRESS_TEST_ONLY
current_8_10_admin_retained,0.10,0.08,retained,retained,0,0.0025,1,0.0005,5,0,0,0,0,0,0,EXCLUDED_FROM_COMPLIANCE_MODULE,NOT_MODELED_PHASE1,NOT_MODELED_PHASE1,NOT_MODELED_PHASE1,FINANCING_CHANNEL_SEPARATE,FINANCING_CHANNEL_SEPARATE,MODEL_CONTINGENT_STRESS_TEST_ONLY
current_8_10_admin_retained,0.10,0.08,retained,retained,0,0.0025,1,0.001,1,0,0,0,0,0,0,EXCLUDED_FROM_COMPLIANCE_MODULE,NOT_MODELED_PHASE1,NOT_MODELED_PHASE1,NOT_MODELED_PHASE1,FINANCING_CHANNEL_SEPARATE,FINANCING_CHANNEL_SEPARATE,MODEL_CONTINGENT_STRESS_TEST_ONLY
current_8_10_admin_retained,0.10,0.08,retained,retained,0,0.0025,1,0.001,3,0,0,0,0,0,0,EXCLUDED_FROM_COMPLIANCE_MODULE,NOT_MODELED_PHASE1,NOT_MODELED_PHASE1,NOT_MODELED_PHASE1,FINANCING_CHANNEL_SEPARATE,FINANCING_CHANNEL_SEPARATE,MODEL_CONTINGENT_STRESS_TEST_ONLY
current_8_10_admin_retained,0.10,0.08,retained,retained,0,0.0025,1,0.001,5,0,0,0,0,0,0,EXCLUDED_FROM_COMPLIANCE_MODULE,NOT_MODELED_PHASE1,NOT_MODELED_PHASE1,NOT_MODELED_PHASE1,FINANCING_CHANNEL_SEPARATE,FINANCING_CHANNEL_SEPARATE,MODEL_CONTINGENT_STRESS_TEST_ONLY
current_8_10_admin_retained,0.10,0.08,retained,retained,0,0.005,0,0,1,0,0,0,0,0,0,EXCLUDED_FROM_COMPLIANCE_MODULE,NOT_MODELED_PHASE1,NOT_MODELED_PHASE1,NOT_MODELED_PHASE1,FINANCING_CHANNEL_SEPARATE,FINANCING_CHANNEL_SEPARATE,MODEL_CONTINGENT_STRESS_TEST_ONLY
current_8_10_admin_retained,0.10,0.08,retained,retained,0,0.005,0,0,3,0,0,0,0,0,0,EXCLUDED_FROM_COMPLIANCE_MODULE,NOT_MODELED_PHASE1,NOT_MODELED_PHASE1,NOT_MODELED_PHASE1,FINANCING_CHANNEL_SEPARATE,FINANCING_CHANNEL_SEPARATE,MODEL_CONTINGENT_STRESS_TEST_ONLY
current_8_10_admin_retained,0.10,0.08,retained,retained,0,0.005,0,0,5,0,0,0,0,0,0,EXCLUDED_FROM_COMPLIANCE_MODULE,NOT_MODELED_PHASE1,NOT_MODELED_PHASE1,NOT_MODELED_PHASE1,FINANCING_CHANNEL_SEPARATE,FINANCING_CHANNEL_SEPARATE,MODEL_CONTINGENT_STRESS_TEST_ONLY
current_8_10_admin_retained,0.10,0.08,retained,retained,0,0.005,0,0.00025,1,0,0,0,0,0,0,EXCLUDED_FROM_COMPLIANCE_MODULE,NOT_MODELED_PHASE1,NOT_MODELED_PHASE1,NOT_MODELED_PHASE1,FINANCING_CHANNEL_SEPARATE,FINANCING_CHANNEL_SEPARATE,MODEL_CONTINGENT_STRESS_TEST_ONLY
current_8_10_admin_retained,0.10,0.08,retained,retained,0,0.005,0,0.00025,3,0,0,0,0,0,0,EXCLUDED_FROM_COMPLIANCE_MODULE,NOT_MODELED_PHASE1,NOT_MODELED_PHASE1,NOT_MODELED_PHASE1,FINANCING_CHANNEL_SEPARATE,FINANCING_CHANNEL_SEPARATE,MODEL_CONTINGENT_STRESS_TEST_ONLY
current_8_10_admin_retained,0.10,0.08,retained,retained,0,0.005,0,0.00025,5,0,0,0,0,0,0,EXCLUDED_FROM_COMPLIANCE_MODULE,NOT_MODELED_PHASE1,NOT_MODELED_PHASE1,NOT_MODELED_PHASE1,FINANCING_CHANNEL_SEPARATE,FINANCING_CHANNEL_SEPARATE,MODEL_CONTINGENT_STRESS_TEST_ONLY
current_8_10_admin_retained,0.10,0.08,retained,retained,0,0.005,0,0.0005,1,0,0,0,0,0,0,EXCLUDED_FROM_COMPLIANCE_MODULE,NOT_MODELED_PHASE1,NOT_MODELED_PHASE1,NOT_MODELED_PHASE1,FINANCING_CHANNEL_SEPARATE,FINANCING_CHANNEL_SEPARATE,MODEL_CONTINGENT_STRESS_TEST_ONLY
current_8_10_admin_retained,0.10,0.08,retained,retained,0,0.005,0,0.0005,3,0,0,0,0,0,0,EXCLUDED_FROM_COMPLIANCE_MODULE,NOT_MODELED_PHASE1,NOT_MODELED_PHASE1,NOT_MODELED_PHASE1,FINANCING_CHANNEL_SEPARATE,FINANCING_CHANNEL_SEPARATE,MODEL_CONTINGENT_STRESS_TEST_ONLY
current_8_10_admin_retained,0.10,0.08,retained,retained,0,0.005,0,0.0005,5,0,0,0,0,0,0,EXCLUDED_FROM_COMPLIANCE_MODULE,NOT_MODELED_PHASE1,NOT_MODELED_PHASE1,NOT_MODELED_PHASE1,FINANCING_CHANNEL_SEPARATE,FINANCING_CHANNEL_SEPARATE,MODEL_CONTINGENT_STRESS_TEST_ONLY
current_8_10_admin_retained,0.10,0.08,retained,retained,0,0.005,0,0.001,1,0,0,0,0,0,0,EXCLUDED_FROM_COMPLIANCE_MODULE,NOT_MODELED_PHASE1,NOT_MODELED_PHASE1,NOT_MODELED_PHASE1,FINANCING_CHANNEL_SEPARATE,FINANCING_CHANNEL_SEPARATE,MODEL_CONTINGENT_STRESS_TEST_ONLY
current_8_10_admin_retained,0.10,0.08,retained,retained,0,0.005,0,0.001,3,0,0,0,0,0,0,EXCLUDED_FROM_COMPLIANCE_MODULE,NOT_MODELED_PHASE1,NOT_MODELED_PHASE1,NOT_MODELED_PHASE1,FINANCING_CHANNEL_SEPARATE,FINANCING_CHANNEL_SEPARATE,MODEL_CONTINGENT_STRESS_TEST_ONLY
current_8_10_admin_retained,0.10,0.08,retained,retained,0,0.005,0,0.001,5,0,0,0,0,0,0,EXCLUDED_FROM_COMPLIANCE_MODULE,NOT_MODELED_PHASE1,NOT_MODELED_PHASE1,NOT_MODELED_PHASE1,FINANCING_CHANNEL_SEPARATE,FINANCING_CHANNEL_SEPARATE,MODEL_CONTINGENT_STRESS_TEST_ONLY
current_8_10_admin_retained,0.10,0.08,retained,retained,0,0.005,0.25,0,1,0,0,0,0,0,0,EXCLUDED_FROM_COMPLIANCE_MODULE,NOT_MODELED_PHASE1,NOT_MODELED_PHASE1,NOT_MODELED_PHASE1,FINANCING_CHANNEL_SEPARATE,FINANCING_CHANNEL_SEPARATE,MODEL_CONTINGENT_STRESS_TEST_ONLY
current_8_10_admin_retained,0.10,0.08,retained,retained,0,0.005,0.25,0,3,0,0,0,0,0,0,EXCLUDED_FROM_COMPLIANCE_MODULE,NOT_MODELED_PHASE1,NOT_MODELED_PHASE1,NOT_MODELED_PHASE1,FINANCING_CHANNEL_SEPARATE,FINANCING_CHANNEL_SEPARATE,MODEL_CONTINGENT_STRESS_TEST_ONLY
current_8_10_admin_retained,0.10,0.08,retained,retained,0,0.005,0.25,0,5,0,0,0,0,0,0,EXCLUDED_FROM_COMPLIANCE_MODULE,NOT_MODELED_PHASE1,NOT_MODELED_PHASE1,NOT_MODELED_PHASE1,FINANCING_CHANNEL_SEPARATE,FINANCING_CHANNEL_SEPARATE,MODEL_CONTINGENT_STRESS_TEST_ONLY
current_8_10_admin_retained,0.10,0.08,retained,retained,0,0.005,0.25,0.00025,1,0,0,0,0,0,0,EXCLUDED_FROM_COMPLIANCE_MODULE,NOT_MODELED_PHASE1,NOT_MODELED_PHASE1,NOT_MODELED_PHASE1,FINANCING_CHANNEL_SEPARATE,FINANCING_CHANNEL_SEPARATE,MODEL_CONTINGENT_STRESS_TEST_ONLY
current_8_10_admin_retained,0.10,0.08,retained,retained,0,0.005,0.25,0.00025,3,0,0,0,0,0,0,EXCLUDED_FROM_COMPLIANCE_MODULE,NOT_MODELED_PHASE1,NOT_MODELED_PHASE1,NOT_MODELED_PHASE1,FINANCING_CHANNEL_SEPARATE,FINANCING_CHANNEL_SEPARATE,MODEL_CONTINGENT_STRESS_TEST_ONLY
current_8_10_admin_retained,0.10,0.08,retained,retained,0,0.005,0.25,0.00025,5,0,0,0,0,0,0,EXCLUDED_FROM_COMPLIANCE_MODULE,NOT_MODELED_PHASE1,NOT_MODELED_PHASE1,NOT_MODELED_PHASE1,FINANCING_CHANNEL_SEPARATE,FINANCING_CHANNEL_SEPARATE,MODEL_CONTINGENT_STRESS_TEST_ONLY
current_8_10_admin_retained,0.10,0.08,retained,retained,0,0.005,0.25,0.0005,1,0,0,0,0,0,0,EXCLUDED_FROM_COMPLIANCE_MODULE,NOT_MODELED_PHASE1,NOT_MODELED_PHASE1,NOT_MODELED_PHASE1,FINANCING_CHANNEL_SEPARATE,FINANCING_CHANNEL_SEPARATE,MODEL_CONTINGENT_STRESS_TEST_ONLY
current_8_10_admin_retained,0.10,0.08,retained,retained,0,0.005,0.25,0.0005,3,0,0,0,0,0,0,EXCLUDED_FROM_COMPLIANCE_MODULE,NOT_MODELED_PHASE1,NOT_MODELED_PHASE1,NOT_MODELED_PHASE1,FINANCING_CHANNEL_SEPARATE,FINANCING_CHANNEL_SEPARATE,MODEL_CONTINGENT_STRESS_TEST_ONLY
current_8_10_admin_retained,0.10,0.08,retained,retained,0,0.005,0.25,0.0005,5,0,0,0,0,0,0,EXCLUDED_FROM_COMPLIANCE_MODULE,NOT_MODELED_PHASE1,NOT_MODELED_PHASE1,NOT_MODELED_PHASE1,FINANCING_CHANNEL_SEPARATE,FINANCING_CHANNEL_SEPARATE,MODEL_CONTINGENT_STRESS_TEST_ONLY
current_8_10_admin_retained,0.10,0.08,retained,retained,0,0.005,0.25,0.001,1,0,0,0,0,0,0,EXCLUDED_FROM_COMPLIANCE_MODULE,NOT_MODELED_PHASE1,NOT_MODELED_PHASE1,NOT_MODELED_PHASE1,FINANCING_CHANNEL_SEPARATE,FINANCING_CHANNEL_SEPARATE,MODEL_CONTINGENT_STRESS_TEST_ONLY
current_8_10_admin_retained,0.10,0.08,retained,retained,0,0.005,0.25,0.001,3,0,0,0,0,0,0,EXCLUDED_FROM_COMPLIANCE_MODULE,NOT_MODELED_PHASE1,NOT_MODELED_PHASE1,NOT_MODELED_PHASE1,FINANCING_CHANNEL_SEPARATE,FINANCING_CHANNEL_SEPARATE,MODEL_CONTINGENT_STRESS_TEST_ONLY
current_8_10_admin_retained,0.10,0.08,retained,retained,0,0.005,0.25,0.001,5,0,0,0,0,0,0,EXCLUDED_FROM_COMPLIANCE_MODULE,NOT_MODELED_PHASE1,NOT_MODELED_PHASE1,NOT_MODELED_PHASE1,FINANCING_CHANNEL_SEPARATE,FINANCING_CHANNEL_SEPARATE,MODEL_CONTINGENT_STRESS_TEST_ONLY
current_8_10_admin_retained,0.10,0.08,retained,retained,0,0.005,0.5,0,1,0,0,0,0,0,0,EXCLUDED_FROM_COMPLIANCE_MODULE,NOT_MODELED_PHASE1,NOT_MODELED_PHASE1,NOT_MODELED_PHASE1,FINANCING_CHANNEL_SEPARATE,FINANCING_CHANNEL_SEPARATE,MODEL_CONTINGENT_STRESS_TEST_ONLY
current_8_10_admin_retained,0.10,0.08,retained,retained,0,0.005,0.5,0,3,0,0,0,0,0,0,EXCLUDED_FROM_COMPLIANCE_MODULE,NOT_MODELED_PHASE1,NOT_MODELED_PHASE1,NOT_MODELED_PHASE1,FINANCING_CHANNEL_SEPARATE,FINANCING_CHANNEL_SEPARATE,MODEL_CONTINGENT_STRESS_TEST_ONLY
current_8_10_admin_retained,0.10,0.08,retained,retained,0,0.005,0.5,0,5,0,0,0,0,0,0,EXCLUDED_FROM_COMPLIANCE_MODULE,NOT_MODELED_PHASE1,NOT_MODELED_PHASE1,NOT_MODELED_PHASE1,FINANCING_CHANNEL_SEPARATE,FINANCING_CHANNEL_SEPARATE,MODEL_CONTINGENT_STRESS_TEST_ONLY
current_8_10_admin_retained,0.10,0.08,retained,retained,0,0.005,0.5,0.00025,1,0,0,0,0,0,0,EXCLUDED_FROM_COMPLIANCE_MODULE,NOT_MODELED_PHASE1,NOT_MODELED_PHASE1,NOT_MODELED_PHASE1,FINANCING_CHANNEL_SEPARATE,FINANCING_CHANNEL_SEPARATE,MODEL_CONTINGENT_STRESS_TEST_ONLY
current_8_10_admin_retained,0.10,0.08,retained,retained,0,0.005,0.5,0.00025,3,0,0,0,0,0,0,EXCLUDED_FROM_COMPLIANCE_MODULE,NOT_MODELED_PHASE1,NOT_MODELED_PHASE1,NOT_MODELED_PHASE1,FINANCING_CHANNEL_SEPARATE,FINANCING_CHANNEL_SEPARATE,MODEL_CONTINGENT_STRESS_TEST_ONLY
current_8_10_admin_retained,0.10,0.08,retained,retained,0,0.005,0.5,0.00025,5,0,0,0,0,0,0,EXCLUDED_FROM_COMPLIANCE_MODULE,NOT_MODELED_PHASE1,NOT_MODELED_PHASE1,NOT_MODELED_PHASE1,FINANCING_CHANNEL_SEPARATE,FINANCING_CHANNEL_SEPARATE,MODEL_CONTINGENT_STRESS_TEST_ONLY
current_8_10_admin_retained,0.10,0.08,retained,retained,0,0.005,0.5,0.0005,1,0,0,0,0,0,0,EXCLUDED_FROM_COMPLIANCE_MODULE,NOT_MODELED_PHASE1,NOT_MODELED_PHASE1,NOT_MODELED_PHASE1,FINANCING_CHANNEL_SEPARATE,FINANCING_CHANNEL_SEPARATE,MODEL_CONTINGENT_STRESS_TEST_ONLY
current_8_10_admin_retained,0.10,0.08,retained,retained,0,0.005,0.5,0.0005,3,0,0,0,0,0,0,EXCLUDED_FROM_COMPLIANCE_MODULE,NOT_MODELED_PHASE1,NOT_MODELED_PHASE1,NOT_MODELED_PHASE1,FINANCING_CHANNEL_SEPARATE,FINANCING_CHANNEL_SEPARATE,MODEL_CONTINGENT_STRESS_TEST_ONLY
current_8_10_admin_retained,0.10,0.08,retained,retained,0,0.005,0.5,0.0005,5,0,0,0,0,0,0,EXCLUDED_FROM_COMPLIANCE_MODULE,NOT_MODELED_PHASE1,NOT_MODELED_PHASE1,NOT_MODELED_PHASE1,FINANCING_CHANNEL_SEPARATE,FINANCING_CHANNEL_SEPARATE,MODEL_CONTINGENT_STRESS_TEST_ONLY
current_8_10_admin_retained,0.10,0.08,retained,retained,0,0.005,0.5,0.001,1,0,0,0,0,0,0,EXCLUDED_FROM_COMPLIANCE_MODULE,NOT_MODELED_PHASE1,NOT_MODELED_PHASE1,NOT_MODELED_PHASE1,FINANCING_CHANNEL_SEPARATE,FINANCING_CHANNEL_SEPARATE,MODEL_CONTINGENT_STRESS_TEST_ONLY
current_8_10_admin_retained,0.10,0.08,retained,retained,0,0.005,0.5,0.001,3,0,0,0,0,0,0,EXCLUDED_FROM_COMPLIANCE_MODULE,NOT_MODELED_PHASE1,NOT_MODELED_PHASE1,NOT_MODELED_PHASE1,FINANCING_CHANNEL_SEPARATE,FINANCING_CHANNEL_SEPARATE,MODEL_CONTINGENT_STRESS_TEST_ONLY
current_8_10_admin_retained,0.10,0.08,retained,retained,0,0.005,0.5,0.001,5,0,0,0,0,0,0,EXCLUDED_FROM_COMPLIANCE_MODULE,NOT_MODELED_PHASE1,NOT_MODELED_PHASE1,NOT_MODELED_PHASE1,FINANCING_CHANNEL_SEPARATE,FINANCING_CHANNEL_SEPARATE,MODEL_CONTINGENT_STRESS_TEST_ONLY
current_8_10_admin_retained,0.10,0.08,retained,retained,0,0.005,0.75,0,1,0,0,0,0,0,0,EXCLUDED_FROM_COMPLIANCE_MODULE,NOT_MODELED_PHASE1,NOT_MODELED_PHASE1,NOT_MODELED_PHASE1,FINANCING_CHANNEL_SEPARATE,FINANCING_CHANNEL_SEPARATE,MODEL_CONTINGENT_STRESS_TEST_ONLY
current_8_10_admin_retained,0.10,0.08,retained,retained,0,0.005,0.75,0,3,0,0,0,0,0,0,EXCLUDED_FROM_COMPLIANCE_MODULE,NOT_MODELED_PHASE1,NOT_MODELED_PHASE1,NOT_MODELED_PHASE1,FINANCING_CHANNEL_SEPARATE,FINANCING_CHANNEL_SEPARATE,MODEL_CONTINGENT_STRESS_TEST_ONLY
current_8_10_admin_retained,0.10,0.08,retained,retained,0,0.005,0.75,0,5,0,0,0,0,0,0,EXCLUDED_FROM_COMPLIANCE_MODULE,NOT_MODELED_PHASE1,NOT_MODELED_PHASE1,NOT_MODELED_PHASE1,FINANCING_CHANNEL_SEPARATE,FINANCING_CHANNEL_SEPARATE,MODEL_CONTINGENT_STRESS_TEST_ONLY
current_8_10_admin_retained,0.10,0.08,retained,retained,0,0.005,0.75,0.00025,1,0,0,0,0,0,0,EXCLUDED_FROM_COMPLIANCE_MODULE,NOT_MODELED_PHASE1,NOT_MODELED_PHASE1,NOT_MODELED_PHASE1,FINANCING_CHANNEL_SEPARATE,FINANCING_CHANNEL_SEPARATE,MODEL_CONTINGENT_STRESS_TEST_ONLY
current_8_10_admin_retained,0.10,0.08,retained,retained,0,0.005,0.75,0.00025,3,0,0,0,0,0,0,EXCLUDED_FROM_COMPLIANCE_MODULE,NOT_MODELED_PHASE1,NOT_MODELED_PHASE1,NOT_MODELED_PHASE1,FINANCING_CHANNEL_SEPARATE,FINANCING_CHANNEL_SEPARATE,MODEL_CONTINGENT_STRESS_TEST_ONLY
current_8_10_admin_retained,0.10,0.08,retained,retained,0,0.005,0.75,0.00025,5,0,0,0,0,0,0,EXCLUDED_FROM_COMPLIANCE_MODULE,NOT_MODELED_PHASE1,NOT_MODELED_PHASE1,NOT_MODELED_PHASE1,FINANCING_CHANNEL_SEPARATE,FINANCING_CHANNEL_SEPARATE,MODEL_CONTINGENT_STRESS_TEST_ONLY
current_8_10_admin_retained,0.10,0.08,retained,retained,0,0.005,0.75,0.0005,1,0,0,0,0,0,0,EXCLUDED_FROM_COMPLIANCE_MODULE,NOT_MODELED_PHASE1,NOT_MODELED_PHASE1,NOT_MODELED_PHASE1,FINANCING_CHANNEL_SEPARATE,FINANCING_CHANNEL_SEPARATE,MODEL_CONTINGENT_STRESS_TEST_ONLY
current_8_10_admin_retained,0.10,0.08,retained,retained,0,0.005,0.75,0.0005,3,0,0,0,0,0,0,EXCLUDED_FROM_COMPLIANCE_MODULE,NOT_MODELED_PHASE1,NOT_MODELED_PHASE1,NOT_MODELED_PHASE1,FINANCING_CHANNEL_SEPARATE,FINANCING_CHANNEL_SEPARATE,MODEL_CONTINGENT_STRESS_TEST_ONLY
current_8_10_admin_retained,0.10,0.08,retained,retained,0,0.005,0.75,0.0005,5,0,0,0,0,0,0,EXCLUDED_FROM_COMPLIANCE_MODULE,NOT_MODELED_PHASE1,NOT_MODELED_PHASE1,NOT_MODELED_PHASE1,FINANCING_CHANNEL_SEPARATE,FINANCING_CHANNEL_SEPARATE,MODEL_CONTINGENT_STRESS_TEST_ONLY
current_8_10_admin_retained,0.10,0.08,retained,retained,0,0.005,0.75,0.001,1,0,0,0,0,0,0,EXCLUDED_FROM_COMPLIANCE_MODULE,NOT_MODELED_PHASE1,NOT_MODELED_PHASE1,NOT_MODELED_PHASE1,FINANCING_CHANNEL_SEPARATE,FINANCING_CHANNEL_SEPARATE,MODEL_CONTINGENT_STRESS_TEST_ONLY
current_8_10_admin_retained,0.10,0.08,retained,retained,0,0.005,0.75,0.001,3,0,0,0,0,0,0,EXCLUDED_FROM_COMPLIANCE_MODULE,NOT_MODELED_PHASE1,NOT_MODELED_PHASE1,NOT_MODELED_PHASE1,FINANCING_CHANNEL_SEPARATE,FINANCING_CHANNEL_SEPARATE,MODEL_CONTINGENT_STRESS_TEST_ONLY
current_8_10_admin_retained,0.10,0.08,retained,retained,0,0.005,0.75,0.001,5,0,0,0,0,0,0,EXCLUDED_FROM_COMPLIANCE_MODULE,NOT_MODELED_PHASE1,NOT_MODELED_PHASE1,NOT_MODELED_PHASE1,FINANCING_CHANNEL_SEPARATE,FINANCING_CHANNEL_SEPARATE,MODEL_CONTINGENT_STRESS_TEST_ONLY
current_8_10_admin_retained,0.10,0.08,retained,retained,0,0.005,1,0,1,0,0,0,0,0,0,EXCLUDED_FROM_COMPLIANCE_MODULE,NOT_MODELED_PHASE1,NOT_MODELED_PHASE1,NOT_MODELED_PHASE1,FINANCING_CHANNEL_SEPARATE,FINANCING_CHANNEL_SEPARATE,MODEL_CONTINGENT_STRESS_TEST_ONLY
current_8_10_admin_retained,0.10,0.08,retained,retained,0,0.005,1,0,3,0,0,0,0,0,0,EXCLUDED_FROM_COMPLIANCE_MODULE,NOT_MODELED_PHASE1,NOT_MODELED_PHASE1,NOT_MODELED_PHASE1,FINANCING_CHANNEL_SEPARATE,FINANCING_CHANNEL_SEPARATE,MODEL_CONTINGENT_STRESS_TEST_ONLY
current_8_10_admin_retained,0.10,0.08,retained,retained,0,0.005,1,0,5,0,0,0,0,0,0,EXCLUDED_FROM_COMPLIANCE_MODULE,NOT_MODELED_PHASE1,NOT_MODELED_PHASE1,NOT_MODELED_PHASE1,FINANCING_CHANNEL_SEPARATE,FINANCING_CHANNEL_SEPARATE,MODEL_CONTINGENT_STRESS_TEST_ONLY
current_8_10_admin_retained,0.10,0.08,retained,retained,0,0.005,1,0.00025,1,0,0,0,0,0,0,EXCLUDED_FROM_COMPLIANCE_MODULE,NOT_MODELED_PHASE1,NOT_MODELED_PHASE1,NOT_MODELED_PHASE1,FINANCING_CHANNEL_SEPARATE,FINANCING_CHANNEL_SEPARATE,MODEL_CONTINGENT_STRESS_TEST_ONLY
current_8_10_admin_retained,0.10,0.08,retained,retained,0,0.005,1,0.00025,3,0,0,0,0,0,0,EXCLUDED_FROM_COMPLIANCE_MODULE,NOT_MODELED_PHASE1,NOT_MODELED_PHASE1,NOT_MODELED_PHASE1,FINANCING_CHANNEL_SEPARATE,FINANCING_CHANNEL_SEPARATE,MODEL_CONTINGENT_STRESS_TEST_ONLY
current_8_10_admin_retained,0.10,0.08,retained,retained,0,0.005,1,0.00025,5,0,0,0,0,0,0,EXCLUDED_FROM_COMPLIANCE_MODULE,NOT_MODELED_PHASE1,NOT_MODELED_PHASE1,NOT_MODELED_PHASE1,FINANCING_CHANNEL_SEPARATE,FINANCING_CHANNEL_SEPARATE,MODEL_CONTINGENT_STRESS_TEST_ONLY
current_8_10_admin_retained,0.10,0.08,retained,retained,0,0.005,1,0.0005,1,0,0,0,0,0,0,EXCLUDED_FROM_COMPLIANCE_MODULE,NOT_MODELED_PHASE1,NOT_MODELED_PHASE1,NOT_MODELED_PHASE1,FINANCING_CHANNEL_SEPARATE,FINANCING_CHANNEL_SEPARATE,MODEL_CONTINGENT_STRESS_TEST_ONLY
current_8_10_admin_retained,0.10,0.08,retained,retained,0,0.005,1,0.0005,3,0,0,0,0,0,0,EXCLUDED_FROM_COMPLIANCE_MODULE,NOT_MODELED_PHASE1,NOT_MODELED_PHASE1,NOT_MODELED_PHASE1,FINANCING_CHANNEL_SEPARATE,FINANCING_CHANNEL_SEPARATE,MODEL_CONTINGENT_STRESS_TEST_ONLY
current_8_10_admin_retained,0.10,0.08,retained,retained,0,0.005,1,0.0005,5,0,0,0,0,0,0,EXCLUDED_FROM_COMPLIANCE_MODULE,NOT_MODELED_PHASE1,NOT_MODELED_PHASE1,NOT_MODELED_PHASE1,FINANCING_CHANNEL_SEPARATE,FINANCING_CHANNEL_SEPARATE,MODEL_CONTINGENT_STRESS_TEST_ONLY
current_8_10_admin_retained,0.10,0.08,retained,retained,0,0.005,1,0.001,1,0,0,0,0,0,0,EXCLUDED_FROM_COMPLIANCE_MODULE,NOT_MODELED_PHASE1,NOT_MODELED_PHASE1,NOT_MODELED_PHASE1,FINANCING_CHANNEL_SEPARATE,FINANCING_CHANNEL_SEPARATE,MODEL_CONTINGENT_STRESS_TEST_ONLY
current_8_10_admin_retained,0.10,0.08,retained,retained,0,0.005,1,0.001,3,0,0,0,0,0,0,EXCLUDED_FROM_COMPLIANCE_MODULE,NOT_MODELED_PHASE1,NOT_MODELED_PHASE1,NOT_MODELED_PHASE1,FINANCING_CHANNEL_SEPARATE,FINANCING_CHANNEL_SEPARATE,MODEL_CONTINGENT_STRESS_TEST_ONLY
current_8_10_admin_retained,0.10,0.08,retained,retained,0,0.005,1,0.001,5,0,0,0,0,0,0,EXCLUDED_FROM_COMPLIANCE_MODULE,NOT_MODELED_PHASE1,NOT_MODELED_PHASE1,NOT_MODELED_PHASE1,FINANCING_CHANNEL_SEPARATE,FINANCING_CHANNEL_SEPARATE,MODEL_CONTINGENT_STRESS_TEST_ONLY
reduced_5_admin_retained,0.05,0.05,retained,retained,0,0,0,0,1,0,0,0,0,0,0,EXCLUDED_FROM_COMPLIANCE_MODULE,NOT_MODELED_PHASE1,NOT_MODELED_PHASE1,NOT_MODELED_PHASE1,FINANCING_CHANNEL_SEPARATE,FINANCING_CHANNEL_SEPARATE,MODEL_CONTINGENT_STRESS_TEST_ONLY
reduced_5_admin_retained,0.05,0.05,retained,retained,0,0,0,0,3,0,0,0,0,0,0,EXCLUDED_FROM_COMPLIANCE_MODULE,NOT_MODELED_PHASE1,NOT_MODELED_PHASE1,NOT_MODELED_PHASE1,FINANCING_CHANNEL_SEPARATE,FINANCING_CHANNEL_SEPARATE,MODEL_CONTINGENT_STRESS_TEST_ONLY
reduced_5_admin_retained,0.05,0.05,retained,retained,0,0,0,0,5,0,0,0,0,0,0,EXCLUDED_FROM_COMPLIANCE_MODULE,NOT_MODELED_PHASE1,NOT_MODELED_PHASE1,NOT_MODELED_PHASE1,FINANCING_CHANNEL_SEPARATE,FINANCING_CHANNEL_SEPARATE,MODEL_CONTINGENT_STRESS_TEST_ONLY
reduced_5_admin_retained,0.05,0.05,retained,retained,0,0,0,0.00025,1,0,0,0,0,0,0,EXCLUDED_FROM_COMPLIANCE_MODULE,NOT_MODELED_PHASE1,NOT_MODELED_PHASE1,NOT_MODELED_PHASE1,FINANCING_CHANNEL_SEPARATE,FINANCING_CHANNEL_SEPARATE,MODEL_CONTINGENT_STRESS_TEST_ONLY
reduced_5_admin_retained,0.05,0.05,retained,retained,0,0,0,0.00025,3,0,0,0,0,0,0,EXCLUDED_FROM_COMPLIANCE_MODULE,NOT_MODELED_PHASE1,NOT_MODELED_PHASE1,NOT_MODELED_PHASE1,FINANCING_CHANNEL_SEPARATE,FINANCING_CHANNEL_SEPARATE,MODEL_CONTINGENT_STRESS_TEST_ONLY
reduced_5_admin_retained,0.05,0.05,retained,retained,0,0,0,0.00025,5,0,0,0,0,0,0,EXCLUDED_FROM_COMPLIANCE_MODULE,NOT_MODELED_PHASE1,NOT_MODELED_PHASE1,NOT_MODELED_PHASE1,FINANCING_CHANNEL_SEPARATE,FINANCING_CHANNEL_SEPARATE,MODEL_CONTINGENT_STRESS_TEST_ONLY
reduced_5_admin_retained,0.05,0.05,retained,retained,0,0,0,0.0005,1,0,0,0,0,0,0,EXCLUDED_FROM_COMPLIANCE_MODULE,NOT_MODELED_PHASE1,NOT_MODELED_PHASE1,NOT_MODELED_PHASE1,FINANCING_CHANNEL_SEPARATE,FINANCING_CHANNEL_SEPARATE,MODEL_CONTINGENT_STRESS_TEST_ONLY
reduced_5_admin_retained,0.05,0.05,retained,retained,0,0,0,0.0005,3,0,0,0,0,0,0,EXCLUDED_FROM_COMPLIANCE_MODULE,NOT_MODELED_PHASE1,NOT_MODELED_PHASE1,NOT_MODELED_PHASE1,FINANCING_CHANNEL_SEPARATE,FINANCING_CHANNEL_SEPARATE,MODEL_CONTINGENT_STRESS_TEST_ONLY
reduced_5_admin_retained,0.05,0.05,retained,retained,0,0,0,0.0005,5,0,0,0,0,0,0,EXCLUDED_FROM_COMPLIANCE_MODULE,NOT_MODELED_PHASE1,NOT_MODELED_PHASE1,NOT_MODELED_PHASE1,FINANCING_CHANNEL_SEPARATE,FINANCING_CHANNEL_SEPARATE,MODEL_CONTINGENT_STRESS_TEST_ONLY
reduced_5_admin_retained,0.05,0.05,retained,retained,0,0,0,0.001,1,0,0,0,0,0,0,EXCLUDED_FROM_COMPLIANCE_MODULE,NOT_MODELED_PHASE1,NOT_MODELED_PHASE1,NOT_MODELED_PHASE1,FINANCING_CHANNEL_SEPARATE,FINANCING_CHANNEL_SEPARATE,MODEL_CONTINGENT_STRESS_TEST_ONLY
reduced_5_admin_retained,0.05,0.05,retained,retained,0,0,0,0.001,3,0,0,0,0,0,0,EXCLUDED_FROM_COMPLIANCE_MODULE,NOT_MODELED_PHASE1,NOT_MODELED_PHASE1,NOT_MODELED_PHASE1,FINANCING_CHANNEL_SEPARATE,FINANCING_CHANNEL_SEPARATE,MODEL_CONTINGENT_STRESS_TEST_ONLY
reduced_5_admin_retained,0.05,0.05,retained,retained,0,0,0,0.001,5,0,0,0,0,0,0,EXCLUDED_FROM_COMPLIANCE_MODULE,NOT_MODELED_PHASE1,NOT_MODELED_PHASE1,NOT_MODELED_PHASE1,FINANCING_CHANNEL_SEPARATE,FINANCING_CHANNEL_SEPARATE,MODEL_CONTINGENT_STRESS_TEST_ONLY
reduced_5_admin_retained,0.05,0.05,retained,retained,0,0,0.25,0,1,0,0,0,0,0,0,EXCLUDED_FROM_COMPLIANCE_MODULE,NOT_MODELED_PHASE1,NOT_MODELED_PHASE1,NOT_MODELED_PHASE1,FINANCING_CHANNEL_SEPARATE,FINANCING_CHANNEL_SEPARATE,MODEL_CONTINGENT_STRESS_TEST_ONLY
reduced_5_admin_retained,0.05,0.05,retained,retained,0,0,0.25,0,3,0,0,0,0,0,0,EXCLUDED_FROM_COMPLIANCE_MODULE,NOT_MODELED_PHASE1,NOT_MODELED_PHASE1,NOT_MODELED_PHASE1,FINANCING_CHANNEL_SEPARATE,FINANCING_CHANNEL_SEPARATE,MODEL_CONTINGENT_STRESS_TEST_ONLY
reduced_5_admin_retained,0.05,0.05,retained,retained,0,0,0.25,0,5,0,0,0,0,0,0,EXCLUDED_FROM_COMPLIANCE_MODULE,NOT_MODELED_PHASE1,NOT_MODELED_PHASE1,NOT_MODELED_PHASE1,FINANCING_CHANNEL_SEPARATE,FINANCING_CHANNEL_SEPARATE,MODEL_CONTINGENT_STRESS_TEST_ONLY
reduced_5_admin_retained,0.05,0.05,retained,retained,0,0,0.25,0.00025,1,0,0,0,0,0,0,EXCLUDED_FROM_COMPLIANCE_MODULE,NOT_MODELED_PHASE1,NOT_MODELED_PHASE1,NOT_MODELED_PHASE1,FINANCING_CHANNEL_SEPARATE,FINANCING_CHANNEL_SEPARATE,MODEL_CONTINGENT_STRESS_TEST_ONLY
reduced_5_admin_retained,0.05,0.05,retained,retained,0,0,0.25,0.00025,3,0,0,0,0,0,0,EXCLUDED_FROM_COMPLIANCE_MODULE,NOT_MODELED_PHASE1,NOT_MODELED_PHASE1,NOT_MODELED_PHASE1,FINANCING_CHANNEL_SEPARATE,FINANCING_CHANNEL_SEPARATE,MODEL_CONTINGENT_STRESS_TEST_ONLY
reduced_5_admin_retained,0.05,0.05,retained,retained,0,0,0.25,0.00025,5,0,0,0,0,0,0,EXCLUDED_FROM_COMPLIANCE_MODULE,NOT_MODELED_PHASE1,NOT_MODELED_PHASE1,NOT_MODELED_PHASE1,FINANCING_CHANNEL_SEPARATE,FINANCING_CHANNEL_SEPARATE,MODEL_CONTINGENT_STRESS_TEST_ONLY
reduced_5_admin_retained,0.05,0.05,retained,retained,0,0,0.25,0.0005,1,0,0,0,0,0,0,EXCLUDED_FROM_COMPLIANCE_MODULE,NOT_MODELED_PHASE1,NOT_MODELED_PHASE1,NOT_MODELED_PHASE1,FINANCING_CHANNEL_SEPARATE,FINANCING_CHANNEL_SEPARATE,MODEL_CONTINGENT_STRESS_TEST_ONLY
reduced_5_admin_retained,0.05,0.05,retained,retained,0,0,0.25,0.0005,3,0,0,0,0,0,0,EXCLUDED_FROM_COMPLIANCE_MODULE,NOT_MODELED_PHASE1,NOT_MODELED_PHASE1,NOT_MODELED_PHASE1,FINANCING_CHANNEL_SEPARATE,FINANCING_CHANNEL_SEPARATE,MODEL_CONTINGENT_STRESS_TEST_ONLY
reduced_5_admin_retained,0.05,0.05,retained,retained,0,0,0.25,0.0005,5,0,0,0,0,0,0,EXCLUDED_FROM_COMPLIANCE_MODULE,NOT_MODELED_PHASE1,NOT_MODELED_PHASE1,NOT_MODELED_PHASE1,FINANCING_CHANNEL_SEPARATE,FINANCING_CHANNEL_SEPARATE,MODEL_CONTINGENT_STRESS_TEST_ONLY
reduced_5_admin_retained,0.05,0.05,retained,retained,0,0,0.25,0.001,1,0,0,0,0,0,0,EXCLUDED_FROM_COMPLIANCE_MODULE,NOT_MODELED_PHASE1,NOT_MODELED_PHASE1,NOT_MODELED_PHASE1,FINANCING_CHANNEL_SEPARATE,FINANCING_CHANNEL_SEPARATE,MODEL_CONTINGENT_STRESS_TEST_ONLY
reduced_5_admin_retained,0.05,0.05,retained,retained,0,0,0.25,0.001,3,0,0,0,0,0,0,EXCLUDED_FROM_COMPLIANCE_MODULE,NOT_MODELED_PHASE1,NOT_MODELED_PHASE1,NOT_MODELED_PHASE1,FINANCING_CHANNEL_SEPARATE,FINANCING_CHANNEL_SEPARATE,MODEL_CONTINGENT_STRESS_TEST_ONLY
reduced_5_admin_retained,0.05,0.05,retained,retained,0,0,0.25,0.001,5,0,0,0,0,0,0,EXCLUDED_FROM_COMPLIANCE_MODULE,NOT_MODELED_PHASE1,NOT_MODELED_PHASE1,NOT_MODELED_PHASE1,FINANCING_CHANNEL_SEPARATE,FINANCING_CHANNEL_SEPARATE,MODEL_CONTINGENT_STRESS_TEST_ONLY
reduced_5_admin_retained,0.05,0.05,retained,retained,0,0,0.5,0,1,0,0,0,0,0,0,EXCLUDED_FROM_COMPLIANCE_MODULE,NOT_MODELED_PHASE1,NOT_MODELED_PHASE1,NOT_MODELED_PHASE1,FINANCING_CHANNEL_SEPARATE,FINANCING_CHANNEL_SEPARATE,MODEL_CONTINGENT_STRESS_TEST_ONLY
reduced_5_admin_retained,0.05,0.05,retained,retained,0,0,0.5,0,3,0,0,0,0,0,0,EXCLUDED_FROM_COMPLIANCE_MODULE,NOT_MODELED_PHASE1,NOT_MODELED_PHASE1,NOT_MODELED_PHASE1,FINANCING_CHANNEL_SEPARATE,FINANCING_CHANNEL_SEPARATE,MODEL_CONTINGENT_STRESS_TEST_ONLY
reduced_5_admin_retained,0.05,0.05,retained,retained,0,0,0.5,0,5,0,0,0,0,0,0,EXCLUDED_FROM_COMPLIANCE_MODULE,NOT_MODELED_PHASE1,NOT_MODELED_PHASE1,NOT_MODELED_PHASE1,FINANCING_CHANNEL_SEPARATE,FINANCING_CHANNEL_SEPARATE,MODEL_CONTINGENT_STRESS_TEST_ONLY
reduced_5_admin_retained,0.05,0.05,retained,retained,0,0,0.5,0.00025,1,0,0,0,0,0,0,EXCLUDED_FROM_COMPLIANCE_MODULE,NOT_MODELED_PHASE1,NOT_MODELED_PHASE1,NOT_MODELED_PHASE1,FINANCING_CHANNEL_SEPARATE,FINANCING_CHANNEL_SEPARATE,MODEL_CONTINGENT_STRESS_TEST_ONLY
reduced_5_admin_retained,0.05,0.05,retained,retained,0,0,0.5,0.00025,3,0,0,0,0,0,0,EXCLUDED_FROM_COMPLIANCE_MODULE,NOT_MODELED_PHASE1,NOT_MODELED_PHASE1,NOT_MODELED_PHASE1,FINANCING_CHANNEL_SEPARATE,FINANCING_CHANNEL_SEPARATE,MODEL_CONTINGENT_STRESS_TEST_ONLY
reduced_5_admin_retained,0.05,0.05,retained,retained,0,0,0.5,0.00025,5,0,0,0,0,0,0,EXCLUDED_FROM_COMPLIANCE_MODULE,NOT_MODELED_PHASE1,NOT_MODELED_PHASE1,NOT_MODELED_PHASE1,FINANCING_CHANNEL_SEPARATE,FINANCING_CHANNEL_SEPARATE,MODEL_CONTINGENT_STRESS_TEST_ONLY
reduced_5_admin_retained,0.05,0.05,retained,retained,0,0,0.5,0.0005,1,0,0,0,0,0,0,EXCLUDED_FROM_COMPLIANCE_MODULE,NOT_MODELED_PHASE1,NOT_MODELED_PHASE1,NOT_MODELED_PHASE1,FINANCING_CHANNEL_SEPARATE,FINANCING_CHANNEL_SEPARATE,MODEL_CONTINGENT_STRESS_TEST_ONLY
reduced_5_admin_retained,0.05,0.05,retained,retained,0,0,0.5,0.0005,3,0,0,0,0,0,0,EXCLUDED_FROM_COMPLIANCE_MODULE,NOT_MODELED_PHASE1,NOT_MODELED_PHASE1,NOT_MODELED_PHASE1,FINANCING_CHANNEL_SEPARATE,FINANCING_CHANNEL_SEPARATE,MODEL_CONTINGENT_STRESS_TEST_ONLY
reduced_5_admin_retained,0.05,0.05,retained,retained,0,0,0.5,0.0005,5,0,0,0,0,0,0,EXCLUDED_FROM_COMPLIANCE_MODULE,NOT_MODELED_PHASE1,NOT_MODELED_PHASE1,NOT_MODELED_PHASE1,FINANCING_CHANNEL_SEPARATE,FINANCING_CHANNEL_SEPARATE,MODEL_CONTINGENT_STRESS_TEST_ONLY
reduced_5_admin_retained,0.05,0.05,retained,retained,0,0,0.5,0.001,1,0,0,0,0,0,0,EXCLUDED_FROM_COMPLIANCE_MODULE,NOT_MODELED_PHASE1,NOT_MODELED_PHASE1,NOT_MODELED_PHASE1,FINANCING_CHANNEL_SEPARATE,FINANCING_CHANNEL_SEPARATE,MODEL_CONTINGENT_STRESS_TEST_ONLY
reduced_5_admin_retained,0.05,0.05,retained,retained,0,0,0.5,0.001,3,0,0,0,0,0,0,EXCLUDED_FROM_COMPLIANCE_MODULE,NOT_MODELED_PHASE1,NOT_MODELED_PHASE1,NOT_MODELED_PHASE1,FINANCING_CHANNEL_SEPARATE,FINANCING_CHANNEL_SEPARATE,MODEL_CONTINGENT_STRESS_TEST_ONLY
reduced_5_admin_retained,0.05,0.05,retained,retained,0,0,0.5,0.001,5,0,0,0,0,0,0,EXCLUDED_FROM_COMPLIANCE_MODULE,NOT_MODELED_PHASE1,NOT_MODELED_PHASE1,NOT_MODELED_PHASE1,FINANCING_CHANNEL_SEPARATE,FINANCING_CHANNEL_SEPARATE,MODEL_CONTINGENT_STRESS_TEST_ONLY
reduced_5_admin_retained,0.05,0.05,retained,retained,0,0,0.75,0,1,0,0,0,0,0,0,EXCLUDED_FROM_COMPLIANCE_MODULE,NOT_MODELED_PHASE1,NOT_MODELED_PHASE1,NOT_MODELED_PHASE1,FINANCING_CHANNEL_SEPARATE,FINANCING_CHANNEL_SEPARATE,MODEL_CONTINGENT_STRESS_TEST_ONLY
reduced_5_admin_retained,0.05,0.05,retained,retained,0,0,0.75,0,3,0,0,0,0,0,0,EXCLUDED_FROM_COMPLIANCE_MODULE,NOT_MODELED_PHASE1,NOT_MODELED_PHASE1,NOT_MODELED_PHASE1,FINANCING_CHANNEL_SEPARATE,FINANCING_CHANNEL_SEPARATE,MODEL_CONTINGENT_STRESS_TEST_ONLY
reduced_5_admin_retained,0.05,0.05,retained,retained,0,0,0.75,0,5,0,0,0,0,0,0,EXCLUDED_FROM_COMPLIANCE_MODULE,NOT_MODELED_PHASE1,NOT_MODELED_PHASE1,NOT_MODELED_PHASE1,FINANCING_CHANNEL_SEPARATE,FINANCING_CHANNEL_SEPARATE,MODEL_CONTINGENT_STRESS_TEST_ONLY
reduced_5_admin_retained,0.05,0.05,retained,retained,0,0,0.75,0.00025,1,0,0,0,0,0,0,EXCLUDED_FROM_COMPLIANCE_MODULE,NOT_MODELED_PHASE1,NOT_MODELED_PHASE1,NOT_MODELED_PHASE1,FINANCING_CHANNEL_SEPARATE,FINANCING_CHANNEL_SEPARATE,MODEL_CONTINGENT_STRESS_TEST_ONLY
reduced_5_admin_retained,0.05,0.05,retained,retained,0,0,0.75,0.00025,3,0,0,0,0,0,0,EXCLUDED_FROM_COMPLIANCE_MODULE,NOT_MODELED_PHASE1,NOT_MODELED_PHASE1,NOT_MODELED_PHASE1,FINANCING_CHANNEL_SEPARATE,FINANCING_CHANNEL_SEPARATE,MODEL_CONTINGENT_STRESS_TEST_ONLY
reduced_5_admin_retained,0.05,0.05,retained,retained,0,0,0.75,0.00025,5,0,0,0,0,0,0,EXCLUDED_FROM_COMPLIANCE_MODULE,NOT_MODELED_PHASE1,NOT_MODELED_PHASE1,NOT_MODELED_PHASE1,FINANCING_CHANNEL_SEPARATE,FINANCING_CHANNEL_SEPARATE,MODEL_CONTINGENT_STRESS_TEST_ONLY
reduced_5_admin_retained,0.05,0.05,retained,retained,0,0,0.75,0.0005,1,0,0,0,0,0,0,EXCLUDED_FROM_COMPLIANCE_MODULE,NOT_MODELED_PHASE1,NOT_MODELED_PHASE1,NOT_MODELED_PHASE1,FINANCING_CHANNEL_SEPARATE,FINANCING_CHANNEL_SEPARATE,MODEL_CONTINGENT_STRESS_TEST_ONLY
reduced_5_admin_retained,0.05,0.05,retained,retained,0,0,0.75,0.0005,3,0,0,0,0,0,0,EXCLUDED_FROM_COMPLIANCE_MODULE,NOT_MODELED_PHASE1,NOT_MODELED_PHASE1,NOT_MODELED_PHASE1,FINANCING_CHANNEL_SEPARATE,FINANCING_CHANNEL_SEPARATE,MODEL_CONTINGENT_STRESS_TEST_ONLY
reduced_5_admin_retained,0.05,0.05,retained,retained,0,0,0.75,0.0005,5,0,0,0,0,0,0,EXCLUDED_FROM_COMPLIANCE_MODULE,NOT_MODELED_PHASE1,NOT_MODELED_PHASE1,NOT_MODELED_PHASE1,FINANCING_CHANNEL_SEPARATE,FINANCING_CHANNEL_SEPARATE,MODEL_CONTINGENT_STRESS_TEST_ONLY
reduced_5_admin_retained,0.05,0.05,retained,retained,0,0,0.75,0.001,1,0,0,0,0,0,0,EXCLUDED_FROM_COMPLIANCE_MODULE,NOT_MODELED_PHASE1,NOT_MODELED_PHASE1,NOT_MODELED_PHASE1,FINANCING_CHANNEL_SEPARATE,FINANCING_CHANNEL_SEPARATE,MODEL_CONTINGENT_STRESS_TEST_ONLY
reduced_5_admin_retained,0.05,0.05,retained,retained,0,0,0.75,0.001,3,0,0,0,0,0,0,EXCLUDED_FROM_COMPLIANCE_MODULE,NOT_MODELED_PHASE1,NOT_MODELED_PHASE1,NOT_MODELED_PHASE1,FINANCING_CHANNEL_SEPARATE,FINANCING_CHANNEL_SEPARATE,MODEL_CONTINGENT_STRESS_TEST_ONLY
reduced_5_admin_retained,0.05,0.05,retained,retained,0,0,0.75,0.001,5,0,0,0,0,0,0,EXCLUDED_FROM_COMPLIANCE_MODULE,NOT_MODELED_PHASE1,NOT_MODELED_PHASE1,NOT_MODELED_PHASE1,FINANCING_CHANNEL_SEPARATE,FINANCING_CHANNEL_SEPARATE,MODEL_CONTINGENT_STRESS_TEST_ONLY
reduced_5_admin_retained,0.05,0.05,retained,retained,0,0,1,0,1,0,0,0,0,0,0,EXCLUDED_FROM_COMPLIANCE_MODULE,NOT_MODELED_PHASE1,NOT_MODELED_PHASE1,NOT_MODELED_PHASE1,FINANCING_CHANNEL_SEPARATE,FINANCING_CHANNEL_SEPARATE,MODEL_CONTINGENT_STRESS_TEST_ONLY
reduced_5_admin_retained,0.05,0.05,retained,retained,0,0,1,0,3,0,0,0,0,0,0,EXCLUDED_FROM_COMPLIANCE_MODULE,NOT_MODELED_PHASE1,NOT_MODELED_PHASE1,NOT_MODELED_PHASE1,FINANCING_CHANNEL_SEPARATE,FINANCING_CHANNEL_SEPARATE,MODEL_CONTINGENT_STRESS_TEST_ONLY
reduced_5_admin_retained,0.05,0.05,retained,retained,0,0,1,0,5,0,0,0,0,0,0,EXCLUDED_FROM_COMPLIANCE_MODULE,NOT_MODELED_PHASE1,NOT_MODELED_PHASE1,NOT_MODELED_PHASE1,FINANCING_CHANNEL_SEPARATE,FINANCING_CHANNEL_SEPARATE,MODEL_CONTINGENT_STRESS_TEST_ONLY
reduced_5_admin_retained,0.05,0.05,retained,retained,0,0,1,0.00025,1,0,0,0,0,0,0,EXCLUDED_FROM_COMPLIANCE_MODULE,NOT_MODELED_PHASE1,NOT_MODELED_PHASE1,NOT_MODELED_PHASE1,FINANCING_CHANNEL_SEPARATE,FINANCING_CHANNEL_SEPARATE,MODEL_CONTINGENT_STRESS_TEST_ONLY
reduced_5_admin_retained,0.05,0.05,retained,retained,0,0,1,0.00025,3,0,0,0,0,0,0,EXCLUDED_FROM_COMPLIANCE_MODULE,NOT_MODELED_PHASE1,NOT_MODELED_PHASE1,NOT_MODELED_PHASE1,FINANCING_CHANNEL_SEPARATE,FINANCING_CHANNEL_SEPARATE,MODEL_CONTINGENT_STRESS_TEST_ONLY
reduced_5_admin_retained,0.05,0.05,retained,retained,0,0,1,0.00025,5,0,0,0,0,0,0,EXCLUDED_FROM_COMPLIANCE_MODULE,NOT_MODELED_PHASE1,NOT_MODELED_PHASE1,NOT_MODELED_PHASE1,FINANCING_CHANNEL_SEPARATE,FINANCING_CHANNEL_SEPARATE,MODEL_CONTINGENT_STRESS_TEST_ONLY
reduced_5_admin_retained,0.05,0.05,retained,retained,0,0,1,0.0005,1,0,0,0,0,0,0,EXCLUDED_FROM_COMPLIANCE_MODULE,NOT_MODELED_PHASE1,NOT_MODELED_PHASE1,NOT_MODELED_PHASE1,FINANCING_CHANNEL_SEPARATE,FINANCING_CHANNEL_SEPARATE,MODEL_CONTINGENT_STRESS_TEST_ONLY
reduced_5_admin_retained,0.05,0.05,retained,retained,0,0,1,0.0005,3,0,0,0,0,0,0,EXCLUDED_FROM_COMPLIANCE_MODULE,NOT_MODELED_PHASE1,NOT_MODELED_PHASE1,NOT_MODELED_PHASE1,FINANCING_CHANNEL_SEPARATE,FINANCING_CHANNEL_SEPARATE,MODEL_CONTINGENT_STRESS_TEST_ONLY
reduced_5_admin_retained,0.05,0.05,retained,retained,0,0,1,0.0005,5,0,0,0,0,0,0,EXCLUDED_FROM_COMPLIANCE_MODULE,NOT_MODELED_PHASE1,NOT_MODELED_PHASE1,NOT_MODELED_PHASE1,FINANCING_CHANNEL_SEPARATE,FINANCING_CHANNEL_SEPARATE,MODEL_CONTINGENT_STRESS_TEST_ONLY
reduced_5_admin_retained,0.05,0.05,retained,retained,0,0,1,0.001,1,0,0,0,0,0,0,EXCLUDED_FROM_COMPLIANCE_MODULE,NOT_MODELED_PHASE1,NOT_MODELED_PHASE1,NOT_MODELED_PHASE1,FINANCING_CHANNEL_SEPARATE,FINANCING_CHANNEL_SEPARATE,MODEL_CONTINGENT_STRESS_TEST_ONLY
reduced_5_admin_retained,0.05,0.05,retained,retained,0,0,1,0.001,3,0,0,0,0,0,0,EXCLUDED_FROM_COMPLIANCE_MODULE,NOT_MODELED_PHASE1,NOT_MODELED_PHASE1,NOT_MODELED_PHASE1,FINANCING_CHANNEL_SEPARATE,FINANCING_CHANNEL_SEPARATE,MODEL_CONTINGENT_STRESS_TEST_ONLY
reduced_5_admin_retained,0.05,0.05,retained,retained,0,0,1,0.001,5,0,0,0,0,0,0,EXCLUDED_FROM_COMPLIANCE_MODULE,NOT_MODELED_PHASE1,NOT_MODELED_PHASE1,NOT_MODELED_PHASE1,FINANCING_CHANNEL_SEPARATE,FINANCING_CHANNEL_SEPARATE,MODEL_CONTINGENT_STRESS_TEST_ONLY
reduced_5_admin_retained,0.05,0.05,retained,retained,0,0.0005,0,0,1,0,0,0,0,0,0,EXCLUDED_FROM_COMPLIANCE_MODULE,NOT_MODELED_PHASE1,NOT_MODELED_PHASE1,NOT_MODELED_PHASE1,FINANCING_CHANNEL_SEPARATE,FINANCING_CHANNEL_SEPARATE,MODEL_CONTINGENT_STRESS_TEST_ONLY
reduced_5_admin_retained,0.05,0.05,retained,retained,0,0.0005,0,0,3,0,0,0,0,0,0,EXCLUDED_FROM_COMPLIANCE_MODULE,NOT_MODELED_PHASE1,NOT_MODELED_PHASE1,NOT_MODELED_PHASE1,FINANCING_CHANNEL_SEPARATE,FINANCING_CHANNEL_SEPARATE,MODEL_CONTINGENT_STRESS_TEST_ONLY
reduced_5_admin_retained,0.05,0.05,retained,retained,0,0.0005,0,0,5,0,0,0,0,0,0,EXCLUDED_FROM_COMPLIANCE_MODULE,NOT_MODELED_PHASE1,NOT_MODELED_PHASE1,NOT_MODELED_PHASE1,FINANCING_CHANNEL_SEPARATE,FINANCING_CHANNEL_SEPARATE,MODEL_CONTINGENT_STRESS_TEST_ONLY
reduced_5_admin_retained,0.05,0.05,retained,retained,0,0.0005,0,0.00025,1,0,0,0,0,0,0,EXCLUDED_FROM_COMPLIANCE_MODULE,NOT_MODELED_PHASE1,NOT_MODELED_PHASE1,NOT_MODELED_PHASE1,FINANCING_CHANNEL_SEPARATE,FINANCING_CHANNEL_SEPARATE,MODEL_CONTINGENT_STRESS_TEST_ONLY
reduced_5_admin_retained,0.05,0.05,retained,retained,0,0.0005,0,0.00025,3,0,0,0,0,0,0,EXCLUDED_FROM_COMPLIANCE_MODULE,NOT_MODELED_PHASE1,NOT_MODELED_PHASE1,NOT_MODELED_PHASE1,FINANCING_CHANNEL_SEPARATE,FINANCING_CHANNEL_SEPARATE,MODEL_CONTINGENT_STRESS_TEST_ONLY
reduced_5_admin_retained,0.05,0.05,retained,retained,0,0.0005,0,0.00025,5,0,0,0,0,0,0,EXCLUDED_FROM_COMPLIANCE_MODULE,NOT_MODELED_PHASE1,NOT_MODELED_PHASE1,NOT_MODELED_PHASE1,FINANCING_CHANNEL_SEPARATE,FINANCING_CHANNEL_SEPARATE,MODEL_CONTINGENT_STRESS_TEST_ONLY
reduced_5_admin_retained,0.05,0.05,retained,retained,0,0.0005,0,0.0005,1,0,0,0,0,0,0,EXCLUDED_FROM_COMPLIANCE_MODULE,NOT_MODELED_PHASE1,NOT_MODELED_PHASE1,NOT_MODELED_PHASE1,FINANCING_CHANNEL_SEPARATE,FINANCING_CHANNEL_SEPARATE,MODEL_CONTINGENT_STRESS_TEST_ONLY
reduced_5_admin_retained,0.05,0.05,retained,retained,0,0.0005,0,0.0005,3,0,0,0,0,0,0,EXCLUDED_FROM_COMPLIANCE_MODULE,NOT_MODELED_PHASE1,NOT_MODELED_PHASE1,NOT_MODELED_PHASE1,FINANCING_CHANNEL_SEPARATE,FINANCING_CHANNEL_SEPARATE,MODEL_CONTINGENT_STRESS_TEST_ONLY
reduced_5_admin_retained,0.05,0.05,retained,retained,0,0.0005,0,0.0005,5,0,0,0,0,0,0,EXCLUDED_FROM_COMPLIANCE_MODULE,NOT_MODELED_PHASE1,NOT_MODELED_PHASE1,NOT_MODELED_PHASE1,FINANCING_CHANNEL_SEPARATE,FINANCING_CHANNEL_SEPARATE,MODEL_CONTINGENT_STRESS_TEST_ONLY
reduced_5_admin_retained,0.05,0.05,retained,retained,0,0.0005,0,0.001,1,0,0,0,0,0,0,EXCLUDED_FROM_COMPLIANCE_MODULE,NOT_MODELED_PHASE1,NOT_MODELED_PHASE1,NOT_MODELED_PHASE1,FINANCING_CHANNEL_SEPARATE,FINANCING_CHANNEL_SEPARATE,MODEL_CONTINGENT_STRESS_TEST_ONLY
reduced_5_admin_retained,0.05,0.05,retained,retained,0,0.0005,0,0.001,3,0,0,0,0,0,0,EXCLUDED_FROM_COMPLIANCE_MODULE,NOT_MODELED_PHASE1,NOT_MODELED_PHASE1,NOT_MODELED_PHASE1,FINANCING_CHANNEL_SEPARATE,FINANCING_CHANNEL_SEPARATE,MODEL_CONTINGENT_STRESS_TEST_ONLY
reduced_5_admin_retained,0.05,0.05,retained,retained,0,0.0005,0,0.001,5,0,0,0,0,0,0,EXCLUDED_FROM_COMPLIANCE_MODULE,NOT_MODELED_PHASE1,NOT_MODELED_PHASE1,NOT_MODELED_PHASE1,FINANCING_CHANNEL_SEPARATE,FINANCING_CHANNEL_SEPARATE,MODEL_CONTINGENT_STRESS_TEST_ONLY
reduced_5_admin_retained,0.05,0.05,retained,retained,0,0.0005,0.25,0,1,0,0,0,0,0,0,EXCLUDED_FROM_COMPLIANCE_MODULE,NOT_MODELED_PHASE1,NOT_MODELED_PHASE1,NOT_MODELED_PHASE1,FINANCING_CHANNEL_SEPARATE,FINANCING_CHANNEL_SEPARATE,MODEL_CONTINGENT_STRESS_TEST_ONLY
reduced_5_admin_retained,0.05,0.05,retained,retained,0,0.0005,0.25,0,3,0,0,0,0,0,0,EXCLUDED_FROM_COMPLIANCE_MODULE,NOT_MODELED_PHASE1,NOT_MODELED_PHASE1,NOT_MODELED_PHASE1,FINANCING_CHANNEL_SEPARATE,FINANCING_CHANNEL_SEPARATE,MODEL_CONTINGENT_STRESS_TEST_ONLY
reduced_5_admin_retained,0.05,0.05,retained,retained,0,0.0005,0.25,0,5,0,0,0,0,0,0,EXCLUDED_FROM_COMPLIANCE_MODULE,NOT_MODELED_PHASE1,NOT_MODELED_PHASE1,NOT_MODELED_PHASE1,FINANCING_CHANNEL_SEPARATE,FINANCING_CHANNEL_SEPARATE,MODEL_CONTINGENT_STRESS_TEST_ONLY
reduced_5_admin_retained,0.05,0.05,retained,retained,0,0.0005,0.25,0.00025,1,0,0,0,0,0,0,EXCLUDED_FROM_COMPLIANCE_MODULE,NOT_MODELED_PHASE1,NOT_MODELED_PHASE1,NOT_MODELED_PHASE1,FINANCING_CHANNEL_SEPARATE,FINANCING_CHANNEL_SEPARATE,MODEL_CONTINGENT_STRESS_TEST_ONLY
reduced_5_admin_retained,0.05,0.05,retained,retained,0,0.0005,0.25,0.00025,3,0,0,0,0,0,0,EXCLUDED_FROM_COMPLIANCE_MODULE,NOT_MODELED_PHASE1,NOT_MODELED_PHASE1,NOT_MODELED_PHASE1,FINANCING_CHANNEL_SEPARATE,FINANCING_CHANNEL_SEPARATE,MODEL_CONTINGENT_STRESS_TEST_ONLY
reduced_5_admin_retained,0.05,0.05,retained,retained,0,0.0005,0.25,0.00025,5,0,0,0,0,0,0,EXCLUDED_FROM_COMPLIANCE_MODULE,NOT_MODELED_PHASE1,NOT_MODELED_PHASE1,NOT_MODELED_PHASE1,FINANCING_CHANNEL_SEPARATE,FINANCING_CHANNEL_SEPARATE,MODEL_CONTINGENT_STRESS_TEST_ONLY
reduced_5_admin_retained,0.05,0.05,retained,retained,0,0.0005,0.25,0.0005,1,0,0,0,0,0,0,EXCLUDED_FROM_COMPLIANCE_MODULE,NOT_MODELED_PHASE1,NOT_MODELED_PHASE1,NOT_MODELED_PHASE1,FINANCING_CHANNEL_SEPARATE,FINANCING_CHANNEL_SEPARATE,MODEL_CONTINGENT_STRESS_TEST_ONLY
reduced_5_admin_retained,0.05,0.05,retained,retained,0,0.0005,0.25,0.0005,3,0,0,0,0,0,0,EXCLUDED_FROM_COMPLIANCE_MODULE,NOT_MODELED_PHASE1,NOT_MODELED_PHASE1,NOT_MODELED_PHASE1,FINANCING_CHANNEL_SEPARATE,FINANCING_CHANNEL_SEPARATE,MODEL_CONTINGENT_STRESS_TEST_ONLY
reduced_5_admin_retained,0.05,0.05,retained,retained,0,0.0005,0.25,0.0005,5,0,0,0,0,0,0,EXCLUDED_FROM_COMPLIANCE_MODULE,NOT_MODELED_PHASE1,NOT_MODELED_PHASE1,NOT_MODELED_PHASE1,FINANCING_CHANNEL_SEPARATE,FINANCING_CHANNEL_SEPARATE,MODEL_CONTINGENT_STRESS_TEST_ONLY
reduced_5_admin_retained,0.05,0.05,retained,retained,0,0.0005,0.25,0.001,1,0,0,0,0,0,0,EXCLUDED_FROM_COMPLIANCE_MODULE,NOT_MODELED_PHASE1,NOT_MODELED_PHASE1,NOT_MODELED_PHASE1,FINANCING_CHANNEL_SEPARATE,FINANCING_CHANNEL_SEPARATE,MODEL_CONTINGENT_STRESS_TEST_ONLY
reduced_5_admin_retained,0.05,0.05,retained,retained,0,0.0005,0.25,0.001,3,0,0,0,0,0,0,EXCLUDED_FROM_COMPLIANCE_MODULE,NOT_MODELED_PHASE1,NOT_MODELED_PHASE1,NOT_MODELED_PHASE1,FINANCING_CHANNEL_SEPARATE,FINANCING_CHANNEL_SEPARATE,MODEL_CONTINGENT_STRESS_TEST_ONLY
reduced_5_admin_retained,0.05,0.05,retained,retained,0,0.0005,0.25,0.001,5,0,0,0,0,0,0,EXCLUDED_FROM_COMPLIANCE_MODULE,NOT_MODELED_PHASE1,NOT_MODELED_PHASE1,NOT_MODELED_PHASE1,FINANCING_CHANNEL_SEPARATE,FINANCING_CHANNEL_SEPARATE,MODEL_CONTINGENT_STRESS_TEST_ONLY
reduced_5_admin_retained,0.05,0.05,retained,retained,0,0.0005,0.5,0,1,0,0,0,0,0,0,EXCLUDED_FROM_COMPLIANCE_MODULE,NOT_MODELED_PHASE1,NOT_MODELED_PHASE1,NOT_MODELED_PHASE1,FINANCING_CHANNEL_SEPARATE,FINANCING_CHANNEL_SEPARATE,MODEL_CONTINGENT_STRESS_TEST_ONLY
reduced_5_admin_retained,0.05,0.05,retained,retained,0,0.0005,0.5,0,3,0,0,0,0,0,0,EXCLUDED_FROM_COMPLIANCE_MODULE,NOT_MODELED_PHASE1,NOT_MODELED_PHASE1,NOT_MODELED_PHASE1,FINANCING_CHANNEL_SEPARATE,FINANCING_CHANNEL_SEPARATE,MODEL_CONTINGENT_STRESS_TEST_ONLY
reduced_5_admin_retained,0.05,0.05,retained,retained,0,0.0005,0.5,0,5,0,0,0,0,0,0,EXCLUDED_FROM_COMPLIANCE_MODULE,NOT_MODELED_PHASE1,NOT_MODELED_PHASE1,NOT_MODELED_PHASE1,FINANCING_CHANNEL_SEPARATE,FINANCING_CHANNEL_SEPARATE,MODEL_CONTINGENT_STRESS_TEST_ONLY
reduced_5_admin_retained,0.05,0.05,retained,retained,0,0.0005,0.5,0.00025,1,0,0,0,0,0,0,EXCLUDED_FROM_COMPLIANCE_MODULE,NOT_MODELED_PHASE1,NOT_MODELED_PHASE1,NOT_MODELED_PHASE1,FINANCING_CHANNEL_SEPARATE,FINANCING_CHANNEL_SEPARATE,MODEL_CONTINGENT_STRESS_TEST_ONLY
reduced_5_admin_retained,0.05,0.05,retained,retained,0,0.0005,0.5,0.00025,3,0,0,0,0,0,0,EXCLUDED_FROM_COMPLIANCE_MODULE,NOT_MODELED_PHASE1,NOT_MODELED_PHASE1,NOT_MODELED_PHASE1,FINANCING_CHANNEL_SEPARATE,FINANCING_CHANNEL_SEPARATE,MODEL_CONTINGENT_STRESS_TEST_ONLY
reduced_5_admin_retained,0.05,0.05,retained,retained,0,0.0005,0.5,0.00025,5,0,0,0,0,0,0,EXCLUDED_FROM_COMPLIANCE_MODULE,NOT_MODELED_PHASE1,NOT_MODELED_PHASE1,NOT_MODELED_PHASE1,FINANCING_CHANNEL_SEPARATE,FINANCING_CHANNEL_SEPARATE,MODEL_CONTINGENT_STRESS_TEST_ONLY
reduced_5_admin_retained,0.05,0.05,retained,retained,0,0.0005,0.5,0.0005,1,0,0,0,0,0,0,EXCLUDED_FROM_COMPLIANCE_MODULE,NOT_MODELED_PHASE1,NOT_MODELED_PHASE1,NOT_MODELED_PHASE1,FINANCING_CHANNEL_SEPARATE,FINANCING_CHANNEL_SEPARATE,MODEL_CONTINGENT_STRESS_TEST_ONLY
reduced_5_admin_retained,0.05,0.05,retained,retained,0,0.0005,0.5,0.0005,3,0,0,0,0,0,0,EXCLUDED_FROM_COMPLIANCE_MODULE,NOT_MODELED_PHASE1,NOT_MODELED_PHASE1,NOT_MODELED_PHASE1,FINANCING_CHANNEL_SEPARATE,FINANCING_CHANNEL_SEPARATE,MODEL_CONTINGENT_STRESS_TEST_ONLY
reduced_5_admin_retained,0.05,0.05,retained,retained,0,0.0005,0.5,0.0005,5,0,0,0,0,0,0,EXCLUDED_FROM_COMPLIANCE_MODULE,NOT_MODELED_PHASE1,NOT_MODELED_PHASE1,NOT_MODELED_PHASE1,FINANCING_CHANNEL_SEPARATE,FINANCING_CHANNEL_SEPARATE,MODEL_CONTINGENT_STRESS_TEST_ONLY
reduced_5_admin_retained,0.05,0.05,retained,retained,0,0.0005,0.5,0.001,1,0,0,0,0,0,0,EXCLUDED_FROM_COMPLIANCE_MODULE,NOT_MODELED_PHASE1,NOT_MODELED_PHASE1,NOT_MODELED_PHASE1,FINANCING_CHANNEL_SEPARATE,FINANCING_CHANNEL_SEPARATE,MODEL_CONTINGENT_STRESS_TEST_ONLY
reduced_5_admin_retained,0.05,0.05,retained,retained,0,0.0005,0.5,0.001,3,0,0,0,0,0,0,EXCLUDED_FROM_COMPLIANCE_MODULE,NOT_MODELED_PHASE1,NOT_MODELED_PHASE1,NOT_MODELED_PHASE1,FINANCING_CHANNEL_SEPARATE,FINANCING_CHANNEL_SEPARATE,MODEL_CONTINGENT_STRESS_TEST_ONLY
reduced_5_admin_retained,0.05,0.05,retained,retained,0,0.0005,0.5,0.001,5,0,0,0,0,0,0,EXCLUDED_FROM_COMPLIANCE_MODULE,NOT_MODELED_PHASE1,NOT_MODELED_PHASE1,NOT_MODELED_PHASE1,FINANCING_CHANNEL_SEPARATE,FINANCING_CHANNEL_SEPARATE,MODEL_CONTINGENT_STRESS_TEST_ONLY
reduced_5_admin_retained,0.05,0.05,retained,retained,0,0.0005,0.75,0,1,0,0,0,0,0,0,EXCLUDED_FROM_COMPLIANCE_MODULE,NOT_MODELED_PHASE1,NOT_MODELED_PHASE1,NOT_MODELED_PHASE1,FINANCING_CHANNEL_SEPARATE,FINANCING_CHANNEL_SEPARATE,MODEL_CONTINGENT_STRESS_TEST_ONLY
reduced_5_admin_retained,0.05,0.05,retained,retained,0,0.0005,0.75,0,3,0,0,0,0,0,0,EXCLUDED_FROM_COMPLIANCE_MODULE,NOT_MODELED_PHASE1,NOT_MODELED_PHASE1,NOT_MODELED_PHASE1,FINANCING_CHANNEL_SEPARATE,FINANCING_CHANNEL_SEPARATE,MODEL_CONTINGENT_STRESS_TEST_ONLY
reduced_5_admin_retained,0.05,0.05,retained,retained,0,0.0005,0.75,0,5,0,0,0,0,0,0,EXCLUDED_FROM_COMPLIANCE_MODULE,NOT_MODELED_PHASE1,NOT_MODELED_PHASE1,NOT_MODELED_PHASE1,FINANCING_CHANNEL_SEPARATE,FINANCING_CHANNEL_SEPARATE,MODEL_CONTINGENT_STRESS_TEST_ONLY
reduced_5_admin_retained,0.05,0.05,retained,retained,0,0.0005,0.75,0.00025,1,0,0,0,0,0,0,EXCLUDED_FROM_COMPLIANCE_MODULE,NOT_MODELED_PHASE1,NOT_MODELED_PHASE1,NOT_MODELED_PHASE1,FINANCING_CHANNEL_SEPARATE,FINANCING_CHANNEL_SEPARATE,MODEL_CONTINGENT_STRESS_TEST_ONLY
reduced_5_admin_retained,0.05,0.05,retained,retained,0,0.0005,0.75,0.00025,3,0,0,0,0,0,0,EXCLUDED_FROM_COMPLIANCE_MODULE,NOT_MODELED_PHASE1,NOT_MODELED_PHASE1,NOT_MODELED_PHASE1,FINANCING_CHANNEL_SEPARATE,FINANCING_CHANNEL_SEPARATE,MODEL_CONTINGENT_STRESS_TEST_ONLY
reduced_5_admin_retained,0.05,0.05,retained,retained,0,0.0005,0.75,0.00025,5,0,0,0,0,0,0,EXCLUDED_FROM_COMPLIANCE_MODULE,NOT_MODELED_PHASE1,NOT_MODELED_PHASE1,NOT_MODELED_PHASE1,FINANCING_CHANNEL_SEPARATE,FINANCING_CHANNEL_SEPARATE,MODEL_CONTINGENT_STRESS_TEST_ONLY
reduced_5_admin_retained,0.05,0.05,retained,retained,0,0.0005,0.75,0.0005,1,0,0,0,0,0,0,EXCLUDED_FROM_COMPLIANCE_MODULE,NOT_MODELED_PHASE1,NOT_MODELED_PHASE1,NOT_MODELED_PHASE1,FINANCING_CHANNEL_SEPARATE,FINANCING_CHANNEL_SEPARATE,MODEL_CONTINGENT_STRESS_TEST_ONLY
reduced_5_admin_retained,0.05,0.05,retained,retained,0,0.0005,0.75,0.0005,3,0,0,0,0,0,0,EXCLUDED_FROM_COMPLIANCE_MODULE,NOT_MODELED_PHASE1,NOT_MODELED_PHASE1,NOT_MODELED_PHASE1,FINANCING_CHANNEL_SEPARATE,FINANCING_CHANNEL_SEPARATE,MODEL_CONTINGENT_STRESS_TEST_ONLY
reduced_5_admin_retained,0.05,0.05,retained,retained,0,0.0005,0.75,0.0005,5,0,0,0,0,0,0,EXCLUDED_FROM_COMPLIANCE_MODULE,NOT_MODELED_PHASE1,NOT_MODELED_PHASE1,NOT_MODELED_PHASE1,FINANCING_CHANNEL_SEPARATE,FINANCING_CHANNEL_SEPARATE,MODEL_CONTINGENT_STRESS_TEST_ONLY
reduced_5_admin_retained,0.05,0.05,retained,retained,0,0.0005,0.75,0.001,1,0,0,0,0,0,0,EXCLUDED_FROM_COMPLIANCE_MODULE,NOT_MODELED_PHASE1,NOT_MODELED_PHASE1,NOT_MODELED_PHASE1,FINANCING_CHANNEL_SEPARATE,FINANCING_CHANNEL_SEPARATE,MODEL_CONTINGENT_STRESS_TEST_ONLY
reduced_5_admin_retained,0.05,0.05,retained,retained,0,0.0005,0.75,0.001,3,0,0,0,0,0,0,EXCLUDED_FROM_COMPLIANCE_MODULE,NOT_MODELED_PHASE1,NOT_MODELED_PHASE1,NOT_MODELED_PHASE1,FINANCING_CHANNEL_SEPARATE,FINANCING_CHANNEL_SEPARATE,MODEL_CONTINGENT_STRESS_TEST_ONLY
reduced_5_admin_retained,0.05,0.05,retained,retained,0,0.0005,0.75,0.001,5,0,0,0,0,0,0,EXCLUDED_FROM_COMPLIANCE_MODULE,NOT_MODELED_PHASE1,NOT_MODELED_PHASE1,NOT_MODELED_PHASE1,FINANCING_CHANNEL_SEPARATE,FINANCING_CHANNEL_SEPARATE,MODEL_CONTINGENT_STRESS_TEST_ONLY
reduced_5_admin_retained,0.05,0.05,retained,retained,0,0.0005,1,0,1,0,0,0,0,0,0,EXCLUDED_FROM_COMPLIANCE_MODULE,NOT_MODELED_PHASE1,NOT_MODELED_PHASE1,NOT_MODELED_PHASE1,FINANCING_CHANNEL_SEPARATE,FINANCING_CHANNEL_SEPARATE,MODEL_CONTINGENT_STRESS_TEST_ONLY
reduced_5_admin_retained,0.05,0.05,retained,retained,0,0.0005,1,0,3,0,0,0,0,0,0,EXCLUDED_FROM_COMPLIANCE_MODULE,NOT_MODELED_PHASE1,NOT_MODELED_PHASE1,NOT_MODELED_PHASE1,FINANCING_CHANNEL_SEPARATE,FINANCING_CHANNEL_SEPARATE,MODEL_CONTINGENT_STRESS_TEST_ONLY
reduced_5_admin_retained,0.05,0.05,retained,retained,0,0.0005,1,0,5,0,0,0,0,0,0,EXCLUDED_FROM_COMPLIANCE_MODULE,NOT_MODELED_PHASE1,NOT_MODELED_PHASE1,NOT_MODELED_PHASE1,FINANCING_CHANNEL_SEPARATE,FINANCING_CHANNEL_SEPARATE,MODEL_CONTINGENT_STRESS_TEST_ONLY
reduced_5_admin_retained,0.05,0.05,retained,retained,0,0.0005,1,0.00025,1,0,0,0,0,0,0,EXCLUDED_FROM_COMPLIANCE_MODULE,NOT_MODELED_PHASE1,NOT_MODELED_PHASE1,NOT_MODELED_PHASE1,FINANCING_CHANNEL_SEPARATE,FINANCING_CHANNEL_SEPARATE,MODEL_CONTINGENT_STRESS_TEST_ONLY
reduced_5_admin_retained,0.05,0.05,retained,retained,0,0.0005,1,0.00025,3,0,0,0,0,0,0,EXCLUDED_FROM_COMPLIANCE_MODULE,NOT_MODELED_PHASE1,NOT_MODELED_PHASE1,NOT_MODELED_PHASE1,FINANCING_CHANNEL_SEPARATE,FINANCING_CHANNEL_SEPARATE,MODEL_CONTINGENT_STRESS_TEST_ONLY
reduced_5_admin_retained,0.05,0.05,retained,retained,0,0.0005,1,0.00025,5,0,0,0,0,0,0,EXCLUDED_FROM_COMPLIANCE_MODULE,NOT_MODELED_PHASE1,NOT_MODELED_PHASE1,NOT_MODELED_PHASE1,FINANCING_CHANNEL_SEPARATE,FINANCING_CHANNEL_SEPARATE,MODEL_CONTINGENT_STRESS_TEST_ONLY
reduced_5_admin_retained,0.05,0.05,retained,retained,0,0.0005,1,0.0005,1,0,0,0,0,0,0,EXCLUDED_FROM_COMPLIANCE_MODULE,NOT_MODELED_PHASE1,NOT_MODELED_PHASE1,NOT_MODELED_PHASE1,FINANCING_CHANNEL_SEPARATE,FINANCING_CHANNEL_SEPARATE,MODEL_CONTINGENT_STRESS_TEST_ONLY
reduced_5_admin_retained,0.05,0.05,retained,retained,0,0.0005,1,0.0005,3,0,0,0,0,0,0,EXCLUDED_FROM_COMPLIANCE_MODULE,NOT_MODELED_PHASE1,NOT_MODELED_PHASE1,NOT_MODELED_PHASE1,FINANCING_CHANNEL_SEPARATE,FINANCING_CHANNEL_SEPARATE,MODEL_CONTINGENT_STRESS_TEST_ONLY
reduced_5_admin_retained,0.05,0.05,retained,retained,0,0.0005,1,0.0005,5,0,0,0,0,0,0,EXCLUDED_FROM_COMPLIANCE_MODULE,NOT_MODELED_PHASE1,NOT_MODELED_PHASE1,NOT_MODELED_PHASE1,FINANCING_CHANNEL_SEPARATE,FINANCING_CHANNEL_SEPARATE,MODEL_CONTINGENT_STRESS_TEST_ONLY
reduced_5_admin_retained,0.05,0.05,retained,retained,0,0.0005,1,0.001,1,0,0,0,0,0,0,EXCLUDED_FROM_COMPLIANCE_MODULE,NOT_MODELED_PHASE1,NOT_MODELED_PHASE1,NOT_MODELED_PHASE1,FINANCING_CHANNEL_SEPARATE,FINANCING_CHANNEL_SEPARATE,MODEL_CONTINGENT_STRESS_TEST_ONLY
reduced_5_admin_retained,0.05,0.05,retained,retained,0,0.0005,1,0.001,3,0,0,0,0,0,0,EXCLUDED_FROM_COMPLIANCE_MODULE,NOT_MODELED_PHASE1,NOT_MODELED_PHASE1,NOT_MODELED_PHASE1,FINANCING_CHANNEL_SEPARATE,FINANCING_CHANNEL_SEPARATE,MODEL_CONTINGENT_STRESS_TEST_ONLY
reduced_5_admin_retained,0.05,0.05,retained,retained,0,0.0005,1,0.001,5,0,0,0,0,0,0,EXCLUDED_FROM_COMPLIANCE_MODULE,NOT_MODELED_PHASE1,NOT_MODELED_PHASE1,NOT_MODELED_PHASE1,FINANCING_CHANNEL_SEPARATE,FINANCING_CHANNEL_SEPARATE,MODEL_CONTINGENT_STRESS_TEST_ONLY
reduced_5_admin_retained,0.05,0.05,retained,retained,0,0.001,0,0,1,0,0,0,0,0,0,EXCLUDED_FROM_COMPLIANCE_MODULE,NOT_MODELED_PHASE1,NOT_MODELED_PHASE1,NOT_MODELED_PHASE1,FINANCING_CHANNEL_SEPARATE,FINANCING_CHANNEL_SEPARATE,MODEL_CONTINGENT_STRESS_TEST_ONLY
reduced_5_admin_retained,0.05,0.05,retained,retained,0,0.001,0,0,3,0,0,0,0,0,0,EXCLUDED_FROM_COMPLIANCE_MODULE,NOT_MODELED_PHASE1,NOT_MODELED_PHASE1,NOT_MODELED_PHASE1,FINANCING_CHANNEL_SEPARATE,FINANCING_CHANNEL_SEPARATE,MODEL_CONTINGENT_STRESS_TEST_ONLY
reduced_5_admin_retained,0.05,0.05,retained,retained,0,0.001,0,0,5,0,0,0,0,0,0,EXCLUDED_FROM_COMPLIANCE_MODULE,NOT_MODELED_PHASE1,NOT_MODELED_PHASE1,NOT_MODELED_PHASE1,FINANCING_CHANNEL_SEPARATE,FINANCING_CHANNEL_SEPARATE,MODEL_CONTINGENT_STRESS_TEST_ONLY
reduced_5_admin_retained,0.05,0.05,retained,retained,0,0.001,0,0.00025,1,0,0,0,0,0,0,EXCLUDED_FROM_COMPLIANCE_MODULE,NOT_MODELED_PHASE1,NOT_MODELED_PHASE1,NOT_MODELED_PHASE1,FINANCING_CHANNEL_SEPARATE,FINANCING_CHANNEL_SEPARATE,MODEL_CONTINGENT_STRESS_TEST_ONLY
reduced_5_admin_retained,0.05,0.05,retained,retained,0,0.001,0,0.00025,3,0,0,0,0,0,0,EXCLUDED_FROM_COMPLIANCE_MODULE,NOT_MODELED_PHASE1,NOT_MODELED_PHASE1,NOT_MODELED_PHASE1,FINANCING_CHANNEL_SEPARATE,FINANCING_CHANNEL_SEPARATE,MODEL_CONTINGENT_STRESS_TEST_ONLY
reduced_5_admin_retained,0.05,0.05,retained,retained,0,0.001,0,0.00025,5,0,0,0,0,0,0,EXCLUDED_FROM_COMPLIANCE_MODULE,NOT_MODELED_PHASE1,NOT_MODELED_PHASE1,NOT_MODELED_PHASE1,FINANCING_CHANNEL_SEPARATE,FINANCING_CHANNEL_SEPARATE,MODEL_CONTINGENT_STRESS_TEST_ONLY
reduced_5_admin_retained,0.05,0.05,retained,retained,0,0.001,0,0.0005,1,0,0,0,0,0,0,EXCLUDED_FROM_COMPLIANCE_MODULE,NOT_MODELED_PHASE1,NOT_MODELED_PHASE1,NOT_MODELED_PHASE1,FINANCING_CHANNEL_SEPARATE,FINANCING_CHANNEL_SEPARATE,MODEL_CONTINGENT_STRESS_TEST_ONLY
reduced_5_admin_retained,0.05,0.05,retained,retained,0,0.001,0,0.0005,3,0,0,0,0,0,0,EXCLUDED_FROM_COMPLIANCE_MODULE,NOT_MODELED_PHASE1,NOT_MODELED_PHASE1,NOT_MODELED_PHASE1,FINANCING_CHANNEL_SEPARATE,FINANCING_CHANNEL_SEPARATE,MODEL_CONTINGENT_STRESS_TEST_ONLY
reduced_5_admin_retained,0.05,0.05,retained,retained,0,0.001,0,0.0005,5,0,0,0,0,0,0,EXCLUDED_FROM_COMPLIANCE_MODULE,NOT_MODELED_PHASE1,NOT_MODELED_PHASE1,NOT_MODELED_PHASE1,FINANCING_CHANNEL_SEPARATE,FINANCING_CHANNEL_SEPARATE,MODEL_CONTINGENT_STRESS_TEST_ONLY
reduced_5_admin_retained,0.05,0.05,retained,retained,0,0.001,0,0.001,1,0,0,0,0,0,0,EXCLUDED_FROM_COMPLIANCE_MODULE,NOT_MODELED_PHASE1,NOT_MODELED_PHASE1,NOT_MODELED_PHASE1,FINANCING_CHANNEL_SEPARATE,FINANCING_CHANNEL_SEPARATE,MODEL_CONTINGENT_STRESS_TEST_ONLY
reduced_5_admin_retained,0.05,0.05,retained,retained,0,0.001,0,0.001,3,0,0,0,0,0,0,EXCLUDED_FROM_COMPLIANCE_MODULE,NOT_MODELED_PHASE1,NOT_MODELED_PHASE1,NOT_MODELED_PHASE1,FINANCING_CHANNEL_SEPARATE,FINANCING_CHANNEL_SEPARATE,MODEL_CONTINGENT_STRESS_TEST_ONLY
reduced_5_admin_retained,0.05,0.05,retained,retained,0,0.001,0,0.001,5,0,0,0,0,0,0,EXCLUDED_FROM_COMPLIANCE_MODULE,NOT_MODELED_PHASE1,NOT_MODELED_PHASE1,NOT_MODELED_PHASE1,FINANCING_CHANNEL_SEPARATE,FINANCING_CHANNEL_SEPARATE,MODEL_CONTINGENT_STRESS_TEST_ONLY
reduced_5_admin_retained,0.05,0.05,retained,retained,0,0.001,0.25,0,1,0,0,0,0,0,0,EXCLUDED_FROM_COMPLIANCE_MODULE,NOT_MODELED_PHASE1,NOT_MODELED_PHASE1,NOT_MODELED_PHASE1,FINANCING_CHANNEL_SEPARATE,FINANCING_CHANNEL_SEPARATE,MODEL_CONTINGENT_STRESS_TEST_ONLY
reduced_5_admin_retained,0.05,0.05,retained,retained,0,0.001,0.25,0,3,0,0,0,0,0,0,EXCLUDED_FROM_COMPLIANCE_MODULE,NOT_MODELED_PHASE1,NOT_MODELED_PHASE1,NOT_MODELED_PHASE1,FINANCING_CHANNEL_SEPARATE,FINANCING_CHANNEL_SEPARATE,MODEL_CONTINGENT_STRESS_TEST_ONLY
reduced_5_admin_retained,0.05,0.05,retained,retained,0,0.001,0.25,0,5,0,0,0,0,0,0,EXCLUDED_FROM_COMPLIANCE_MODULE,NOT_MODELED_PHASE1,NOT_MODELED_PHASE1,NOT_MODELED_PHASE1,FINANCING_CHANNEL_SEPARATE,FINANCING_CHANNEL_SEPARATE,MODEL_CONTINGENT_STRESS_TEST_ONLY
reduced_5_admin_retained,0.05,0.05,retained,retained,0,0.001,0.25,0.00025,1,0,0,0,0,0,0,EXCLUDED_FROM_COMPLIANCE_MODULE,NOT_MODELED_PHASE1,NOT_MODELED_PHASE1,NOT_MODELED_PHASE1,FINANCING_CHANNEL_SEPARATE,FINANCING_CHANNEL_SEPARATE,MODEL_CONTINGENT_STRESS_TEST_ONLY
reduced_5_admin_retained,0.05,0.05,retained,retained,0,0.001,0.25,0.00025,3,0,0,0,0,0,0,EXCLUDED_FROM_COMPLIANCE_MODULE,NOT_MODELED_PHASE1,NOT_MODELED_PHASE1,NOT_MODELED_PHASE1,FINANCING_CHANNEL_SEPARATE,FINANCING_CHANNEL_SEPARATE,MODEL_CONTINGENT_STRESS_TEST_ONLY
reduced_5_admin_retained,0.05,0.05,retained,retained,0,0.001,0.25,0.00025,5,0,0,0,0,0,0,EXCLUDED_FROM_COMPLIANCE_MODULE,NOT_MODELED_PHASE1,NOT_MODELED_PHASE1,NOT_MODELED_PHASE1,FINANCING_CHANNEL_SEPARATE,FINANCING_CHANNEL_SEPARATE,MODEL_CONTINGENT_STRESS_TEST_ONLY
reduced_5_admin_retained,0.05,0.05,retained,retained,0,0.001,0.25,0.0005,1,0,0,0,0,0,0,EXCLUDED_FROM_COMPLIANCE_MODULE,NOT_MODELED_PHASE1,NOT_MODELED_PHASE1,NOT_MODELED_PHASE1,FINANCING_CHANNEL_SEPARATE,FINANCING_CHANNEL_SEPARATE,MODEL_CONTINGENT_STRESS_TEST_ONLY
reduced_5_admin_retained,0.05,0.05,retained,retained,0,0.001,0.25,0.0005,3,0,0,0,0,0,0,EXCLUDED_FROM_COMPLIANCE_MODULE,NOT_MODELED_PHASE1,NOT_MODELED_PHASE1,NOT_MODELED_PHASE1,FINANCING_CHANNEL_SEPARATE,FINANCING_CHANNEL_SEPARATE,MODEL_CONTINGENT_STRESS_TEST_ONLY
reduced_5_admin_retained,0.05,0.05,retained,retained,0,0.001,0.25,0.0005,5,0,0,0,0,0,0,EXCLUDED_FROM_COMPLIANCE_MODULE,NOT_MODELED_PHASE1,NOT_MODELED_PHASE1,NOT_MODELED_PHASE1,FINANCING_CHANNEL_SEPARATE,FINANCING_CHANNEL_SEPARATE,MODEL_CONTINGENT_STRESS_TEST_ONLY
reduced_5_admin_retained,0.05,0.05,retained,retained,0,0.001,0.25,0.001,1,0,0,0,0,0,0,EXCLUDED_FROM_COMPLIANCE_MODULE,NOT_MODELED_PHASE1,NOT_MODELED_PHASE1,NOT_MODELED_PHASE1,FINANCING_CHANNEL_SEPARATE,FINANCING_CHANNEL_SEPARATE,MODEL_CONTINGENT_STRESS_TEST_ONLY
reduced_5_admin_retained,0.05,0.05,retained,retained,0,0.001,0.25,0.001,3,0,0,0,0,0,0,EXCLUDED_FROM_COMPLIANCE_MODULE,NOT_MODELED_PHASE1,NOT_MODELED_PHASE1,NOT_MODELED_PHASE1,FINANCING_CHANNEL_SEPARATE,FINANCING_CHANNEL_SEPARATE,MODEL_CONTINGENT_STRESS_TEST_ONLY
reduced_5_admin_retained,0.05,0.05,retained,retained,0,0.001,0.25,0.001,5,0,0,0,0,0,0,EXCLUDED_FROM_COMPLIANCE_MODULE,NOT_MODELED_PHASE1,NOT_MODELED_PHASE1,NOT_MODELED_PHASE1,FINANCING_CHANNEL_SEPARATE,FINANCING_CHANNEL_SEPARATE,MODEL_CONTINGENT_STRESS_TEST_ONLY
reduced_5_admin_retained,0.05,0.05,retained,retained,0,0.001,0.5,0,1,0,0,0,0,0,0,EXCLUDED_FROM_COMPLIANCE_MODULE,NOT_MODELED_PHASE1,NOT_MODELED_PHASE1,NOT_MODELED_PHASE1,FINANCING_CHANNEL_SEPARATE,FINANCING_CHANNEL_SEPARATE,MODEL_CONTINGENT_STRESS_TEST_ONLY
reduced_5_admin_retained,0.05,0.05,retained,retained,0,0.001,0.5,0,3,0,0,0,0,0,0,EXCLUDED_FROM_COMPLIANCE_MODULE,NOT_MODELED_PHASE1,NOT_MODELED_PHASE1,NOT_MODELED_PHASE1,FINANCING_CHANNEL_SEPARATE,FINANCING_CHANNEL_SEPARATE,MODEL_CONTINGENT_STRESS_TEST_ONLY
reduced_5_admin_retained,0.05,0.05,retained,retained,0,0.001,0.5,0,5,0,0,0,0,0,0,EXCLUDED_FROM_COMPLIANCE_MODULE,NOT_MODELED_PHASE1,NOT_MODELED_PHASE1,NOT_MODELED_PHASE1,FINANCING_CHANNEL_SEPARATE,FINANCING_CHANNEL_SEPARATE,MODEL_CONTINGENT_STRESS_TEST_ONLY
reduced_5_admin_retained,0.05,0.05,retained,retained,0,0.001,0.5,0.00025,1,0,0,0,0,0,0,EXCLUDED_FROM_COMPLIANCE_MODULE,NOT_MODELED_PHASE1,NOT_MODELED_PHASE1,NOT_MODELED_PHASE1,FINANCING_CHANNEL_SEPARATE,FINANCING_CHANNEL_SEPARATE,MODEL_CONTINGENT_STRESS_TEST_ONLY
reduced_5_admin_retained,0.05,0.05,retained,retained,0,0.001,0.5,0.00025,3,0,0,0,0,0,0,EXCLUDED_FROM_COMPLIANCE_MODULE,NOT_MODELED_PHASE1,NOT_MODELED_PHASE1,NOT_MODELED_PHASE1,FINANCING_CHANNEL_SEPARATE,FINANCING_CHANNEL_SEPARATE,MODEL_CONTINGENT_STRESS_TEST_ONLY
reduced_5_admin_retained,0.05,0.05,retained,retained,0,0.001,0.5,0.00025,5,0,0,0,0,0,0,EXCLUDED_FROM_COMPLIANCE_MODULE,NOT_MODELED_PHASE1,NOT_MODELED_PHASE1,NOT_MODELED_PHASE1,FINANCING_CHANNEL_SEPARATE,FINANCING_CHANNEL_SEPARATE,MODEL_CONTINGENT_STRESS_TEST_ONLY
reduced_5_admin_retained,0.05,0.05,retained,retained,0,0.001,0.5,0.0005,1,0,0,0,0,0,0,EXCLUDED_FROM_COMPLIANCE_MODULE,NOT_MODELED_PHASE1,NOT_MODELED_PHASE1,NOT_MODELED_PHASE1,FINANCING_CHANNEL_SEPARATE,FINANCING_CHANNEL_SEPARATE,MODEL_CONTINGENT_STRESS_TEST_ONLY
reduced_5_admin_retained,0.05,0.05,retained,retained,0,0.001,0.5,0.0005,3,0,0,0,0,0,0,EXCLUDED_FROM_COMPLIANCE_MODULE,NOT_MODELED_PHASE1,NOT_MODELED_PHASE1,NOT_MODELED_PHASE1,FINANCING_CHANNEL_SEPARATE,FINANCING_CHANNEL_SEPARATE,MODEL_CONTINGENT_STRESS_TEST_ONLY
reduced_5_admin_retained,0.05,0.05,retained,retained,0,0.001,0.5,0.0005,5,0,0,0,0,0,0,EXCLUDED_FROM_COMPLIANCE_MODULE,NOT_MODELED_PHASE1,NOT_MODELED_PHASE1,NOT_MODELED_PHASE1,FINANCING_CHANNEL_SEPARATE,FINANCING_CHANNEL_SEPARATE,MODEL_CONTINGENT_STRESS_TEST_ONLY
reduced_5_admin_retained,0.05,0.05,retained,retained,0,0.001,0.5,0.001,1,0,0,0,0,0,0,EXCLUDED_FROM_COMPLIANCE_MODULE,NOT_MODELED_PHASE1,NOT_MODELED_PHASE1,NOT_MODELED_PHASE1,FINANCING_CHANNEL_SEPARATE,FINANCING_CHANNEL_SEPARATE,MODEL_CONTINGENT_STRESS_TEST_ONLY
reduced_5_admin_retained,0.05,0.05,retained,retained,0,0.001,0.5,0.001,3,0,0,0,0,0,0,EXCLUDED_FROM_COMPLIANCE_MODULE,NOT_MODELED_PHASE1,NOT_MODELED_PHASE1,NOT_MODELED_PHASE1,FINANCING_CHANNEL_SEPARATE,FINANCING_CHANNEL_SEPARATE,MODEL_CONTINGENT_STRESS_TEST_ONLY
reduced_5_admin_retained,0.05,0.05,retained,retained,0,0.001,0.5,0.001,5,0,0,0,0,0,0,EXCLUDED_FROM_COMPLIANCE_MODULE,NOT_MODELED_PHASE1,NOT_MODELED_PHASE1,NOT_MODELED_PHASE1,FINANCING_CHANNEL_SEPARATE,FINANCING_CHANNEL_SEPARATE,MODEL_CONTINGENT_STRESS_TEST_ONLY
reduced_5_admin_retained,0.05,0.05,retained,retained,0,0.001,0.75,0,1,0,0,0,0,0,0,EXCLUDED_FROM_COMPLIANCE_MODULE,NOT_MODELED_PHASE1,NOT_MODELED_PHASE1,NOT_MODELED_PHASE1,FINANCING_CHANNEL_SEPARATE,FINANCING_CHANNEL_SEPARATE,MODEL_CONTINGENT_STRESS_TEST_ONLY
reduced_5_admin_retained,0.05,0.05,retained,retained,0,0.001,0.75,0,3,0,0,0,0,0,0,EXCLUDED_FROM_COMPLIANCE_MODULE,NOT_MODELED_PHASE1,NOT_MODELED_PHASE1,NOT_MODELED_PHASE1,FINANCING_CHANNEL_SEPARATE,FINANCING_CHANNEL_SEPARATE,MODEL_CONTINGENT_STRESS_TEST_ONLY
reduced_5_admin_retained,0.05,0.05,retained,retained,0,0.001,0.75,0,5,0,0,0,0,0,0,EXCLUDED_FROM_COMPLIANCE_MODULE,NOT_MODELED_PHASE1,NOT_MODELED_PHASE1,NOT_MODELED_PHASE1,FINANCING_CHANNEL_SEPARATE,FINANCING_CHANNEL_SEPARATE,MODEL_CONTINGENT_STRESS_TEST_ONLY
reduced_5_admin_retained,0.05,0.05,retained,retained,0,0.001,0.75,0.00025,1,0,0,0,0,0,0,EXCLUDED_FROM_COMPLIANCE_MODULE,NOT_MODELED_PHASE1,NOT_MODELED_PHASE1,NOT_MODELED_PHASE1,FINANCING_CHANNEL_SEPARATE,FINANCING_CHANNEL_SEPARATE,MODEL_CONTINGENT_STRESS_TEST_ONLY
reduced_5_admin_retained,0.05,0.05,retained,retained,0,0.001,0.75,0.00025,3,0,0,0,0,0,0,EXCLUDED_FROM_COMPLIANCE_MODULE,NOT_MODELED_PHASE1,NOT_MODELED_PHASE1,NOT_MODELED_PHASE1,FINANCING_CHANNEL_SEPARATE,FINANCING_CHANNEL_SEPARATE,MODEL_CONTINGENT_STRESS_TEST_ONLY
reduced_5_admin_retained,0.05,0.05,retained,retained,0,0.001,0.75,0.00025,5,0,0,0,0,0,0,EXCLUDED_FROM_COMPLIANCE_MODULE,NOT_MODELED_PHASE1,NOT_MODELED_PHASE1,NOT_MODELED_PHASE1,FINANCING_CHANNEL_SEPARATE,FINANCING_CHANNEL_SEPARATE,MODEL_CONTINGENT_STRESS_TEST_ONLY
reduced_5_admin_retained,0.05,0.05,retained,retained,0,0.001,0.75,0.0005,1,0,0,0,0,0,0,EXCLUDED_FROM_COMPLIANCE_MODULE,NOT_MODELED_PHASE1,NOT_MODELED_PHASE1,NOT_MODELED_PHASE1,FINANCING_CHANNEL_SEPARATE,FINANCING_CHANNEL_SEPARATE,MODEL_CONTINGENT_STRESS_TEST_ONLY
reduced_5_admin_retained,0.05,0.05,retained,retained,0,0.001,0.75,0.0005,3,0,0,0,0,0,0,EXCLUDED_FROM_COMPLIANCE_MODULE,NOT_MODELED_PHASE1,NOT_MODELED_PHASE1,NOT_MODELED_PHASE1,FINANCING_CHANNEL_SEPARATE,FINANCING_CHANNEL_SEPARATE,MODEL_CONTINGENT_STRESS_TEST_ONLY
reduced_5_admin_retained,0.05,0.05,retained,retained,0,0.001,0.75,0.0005,5,0,0,0,0,0,0,EXCLUDED_FROM_COMPLIANCE_MODULE,NOT_MODELED_PHASE1,NOT_MODELED_PHASE1,NOT_MODELED_PHASE1,FINANCING_CHANNEL_SEPARATE,FINANCING_CHANNEL_SEPARATE,MODEL_CONTINGENT_STRESS_TEST_ONLY
reduced_5_admin_retained,0.05,0.05,retained,retained,0,0.001,0.75,0.001,1,0,0,0,0,0,0,EXCLUDED_FROM_COMPLIANCE_MODULE,NOT_MODELED_PHASE1,NOT_MODELED_PHASE1,NOT_MODELED_PHASE1,FINANCING_CHANNEL_SEPARATE,FINANCING_CHANNEL_SEPARATE,MODEL_CONTINGENT_STRESS_TEST_ONLY
reduced_5_admin_retained,0.05,0.05,retained,retained,0,0.001,0.75,0.001,3,0,0,0,0,0,0,EXCLUDED_FROM_COMPLIANCE_MODULE,NOT_MODELED_PHASE1,NOT_MODELED_PHASE1,NOT_MODELED_PHASE1,FINANCING_CHANNEL_SEPARATE,FINANCING_CHANNEL_SEPARATE,MODEL_CONTINGENT_STRESS_TEST_ONLY
reduced_5_admin_retained,0.05,0.05,retained,retained,0,0.001,0.75,0.001,5,0,0,0,0,0,0,EXCLUDED_FROM_COMPLIANCE_MODULE,NOT_MODELED_PHASE1,NOT_MODELED_PHASE1,NOT_MODELED_PHASE1,FINANCING_CHANNEL_SEPARATE,FINANCING_CHANNEL_SEPARATE,MODEL_CONTINGENT_STRESS_TEST_ONLY
reduced_5_admin_retained,0.05,0.05,retained,retained,0,0.001,1,0,1,0,0,0,0,0,0,EXCLUDED_FROM_COMPLIANCE_MODULE,NOT_MODELED_PHASE1,NOT_MODELED_PHASE1,NOT_MODELED_PHASE1,FINANCING_CHANNEL_SEPARATE,FINANCING_CHANNEL_SEPARATE,MODEL_CONTINGENT_STRESS_TEST_ONLY
reduced_5_admin_retained,0.05,0.05,retained,retained,0,0.001,1,0,3,0,0,0,0,0,0,EXCLUDED_FROM_COMPLIANCE_MODULE,NOT_MODELED_PHASE1,NOT_MODELED_PHASE1,NOT_MODELED_PHASE1,FINANCING_CHANNEL_SEPARATE,FINANCING_CHANNEL_SEPARATE,MODEL_CONTINGENT_STRESS_TEST_ONLY
reduced_5_admin_retained,0.05,0.05,retained,retained,0,0.001,1,0,5,0,0,0,0,0,0,EXCLUDED_FROM_COMPLIANCE_MODULE,NOT_MODELED_PHASE1,NOT_MODELED_PHASE1,NOT_MODELED_PHASE1,FINANCING_CHANNEL_SEPARATE,FINANCING_CHANNEL_SEPARATE,MODEL_CONTINGENT_STRESS_TEST_ONLY
reduced_5_admin_retained,0.05,0.05,retained,retained,0,0.001,1,0.00025,1,0,0,0,0,0,0,EXCLUDED_FROM_COMPLIANCE_MODULE,NOT_MODELED_PHASE1,NOT_MODELED_PHASE1,NOT_MODELED_PHASE1,FINANCING_CHANNEL_SEPARATE,FINANCING_CHANNEL_SEPARATE,MODEL_CONTINGENT_STRESS_TEST_ONLY
reduced_5_admin_retained,0.05,0.05,retained,retained,0,0.001,1,0.00025,3,0,0,0,0,0,0,EXCLUDED_FROM_COMPLIANCE_MODULE,NOT_MODELED_PHASE1,NOT_MODELED_PHASE1,NOT_MODELED_PHASE1,FINANCING_CHANNEL_SEPARATE,FINANCING_CHANNEL_SEPARATE,MODEL_CONTINGENT_STRESS_TEST_ONLY
reduced_5_admin_retained,0.05,0.05,retained,retained,0,0.001,1,0.00025,5,0,0,0,0,0,0,EXCLUDED_FROM_COMPLIANCE_MODULE,NOT_MODELED_PHASE1,NOT_MODELED_PHASE1,NOT_MODELED_PHASE1,FINANCING_CHANNEL_SEPARATE,FINANCING_CHANNEL_SEPARATE,MODEL_CONTINGENT_STRESS_TEST_ONLY
reduced_5_admin_retained,0.05,0.05,retained,retained,0,0.001,1,0.0005,1,0,0,0,0,0,0,EXCLUDED_FROM_COMPLIANCE_MODULE,NOT_MODELED_PHASE1,NOT_MODELED_PHASE1,NOT_MODELED_PHASE1,FINANCING_CHANNEL_SEPARATE,FINANCING_CHANNEL_SEPARATE,MODEL_CONTINGENT_STRESS_TEST_ONLY
reduced_5_admin_retained,0.05,0.05,retained,retained,0,0.001,1,0.0005,3,0,0,0,0,0,0,EXCLUDED_FROM_COMPLIANCE_MODULE,NOT_MODELED_PHASE1,NOT_MODELED_PHASE1,NOT_MODELED_PHASE1,FINANCING_CHANNEL_SEPARATE,FINANCING_CHANNEL_SEPARATE,MODEL_CONTINGENT_STRESS_TEST_ONLY
reduced_5_admin_retained,0.05,0.05,retained,retained,0,0.001,1,0.0005,5,0,0,0,0,0,0,EXCLUDED_FROM_COMPLIANCE_MODULE,NOT_MODELED_PHASE1,NOT_MODELED_PHASE1,NOT_MODELED_PHASE1,FINANCING_CHANNEL_SEPARATE,FINANCING_CHANNEL_SEPARATE,MODEL_CONTINGENT_STRESS_TEST_ONLY
reduced_5_admin_retained,0.05,0.05,retained,retained,0,0.001,1,0.001,1,0,0,0,0,0,0,EXCLUDED_FROM_COMPLIANCE_MODULE,NOT_MODELED_PHASE1,NOT_MODELED_PHASE1,NOT_MODELED_PHASE1,FINANCING_CHANNEL_SEPARATE,FINANCING_CHANNEL_SEPARATE,MODEL_CONTINGENT_STRESS_TEST_ONLY
reduced_5_admin_retained,0.05,0.05,retained,retained,0,0.001,1,0.001,3,0,0,0,0,0,0,EXCLUDED_FROM_COMPLIANCE_MODULE,NOT_MODELED_PHASE1,NOT_MODELED_PHASE1,NOT_MODELED_PHASE1,FINANCING_CHANNEL_SEPARATE,FINANCING_CHANNEL_SEPARATE,MODEL_CONTINGENT_STRESS_TEST_ONLY
reduced_5_admin_retained,0.05,0.05,retained,retained,0,0.001,1,0.001,5,0,0,0,0,0,0,EXCLUDED_FROM_COMPLIANCE_MODULE,NOT_MODELED_PHASE1,NOT_MODELED_PHASE1,NOT_MODELED_PHASE1,FINANCING_CHANNEL_SEPARATE,FINANCING_CHANNEL_SEPARATE,MODEL_CONTINGENT_STRESS_TEST_ONLY
reduced_5_admin_retained,0.05,0.05,retained,retained,0,0.0025,0,0,1,0,0,0,0,0,0,EXCLUDED_FROM_COMPLIANCE_MODULE,NOT_MODELED_PHASE1,NOT_MODELED_PHASE1,NOT_MODELED_PHASE1,FINANCING_CHANNEL_SEPARATE,FINANCING_CHANNEL_SEPARATE,MODEL_CONTINGENT_STRESS_TEST_ONLY
reduced_5_admin_retained,0.05,0.05,retained,retained,0,0.0025,0,0,3,0,0,0,0,0,0,EXCLUDED_FROM_COMPLIANCE_MODULE,NOT_MODELED_PHASE1,NOT_MODELED_PHASE1,NOT_MODELED_PHASE1,FINANCING_CHANNEL_SEPARATE,FINANCING_CHANNEL_SEPARATE,MODEL_CONTINGENT_STRESS_TEST_ONLY
reduced_5_admin_retained,0.05,0.05,retained,retained,0,0.0025,0,0,5,0,0,0,0,0,0,EXCLUDED_FROM_COMPLIANCE_MODULE,NOT_MODELED_PHASE1,NOT_MODELED_PHASE1,NOT_MODELED_PHASE1,FINANCING_CHANNEL_SEPARATE,FINANCING_CHANNEL_SEPARATE,MODEL_CONTINGENT_STRESS_TEST_ONLY
reduced_5_admin_retained,0.05,0.05,retained,retained,0,0.0025,0,0.00025,1,0,0,0,0,0,0,EXCLUDED_FROM_COMPLIANCE_MODULE,NOT_MODELED_PHASE1,NOT_MODELED_PHASE1,NOT_MODELED_PHASE1,FINANCING_CHANNEL_SEPARATE,FINANCING_CHANNEL_SEPARATE,MODEL_CONTINGENT_STRESS_TEST_ONLY
reduced_5_admin_retained,0.05,0.05,retained,retained,0,0.0025,0,0.00025,3,0,0,0,0,0,0,EXCLUDED_FROM_COMPLIANCE_MODULE,NOT_MODELED_PHASE1,NOT_MODELED_PHASE1,NOT_MODELED_PHASE1,FINANCING_CHANNEL_SEPARATE,FINANCING_CHANNEL_SEPARATE,MODEL_CONTINGENT_STRESS_TEST_ONLY
reduced_5_admin_retained,0.05,0.05,retained,retained,0,0.0025,0,0.00025,5,0,0,0,0,0,0,EXCLUDED_FROM_COMPLIANCE_MODULE,NOT_MODELED_PHASE1,NOT_MODELED_PHASE1,NOT_MODELED_PHASE1,FINANCING_CHANNEL_SEPARATE,FINANCING_CHANNEL_SEPARATE,MODEL_CONTINGENT_STRESS_TEST_ONLY
reduced_5_admin_retained,0.05,0.05,retained,retained,0,0.0025,0,0.0005,1,0,0,0,0,0,0,EXCLUDED_FROM_COMPLIANCE_MODULE,NOT_MODELED_PHASE1,NOT_MODELED_PHASE1,NOT_MODELED_PHASE1,FINANCING_CHANNEL_SEPARATE,FINANCING_CHANNEL_SEPARATE,MODEL_CONTINGENT_STRESS_TEST_ONLY
reduced_5_admin_retained,0.05,0.05,retained,retained,0,0.0025,0,0.0005,3,0,0,0,0,0,0,EXCLUDED_FROM_COMPLIANCE_MODULE,NOT_MODELED_PHASE1,NOT_MODELED_PHASE1,NOT_MODELED_PHASE1,FINANCING_CHANNEL_SEPARATE,FINANCING_CHANNEL_SEPARATE,MODEL_CONTINGENT_STRESS_TEST_ONLY
reduced_5_admin_retained,0.05,0.05,retained,retained,0,0.0025,0,0.0005,5,0,0,0,0,0,0,EXCLUDED_FROM_COMPLIANCE_MODULE,NOT_MODELED_PHASE1,NOT_MODELED_PHASE1,NOT_MODELED_PHASE1,FINANCING_CHANNEL_SEPARATE,FINANCING_CHANNEL_SEPARATE,MODEL_CONTINGENT_STRESS_TEST_ONLY
reduced_5_admin_retained,0.05,0.05,retained,retained,0,0.0025,0,0.001,1,0,0,0,0,0,0,EXCLUDED_FROM_COMPLIANCE_MODULE,NOT_MODELED_PHASE1,NOT_MODELED_PHASE1,NOT_MODELED_PHASE1,FINANCING_CHANNEL_SEPARATE,FINANCING_CHANNEL_SEPARATE,MODEL_CONTINGENT_STRESS_TEST_ONLY
reduced_5_admin_retained,0.05,0.05,retained,retained,0,0.0025,0,0.001,3,0,0,0,0,0,0,EXCLUDED_FROM_COMPLIANCE_MODULE,NOT_MODELED_PHASE1,NOT_MODELED_PHASE1,NOT_MODELED_PHASE1,FINANCING_CHANNEL_SEPARATE,FINANCING_CHANNEL_SEPARATE,MODEL_CONTINGENT_STRESS_TEST_ONLY
reduced_5_admin_retained,0.05,0.05,retained,retained,0,0.0025,0,0.001,5,0,0,0,0,0,0,EXCLUDED_FROM_COMPLIANCE_MODULE,NOT_MODELED_PHASE1,NOT_MODELED_PHASE1,NOT_MODELED_PHASE1,FINANCING_CHANNEL_SEPARATE,FINANCING_CHANNEL_SEPARATE,MODEL_CONTINGENT_STRESS_TEST_ONLY
reduced_5_admin_retained,0.05,0.05,retained,retained,0,0.0025,0.25,0,1,0,0,0,0,0,0,EXCLUDED_FROM_COMPLIANCE_MODULE,NOT_MODELED_PHASE1,NOT_MODELED_PHASE1,NOT_MODELED_PHASE1,FINANCING_CHANNEL_SEPARATE,FINANCING_CHANNEL_SEPARATE,MODEL_CONTINGENT_STRESS_TEST_ONLY
reduced_5_admin_retained,0.05,0.05,retained,retained,0,0.0025,0.25,0,3,0,0,0,0,0,0,EXCLUDED_FROM_COMPLIANCE_MODULE,NOT_MODELED_PHASE1,NOT_MODELED_PHASE1,NOT_MODELED_PHASE1,FINANCING_CHANNEL_SEPARATE,FINANCING_CHANNEL_SEPARATE,MODEL_CONTINGENT_STRESS_TEST_ONLY
reduced_5_admin_retained,0.05,0.05,retained,retained,0,0.0025,0.25,0,5,0,0,0,0,0,0,EXCLUDED_FROM_COMPLIANCE_MODULE,NOT_MODELED_PHASE1,NOT_MODELED_PHASE1,NOT_MODELED_PHASE1,FINANCING_CHANNEL_SEPARATE,FINANCING_CHANNEL_SEPARATE,MODEL_CONTINGENT_STRESS_TEST_ONLY
reduced_5_admin_retained,0.05,0.05,retained,retained,0,0.0025,0.25,0.00025,1,0,0,0,0,0,0,EXCLUDED_FROM_COMPLIANCE_MODULE,NOT_MODELED_PHASE1,NOT_MODELED_PHASE1,NOT_MODELED_PHASE1,FINANCING_CHANNEL_SEPARATE,FINANCING_CHANNEL_SEPARATE,MODEL_CONTINGENT_STRESS_TEST_ONLY
reduced_5_admin_retained,0.05,0.05,retained,retained,0,0.0025,0.25,0.00025,3,0,0,0,0,0,0,EXCLUDED_FROM_COMPLIANCE_MODULE,NOT_MODELED_PHASE1,NOT_MODELED_PHASE1,NOT_MODELED_PHASE1,FINANCING_CHANNEL_SEPARATE,FINANCING_CHANNEL_SEPARATE,MODEL_CONTINGENT_STRESS_TEST_ONLY
reduced_5_admin_retained,0.05,0.05,retained,retained,0,0.0025,0.25,0.00025,5,0,0,0,0,0,0,EXCLUDED_FROM_COMPLIANCE_MODULE,NOT_MODELED_PHASE1,NOT_MODELED_PHASE1,NOT_MODELED_PHASE1,FINANCING_CHANNEL_SEPARATE,FINANCING_CHANNEL_SEPARATE,MODEL_CONTINGENT_STRESS_TEST_ONLY
reduced_5_admin_retained,0.05,0.05,retained,retained,0,0.0025,0.25,0.0005,1,0,0,0,0,0,0,EXCLUDED_FROM_COMPLIANCE_MODULE,NOT_MODELED_PHASE1,NOT_MODELED_PHASE1,NOT_MODELED_PHASE1,FINANCING_CHANNEL_SEPARATE,FINANCING_CHANNEL_SEPARATE,MODEL_CONTINGENT_STRESS_TEST_ONLY
reduced_5_admin_retained,0.05,0.05,retained,retained,0,0.0025,0.25,0.0005,3,0,0,0,0,0,0,EXCLUDED_FROM_COMPLIANCE_MODULE,NOT_MODELED_PHASE1,NOT_MODELED_PHASE1,NOT_MODELED_PHASE1,FINANCING_CHANNEL_SEPARATE,FINANCING_CHANNEL_SEPARATE,MODEL_CONTINGENT_STRESS_TEST_ONLY
reduced_5_admin_retained,0.05,0.05,retained,retained,0,0.0025,0.25,0.0005,5,0,0,0,0,0,0,EXCLUDED_FROM_COMPLIANCE_MODULE,NOT_MODELED_PHASE1,NOT_MODELED_PHASE1,NOT_MODELED_PHASE1,FINANCING_CHANNEL_SEPARATE,FINANCING_CHANNEL_SEPARATE,MODEL_CONTINGENT_STRESS_TEST_ONLY
reduced_5_admin_retained,0.05,0.05,retained,retained,0,0.0025,0.25,0.001,1,0,0,0,0,0,0,EXCLUDED_FROM_COMPLIANCE_MODULE,NOT_MODELED_PHASE1,NOT_MODELED_PHASE1,NOT_MODELED_PHASE1,FINANCING_CHANNEL_SEPARATE,FINANCING_CHANNEL_SEPARATE,MODEL_CONTINGENT_STRESS_TEST_ONLY
reduced_5_admin_retained,0.05,0.05,retained,retained,0,0.0025,0.25,0.001,3,0,0,0,0,0,0,EXCLUDED_FROM_COMPLIANCE_MODULE,NOT_MODELED_PHASE1,NOT_MODELED_PHASE1,NOT_MODELED_PHASE1,FINANCING_CHANNEL_SEPARATE,FINANCING_CHANNEL_SEPARATE,MODEL_CONTINGENT_STRESS_TEST_ONLY
reduced_5_admin_retained,0.05,0.05,retained,retained,0,0.0025,0.25,0.001,5,0,0,0,0,0,0,EXCLUDED_FROM_COMPLIANCE_MODULE,NOT_MODELED_PHASE1,NOT_MODELED_PHASE1,NOT_MODELED_PHASE1,FINANCING_CHANNEL_SEPARATE,FINANCING_CHANNEL_SEPARATE,MODEL_CONTINGENT_STRESS_TEST_ONLY
reduced_5_admin_retained,0.05,0.05,retained,retained,0,0.0025,0.5,0,1,0,0,0,0,0,0,EXCLUDED_FROM_COMPLIANCE_MODULE,NOT_MODELED_PHASE1,NOT_MODELED_PHASE1,NOT_MODELED_PHASE1,FINANCING_CHANNEL_SEPARATE,FINANCING_CHANNEL_SEPARATE,MODEL_CONTINGENT_STRESS_TEST_ONLY
reduced_5_admin_retained,0.05,0.05,retained,retained,0,0.0025,0.5,0,3,0,0,0,0,0,0,EXCLUDED_FROM_COMPLIANCE_MODULE,NOT_MODELED_PHASE1,NOT_MODELED_PHASE1,NOT_MODELED_PHASE1,FINANCING_CHANNEL_SEPARATE,FINANCING_CHANNEL_SEPARATE,MODEL_CONTINGENT_STRESS_TEST_ONLY
reduced_5_admin_retained,0.05,0.05,retained,retained,0,0.0025,0.5,0,5,0,0,0,0,0,0,EXCLUDED_FROM_COMPLIANCE_MODULE,NOT_MODELED_PHASE1,NOT_MODELED_PHASE1,NOT_MODELED_PHASE1,FINANCING_CHANNEL_SEPARATE,FINANCING_CHANNEL_SEPARATE,MODEL_CONTINGENT_STRESS_TEST_ONLY
reduced_5_admin_retained,0.05,0.05,retained,retained,0,0.0025,0.5,0.00025,1,0,0,0,0,0,0,EXCLUDED_FROM_COMPLIANCE_MODULE,NOT_MODELED_PHASE1,NOT_MODELED_PHASE1,NOT_MODELED_PHASE1,FINANCING_CHANNEL_SEPARATE,FINANCING_CHANNEL_SEPARATE,MODEL_CONTINGENT_STRESS_TEST_ONLY
reduced_5_admin_retained,0.05,0.05,retained,retained,0,0.0025,0.5,0.00025,3,0,0,0,0,0,0,EXCLUDED_FROM_COMPLIANCE_MODULE,NOT_MODELED_PHASE1,NOT_MODELED_PHASE1,NOT_MODELED_PHASE1,FINANCING_CHANNEL_SEPARATE,FINANCING_CHANNEL_SEPARATE,MODEL_CONTINGENT_STRESS_TEST_ONLY
reduced_5_admin_retained,0.05,0.05,retained,retained,0,0.0025,0.5,0.00025,5,0,0,0,0,0,0,EXCLUDED_FROM_COMPLIANCE_MODULE,NOT_MODELED_PHASE1,NOT_MODELED_PHASE1,NOT_MODELED_PHASE1,FINANCING_CHANNEL_SEPARATE,FINANCING_CHANNEL_SEPARATE,MODEL_CONTINGENT_STRESS_TEST_ONLY
reduced_5_admin_retained,0.05,0.05,retained,retained,0,0.0025,0.5,0.0005,1,0,0,0,0,0,0,EXCLUDED_FROM_COMPLIANCE_MODULE,NOT_MODELED_PHASE1,NOT_MODELED_PHASE1,NOT_MODELED_PHASE1,FINANCING_CHANNEL_SEPARATE,FINANCING_CHANNEL_SEPARATE,MODEL_CONTINGENT_STRESS_TEST_ONLY
reduced_5_admin_retained,0.05,0.05,retained,retained,0,0.0025,0.5,0.0005,3,0,0,0,0,0,0,EXCLUDED_FROM_COMPLIANCE_MODULE,NOT_MODELED_PHASE1,NOT_MODELED_PHASE1,NOT_MODELED_PHASE1,FINANCING_CHANNEL_SEPARATE,FINANCING_CHANNEL_SEPARATE,MODEL_CONTINGENT_STRESS_TEST_ONLY
reduced_5_admin_retained,0.05,0.05,retained,retained,0,0.0025,0.5,0.0005,5,0,0,0,0,0,0,EXCLUDED_FROM_COMPLIANCE_MODULE,NOT_MODELED_PHASE1,NOT_MODELED_PHASE1,NOT_MODELED_PHASE1,FINANCING_CHANNEL_SEPARATE,FINANCING_CHANNEL_SEPARATE,MODEL_CONTINGENT_STRESS_TEST_ONLY
reduced_5_admin_retained,0.05,0.05,retained,retained,0,0.0025,0.5,0.001,1,0,0,0,0,0,0,EXCLUDED_FROM_COMPLIANCE_MODULE,NOT_MODELED_PHASE1,NOT_MODELED_PHASE1,NOT_MODELED_PHASE1,FINANCING_CHANNEL_SEPARATE,FINANCING_CHANNEL_SEPARATE,MODEL_CONTINGENT_STRESS_TEST_ONLY
reduced_5_admin_retained,0.05,0.05,retained,retained,0,0.0025,0.5,0.001,3,0,0,0,0,0,0,EXCLUDED_FROM_COMPLIANCE_MODULE,NOT_MODELED_PHASE1,NOT_MODELED_PHASE1,NOT_MODELED_PHASE1,FINANCING_CHANNEL_SEPARATE,FINANCING_CHANNEL_SEPARATE,MODEL_CONTINGENT_STRESS_TEST_ONLY
reduced_5_admin_retained,0.05,0.05,retained,retained,0,0.0025,0.5,0.001,5,0,0,0,0,0,0,EXCLUDED_FROM_COMPLIANCE_MODULE,NOT_MODELED_PHASE1,NOT_MODELED_PHASE1,NOT_MODELED_PHASE1,FINANCING_CHANNEL_SEPARATE,FINANCING_CHANNEL_SEPARATE,MODEL_CONTINGENT_STRESS_TEST_ONLY
reduced_5_admin_retained,0.05,0.05,retained,retained,0,0.0025,0.75,0,1,0,0,0,0,0,0,EXCLUDED_FROM_COMPLIANCE_MODULE,NOT_MODELED_PHASE1,NOT_MODELED_PHASE1,NOT_MODELED_PHASE1,FINANCING_CHANNEL_SEPARATE,FINANCING_CHANNEL_SEPARATE,MODEL_CONTINGENT_STRESS_TEST_ONLY
reduced_5_admin_retained,0.05,0.05,retained,retained,0,0.0025,0.75,0,3,0,0,0,0,0,0,EXCLUDED_FROM_COMPLIANCE_MODULE,NOT_MODELED_PHASE1,NOT_MODELED_PHASE1,NOT_MODELED_PHASE1,FINANCING_CHANNEL_SEPARATE,FINANCING_CHANNEL_SEPARATE,MODEL_CONTINGENT_STRESS_TEST_ONLY
reduced_5_admin_retained,0.05,0.05,retained,retained,0,0.0025,0.75,0,5,0,0,0,0,0,0,EXCLUDED_FROM_COMPLIANCE_MODULE,NOT_MODELED_PHASE1,NOT_MODELED_PHASE1,NOT_MODELED_PHASE1,FINANCING_CHANNEL_SEPARATE,FINANCING_CHANNEL_SEPARATE,MODEL_CONTINGENT_STRESS_TEST_ONLY
reduced_5_admin_retained,0.05,0.05,retained,retained,0,0.0025,0.75,0.00025,1,0,0,0,0,0,0,EXCLUDED_FROM_COMPLIANCE_MODULE,NOT_MODELED_PHASE1,NOT_MODELED_PHASE1,NOT_MODELED_PHASE1,FINANCING_CHANNEL_SEPARATE,FINANCING_CHANNEL_SEPARATE,MODEL_CONTINGENT_STRESS_TEST_ONLY
reduced_5_admin_retained,0.05,0.05,retained,retained,0,0.0025,0.75,0.00025,3,0,0,0,0,0,0,EXCLUDED_FROM_COMPLIANCE_MODULE,NOT_MODELED_PHASE1,NOT_MODELED_PHASE1,NOT_MODELED_PHASE1,FINANCING_CHANNEL_SEPARATE,FINANCING_CHANNEL_SEPARATE,MODEL_CONTINGENT_STRESS_TEST_ONLY
reduced_5_admin_retained,0.05,0.05,retained,retained,0,0.0025,0.75,0.00025,5,0,0,0,0,0,0,EXCLUDED_FROM_COMPLIANCE_MODULE,NOT_MODELED_PHASE1,NOT_MODELED_PHASE1,NOT_MODELED_PHASE1,FINANCING_CHANNEL_SEPARATE,FINANCING_CHANNEL_SEPARATE,MODEL_CONTINGENT_STRESS_TEST_ONLY
reduced_5_admin_retained,0.05,0.05,retained,retained,0,0.0025,0.75,0.0005,1,0,0,0,0,0,0,EXCLUDED_FROM_COMPLIANCE_MODULE,NOT_MODELED_PHASE1,NOT_MODELED_PHASE1,NOT_MODELED_PHASE1,FINANCING_CHANNEL_SEPARATE,FINANCING_CHANNEL_SEPARATE,MODEL_CONTINGENT_STRESS_TEST_ONLY
reduced_5_admin_retained,0.05,0.05,retained,retained,0,0.0025,0.75,0.0005,3,0,0,0,0,0,0,EXCLUDED_FROM_COMPLIANCE_MODULE,NOT_MODELED_PHASE1,NOT_MODELED_PHASE1,NOT_MODELED_PHASE1,FINANCING_CHANNEL_SEPARATE,FINANCING_CHANNEL_SEPARATE,MODEL_CONTINGENT_STRESS_TEST_ONLY
reduced_5_admin_retained,0.05,0.05,retained,retained,0,0.0025,0.75,0.0005,5,0,0,0,0,0,0,EXCLUDED_FROM_COMPLIANCE_MODULE,NOT_MODELED_PHASE1,NOT_MODELED_PHASE1,NOT_MODELED_PHASE1,FINANCING_CHANNEL_SEPARATE,FINANCING_CHANNEL_SEPARATE,MODEL_CONTINGENT_STRESS_TEST_ONLY
reduced_5_admin_retained,0.05,0.05,retained,retained,0,0.0025,0.75,0.001,1,0,0,0,0,0,0,EXCLUDED_FROM_COMPLIANCE_MODULE,NOT_MODELED_PHASE1,NOT_MODELED_PHASE1,NOT_MODELED_PHASE1,FINANCING_CHANNEL_SEPARATE,FINANCING_CHANNEL_SEPARATE,MODEL_CONTINGENT_STRESS_TEST_ONLY
reduced_5_admin_retained,0.05,0.05,retained,retained,0,0.0025,0.75,0.001,3,0,0,0,0,0,0,EXCLUDED_FROM_COMPLIANCE_MODULE,NOT_MODELED_PHASE1,NOT_MODELED_PHASE1,NOT_MODELED_PHASE1,FINANCING_CHANNEL_SEPARATE,FINANCING_CHANNEL_SEPARATE,MODEL_CONTINGENT_STRESS_TEST_ONLY
reduced_5_admin_retained,0.05,0.05,retained,retained,0,0.0025,0.75,0.001,5,0,0,0,0,0,0,EXCLUDED_FROM_COMPLIANCE_MODULE,NOT_MODELED_PHASE1,NOT_MODELED_PHASE1,NOT_MODELED_PHASE1,FINANCING_CHANNEL_SEPARATE,FINANCING_CHANNEL_SEPARATE,MODEL_CONTINGENT_STRESS_TEST_ONLY
reduced_5_admin_retained,0.05,0.05,retained,retained,0,0.0025,1,0,1,0,0,0,0,0,0,EXCLUDED_FROM_COMPLIANCE_MODULE,NOT_MODELED_PHASE1,NOT_MODELED_PHASE1,NOT_MODELED_PHASE1,FINANCING_CHANNEL_SEPARATE,FINANCING_CHANNEL_SEPARATE,MODEL_CONTINGENT_STRESS_TEST_ONLY
reduced_5_admin_retained,0.05,0.05,retained,retained,0,0.0025,1,0,3,0,0,0,0,0,0,EXCLUDED_FROM_COMPLIANCE_MODULE,NOT_MODELED_PHASE1,NOT_MODELED_PHASE1,NOT_MODELED_PHASE1,FINANCING_CHANNEL_SEPARATE,FINANCING_CHANNEL_SEPARATE,MODEL_CONTINGENT_STRESS_TEST_ONLY
reduced_5_admin_retained,0.05,0.05,retained,retained,0,0.0025,1,0,5,0,0,0,0,0,0,EXCLUDED_FROM_COMPLIANCE_MODULE,NOT_MODELED_PHASE1,NOT_MODELED_PHASE1,NOT_MODELED_PHASE1,FINANCING_CHANNEL_SEPARATE,FINANCING_CHANNEL_SEPARATE,MODEL_CONTINGENT_STRESS_TEST_ONLY
reduced_5_admin_retained,0.05,0.05,retained,retained,0,0.0025,1,0.00025,1,0,0,0,0,0,0,EXCLUDED_FROM_COMPLIANCE_MODULE,NOT_MODELED_PHASE1,NOT_MODELED_PHASE1,NOT_MODELED_PHASE1,FINANCING_CHANNEL_SEPARATE,FINANCING_CHANNEL_SEPARATE,MODEL_CONTINGENT_STRESS_TEST_ONLY
reduced_5_admin_retained,0.05,0.05,retained,retained,0,0.0025,1,0.00025,3,0,0,0,0,0,0,EXCLUDED_FROM_COMPLIANCE_MODULE,NOT_MODELED_PHASE1,NOT_MODELED_PHASE1,NOT_MODELED_PHASE1,FINANCING_CHANNEL_SEPARATE,FINANCING_CHANNEL_SEPARATE,MODEL_CONTINGENT_STRESS_TEST_ONLY
reduced_5_admin_retained,0.05,0.05,retained,retained,0,0.0025,1,0.00025,5,0,0,0,0,0,0,EXCLUDED_FROM_COMPLIANCE_MODULE,NOT_MODELED_PHASE1,NOT_MODELED_PHASE1,NOT_MODELED_PHASE1,FINANCING_CHANNEL_SEPARATE,FINANCING_CHANNEL_SEPARATE,MODEL_CONTINGENT_STRESS_TEST_ONLY
reduced_5_admin_retained,0.05,0.05,retained,retained,0,0.0025,1,0.0005,1,0,0,0,0,0,0,EXCLUDED_FROM_COMPLIANCE_MODULE,NOT_MODELED_PHASE1,NOT_MODELED_PHASE1,NOT_MODELED_PHASE1,FINANCING_CHANNEL_SEPARATE,FINANCING_CHANNEL_SEPARATE,MODEL_CONTINGENT_STRESS_TEST_ONLY
reduced_5_admin_retained,0.05,0.05,retained,retained,0,0.0025,1,0.0005,3,0,0,0,0,0,0,EXCLUDED_FROM_COMPLIANCE_MODULE,NOT_MODELED_PHASE1,NOT_MODELED_PHASE1,NOT_MODELED_PHASE1,FINANCING_CHANNEL_SEPARATE,FINANCING_CHANNEL_SEPARATE,MODEL_CONTINGENT_STRESS_TEST_ONLY
reduced_5_admin_retained,0.05,0.05,retained,retained,0,0.0025,1,0.0005,5,0,0,0,0,0,0,EXCLUDED_FROM_COMPLIANCE_MODULE,NOT_MODELED_PHASE1,NOT_MODELED_PHASE1,NOT_MODELED_PHASE1,FINANCING_CHANNEL_SEPARATE,FINANCING_CHANNEL_SEPARATE,MODEL_CONTINGENT_STRESS_TEST_ONLY
reduced_5_admin_retained,0.05,0.05,retained,retained,0,0.0025,1,0.001,1,0,0,0,0,0,0,EXCLUDED_FROM_COMPLIANCE_MODULE,NOT_MODELED_PHASE1,NOT_MODELED_PHASE1,NOT_MODELED_PHASE1,FINANCING_CHANNEL_SEPARATE,FINANCING_CHANNEL_SEPARATE,MODEL_CONTINGENT_STRESS_TEST_ONLY
reduced_5_admin_retained,0.05,0.05,retained,retained,0,0.0025,1,0.001,3,0,0,0,0,0,0,EXCLUDED_FROM_COMPLIANCE_MODULE,NOT_MODELED_PHASE1,NOT_MODELED_PHASE1,NOT_MODELED_PHASE1,FINANCING_CHANNEL_SEPARATE,FINANCING_CHANNEL_SEPARATE,MODEL_CONTINGENT_STRESS_TEST_ONLY
reduced_5_admin_retained,0.05,0.05,retained,retained,0,0.0025,1,0.001,5,0,0,0,0,0,0,EXCLUDED_FROM_COMPLIANCE_MODULE,NOT_MODELED_PHASE1,NOT_MODELED_PHASE1,NOT_MODELED_PHASE1,FINANCING_CHANNEL_SEPARATE,FINANCING_CHANNEL_SEPARATE,MODEL_CONTINGENT_STRESS_TEST_ONLY
reduced_5_admin_retained,0.05,0.05,retained,retained,0,0.005,0,0,1,0,0,0,0,0,0,EXCLUDED_FROM_COMPLIANCE_MODULE,NOT_MODELED_PHASE1,NOT_MODELED_PHASE1,NOT_MODELED_PHASE1,FINANCING_CHANNEL_SEPARATE,FINANCING_CHANNEL_SEPARATE,MODEL_CONTINGENT_STRESS_TEST_ONLY
reduced_5_admin_retained,0.05,0.05,retained,retained,0,0.005,0,0,3,0,0,0,0,0,0,EXCLUDED_FROM_COMPLIANCE_MODULE,NOT_MODELED_PHASE1,NOT_MODELED_PHASE1,NOT_MODELED_PHASE1,FINANCING_CHANNEL_SEPARATE,FINANCING_CHANNEL_SEPARATE,MODEL_CONTINGENT_STRESS_TEST_ONLY
reduced_5_admin_retained,0.05,0.05,retained,retained,0,0.005,0,0,5,0,0,0,0,0,0,EXCLUDED_FROM_COMPLIANCE_MODULE,NOT_MODELED_PHASE1,NOT_MODELED_PHASE1,NOT_MODELED_PHASE1,FINANCING_CHANNEL_SEPARATE,FINANCING_CHANNEL_SEPARATE,MODEL_CONTINGENT_STRESS_TEST_ONLY
reduced_5_admin_retained,0.05,0.05,retained,retained,0,0.005,0,0.00025,1,0,0,0,0,0,0,EXCLUDED_FROM_COMPLIANCE_MODULE,NOT_MODELED_PHASE1,NOT_MODELED_PHASE1,NOT_MODELED_PHASE1,FINANCING_CHANNEL_SEPARATE,FINANCING_CHANNEL_SEPARATE,MODEL_CONTINGENT_STRESS_TEST_ONLY
reduced_5_admin_retained,0.05,0.05,retained,retained,0,0.005,0,0.00025,3,0,0,0,0,0,0,EXCLUDED_FROM_COMPLIANCE_MODULE,NOT_MODELED_PHASE1,NOT_MODELED_PHASE1,NOT_MODELED_PHASE1,FINANCING_CHANNEL_SEPARATE,FINANCING_CHANNEL_SEPARATE,MODEL_CONTINGENT_STRESS_TEST_ONLY
reduced_5_admin_retained,0.05,0.05,retained,retained,0,0.005,0,0.00025,5,0,0,0,0,0,0,EXCLUDED_FROM_COMPLIANCE_MODULE,NOT_MODELED_PHASE1,NOT_MODELED_PHASE1,NOT_MODELED_PHASE1,FINANCING_CHANNEL_SEPARATE,FINANCING_CHANNEL_SEPARATE,MODEL_CONTINGENT_STRESS_TEST_ONLY
reduced_5_admin_retained,0.05,0.05,retained,retained,0,0.005,0,0.0005,1,0,0,0,0,0,0,EXCLUDED_FROM_COMPLIANCE_MODULE,NOT_MODELED_PHASE1,NOT_MODELED_PHASE1,NOT_MODELED_PHASE1,FINANCING_CHANNEL_SEPARATE,FINANCING_CHANNEL_SEPARATE,MODEL_CONTINGENT_STRESS_TEST_ONLY
reduced_5_admin_retained,0.05,0.05,retained,retained,0,0.005,0,0.0005,3,0,0,0,0,0,0,EXCLUDED_FROM_COMPLIANCE_MODULE,NOT_MODELED_PHASE1,NOT_MODELED_PHASE1,NOT_MODELED_PHASE1,FINANCING_CHANNEL_SEPARATE,FINANCING_CHANNEL_SEPARATE,MODEL_CONTINGENT_STRESS_TEST_ONLY
reduced_5_admin_retained,0.05,0.05,retained,retained,0,0.005,0,0.0005,5,0,0,0,0,0,0,EXCLUDED_FROM_COMPLIANCE_MODULE,NOT_MODELED_PHASE1,NOT_MODELED_PHASE1,NOT_MODELED_PHASE1,FINANCING_CHANNEL_SEPARATE,FINANCING_CHANNEL_SEPARATE,MODEL_CONTINGENT_STRESS_TEST_ONLY
reduced_5_admin_retained,0.05,0.05,retained,retained,0,0.005,0,0.001,1,0,0,0,0,0,0,EXCLUDED_FROM_COMPLIANCE_MODULE,NOT_MODELED_PHASE1,NOT_MODELED_PHASE1,NOT_MODELED_PHASE1,FINANCING_CHANNEL_SEPARATE,FINANCING_CHANNEL_SEPARATE,MODEL_CONTINGENT_STRESS_TEST_ONLY
reduced_5_admin_retained,0.05,0.05,retained,retained,0,0.005,0,0.001,3,0,0,0,0,0,0,EXCLUDED_FROM_COMPLIANCE_MODULE,NOT_MODELED_PHASE1,NOT_MODELED_PHASE1,NOT_MODELED_PHASE1,FINANCING_CHANNEL_SEPARATE,FINANCING_CHANNEL_SEPARATE,MODEL_CONTINGENT_STRESS_TEST_ONLY
reduced_5_admin_retained,0.05,0.05,retained,retained,0,0.005,0,0.001,5,0,0,0,0,0,0,EXCLUDED_FROM_COMPLIANCE_MODULE,NOT_MODELED_PHASE1,NOT_MODELED_PHASE1,NOT_MODELED_PHASE1,FINANCING_CHANNEL_SEPARATE,FINANCING_CHANNEL_SEPARATE,MODEL_CONTINGENT_STRESS_TEST_ONLY
reduced_5_admin_retained,0.05,0.05,retained,retained,0,0.005,0.25,0,1,0,0,0,0,0,0,EXCLUDED_FROM_COMPLIANCE_MODULE,NOT_MODELED_PHASE1,NOT_MODELED_PHASE1,NOT_MODELED_PHASE1,FINANCING_CHANNEL_SEPARATE,FINANCING_CHANNEL_SEPARATE,MODEL_CONTINGENT_STRESS_TEST_ONLY
reduced_5_admin_retained,0.05,0.05,retained,retained,0,0.005,0.25,0,3,0,0,0,0,0,0,EXCLUDED_FROM_COMPLIANCE_MODULE,NOT_MODELED_PHASE1,NOT_MODELED_PHASE1,NOT_MODELED_PHASE1,FINANCING_CHANNEL_SEPARATE,FINANCING_CHANNEL_SEPARATE,MODEL_CONTINGENT_STRESS_TEST_ONLY
reduced_5_admin_retained,0.05,0.05,retained,retained,0,0.005,0.25,0,5,0,0,0,0,0,0,EXCLUDED_FROM_COMPLIANCE_MODULE,NOT_MODELED_PHASE1,NOT_MODELED_PHASE1,NOT_MODELED_PHASE1,FINANCING_CHANNEL_SEPARATE,FINANCING_CHANNEL_SEPARATE,MODEL_CONTINGENT_STRESS_TEST_ONLY
reduced_5_admin_retained,0.05,0.05,retained,retained,0,0.005,0.25,0.00025,1,0,0,0,0,0,0,EXCLUDED_FROM_COMPLIANCE_MODULE,NOT_MODELED_PHASE1,NOT_MODELED_PHASE1,NOT_MODELED_PHASE1,FINANCING_CHANNEL_SEPARATE,FINANCING_CHANNEL_SEPARATE,MODEL_CONTINGENT_STRESS_TEST_ONLY
reduced_5_admin_retained,0.05,0.05,retained,retained,0,0.005,0.25,0.00025,3,0,0,0,0,0,0,EXCLUDED_FROM_COMPLIANCE_MODULE,NOT_MODELED_PHASE1,NOT_MODELED_PHASE1,NOT_MODELED_PHASE1,FINANCING_CHANNEL_SEPARATE,FINANCING_CHANNEL_SEPARATE,MODEL_CONTINGENT_STRESS_TEST_ONLY
reduced_5_admin_retained,0.05,0.05,retained,retained,0,0.005,0.25,0.00025,5,0,0,0,0,0,0,EXCLUDED_FROM_COMPLIANCE_MODULE,NOT_MODELED_PHASE1,NOT_MODELED_PHASE1,NOT_MODELED_PHASE1,FINANCING_CHANNEL_SEPARATE,FINANCING_CHANNEL_SEPARATE,MODEL_CONTINGENT_STRESS_TEST_ONLY
reduced_5_admin_retained,0.05,0.05,retained,retained,0,0.005,0.25,0.0005,1,0,0,0,0,0,0,EXCLUDED_FROM_COMPLIANCE_MODULE,NOT_MODELED_PHASE1,NOT_MODELED_PHASE1,NOT_MODELED_PHASE1,FINANCING_CHANNEL_SEPARATE,FINANCING_CHANNEL_SEPARATE,MODEL_CONTINGENT_STRESS_TEST_ONLY
reduced_5_admin_retained,0.05,0.05,retained,retained,0,0.005,0.25,0.0005,3,0,0,0,0,0,0,EXCLUDED_FROM_COMPLIANCE_MODULE,NOT_MODELED_PHASE1,NOT_MODELED_PHASE1,NOT_MODELED_PHASE1,FINANCING_CHANNEL_SEPARATE,FINANCING_CHANNEL_SEPARATE,MODEL_CONTINGENT_STRESS_TEST_ONLY
reduced_5_admin_retained,0.05,0.05,retained,retained,0,0.005,0.25,0.0005,5,0,0,0,0,0,0,EXCLUDED_FROM_COMPLIANCE_MODULE,NOT_MODELED_PHASE1,NOT_MODELED_PHASE1,NOT_MODELED_PHASE1,FINANCING_CHANNEL_SEPARATE,FINANCING_CHANNEL_SEPARATE,MODEL_CONTINGENT_STRESS_TEST_ONLY
reduced_5_admin_retained,0.05,0.05,retained,retained,0,0.005,0.25,0.001,1,0,0,0,0,0,0,EXCLUDED_FROM_COMPLIANCE_MODULE,NOT_MODELED_PHASE1,NOT_MODELED_PHASE1,NOT_MODELED_PHASE1,FINANCING_CHANNEL_SEPARATE,FINANCING_CHANNEL_SEPARATE,MODEL_CONTINGENT_STRESS_TEST_ONLY
reduced_5_admin_retained,0.05,0.05,retained,retained,0,0.005,0.25,0.001,3,0,0,0,0,0,0,EXCLUDED_FROM_COMPLIANCE_MODULE,NOT_MODELED_PHASE1,NOT_MODELED_PHASE1,NOT_MODELED_PHASE1,FINANCING_CHANNEL_SEPARATE,FINANCING_CHANNEL_SEPARATE,MODEL_CONTINGENT_STRESS_TEST_ONLY
reduced_5_admin_retained,0.05,0.05,retained,retained,0,0.005,0.25,0.001,5,0,0,0,0,0,0,EXCLUDED_FROM_COMPLIANCE_MODULE,NOT_MODELED_PHASE1,NOT_MODELED_PHASE1,NOT_MODELED_PHASE1,FINANCING_CHANNEL_SEPARATE,FINANCING_CHANNEL_SEPARATE,MODEL_CONTINGENT_STRESS_TEST_ONLY
reduced_5_admin_retained,0.05,0.05,retained,retained,0,0.005,0.5,0,1,0,0,0,0,0,0,EXCLUDED_FROM_COMPLIANCE_MODULE,NOT_MODELED_PHASE1,NOT_MODELED_PHASE1,NOT_MODELED_PHASE1,FINANCING_CHANNEL_SEPARATE,FINANCING_CHANNEL_SEPARATE,MODEL_CONTINGENT_STRESS_TEST_ONLY
reduced_5_admin_retained,0.05,0.05,retained,retained,0,0.005,0.5,0,3,0,0,0,0,0,0,EXCLUDED_FROM_COMPLIANCE_MODULE,NOT_MODELED_PHASE1,NOT_MODELED_PHASE1,NOT_MODELED_PHASE1,FINANCING_CHANNEL_SEPARATE,FINANCING_CHANNEL_SEPARATE,MODEL_CONTINGENT_STRESS_TEST_ONLY
reduced_5_admin_retained,0.05,0.05,retained,retained,0,0.005,0.5,0,5,0,0,0,0,0,0,EXCLUDED_FROM_COMPLIANCE_MODULE,NOT_MODELED_PHASE1,NOT_MODELED_PHASE1,NOT_MODELED_PHASE1,FINANCING_CHANNEL_SEPARATE,FINANCING_CHANNEL_SEPARATE,MODEL_CONTINGENT_STRESS_TEST_ONLY
reduced_5_admin_retained,0.05,0.05,retained,retained,0,0.005,0.5,0.00025,1,0,0,0,0,0,0,EXCLUDED_FROM_COMPLIANCE_MODULE,NOT_MODELED_PHASE1,NOT_MODELED_PHASE1,NOT_MODELED_PHASE1,FINANCING_CHANNEL_SEPARATE,FINANCING_CHANNEL_SEPARATE,MODEL_CONTINGENT_STRESS_TEST_ONLY
reduced_5_admin_retained,0.05,0.05,retained,retained,0,0.005,0.5,0.00025,3,0,0,0,0,0,0,EXCLUDED_FROM_COMPLIANCE_MODULE,NOT_MODELED_PHASE1,NOT_MODELED_PHASE1,NOT_MODELED_PHASE1,FINANCING_CHANNEL_SEPARATE,FINANCING_CHANNEL_SEPARATE,MODEL_CONTINGENT_STRESS_TEST_ONLY
reduced_5_admin_retained,0.05,0.05,retained,retained,0,0.005,0.5,0.00025,5,0,0,0,0,0,0,EXCLUDED_FROM_COMPLIANCE_MODULE,NOT_MODELED_PHASE1,NOT_MODELED_PHASE1,NOT_MODELED_PHASE1,FINANCING_CHANNEL_SEPARATE,FINANCING_CHANNEL_SEPARATE,MODEL_CONTINGENT_STRESS_TEST_ONLY
reduced_5_admin_retained,0.05,0.05,retained,retained,0,0.005,0.5,0.0005,1,0,0,0,0,0,0,EXCLUDED_FROM_COMPLIANCE_MODULE,NOT_MODELED_PHASE1,NOT_MODELED_PHASE1,NOT_MODELED_PHASE1,FINANCING_CHANNEL_SEPARATE,FINANCING_CHANNEL_SEPARATE,MODEL_CONTINGENT_STRESS_TEST_ONLY
reduced_5_admin_retained,0.05,0.05,retained,retained,0,0.005,0.5,0.0005,3,0,0,0,0,0,0,EXCLUDED_FROM_COMPLIANCE_MODULE,NOT_MODELED_PHASE1,NOT_MODELED_PHASE1,NOT_MODELED_PHASE1,FINANCING_CHANNEL_SEPARATE,FINANCING_CHANNEL_SEPARATE,MODEL_CONTINGENT_STRESS_TEST_ONLY
reduced_5_admin_retained,0.05,0.05,retained,retained,0,0.005,0.5,0.0005,5,0,0,0,0,0,0,EXCLUDED_FROM_COMPLIANCE_MODULE,NOT_MODELED_PHASE1,NOT_MODELED_PHASE1,NOT_MODELED_PHASE1,FINANCING_CHANNEL_SEPARATE,FINANCING_CHANNEL_SEPARATE,MODEL_CONTINGENT_STRESS_TEST_ONLY
reduced_5_admin_retained,0.05,0.05,retained,retained,0,0.005,0.5,0.001,1,0,0,0,0,0,0,EXCLUDED_FROM_COMPLIANCE_MODULE,NOT_MODELED_PHASE1,NOT_MODELED_PHASE1,NOT_MODELED_PHASE1,FINANCING_CHANNEL_SEPARATE,FINANCING_CHANNEL_SEPARATE,MODEL_CONTINGENT_STRESS_TEST_ONLY
reduced_5_admin_retained,0.05,0.05,retained,retained,0,0.005,0.5,0.001,3,0,0,0,0,0,0,EXCLUDED_FROM_COMPLIANCE_MODULE,NOT_MODELED_PHASE1,NOT_MODELED_PHASE1,NOT_MODELED_PHASE1,FINANCING_CHANNEL_SEPARATE,FINANCING_CHANNEL_SEPARATE,MODEL_CONTINGENT_STRESS_TEST_ONLY
reduced_5_admin_retained,0.05,0.05,retained,retained,0,0.005,0.5,0.001,5,0,0,0,0,0,0,EXCLUDED_FROM_COMPLIANCE_MODULE,NOT_MODELED_PHASE1,NOT_MODELED_PHASE1,NOT_MODELED_PHASE1,FINANCING_CHANNEL_SEPARATE,FINANCING_CHANNEL_SEPARATE,MODEL_CONTINGENT_STRESS_TEST_ONLY
reduced_5_admin_retained,0.05,0.05,retained,retained,0,0.005,0.75,0,1,0,0,0,0,0,0,EXCLUDED_FROM_COMPLIANCE_MODULE,NOT_MODELED_PHASE1,NOT_MODELED_PHASE1,NOT_MODELED_PHASE1,FINANCING_CHANNEL_SEPARATE,FINANCING_CHANNEL_SEPARATE,MODEL_CONTINGENT_STRESS_TEST_ONLY
reduced_5_admin_retained,0.05,0.05,retained,retained,0,0.005,0.75,0,3,0,0,0,0,0,0,EXCLUDED_FROM_COMPLIANCE_MODULE,NOT_MODELED_PHASE1,NOT_MODELED_PHASE1,NOT_MODELED_PHASE1,FINANCING_CHANNEL_SEPARATE,FINANCING_CHANNEL_SEPARATE,MODEL_CONTINGENT_STRESS_TEST_ONLY
reduced_5_admin_retained,0.05,0.05,retained,retained,0,0.005,0.75,0,5,0,0,0,0,0,0,EXCLUDED_FROM_COMPLIANCE_MODULE,NOT_MODELED_PHASE1,NOT_MODELED_PHASE1,NOT_MODELED_PHASE1,FINANCING_CHANNEL_SEPARATE,FINANCING_CHANNEL_SEPARATE,MODEL_CONTINGENT_STRESS_TEST_ONLY
reduced_5_admin_retained,0.05,0.05,retained,retained,0,0.005,0.75,0.00025,1,0,0,0,0,0,0,EXCLUDED_FROM_COMPLIANCE_MODULE,NOT_MODELED_PHASE1,NOT_MODELED_PHASE1,NOT_MODELED_PHASE1,FINANCING_CHANNEL_SEPARATE,FINANCING_CHANNEL_SEPARATE,MODEL_CONTINGENT_STRESS_TEST_ONLY
reduced_5_admin_retained,0.05,0.05,retained,retained,0,0.005,0.75,0.00025,3,0,0,0,0,0,0,EXCLUDED_FROM_COMPLIANCE_MODULE,NOT_MODELED_PHASE1,NOT_MODELED_PHASE1,NOT_MODELED_PHASE1,FINANCING_CHANNEL_SEPARATE,FINANCING_CHANNEL_SEPARATE,MODEL_CONTINGENT_STRESS_TEST_ONLY
reduced_5_admin_retained,0.05,0.05,retained,retained,0,0.005,0.75,0.00025,5,0,0,0,0,0,0,EXCLUDED_FROM_COMPLIANCE_MODULE,NOT_MODELED_PHASE1,NOT_MODELED_PHASE1,NOT_MODELED_PHASE1,FINANCING_CHANNEL_SEPARATE,FINANCING_CHANNEL_SEPARATE,MODEL_CONTINGENT_STRESS_TEST_ONLY
reduced_5_admin_retained,0.05,0.05,retained,retained,0,0.005,0.75,0.0005,1,0,0,0,0,0,0,EXCLUDED_FROM_COMPLIANCE_MODULE,NOT_MODELED_PHASE1,NOT_MODELED_PHASE1,NOT_MODELED_PHASE1,FINANCING_CHANNEL_SEPARATE,FINANCING_CHANNEL_SEPARATE,MODEL_CONTINGENT_STRESS_TEST_ONLY
reduced_5_admin_retained,0.05,0.05,retained,retained,0,0.005,0.75,0.0005,3,0,0,0,0,0,0,EXCLUDED_FROM_COMPLIANCE_MODULE,NOT_MODELED_PHASE1,NOT_MODELED_PHASE1,NOT_MODELED_PHASE1,FINANCING_CHANNEL_SEPARATE,FINANCING_CHANNEL_SEPARATE,MODEL_CONTINGENT_STRESS_TEST_ONLY
reduced_5_admin_retained,0.05,0.05,retained,retained,0,0.005,0.75,0.0005,5,0,0,0,0,0,0,EXCLUDED_FROM_COMPLIANCE_MODULE,NOT_MODELED_PHASE1,NOT_MODELED_PHASE1,NOT_MODELED_PHASE1,FINANCING_CHANNEL_SEPARATE,FINANCING_CHANNEL_SEPARATE,MODEL_CONTINGENT_STRESS_TEST_ONLY
reduced_5_admin_retained,0.05,0.05,retained,retained,0,0.005,0.75,0.001,1,0,0,0,0,0,0,EXCLUDED_FROM_COMPLIANCE_MODULE,NOT_MODELED_PHASE1,NOT_MODELED_PHASE1,NOT_MODELED_PHASE1,FINANCING_CHANNEL_SEPARATE,FINANCING_CHANNEL_SEPARATE,MODEL_CONTINGENT_STRESS_TEST_ONLY
reduced_5_admin_retained,0.05,0.05,retained,retained,0,0.005,0.75,0.001,3,0,0,0,0,0,0,EXCLUDED_FROM_COMPLIANCE_MODULE,NOT_MODELED_PHASE1,NOT_MODELED_PHASE1,NOT_MODELED_PHASE1,FINANCING_CHANNEL_SEPARATE,FINANCING_CHANNEL_SEPARATE,MODEL_CONTINGENT_STRESS_TEST_ONLY
reduced_5_admin_retained,0.05,0.05,retained,retained,0,0.005,0.75,0.001,5,0,0,0,0,0,0,EXCLUDED_FROM_COMPLIANCE_MODULE,NOT_MODELED_PHASE1,NOT_MODELED_PHASE1,NOT_MODELED_PHASE1,FINANCING_CHANNEL_SEPARATE,FINANCING_CHANNEL_SEPARATE,MODEL_CONTINGENT_STRESS_TEST_ONLY
reduced_5_admin_retained,0.05,0.05,retained,retained,0,0.005,1,0,1,0,0,0,0,0,0,EXCLUDED_FROM_COMPLIANCE_MODULE,NOT_MODELED_PHASE1,NOT_MODELED_PHASE1,NOT_MODELED_PHASE1,FINANCING_CHANNEL_SEPARATE,FINANCING_CHANNEL_SEPARATE,MODEL_CONTINGENT_STRESS_TEST_ONLY
reduced_5_admin_retained,0.05,0.05,retained,retained,0,0.005,1,0,3,0,0,0,0,0,0,EXCLUDED_FROM_COMPLIANCE_MODULE,NOT_MODELED_PHASE1,NOT_MODELED_PHASE1,NOT_MODELED_PHASE1,FINANCING_CHANNEL_SEPARATE,FINANCING_CHANNEL_SEPARATE,MODEL_CONTINGENT_STRESS_TEST_ONLY
reduced_5_admin_retained,0.05,0.05,retained,retained,0,0.005,1,0,5,0,0,0,0,0,0,EXCLUDED_FROM_COMPLIANCE_MODULE,NOT_MODELED_PHASE1,NOT_MODELED_PHASE1,NOT_MODELED_PHASE1,FINANCING_CHANNEL_SEPARATE,FINANCING_CHANNEL_SEPARATE,MODEL_CONTINGENT_STRESS_TEST_ONLY
reduced_5_admin_retained,0.05,0.05,retained,retained,0,0.005,1,0.00025,1,0,0,0,0,0,0,EXCLUDED_FROM_COMPLIANCE_MODULE,NOT_MODELED_PHASE1,NOT_MODELED_PHASE1,NOT_MODELED_PHASE1,FINANCING_CHANNEL_SEPARATE,FINANCING_CHANNEL_SEPARATE,MODEL_CONTINGENT_STRESS_TEST_ONLY
reduced_5_admin_retained,0.05,0.05,retained,retained,0,0.005,1,0.00025,3,0,0,0,0,0,0,EXCLUDED_FROM_COMPLIANCE_MODULE,NOT_MODELED_PHASE1,NOT_MODELED_PHASE1,NOT_MODELED_PHASE1,FINANCING_CHANNEL_SEPARATE,FINANCING_CHANNEL_SEPARATE,MODEL_CONTINGENT_STRESS_TEST_ONLY
reduced_5_admin_retained,0.05,0.05,retained,retained,0,0.005,1,0.00025,5,0,0,0,0,0,0,EXCLUDED_FROM_COMPLIANCE_MODULE,NOT_MODELED_PHASE1,NOT_MODELED_PHASE1,NOT_MODELED_PHASE1,FINANCING_CHANNEL_SEPARATE,FINANCING_CHANNEL_SEPARATE,MODEL_CONTINGENT_STRESS_TEST_ONLY
reduced_5_admin_retained,0.05,0.05,retained,retained,0,0.005,1,0.0005,1,0,0,0,0,0,0,EXCLUDED_FROM_COMPLIANCE_MODULE,NOT_MODELED_PHASE1,NOT_MODELED_PHASE1,NOT_MODELED_PHASE1,FINANCING_CHANNEL_SEPARATE,FINANCING_CHANNEL_SEPARATE,MODEL_CONTINGENT_STRESS_TEST_ONLY
reduced_5_admin_retained,0.05,0.05,retained,retained,0,0.005,1,0.0005,3,0,0,0,0,0,0,EXCLUDED_FROM_COMPLIANCE_MODULE,NOT_MODELED_PHASE1,NOT_MODELED_PHASE1,NOT_MODELED_PHASE1,FINANCING_CHANNEL_SEPARATE,FINANCING_CHANNEL_SEPARATE,MODEL_CONTINGENT_STRESS_TEST_ONLY
reduced_5_admin_retained,0.05,0.05,retained,retained,0,0.005,1,0.0005,5,0,0,0,0,0,0,EXCLUDED_FROM_COMPLIANCE_MODULE,NOT_MODELED_PHASE1,NOT_MODELED_PHASE1,NOT_MODELED_PHASE1,FINANCING_CHANNEL_SEPARATE,FINANCING_CHANNEL_SEPARATE,MODEL_CONTINGENT_STRESS_TEST_ONLY
reduced_5_admin_retained,0.05,0.05,retained,retained,0,0.005,1,0.001,1,0,0,0,0,0,0,EXCLUDED_FROM_COMPLIANCE_MODULE,NOT_MODELED_PHASE1,NOT_MODELED_PHASE1,NOT_MODELED_PHASE1,FINANCING_CHANNEL_SEPARATE,FINANCING_CHANNEL_SEPARATE,MODEL_CONTINGENT_STRESS_TEST_ONLY
reduced_5_admin_retained,0.05,0.05,retained,retained,0,0.005,1,0.001,3,0,0,0,0,0,0,EXCLUDED_FROM_COMPLIANCE_MODULE,NOT_MODELED_PHASE1,NOT_MODELED_PHASE1,NOT_MODELED_PHASE1,FINANCING_CHANNEL_SEPARATE,FINANCING_CHANNEL_SEPARATE,MODEL_CONTINGENT_STRESS_TEST_ONLY
reduced_5_admin_retained,0.05,0.05,retained,retained,0,0.005,1,0.001,5,0,0,0,0,0,0,EXCLUDED_FROM_COMPLIANCE_MODULE,NOT_MODELED_PHASE1,NOT_MODELED_PHASE1,NOT_MODELED_PHASE1,FINANCING_CHANNEL_SEPARATE,FINANCING_CHANNEL_SEPARATE,MODEL_CONTINGENT_STRESS_TEST_ONLY
zero_rate_admin_retained,0,0,retained,retained,0,0,0,0,1,0,0,0,0,0,0,EXCLUDED_FROM_COMPLIANCE_MODULE,NOT_MODELED_PHASE1,NOT_MODELED_PHASE1,NOT_MODELED_PHASE1,FINANCING_CHANNEL_SEPARATE,FINANCING_CHANNEL_SEPARATE,MODEL_CONTINGENT_STRESS_TEST_ONLY
zero_rate_admin_retained,0,0,retained,retained,0,0,0,0,3,0,0,0,0,0,0,EXCLUDED_FROM_COMPLIANCE_MODULE,NOT_MODELED_PHASE1,NOT_MODELED_PHASE1,NOT_MODELED_PHASE1,FINANCING_CHANNEL_SEPARATE,FINANCING_CHANNEL_SEPARATE,MODEL_CONTINGENT_STRESS_TEST_ONLY
zero_rate_admin_retained,0,0,retained,retained,0,0,0,0,5,0,0,0,0,0,0,EXCLUDED_FROM_COMPLIANCE_MODULE,NOT_MODELED_PHASE1,NOT_MODELED_PHASE1,NOT_MODELED_PHASE1,FINANCING_CHANNEL_SEPARATE,FINANCING_CHANNEL_SEPARATE,MODEL_CONTINGENT_STRESS_TEST_ONLY
zero_rate_admin_retained,0,0,retained,retained,0,0,0,0.00025,1,0,0,0,0,0,0,EXCLUDED_FROM_COMPLIANCE_MODULE,NOT_MODELED_PHASE1,NOT_MODELED_PHASE1,NOT_MODELED_PHASE1,FINANCING_CHANNEL_SEPARATE,FINANCING_CHANNEL_SEPARATE,MODEL_CONTINGENT_STRESS_TEST_ONLY
zero_rate_admin_retained,0,0,retained,retained,0,0,0,0.00025,3,0,0,0,0,0,0,EXCLUDED_FROM_COMPLIANCE_MODULE,NOT_MODELED_PHASE1,NOT_MODELED_PHASE1,NOT_MODELED_PHASE1,FINANCING_CHANNEL_SEPARATE,FINANCING_CHANNEL_SEPARATE,MODEL_CONTINGENT_STRESS_TEST_ONLY
zero_rate_admin_retained,0,0,retained,retained,0,0,0,0.00025,5,0,0,0,0,0,0,EXCLUDED_FROM_COMPLIANCE_MODULE,NOT_MODELED_PHASE1,NOT_MODELED_PHASE1,NOT_MODELED_PHASE1,FINANCING_CHANNEL_SEPARATE,FINANCING_CHANNEL_SEPARATE,MODEL_CONTINGENT_STRESS_TEST_ONLY
zero_rate_admin_retained,0,0,retained,retained,0,0,0,0.0005,1,0,0,0,0,0,0,EXCLUDED_FROM_COMPLIANCE_MODULE,NOT_MODELED_PHASE1,NOT_MODELED_PHASE1,NOT_MODELED_PHASE1,FINANCING_CHANNEL_SEPARATE,FINANCING_CHANNEL_SEPARATE,MODEL_CONTINGENT_STRESS_TEST_ONLY
zero_rate_admin_retained,0,0,retained,retained,0,0,0,0.0005,3,0,0,0,0,0,0,EXCLUDED_FROM_COMPLIANCE_MODULE,NOT_MODELED_PHASE1,NOT_MODELED_PHASE1,NOT_MODELED_PHASE1,FINANCING_CHANNEL_SEPARATE,FINANCING_CHANNEL_SEPARATE,MODEL_CONTINGENT_STRESS_TEST_ONLY
zero_rate_admin_retained,0,0,retained,retained,0,0,0,0.0005,5,0,0,0,0,0,0,EXCLUDED_FROM_COMPLIANCE_MODULE,NOT_MODELED_PHASE1,NOT_MODELED_PHASE1,NOT_MODELED_PHASE1,FINANCING_CHANNEL_SEPARATE,FINANCING_CHANNEL_SEPARATE,MODEL_CONTINGENT_STRESS_TEST_ONLY
zero_rate_admin_retained,0,0,retained,retained,0,0,0,0.001,1,0,0,0,0,0,0,EXCLUDED_FROM_COMPLIANCE_MODULE,NOT_MODELED_PHASE1,NOT_MODELED_PHASE1,NOT_MODELED_PHASE1,FINANCING_CHANNEL_SEPARATE,FINANCING_CHANNEL_SEPARATE,MODEL_CONTINGENT_STRESS_TEST_ONLY
zero_rate_admin_retained,0,0,retained,retained,0,0,0,0.001,3,0,0,0,0,0,0,EXCLUDED_FROM_COMPLIANCE_MODULE,NOT_MODELED_PHASE1,NOT_MODELED_PHASE1,NOT_MODELED_PHASE1,FINANCING_CHANNEL_SEPARATE,FINANCING_CHANNEL_SEPARATE,MODEL_CONTINGENT_STRESS_TEST_ONLY
zero_rate_admin_retained,0,0,retained,retained,0,0,0,0.001,5,0,0,0,0,0,0,EXCLUDED_FROM_COMPLIANCE_MODULE,NOT_MODELED_PHASE1,NOT_MODELED_PHASE1,NOT_MODELED_PHASE1,FINANCING_CHANNEL_SEPARATE,FINANCING_CHANNEL_SEPARATE,MODEL_CONTINGENT_STRESS_TEST_ONLY
zero_rate_admin_retained,0,0,retained,retained,0,0,0.25,0,1,0,0,0,0,0,0,EXCLUDED_FROM_COMPLIANCE_MODULE,NOT_MODELED_PHASE1,NOT_MODELED_PHASE1,NOT_MODELED_PHASE1,FINANCING_CHANNEL_SEPARATE,FINANCING_CHANNEL_SEPARATE,MODEL_CONTINGENT_STRESS_TEST_ONLY
zero_rate_admin_retained,0,0,retained,retained,0,0,0.25,0,3,0,0,0,0,0,0,EXCLUDED_FROM_COMPLIANCE_MODULE,NOT_MODELED_PHASE1,NOT_MODELED_PHASE1,NOT_MODELED_PHASE1,FINANCING_CHANNEL_SEPARATE,FINANCING_CHANNEL_SEPARATE,MODEL_CONTINGENT_STRESS_TEST_ONLY
zero_rate_admin_retained,0,0,retained,retained,0,0,0.25,0,5,0,0,0,0,0,0,EXCLUDED_FROM_COMPLIANCE_MODULE,NOT_MODELED_PHASE1,NOT_MODELED_PHASE1,NOT_MODELED_PHASE1,FINANCING_CHANNEL_SEPARATE,FINANCING_CHANNEL_SEPARATE,MODEL_CONTINGENT_STRESS_TEST_ONLY
zero_rate_admin_retained,0,0,retained,retained,0,0,0.25,0.00025,1,0,0,0,0,0,0,EXCLUDED_FROM_COMPLIANCE_MODULE,NOT_MODELED_PHASE1,NOT_MODELED_PHASE1,NOT_MODELED_PHASE1,FINANCING_CHANNEL_SEPARATE,FINANCING_CHANNEL_SEPARATE,MODEL_CONTINGENT_STRESS_TEST_ONLY
zero_rate_admin_retained,0,0,retained,retained,0,0,0.25,0.00025,3,0,0,0,0,0,0,EXCLUDED_FROM_COMPLIANCE_MODULE,NOT_MODELED_PHASE1,NOT_MODELED_PHASE1,NOT_MODELED_PHASE1,FINANCING_CHANNEL_SEPARATE,FINANCING_CHANNEL_SEPARATE,MODEL_CONTINGENT_STRESS_TEST_ONLY
zero_rate_admin_retained,0,0,retained,retained,0,0,0.25,0.00025,5,0,0,0,0,0,0,EXCLUDED_FROM_COMPLIANCE_MODULE,NOT_MODELED_PHASE1,NOT_MODELED_PHASE1,NOT_MODELED_PHASE1,FINANCING_CHANNEL_SEPARATE,FINANCING_CHANNEL_SEPARATE,MODEL_CONTINGENT_STRESS_TEST_ONLY
zero_rate_admin_retained,0,0,retained,retained,0,0,0.25,0.0005,1,0,0,0,0,0,0,EXCLUDED_FROM_COMPLIANCE_MODULE,NOT_MODELED_PHASE1,NOT_MODELED_PHASE1,NOT_MODELED_PHASE1,FINANCING_CHANNEL_SEPARATE,FINANCING_CHANNEL_SEPARATE,MODEL_CONTINGENT_STRESS_TEST_ONLY
zero_rate_admin_retained,0,0,retained,retained,0,0,0.25,0.0005,3,0,0,0,0,0,0,EXCLUDED_FROM_COMPLIANCE_MODULE,NOT_MODELED_PHASE1,NOT_MODELED_PHASE1,NOT_MODELED_PHASE1,FINANCING_CHANNEL_SEPARATE,FINANCING_CHANNEL_SEPARATE,MODEL_CONTINGENT_STRESS_TEST_ONLY
zero_rate_admin_retained,0,0,retained,retained,0,0,0.25,0.0005,5,0,0,0,0,0,0,EXCLUDED_FROM_COMPLIANCE_MODULE,NOT_MODELED_PHASE1,NOT_MODELED_PHASE1,NOT_MODELED_PHASE1,FINANCING_CHANNEL_SEPARATE,FINANCING_CHANNEL_SEPARATE,MODEL_CONTINGENT_STRESS_TEST_ONLY
zero_rate_admin_retained,0,0,retained,retained,0,0,0.25,0.001,1,0,0,0,0,0,0,EXCLUDED_FROM_COMPLIANCE_MODULE,NOT_MODELED_PHASE1,NOT_MODELED_PHASE1,NOT_MODELED_PHASE1,FINANCING_CHANNEL_SEPARATE,FINANCING_CHANNEL_SEPARATE,MODEL_CONTINGENT_STRESS_TEST_ONLY
zero_rate_admin_retained,0,0,retained,retained,0,0,0.25,0.001,3,0,0,0,0,0,0,EXCLUDED_FROM_COMPLIANCE_MODULE,NOT_MODELED_PHASE1,NOT_MODELED_PHASE1,NOT_MODELED_PHASE1,FINANCING_CHANNEL_SEPARATE,FINANCING_CHANNEL_SEPARATE,MODEL_CONTINGENT_STRESS_TEST_ONLY
zero_rate_admin_retained,0,0,retained,retained,0,0,0.25,0.001,5,0,0,0,0,0,0,EXCLUDED_FROM_COMPLIANCE_MODULE,NOT_MODELED_PHASE1,NOT_MODELED_PHASE1,NOT_MODELED_PHASE1,FINANCING_CHANNEL_SEPARATE,FINANCING_CHANNEL_SEPARATE,MODEL_CONTINGENT_STRESS_TEST_ONLY
zero_rate_admin_retained,0,0,retained,retained,0,0,0.5,0,1,0,0,0,0,0,0,EXCLUDED_FROM_COMPLIANCE_MODULE,NOT_MODELED_PHASE1,NOT_MODELED_PHASE1,NOT_MODELED_PHASE1,FINANCING_CHANNEL_SEPARATE,FINANCING_CHANNEL_SEPARATE,MODEL_CONTINGENT_STRESS_TEST_ONLY
zero_rate_admin_retained,0,0,retained,retained,0,0,0.5,0,3,0,0,0,0,0,0,EXCLUDED_FROM_COMPLIANCE_MODULE,NOT_MODELED_PHASE1,NOT_MODELED_PHASE1,NOT_MODELED_PHASE1,FINANCING_CHANNEL_SEPARATE,FINANCING_CHANNEL_SEPARATE,MODEL_CONTINGENT_STRESS_TEST_ONLY
zero_rate_admin_retained,0,0,retained,retained,0,0,0.5,0,5,0,0,0,0,0,0,EXCLUDED_FROM_COMPLIANCE_MODULE,NOT_MODELED_PHASE1,NOT_MODELED_PHASE1,NOT_MODELED_PHASE1,FINANCING_CHANNEL_SEPARATE,FINANCING_CHANNEL_SEPARATE,MODEL_CONTINGENT_STRESS_TEST_ONLY
zero_rate_admin_retained,0,0,retained,retained,0,0,0.5,0.00025,1,0,0,0,0,0,0,EXCLUDED_FROM_COMPLIANCE_MODULE,NOT_MODELED_PHASE1,NOT_MODELED_PHASE1,NOT_MODELED_PHASE1,FINANCING_CHANNEL_SEPARATE,FINANCING_CHANNEL_SEPARATE,MODEL_CONTINGENT_STRESS_TEST_ONLY
zero_rate_admin_retained,0,0,retained,retained,0,0,0.5,0.00025,3,0,0,0,0,0,0,EXCLUDED_FROM_COMPLIANCE_MODULE,NOT_MODELED_PHASE1,NOT_MODELED_PHASE1,NOT_MODELED_PHASE1,FINANCING_CHANNEL_SEPARATE,FINANCING_CHANNEL_SEPARATE,MODEL_CONTINGENT_STRESS_TEST_ONLY
zero_rate_admin_retained,0,0,retained,retained,0,0,0.5,0.00025,5,0,0,0,0,0,0,EXCLUDED_FROM_COMPLIANCE_MODULE,NOT_MODELED_PHASE1,NOT_MODELED_PHASE1,NOT_MODELED_PHASE1,FINANCING_CHANNEL_SEPARATE,FINANCING_CHANNEL_SEPARATE,MODEL_CONTINGENT_STRESS_TEST_ONLY
zero_rate_admin_retained,0,0,retained,retained,0,0,0.5,0.0005,1,0,0,0,0,0,0,EXCLUDED_FROM_COMPLIANCE_MODULE,NOT_MODELED_PHASE1,NOT_MODELED_PHASE1,NOT_MODELED_PHASE1,FINANCING_CHANNEL_SEPARATE,FINANCING_CHANNEL_SEPARATE,MODEL_CONTINGENT_STRESS_TEST_ONLY
zero_rate_admin_retained,0,0,retained,retained,0,0,0.5,0.0005,3,0,0,0,0,0,0,EXCLUDED_FROM_COMPLIANCE_MODULE,NOT_MODELED_PHASE1,NOT_MODELED_PHASE1,NOT_MODELED_PHASE1,FINANCING_CHANNEL_SEPARATE,FINANCING_CHANNEL_SEPARATE,MODEL_CONTINGENT_STRESS_TEST_ONLY
zero_rate_admin_retained,0,0,retained,retained,0,0,0.5,0.0005,5,0,0,0,0,0,0,EXCLUDED_FROM_COMPLIANCE_MODULE,NOT_MODELED_PHASE1,NOT_MODELED_PHASE1,NOT_MODELED_PHASE1,FINANCING_CHANNEL_SEPARATE,FINANCING_CHANNEL_SEPARATE,MODEL_CONTINGENT_STRESS_TEST_ONLY
zero_rate_admin_retained,0,0,retained,retained,0,0,0.5,0.001,1,0,0,0,0,0,0,EXCLUDED_FROM_COMPLIANCE_MODULE,NOT_MODELED_PHASE1,NOT_MODELED_PHASE1,NOT_MODELED_PHASE1,FINANCING_CHANNEL_SEPARATE,FINANCING_CHANNEL_SEPARATE,MODEL_CONTINGENT_STRESS_TEST_ONLY
zero_rate_admin_retained,0,0,retained,retained,0,0,0.5,0.001,3,0,0,0,0,0,0,EXCLUDED_FROM_COMPLIANCE_MODULE,NOT_MODELED_PHASE1,NOT_MODELED_PHASE1,NOT_MODELED_PHASE1,FINANCING_CHANNEL_SEPARATE,FINANCING_CHANNEL_SEPARATE,MODEL_CONTINGENT_STRESS_TEST_ONLY
zero_rate_admin_retained,0,0,retained,retained,0,0,0.5,0.001,5,0,0,0,0,0,0,EXCLUDED_FROM_COMPLIANCE_MODULE,NOT_MODELED_PHASE1,NOT_MODELED_PHASE1,NOT_MODELED_PHASE1,FINANCING_CHANNEL_SEPARATE,FINANCING_CHANNEL_SEPARATE,MODEL_CONTINGENT_STRESS_TEST_ONLY
zero_rate_admin_retained,0,0,retained,retained,0,0,0.75,0,1,0,0,0,0,0,0,EXCLUDED_FROM_COMPLIANCE_MODULE,NOT_MODELED_PHASE1,NOT_MODELED_PHASE1,NOT_MODELED_PHASE1,FINANCING_CHANNEL_SEPARATE,FINANCING_CHANNEL_SEPARATE,MODEL_CONTINGENT_STRESS_TEST_ONLY
zero_rate_admin_retained,0,0,retained,retained,0,0,0.75,0,3,0,0,0,0,0,0,EXCLUDED_FROM_COMPLIANCE_MODULE,NOT_MODELED_PHASE1,NOT_MODELED_PHASE1,NOT_MODELED_PHASE1,FINANCING_CHANNEL_SEPARATE,FINANCING_CHANNEL_SEPARATE,MODEL_CONTINGENT_STRESS_TEST_ONLY
zero_rate_admin_retained,0,0,retained,retained,0,0,0.75,0,5,0,0,0,0,0,0,EXCLUDED_FROM_COMPLIANCE_MODULE,NOT_MODELED_PHASE1,NOT_MODELED_PHASE1,NOT_MODELED_PHASE1,FINANCING_CHANNEL_SEPARATE,FINANCING_CHANNEL_SEPARATE,MODEL_CONTINGENT_STRESS_TEST_ONLY
zero_rate_admin_retained,0,0,retained,retained,0,0,0.75,0.00025,1,0,0,0,0,0,0,EXCLUDED_FROM_COMPLIANCE_MODULE,NOT_MODELED_PHASE1,NOT_MODELED_PHASE1,NOT_MODELED_PHASE1,FINANCING_CHANNEL_SEPARATE,FINANCING_CHANNEL_SEPARATE,MODEL_CONTINGENT_STRESS_TEST_ONLY
zero_rate_admin_retained,0,0,retained,retained,0,0,0.75,0.00025,3,0,0,0,0,0,0,EXCLUDED_FROM_COMPLIANCE_MODULE,NOT_MODELED_PHASE1,NOT_MODELED_PHASE1,NOT_MODELED_PHASE1,FINANCING_CHANNEL_SEPARATE,FINANCING_CHANNEL_SEPARATE,MODEL_CONTINGENT_STRESS_TEST_ONLY
zero_rate_admin_retained,0,0,retained,retained,0,0,0.75,0.00025,5,0,0,0,0,0,0,EXCLUDED_FROM_COMPLIANCE_MODULE,NOT_MODELED_PHASE1,NOT_MODELED_PHASE1,NOT_MODELED_PHASE1,FINANCING_CHANNEL_SEPARATE,FINANCING_CHANNEL_SEPARATE,MODEL_CONTINGENT_STRESS_TEST_ONLY
zero_rate_admin_retained,0,0,retained,retained,0,0,0.75,0.0005,1,0,0,0,0,0,0,EXCLUDED_FROM_COMPLIANCE_MODULE,NOT_MODELED_PHASE1,NOT_MODELED_PHASE1,NOT_MODELED_PHASE1,FINANCING_CHANNEL_SEPARATE,FINANCING_CHANNEL_SEPARATE,MODEL_CONTINGENT_STRESS_TEST_ONLY
zero_rate_admin_retained,0,0,retained,retained,0,0,0.75,0.0005,3,0,0,0,0,0,0,EXCLUDED_FROM_COMPLIANCE_MODULE,NOT_MODELED_PHASE1,NOT_MODELED_PHASE1,NOT_MODELED_PHASE1,FINANCING_CHANNEL_SEPARATE,FINANCING_CHANNEL_SEPARATE,MODEL_CONTINGENT_STRESS_TEST_ONLY
zero_rate_admin_retained,0,0,retained,retained,0,0,0.75,0.0005,5,0,0,0,0,0,0,EXCLUDED_FROM_COMPLIANCE_MODULE,NOT_MODELED_PHASE1,NOT_MODELED_PHASE1,NOT_MODELED_PHASE1,FINANCING_CHANNEL_SEPARATE,FINANCING_CHANNEL_SEPARATE,MODEL_CONTINGENT_STRESS_TEST_ONLY
zero_rate_admin_retained,0,0,retained,retained,0,0,0.75,0.001,1,0,0,0,0,0,0,EXCLUDED_FROM_COMPLIANCE_MODULE,NOT_MODELED_PHASE1,NOT_MODELED_PHASE1,NOT_MODELED_PHASE1,FINANCING_CHANNEL_SEPARATE,FINANCING_CHANNEL_SEPARATE,MODEL_CONTINGENT_STRESS_TEST_ONLY
zero_rate_admin_retained,0,0,retained,retained,0,0,0.75,0.001,3,0,0,0,0,0,0,EXCLUDED_FROM_COMPLIANCE_MODULE,NOT_MODELED_PHASE1,NOT_MODELED_PHASE1,NOT_MODELED_PHASE1,FINANCING_CHANNEL_SEPARATE,FINANCING_CHANNEL_SEPARATE,MODEL_CONTINGENT_STRESS_TEST_ONLY
zero_rate_admin_retained,0,0,retained,retained,0,0,0.75,0.001,5,0,0,0,0,0,0,EXCLUDED_FROM_COMPLIANCE_MODULE,NOT_MODELED_PHASE1,NOT_MODELED_PHASE1,NOT_MODELED_PHASE1,FINANCING_CHANNEL_SEPARATE,FINANCING_CHANNEL_SEPARATE,MODEL_CONTINGENT_STRESS_TEST_ONLY
zero_rate_admin_retained,0,0,retained,retained,0,0,1,0,1,0,0,0,0,0,0,EXCLUDED_FROM_COMPLIANCE_MODULE,NOT_MODELED_PHASE1,NOT_MODELED_PHASE1,NOT_MODELED_PHASE1,FINANCING_CHANNEL_SEPARATE,FINANCING_CHANNEL_SEPARATE,MODEL_CONTINGENT_STRESS_TEST_ONLY
zero_rate_admin_retained,0,0,retained,retained,0,0,1,0,3,0,0,0,0,0,0,EXCLUDED_FROM_COMPLIANCE_MODULE,NOT_MODELED_PHASE1,NOT_MODELED_PHASE1,NOT_MODELED_PHASE1,FINANCING_CHANNEL_SEPARATE,FINANCING_CHANNEL_SEPARATE,MODEL_CONTINGENT_STRESS_TEST_ONLY
zero_rate_admin_retained,0,0,retained,retained,0,0,1,0,5,0,0,0,0,0,0,EXCLUDED_FROM_COMPLIANCE_MODULE,NOT_MODELED_PHASE1,NOT_MODELED_PHASE1,NOT_MODELED_PHASE1,FINANCING_CHANNEL_SEPARATE,FINANCING_CHANNEL_SEPARATE,MODEL_CONTINGENT_STRESS_TEST_ONLY
zero_rate_admin_retained,0,0,retained,retained,0,0,1,0.00025,1,0,0,0,0,0,0,EXCLUDED_FROM_COMPLIANCE_MODULE,NOT_MODELED_PHASE1,NOT_MODELED_PHASE1,NOT_MODELED_PHASE1,FINANCING_CHANNEL_SEPARATE,FINANCING_CHANNEL_SEPARATE,MODEL_CONTINGENT_STRESS_TEST_ONLY
zero_rate_admin_retained,0,0,retained,retained,0,0,1,0.00025,3,0,0,0,0,0,0,EXCLUDED_FROM_COMPLIANCE_MODULE,NOT_MODELED_PHASE1,NOT_MODELED_PHASE1,NOT_MODELED_PHASE1,FINANCING_CHANNEL_SEPARATE,FINANCING_CHANNEL_SEPARATE,MODEL_CONTINGENT_STRESS_TEST_ONLY
zero_rate_admin_retained,0,0,retained,retained,0,0,1,0.00025,5,0,0,0,0,0,0,EXCLUDED_FROM_COMPLIANCE_MODULE,NOT_MODELED_PHASE1,NOT_MODELED_PHASE1,NOT_MODELED_PHASE1,FINANCING_CHANNEL_SEPARATE,FINANCING_CHANNEL_SEPARATE,MODEL_CONTINGENT_STRESS_TEST_ONLY
zero_rate_admin_retained,0,0,retained,retained,0,0,1,0.0005,1,0,0,0,0,0,0,EXCLUDED_FROM_COMPLIANCE_MODULE,NOT_MODELED_PHASE1,NOT_MODELED_PHASE1,NOT_MODELED_PHASE1,FINANCING_CHANNEL_SEPARATE,FINANCING_CHANNEL_SEPARATE,MODEL_CONTINGENT_STRESS_TEST_ONLY
zero_rate_admin_retained,0,0,retained,retained,0,0,1,0.0005,3,0,0,0,0,0,0,EXCLUDED_FROM_COMPLIANCE_MODULE,NOT_MODELED_PHASE1,NOT_MODELED_PHASE1,NOT_MODELED_PHASE1,FINANCING_CHANNEL_SEPARATE,FINANCING_CHANNEL_SEPARATE,MODEL_CONTINGENT_STRESS_TEST_ONLY
zero_rate_admin_retained,0,0,retained,retained,0,0,1,0.0005,5,0,0,0,0,0,0,EXCLUDED_FROM_COMPLIANCE_MODULE,NOT_MODELED_PHASE1,NOT_MODELED_PHASE1,NOT_MODELED_PHASE1,FINANCING_CHANNEL_SEPARATE,FINANCING_CHANNEL_SEPARATE,MODEL_CONTINGENT_STRESS_TEST_ONLY
zero_rate_admin_retained,0,0,retained,retained,0,0,1,0.001,1,0,0,0,0,0,0,EXCLUDED_FROM_COMPLIANCE_MODULE,NOT_MODELED_PHASE1,NOT_MODELED_PHASE1,NOT_MODELED_PHASE1,FINANCING_CHANNEL_SEPARATE,FINANCING_CHANNEL_SEPARATE,MODEL_CONTINGENT_STRESS_TEST_ONLY
zero_rate_admin_retained,0,0,retained,retained,0,0,1,0.001,3,0,0,0,0,0,0,EXCLUDED_FROM_COMPLIANCE_MODULE,NOT_MODELED_PHASE1,NOT_MODELED_PHASE1,NOT_MODELED_PHASE1,FINANCING_CHANNEL_SEPARATE,FINANCING_CHANNEL_SEPARATE,MODEL_CONTINGENT_STRESS_TEST_ONLY
zero_rate_admin_retained,0,0,retained,retained,0,0,1,0.001,5,0,0,0,0,0,0,EXCLUDED_FROM_COMPLIANCE_MODULE,NOT_MODELED_PHASE1,NOT_MODELED_PHASE1,NOT_MODELED_PHASE1,FINANCING_CHANNEL_SEPARATE,FINANCING_CHANNEL_SEPARATE,MODEL_CONTINGENT_STRESS_TEST_ONLY
zero_rate_admin_retained,0,0,retained,retained,0,0.0005,0,0,1,0,0,0,0,0,0,EXCLUDED_FROM_COMPLIANCE_MODULE,NOT_MODELED_PHASE1,NOT_MODELED_PHASE1,NOT_MODELED_PHASE1,FINANCING_CHANNEL_SEPARATE,FINANCING_CHANNEL_SEPARATE,MODEL_CONTINGENT_STRESS_TEST_ONLY
zero_rate_admin_retained,0,0,retained,retained,0,0.0005,0,0,3,0,0,0,0,0,0,EXCLUDED_FROM_COMPLIANCE_MODULE,NOT_MODELED_PHASE1,NOT_MODELED_PHASE1,NOT_MODELED_PHASE1,FINANCING_CHANNEL_SEPARATE,FINANCING_CHANNEL_SEPARATE,MODEL_CONTINGENT_STRESS_TEST_ONLY
zero_rate_admin_retained,0,0,retained,retained,0,0.0005,0,0,5,0,0,0,0,0,0,EXCLUDED_FROM_COMPLIANCE_MODULE,NOT_MODELED_PHASE1,NOT_MODELED_PHASE1,NOT_MODELED_PHASE1,FINANCING_CHANNEL_SEPARATE,FINANCING_CHANNEL_SEPARATE,MODEL_CONTINGENT_STRESS_TEST_ONLY
zero_rate_admin_retained,0,0,retained,retained,0,0.0005,0,0.00025,1,0,0,0,0,0,0,EXCLUDED_FROM_COMPLIANCE_MODULE,NOT_MODELED_PHASE1,NOT_MODELED_PHASE1,NOT_MODELED_PHASE1,FINANCING_CHANNEL_SEPARATE,FINANCING_CHANNEL_SEPARATE,MODEL_CONTINGENT_STRESS_TEST_ONLY
zero_rate_admin_retained,0,0,retained,retained,0,0.0005,0,0.00025,3,0,0,0,0,0,0,EXCLUDED_FROM_COMPLIANCE_MODULE,NOT_MODELED_PHASE1,NOT_MODELED_PHASE1,NOT_MODELED_PHASE1,FINANCING_CHANNEL_SEPARATE,FINANCING_CHANNEL_SEPARATE,MODEL_CONTINGENT_STRESS_TEST_ONLY
zero_rate_admin_retained,0,0,retained,retained,0,0.0005,0,0.00025,5,0,0,0,0,0,0,EXCLUDED_FROM_COMPLIANCE_MODULE,NOT_MODELED_PHASE1,NOT_MODELED_PHASE1,NOT_MODELED_PHASE1,FINANCING_CHANNEL_SEPARATE,FINANCING_CHANNEL_SEPARATE,MODEL_CONTINGENT_STRESS_TEST_ONLY
zero_rate_admin_retained,0,0,retained,retained,0,0.0005,0,0.0005,1,0,0,0,0,0,0,EXCLUDED_FROM_COMPLIANCE_MODULE,NOT_MODELED_PHASE1,NOT_MODELED_PHASE1,NOT_MODELED_PHASE1,FINANCING_CHANNEL_SEPARATE,FINANCING_CHANNEL_SEPARATE,MODEL_CONTINGENT_STRESS_TEST_ONLY
zero_rate_admin_retained,0,0,retained,retained,0,0.0005,0,0.0005,3,0,0,0,0,0,0,EXCLUDED_FROM_COMPLIANCE_MODULE,NOT_MODELED_PHASE1,NOT_MODELED_PHASE1,NOT_MODELED_PHASE1,FINANCING_CHANNEL_SEPARATE,FINANCING_CHANNEL_SEPARATE,MODEL_CONTINGENT_STRESS_TEST_ONLY
zero_rate_admin_retained,0,0,retained,retained,0,0.0005,0,0.0005,5,0,0,0,0,0,0,EXCLUDED_FROM_COMPLIANCE_MODULE,NOT_MODELED_PHASE1,NOT_MODELED_PHASE1,NOT_MODELED_PHASE1,FINANCING_CHANNEL_SEPARATE,FINANCING_CHANNEL_SEPARATE,MODEL_CONTINGENT_STRESS_TEST_ONLY
zero_rate_admin_retained,0,0,retained,retained,0,0.0005,0,0.001,1,0,0,0,0,0,0,EXCLUDED_FROM_COMPLIANCE_MODULE,NOT_MODELED_PHASE1,NOT_MODELED_PHASE1,NOT_MODELED_PHASE1,FINANCING_CHANNEL_SEPARATE,FINANCING_CHANNEL_SEPARATE,MODEL_CONTINGENT_STRESS_TEST_ONLY
zero_rate_admin_retained,0,0,retained,retained,0,0.0005,0,0.001,3,0,0,0,0,0,0,EXCLUDED_FROM_COMPLIANCE_MODULE,NOT_MODELED_PHASE1,NOT_MODELED_PHASE1,NOT_MODELED_PHASE1,FINANCING_CHANNEL_SEPARATE,FINANCING_CHANNEL_SEPARATE,MODEL_CONTINGENT_STRESS_TEST_ONLY
zero_rate_admin_retained,0,0,retained,retained,0,0.0005,0,0.001,5,0,0,0,0,0,0,EXCLUDED_FROM_COMPLIANCE_MODULE,NOT_MODELED_PHASE1,NOT_MODELED_PHASE1,NOT_MODELED_PHASE1,FINANCING_CHANNEL_SEPARATE,FINANCING_CHANNEL_SEPARATE,MODEL_CONTINGENT_STRESS_TEST_ONLY
zero_rate_admin_retained,0,0,retained,retained,0,0.0005,0.25,0,1,0,0,0,0,0,0,EXCLUDED_FROM_COMPLIANCE_MODULE,NOT_MODELED_PHASE1,NOT_MODELED_PHASE1,NOT_MODELED_PHASE1,FINANCING_CHANNEL_SEPARATE,FINANCING_CHANNEL_SEPARATE,MODEL_CONTINGENT_STRESS_TEST_ONLY
zero_rate_admin_retained,0,0,retained,retained,0,0.0005,0.25,0,3,0,0,0,0,0,0,EXCLUDED_FROM_COMPLIANCE_MODULE,NOT_MODELED_PHASE1,NOT_MODELED_PHASE1,NOT_MODELED_PHASE1,FINANCING_CHANNEL_SEPARATE,FINANCING_CHANNEL_SEPARATE,MODEL_CONTINGENT_STRESS_TEST_ONLY
zero_rate_admin_retained,0,0,retained,retained,0,0.0005,0.25,0,5,0,0,0,0,0,0,EXCLUDED_FROM_COMPLIANCE_MODULE,NOT_MODELED_PHASE1,NOT_MODELED_PHASE1,NOT_MODELED_PHASE1,FINANCING_CHANNEL_SEPARATE,FINANCING_CHANNEL_SEPARATE,MODEL_CONTINGENT_STRESS_TEST_ONLY
zero_rate_admin_retained,0,0,retained,retained,0,0.0005,0.25,0.00025,1,0,0,0,0,0,0,EXCLUDED_FROM_COMPLIANCE_MODULE,NOT_MODELED_PHASE1,NOT_MODELED_PHASE1,NOT_MODELED_PHASE1,FINANCING_CHANNEL_SEPARATE,FINANCING_CHANNEL_SEPARATE,MODEL_CONTINGENT_STRESS_TEST_ONLY
zero_rate_admin_retained,0,0,retained,retained,0,0.0005,0.25,0.00025,3,0,0,0,0,0,0,EXCLUDED_FROM_COMPLIANCE_MODULE,NOT_MODELED_PHASE1,NOT_MODELED_PHASE1,NOT_MODELED_PHASE1,FINANCING_CHANNEL_SEPARATE,FINANCING_CHANNEL_SEPARATE,MODEL_CONTINGENT_STRESS_TEST_ONLY
zero_rate_admin_retained,0,0,retained,retained,0,0.0005,0.25,0.00025,5,0,0,0,0,0,0,EXCLUDED_FROM_COMPLIANCE_MODULE,NOT_MODELED_PHASE1,NOT_MODELED_PHASE1,NOT_MODELED_PHASE1,FINANCING_CHANNEL_SEPARATE,FINANCING_CHANNEL_SEPARATE,MODEL_CONTINGENT_STRESS_TEST_ONLY
zero_rate_admin_retained,0,0,retained,retained,0,0.0005,0.25,0.0005,1,0,0,0,0,0,0,EXCLUDED_FROM_COMPLIANCE_MODULE,NOT_MODELED_PHASE1,NOT_MODELED_PHASE1,NOT_MODELED_PHASE1,FINANCING_CHANNEL_SEPARATE,FINANCING_CHANNEL_SEPARATE,MODEL_CONTINGENT_STRESS_TEST_ONLY
zero_rate_admin_retained,0,0,retained,retained,0,0.0005,0.25,0.0005,3,0,0,0,0,0,0,EXCLUDED_FROM_COMPLIANCE_MODULE,NOT_MODELED_PHASE1,NOT_MODELED_PHASE1,NOT_MODELED_PHASE1,FINANCING_CHANNEL_SEPARATE,FINANCING_CHANNEL_SEPARATE,MODEL_CONTINGENT_STRESS_TEST_ONLY
zero_rate_admin_retained,0,0,retained,retained,0,0.0005,0.25,0.0005,5,0,0,0,0,0,0,EXCLUDED_FROM_COMPLIANCE_MODULE,NOT_MODELED_PHASE1,NOT_MODELED_PHASE1,NOT_MODELED_PHASE1,FINANCING_CHANNEL_SEPARATE,FINANCING_CHANNEL_SEPARATE,MODEL_CONTINGENT_STRESS_TEST_ONLY
zero_rate_admin_retained,0,0,retained,retained,0,0.0005,0.25,0.001,1,0,0,0,0,0,0,EXCLUDED_FROM_COMPLIANCE_MODULE,NOT_MODELED_PHASE1,NOT_MODELED_PHASE1,NOT_MODELED_PHASE1,FINANCING_CHANNEL_SEPARATE,FINANCING_CHANNEL_SEPARATE,MODEL_CONTINGENT_STRESS_TEST_ONLY
zero_rate_admin_retained,0,0,retained,retained,0,0.0005,0.25,0.001,3,0,0,0,0,0,0,EXCLUDED_FROM_COMPLIANCE_MODULE,NOT_MODELED_PHASE1,NOT_MODELED_PHASE1,NOT_MODELED_PHASE1,FINANCING_CHANNEL_SEPARATE,FINANCING_CHANNEL_SEPARATE,MODEL_CONTINGENT_STRESS_TEST_ONLY
zero_rate_admin_retained,0,0,retained,retained,0,0.0005,0.25,0.001,5,0,0,0,0,0,0,EXCLUDED_FROM_COMPLIANCE_MODULE,NOT_MODELED_PHASE1,NOT_MODELED_PHASE1,NOT_MODELED_PHASE1,FINANCING_CHANNEL_SEPARATE,FINANCING_CHANNEL_SEPARATE,MODEL_CONTINGENT_STRESS_TEST_ONLY
zero_rate_admin_retained,0,0,retained,retained,0,0.0005,0.5,0,1,0,0,0,0,0,0,EXCLUDED_FROM_COMPLIANCE_MODULE,NOT_MODELED_PHASE1,NOT_MODELED_PHASE1,NOT_MODELED_PHASE1,FINANCING_CHANNEL_SEPARATE,FINANCING_CHANNEL_SEPARATE,MODEL_CONTINGENT_STRESS_TEST_ONLY
zero_rate_admin_retained,0,0,retained,retained,0,0.0005,0.5,0,3,0,0,0,0,0,0,EXCLUDED_FROM_COMPLIANCE_MODULE,NOT_MODELED_PHASE1,NOT_MODELED_PHASE1,NOT_MODELED_PHASE1,FINANCING_CHANNEL_SEPARATE,FINANCING_CHANNEL_SEPARATE,MODEL_CONTINGENT_STRESS_TEST_ONLY
zero_rate_admin_retained,0,0,retained,retained,0,0.0005,0.5,0,5,0,0,0,0,0,0,EXCLUDED_FROM_COMPLIANCE_MODULE,NOT_MODELED_PHASE1,NOT_MODELED_PHASE1,NOT_MODELED_PHASE1,FINANCING_CHANNEL_SEPARATE,FINANCING_CHANNEL_SEPARATE,MODEL_CONTINGENT_STRESS_TEST_ONLY
zero_rate_admin_retained,0,0,retained,retained,0,0.0005,0.5,0.00025,1,0,0,0,0,0,0,EXCLUDED_FROM_COMPLIANCE_MODULE,NOT_MODELED_PHASE1,NOT_MODELED_PHASE1,NOT_MODELED_PHASE1,FINANCING_CHANNEL_SEPARATE,FINANCING_CHANNEL_SEPARATE,MODEL_CONTINGENT_STRESS_TEST_ONLY
zero_rate_admin_retained,0,0,retained,retained,0,0.0005,0.5,0.00025,3,0,0,0,0,0,0,EXCLUDED_FROM_COMPLIANCE_MODULE,NOT_MODELED_PHASE1,NOT_MODELED_PHASE1,NOT_MODELED_PHASE1,FINANCING_CHANNEL_SEPARATE,FINANCING_CHANNEL_SEPARATE,MODEL_CONTINGENT_STRESS_TEST_ONLY
zero_rate_admin_retained,0,0,retained,retained,0,0.0005,0.5,0.00025,5,0,0,0,0,0,0,EXCLUDED_FROM_COMPLIANCE_MODULE,NOT_MODELED_PHASE1,NOT_MODELED_PHASE1,NOT_MODELED_PHASE1,FINANCING_CHANNEL_SEPARATE,FINANCING_CHANNEL_SEPARATE,MODEL_CONTINGENT_STRESS_TEST_ONLY
zero_rate_admin_retained,0,0,retained,retained,0,0.0005,0.5,0.0005,1,0,0,0,0,0,0,EXCLUDED_FROM_COMPLIANCE_MODULE,NOT_MODELED_PHASE1,NOT_MODELED_PHASE1,NOT_MODELED_PHASE1,FINANCING_CHANNEL_SEPARATE,FINANCING_CHANNEL_SEPARATE,MODEL_CONTINGENT_STRESS_TEST_ONLY
zero_rate_admin_retained,0,0,retained,retained,0,0.0005,0.5,0.0005,3,0,0,0,0,0,0,EXCLUDED_FROM_COMPLIANCE_MODULE,NOT_MODELED_PHASE1,NOT_MODELED_PHASE1,NOT_MODELED_PHASE1,FINANCING_CHANNEL_SEPARATE,FINANCING_CHANNEL_SEPARATE,MODEL_CONTINGENT_STRESS_TEST_ONLY
zero_rate_admin_retained,0,0,retained,retained,0,0.0005,0.5,0.0005,5,0,0,0,0,0,0,EXCLUDED_FROM_COMPLIANCE_MODULE,NOT_MODELED_PHASE1,NOT_MODELED_PHASE1,NOT_MODELED_PHASE1,FINANCING_CHANNEL_SEPARATE,FINANCING_CHANNEL_SEPARATE,MODEL_CONTINGENT_STRESS_TEST_ONLY
zero_rate_admin_retained,0,0,retained,retained,0,0.0005,0.5,0.001,1,0,0,0,0,0,0,EXCLUDED_FROM_COMPLIANCE_MODULE,NOT_MODELED_PHASE1,NOT_MODELED_PHASE1,NOT_MODELED_PHASE1,FINANCING_CHANNEL_SEPARATE,FINANCING_CHANNEL_SEPARATE,MODEL_CONTINGENT_STRESS_TEST_ONLY
zero_rate_admin_retained,0,0,retained,retained,0,0.0005,0.5,0.001,3,0,0,0,0,0,0,EXCLUDED_FROM_COMPLIANCE_MODULE,NOT_MODELED_PHASE1,NOT_MODELED_PHASE1,NOT_MODELED_PHASE1,FINANCING_CHANNEL_SEPARATE,FINANCING_CHANNEL_SEPARATE,MODEL_CONTINGENT_STRESS_TEST_ONLY
zero_rate_admin_retained,0,0,retained,retained,0,0.0005,0.5,0.001,5,0,0,0,0,0,0,EXCLUDED_FROM_COMPLIANCE_MODULE,NOT_MODELED_PHASE1,NOT_MODELED_PHASE1,NOT_MODELED_PHASE1,FINANCING_CHANNEL_SEPARATE,FINANCING_CHANNEL_SEPARATE,MODEL_CONTINGENT_STRESS_TEST_ONLY
zero_rate_admin_retained,0,0,retained,retained,0,0.0005,0.75,0,1,0,0,0,0,0,0,EXCLUDED_FROM_COMPLIANCE_MODULE,NOT_MODELED_PHASE1,NOT_MODELED_PHASE1,NOT_MODELED_PHASE1,FINANCING_CHANNEL_SEPARATE,FINANCING_CHANNEL_SEPARATE,MODEL_CONTINGENT_STRESS_TEST_ONLY
zero_rate_admin_retained,0,0,retained,retained,0,0.0005,0.75,0,3,0,0,0,0,0,0,EXCLUDED_FROM_COMPLIANCE_MODULE,NOT_MODELED_PHASE1,NOT_MODELED_PHASE1,NOT_MODELED_PHASE1,FINANCING_CHANNEL_SEPARATE,FINANCING_CHANNEL_SEPARATE,MODEL_CONTINGENT_STRESS_TEST_ONLY
zero_rate_admin_retained,0,0,retained,retained,0,0.0005,0.75,0,5,0,0,0,0,0,0,EXCLUDED_FROM_COMPLIANCE_MODULE,NOT_MODELED_PHASE1,NOT_MODELED_PHASE1,NOT_MODELED_PHASE1,FINANCING_CHANNEL_SEPARATE,FINANCING_CHANNEL_SEPARATE,MODEL_CONTINGENT_STRESS_TEST_ONLY
zero_rate_admin_retained,0,0,retained,retained,0,0.0005,0.75,0.00025,1,0,0,0,0,0,0,EXCLUDED_FROM_COMPLIANCE_MODULE,NOT_MODELED_PHASE1,NOT_MODELED_PHASE1,NOT_MODELED_PHASE1,FINANCING_CHANNEL_SEPARATE,FINANCING_CHANNEL_SEPARATE,MODEL_CONTINGENT_STRESS_TEST_ONLY
zero_rate_admin_retained,0,0,retained,retained,0,0.0005,0.75,0.00025,3,0,0,0,0,0,0,EXCLUDED_FROM_COMPLIANCE_MODULE,NOT_MODELED_PHASE1,NOT_MODELED_PHASE1,NOT_MODELED_PHASE1,FINANCING_CHANNEL_SEPARATE,FINANCING_CHANNEL_SEPARATE,MODEL_CONTINGENT_STRESS_TEST_ONLY
zero_rate_admin_retained,0,0,retained,retained,0,0.0005,0.75,0.00025,5,0,0,0,0,0,0,EXCLUDED_FROM_COMPLIANCE_MODULE,NOT_MODELED_PHASE1,NOT_MODELED_PHASE1,NOT_MODELED_PHASE1,FINANCING_CHANNEL_SEPARATE,FINANCING_CHANNEL_SEPARATE,MODEL_CONTINGENT_STRESS_TEST_ONLY
zero_rate_admin_retained,0,0,retained,retained,0,0.0005,0.75,0.0005,1,0,0,0,0,0,0,EXCLUDED_FROM_COMPLIANCE_MODULE,NOT_MODELED_PHASE1,NOT_MODELED_PHASE1,NOT_MODELED_PHASE1,FINANCING_CHANNEL_SEPARATE,FINANCING_CHANNEL_SEPARATE,MODEL_CONTINGENT_STRESS_TEST_ONLY
zero_rate_admin_retained,0,0,retained,retained,0,0.0005,0.75,0.0005,3,0,0,0,0,0,0,EXCLUDED_FROM_COMPLIANCE_MODULE,NOT_MODELED_PHASE1,NOT_MODELED_PHASE1,NOT_MODELED_PHASE1,FINANCING_CHANNEL_SEPARATE,FINANCING_CHANNEL_SEPARATE,MODEL_CONTINGENT_STRESS_TEST_ONLY
zero_rate_admin_retained,0,0,retained,retained,0,0.0005,0.75,0.0005,5,0,0,0,0,0,0,EXCLUDED_FROM_COMPLIANCE_MODULE,NOT_MODELED_PHASE1,NOT_MODELED_PHASE1,NOT_MODELED_PHASE1,FINANCING_CHANNEL_SEPARATE,FINANCING_CHANNEL_SEPARATE,MODEL_CONTINGENT_STRESS_TEST_ONLY
zero_rate_admin_retained,0,0,retained,retained,0,0.0005,0.75,0.001,1,0,0,0,0,0,0,EXCLUDED_FROM_COMPLIANCE_MODULE,NOT_MODELED_PHASE1,NOT_MODELED_PHASE1,NOT_MODELED_PHASE1,FINANCING_CHANNEL_SEPARATE,FINANCING_CHANNEL_SEPARATE,MODEL_CONTINGENT_STRESS_TEST_ONLY
zero_rate_admin_retained,0,0,retained,retained,0,0.0005,0.75,0.001,3,0,0,0,0,0,0,EXCLUDED_FROM_COMPLIANCE_MODULE,NOT_MODELED_PHASE1,NOT_MODELED_PHASE1,NOT_MODELED_PHASE1,FINANCING_CHANNEL_SEPARATE,FINANCING_CHANNEL_SEPARATE,MODEL_CONTINGENT_STRESS_TEST_ONLY
zero_rate_admin_retained,0,0,retained,retained,0,0.0005,0.75,0.001,5,0,0,0,0,0,0,EXCLUDED_FROM_COMPLIANCE_MODULE,NOT_MODELED_PHASE1,NOT_MODELED_PHASE1,NOT_MODELED_PHASE1,FINANCING_CHANNEL_SEPARATE,FINANCING_CHANNEL_SEPARATE,MODEL_CONTINGENT_STRESS_TEST_ONLY
zero_rate_admin_retained,0,0,retained,retained,0,0.0005,1,0,1,0,0,0,0,0,0,EXCLUDED_FROM_COMPLIANCE_MODULE,NOT_MODELED_PHASE1,NOT_MODELED_PHASE1,NOT_MODELED_PHASE1,FINANCING_CHANNEL_SEPARATE,FINANCING_CHANNEL_SEPARATE,MODEL_CONTINGENT_STRESS_TEST_ONLY
zero_rate_admin_retained,0,0,retained,retained,0,0.0005,1,0,3,0,0,0,0,0,0,EXCLUDED_FROM_COMPLIANCE_MODULE,NOT_MODELED_PHASE1,NOT_MODELED_PHASE1,NOT_MODELED_PHASE1,FINANCING_CHANNEL_SEPARATE,FINANCING_CHANNEL_SEPARATE,MODEL_CONTINGENT_STRESS_TEST_ONLY
zero_rate_admin_retained,0,0,retained,retained,0,0.0005,1,0,5,0,0,0,0,0,0,EXCLUDED_FROM_COMPLIANCE_MODULE,NOT_MODELED_PHASE1,NOT_MODELED_PHASE1,NOT_MODELED_PHASE1,FINANCING_CHANNEL_SEPARATE,FINANCING_CHANNEL_SEPARATE,MODEL_CONTINGENT_STRESS_TEST_ONLY
zero_rate_admin_retained,0,0,retained,retained,0,0.0005,1,0.00025,1,0,0,0,0,0,0,EXCLUDED_FROM_COMPLIANCE_MODULE,NOT_MODELED_PHASE1,NOT_MODELED_PHASE1,NOT_MODELED_PHASE1,FINANCING_CHANNEL_SEPARATE,FINANCING_CHANNEL_SEPARATE,MODEL_CONTINGENT_STRESS_TEST_ONLY
zero_rate_admin_retained,0,0,retained,retained,0,0.0005,1,0.00025,3,0,0,0,0,0,0,EXCLUDED_FROM_COMPLIANCE_MODULE,NOT_MODELED_PHASE1,NOT_MODELED_PHASE1,NOT_MODELED_PHASE1,FINANCING_CHANNEL_SEPARATE,FINANCING_CHANNEL_SEPARATE,MODEL_CONTINGENT_STRESS_TEST_ONLY
zero_rate_admin_retained,0,0,retained,retained,0,0.0005,1,0.00025,5,0,0,0,0,0,0,EXCLUDED_FROM_COMPLIANCE_MODULE,NOT_MODELED_PHASE1,NOT_MODELED_PHASE1,NOT_MODELED_PHASE1,FINANCING_CHANNEL_SEPARATE,FINANCING_CHANNEL_SEPARATE,MODEL_CONTINGENT_STRESS_TEST_ONLY
zero_rate_admin_retained,0,0,retained,retained,0,0.0005,1,0.0005,1,0,0,0,0,0,0,EXCLUDED_FROM_COMPLIANCE_MODULE,NOT_MODELED_PHASE1,NOT_MODELED_PHASE1,NOT_MODELED_PHASE1,FINANCING_CHANNEL_SEPARATE,FINANCING_CHANNEL_SEPARATE,MODEL_CONTINGENT_STRESS_TEST_ONLY
zero_rate_admin_retained,0,0,retained,retained,0,0.0005,1,0.0005,3,0,0,0,0,0,0,EXCLUDED_FROM_COMPLIANCE_MODULE,NOT_MODELED_PHASE1,NOT_MODELED_PHASE1,NOT_MODELED_PHASE1,FINANCING_CHANNEL_SEPARATE,FINANCING_CHANNEL_SEPARATE,MODEL_CONTINGENT_STRESS_TEST_ONLY
zero_rate_admin_retained,0,0,retained,retained,0,0.0005,1,0.0005,5,0,0,0,0,0,0,EXCLUDED_FROM_COMPLIANCE_MODULE,NOT_MODELED_PHASE1,NOT_MODELED_PHASE1,NOT_MODELED_PHASE1,FINANCING_CHANNEL_SEPARATE,FINANCING_CHANNEL_SEPARATE,MODEL_CONTINGENT_STRESS_TEST_ONLY
zero_rate_admin_retained,0,0,retained,retained,0,0.0005,1,0.001,1,0,0,0,0,0,0,EXCLUDED_FROM_COMPLIANCE_MODULE,NOT_MODELED_PHASE1,NOT_MODELED_PHASE1,NOT_MODELED_PHASE1,FINANCING_CHANNEL_SEPARATE,FINANCING_CHANNEL_SEPARATE,MODEL_CONTINGENT_STRESS_TEST_ONLY
zero_rate_admin_retained,0,0,retained,retained,0,0.0005,1,0.001,3,0,0,0,0,0,0,EXCLUDED_FROM_COMPLIANCE_MODULE,NOT_MODELED_PHASE1,NOT_MODELED_PHASE1,NOT_MODELED_PHASE1,FINANCING_CHANNEL_SEPARATE,FINANCING_CHANNEL_SEPARATE,MODEL_CONTINGENT_STRESS_TEST_ONLY
zero_rate_admin_retained,0,0,retained,retained,0,0.0005,1,0.001,5,0,0,0,0,0,0,EXCLUDED_FROM_COMPLIANCE_MODULE,NOT_MODELED_PHASE1,NOT_MODELED_PHASE1,NOT_MODELED_PHASE1,FINANCING_CHANNEL_SEPARATE,FINANCING_CHANNEL_SEPARATE,MODEL_CONTINGENT_STRESS_TEST_ONLY
zero_rate_admin_retained,0,0,retained,retained,0,0.001,0,0,1,0,0,0,0,0,0,EXCLUDED_FROM_COMPLIANCE_MODULE,NOT_MODELED_PHASE1,NOT_MODELED_PHASE1,NOT_MODELED_PHASE1,FINANCING_CHANNEL_SEPARATE,FINANCING_CHANNEL_SEPARATE,MODEL_CONTINGENT_STRESS_TEST_ONLY
zero_rate_admin_retained,0,0,retained,retained,0,0.001,0,0,3,0,0,0,0,0,0,EXCLUDED_FROM_COMPLIANCE_MODULE,NOT_MODELED_PHASE1,NOT_MODELED_PHASE1,NOT_MODELED_PHASE1,FINANCING_CHANNEL_SEPARATE,FINANCING_CHANNEL_SEPARATE,MODEL_CONTINGENT_STRESS_TEST_ONLY
zero_rate_admin_retained,0,0,retained,retained,0,0.001,0,0,5,0,0,0,0,0,0,EXCLUDED_FROM_COMPLIANCE_MODULE,NOT_MODELED_PHASE1,NOT_MODELED_PHASE1,NOT_MODELED_PHASE1,FINANCING_CHANNEL_SEPARATE,FINANCING_CHANNEL_SEPARATE,MODEL_CONTINGENT_STRESS_TEST_ONLY
zero_rate_admin_retained,0,0,retained,retained,0,0.001,0,0.00025,1,0,0,0,0,0,0,EXCLUDED_FROM_COMPLIANCE_MODULE,NOT_MODELED_PHASE1,NOT_MODELED_PHASE1,NOT_MODELED_PHASE1,FINANCING_CHANNEL_SEPARATE,FINANCING_CHANNEL_SEPARATE,MODEL_CONTINGENT_STRESS_TEST_ONLY
zero_rate_admin_retained,0,0,retained,retained,0,0.001,0,0.00025,3,0,0,0,0,0,0,EXCLUDED_FROM_COMPLIANCE_MODULE,NOT_MODELED_PHASE1,NOT_MODELED_PHASE1,NOT_MODELED_PHASE1,FINANCING_CHANNEL_SEPARATE,FINANCING_CHANNEL_SEPARATE,MODEL_CONTINGENT_STRESS_TEST_ONLY
zero_rate_admin_retained,0,0,retained,retained,0,0.001,0,0.00025,5,0,0,0,0,0,0,EXCLUDED_FROM_COMPLIANCE_MODULE,NOT_MODELED_PHASE1,NOT_MODELED_PHASE1,NOT_MODELED_PHASE1,FINANCING_CHANNEL_SEPARATE,FINANCING_CHANNEL_SEPARATE,MODEL_CONTINGENT_STRESS_TEST_ONLY
zero_rate_admin_retained,0,0,retained,retained,0,0.001,0,0.0005,1,0,0,0,0,0,0,EXCLUDED_FROM_COMPLIANCE_MODULE,NOT_MODELED_PHASE1,NOT_MODELED_PHASE1,NOT_MODELED_PHASE1,FINANCING_CHANNEL_SEPARATE,FINANCING_CHANNEL_SEPARATE,MODEL_CONTINGENT_STRESS_TEST_ONLY
zero_rate_admin_retained,0,0,retained,retained,0,0.001,0,0.0005,3,0,0,0,0,0,0,EXCLUDED_FROM_COMPLIANCE_MODULE,NOT_MODELED_PHASE1,NOT_MODELED_PHASE1,NOT_MODELED_PHASE1,FINANCING_CHANNEL_SEPARATE,FINANCING_CHANNEL_SEPARATE,MODEL_CONTINGENT_STRESS_TEST_ONLY
zero_rate_admin_retained,0,0,retained,retained,0,0.001,0,0.0005,5,0,0,0,0,0,0,EXCLUDED_FROM_COMPLIANCE_MODULE,NOT_MODELED_PHASE1,NOT_MODELED_PHASE1,NOT_MODELED_PHASE1,FINANCING_CHANNEL_SEPARATE,FINANCING_CHANNEL_SEPARATE,MODEL_CONTINGENT_STRESS_TEST_ONLY
zero_rate_admin_retained,0,0,retained,retained,0,0.001,0,0.001,1,0,0,0,0,0,0,EXCLUDED_FROM_COMPLIANCE_MODULE,NOT_MODELED_PHASE1,NOT_MODELED_PHASE1,NOT_MODELED_PHASE1,FINANCING_CHANNEL_SEPARATE,FINANCING_CHANNEL_SEPARATE,MODEL_CONTINGENT_STRESS_TEST_ONLY
zero_rate_admin_retained,0,0,retained,retained,0,0.001,0,0.001,3,0,0,0,0,0,0,EXCLUDED_FROM_COMPLIANCE_MODULE,NOT_MODELED_PHASE1,NOT_MODELED_PHASE1,NOT_MODELED_PHASE1,FINANCING_CHANNEL_SEPARATE,FINANCING_CHANNEL_SEPARATE,MODEL_CONTINGENT_STRESS_TEST_ONLY
zero_rate_admin_retained,0,0,retained,retained,0,0.001,0,0.001,5,0,0,0,0,0,0,EXCLUDED_FROM_COMPLIANCE_MODULE,NOT_MODELED_PHASE1,NOT_MODELED_PHASE1,NOT_MODELED_PHASE1,FINANCING_CHANNEL_SEPARATE,FINANCING_CHANNEL_SEPARATE,MODEL_CONTINGENT_STRESS_TEST_ONLY
zero_rate_admin_retained,0,0,retained,retained,0,0.001,0.25,0,1,0,0,0,0,0,0,EXCLUDED_FROM_COMPLIANCE_MODULE,NOT_MODELED_PHASE1,NOT_MODELED_PHASE1,NOT_MODELED_PHASE1,FINANCING_CHANNEL_SEPARATE,FINANCING_CHANNEL_SEPARATE,MODEL_CONTINGENT_STRESS_TEST_ONLY
zero_rate_admin_retained,0,0,retained,retained,0,0.001,0.25,0,3,0,0,0,0,0,0,EXCLUDED_FROM_COMPLIANCE_MODULE,NOT_MODELED_PHASE1,NOT_MODELED_PHASE1,NOT_MODELED_PHASE1,FINANCING_CHANNEL_SEPARATE,FINANCING_CHANNEL_SEPARATE,MODEL_CONTINGENT_STRESS_TEST_ONLY
zero_rate_admin_retained,0,0,retained,retained,0,0.001,0.25,0,5,0,0,0,0,0,0,EXCLUDED_FROM_COMPLIANCE_MODULE,NOT_MODELED_PHASE1,NOT_MODELED_PHASE1,NOT_MODELED_PHASE1,FINANCING_CHANNEL_SEPARATE,FINANCING_CHANNEL_SEPARATE,MODEL_CONTINGENT_STRESS_TEST_ONLY
zero_rate_admin_retained,0,0,retained,retained,0,0.001,0.25,0.00025,1,0,0,0,0,0,0,EXCLUDED_FROM_COMPLIANCE_MODULE,NOT_MODELED_PHASE1,NOT_MODELED_PHASE1,NOT_MODELED_PHASE1,FINANCING_CHANNEL_SEPARATE,FINANCING_CHANNEL_SEPARATE,MODEL_CONTINGENT_STRESS_TEST_ONLY
zero_rate_admin_retained,0,0,retained,retained,0,0.001,0.25,0.00025,3,0,0,0,0,0,0,EXCLUDED_FROM_COMPLIANCE_MODULE,NOT_MODELED_PHASE1,NOT_MODELED_PHASE1,NOT_MODELED_PHASE1,FINANCING_CHANNEL_SEPARATE,FINANCING_CHANNEL_SEPARATE,MODEL_CONTINGENT_STRESS_TEST_ONLY
zero_rate_admin_retained,0,0,retained,retained,0,0.001,0.25,0.00025,5,0,0,0,0,0,0,EXCLUDED_FROM_COMPLIANCE_MODULE,NOT_MODELED_PHASE1,NOT_MODELED_PHASE1,NOT_MODELED_PHASE1,FINANCING_CHANNEL_SEPARATE,FINANCING_CHANNEL_SEPARATE,MODEL_CONTINGENT_STRESS_TEST_ONLY
zero_rate_admin_retained,0,0,retained,retained,0,0.001,0.25,0.0005,1,0,0,0,0,0,0,EXCLUDED_FROM_COMPLIANCE_MODULE,NOT_MODELED_PHASE1,NOT_MODELED_PHASE1,NOT_MODELED_PHASE1,FINANCING_CHANNEL_SEPARATE,FINANCING_CHANNEL_SEPARATE,MODEL_CONTINGENT_STRESS_TEST_ONLY
zero_rate_admin_retained,0,0,retained,retained,0,0.001,0.25,0.0005,3,0,0,0,0,0,0,EXCLUDED_FROM_COMPLIANCE_MODULE,NOT_MODELED_PHASE1,NOT_MODELED_PHASE1,NOT_MODELED_PHASE1,FINANCING_CHANNEL_SEPARATE,FINANCING_CHANNEL_SEPARATE,MODEL_CONTINGENT_STRESS_TEST_ONLY
zero_rate_admin_retained,0,0,retained,retained,0,0.001,0.25,0.0005,5,0,0,0,0,0,0,EXCLUDED_FROM_COMPLIANCE_MODULE,NOT_MODELED_PHASE1,NOT_MODELED_PHASE1,NOT_MODELED_PHASE1,FINANCING_CHANNEL_SEPARATE,FINANCING_CHANNEL_SEPARATE,MODEL_CONTINGENT_STRESS_TEST_ONLY
zero_rate_admin_retained,0,0,retained,retained,0,0.001,0.25,0.001,1,0,0,0,0,0,0,EXCLUDED_FROM_COMPLIANCE_MODULE,NOT_MODELED_PHASE1,NOT_MODELED_PHASE1,NOT_MODELED_PHASE1,FINANCING_CHANNEL_SEPARATE,FINANCING_CHANNEL_SEPARATE,MODEL_CONTINGENT_STRESS_TEST_ONLY
zero_rate_admin_retained,0,0,retained,retained,0,0.001,0.25,0.001,3,0,0,0,0,0,0,EXCLUDED_FROM_COMPLIANCE_MODULE,NOT_MODELED_PHASE1,NOT_MODELED_PHASE1,NOT_MODELED_PHASE1,FINANCING_CHANNEL_SEPARATE,FINANCING_CHANNEL_SEPARATE,MODEL_CONTINGENT_STRESS_TEST_ONLY
zero_rate_admin_retained,0,0,retained,retained,0,0.001,0.25,0.001,5,0,0,0,0,0,0,EXCLUDED_FROM_COMPLIANCE_MODULE,NOT_MODELED_PHASE1,NOT_MODELED_PHASE1,NOT_MODELED_PHASE1,FINANCING_CHANNEL_SEPARATE,FINANCING_CHANNEL_SEPARATE,MODEL_CONTINGENT_STRESS_TEST_ONLY
zero_rate_admin_retained,0,0,retained,retained,0,0.001,0.5,0,1,0,0,0,0,0,0,EXCLUDED_FROM_COMPLIANCE_MODULE,NOT_MODELED_PHASE1,NOT_MODELED_PHASE1,NOT_MODELED_PHASE1,FINANCING_CHANNEL_SEPARATE,FINANCING_CHANNEL_SEPARATE,MODEL_CONTINGENT_STRESS_TEST_ONLY
zero_rate_admin_retained,0,0,retained,retained,0,0.001,0.5,0,3,0,0,0,0,0,0,EXCLUDED_FROM_COMPLIANCE_MODULE,NOT_MODELED_PHASE1,NOT_MODELED_PHASE1,NOT_MODELED_PHASE1,FINANCING_CHANNEL_SEPARATE,FINANCING_CHANNEL_SEPARATE,MODEL_CONTINGENT_STRESS_TEST_ONLY
zero_rate_admin_retained,0,0,retained,retained,0,0.001,0.5,0,5,0,0,0,0,0,0,EXCLUDED_FROM_COMPLIANCE_MODULE,NOT_MODELED_PHASE1,NOT_MODELED_PHASE1,NOT_MODELED_PHASE1,FINANCING_CHANNEL_SEPARATE,FINANCING_CHANNEL_SEPARATE,MODEL_CONTINGENT_STRESS_TEST_ONLY
zero_rate_admin_retained,0,0,retained,retained,0,0.001,0.5,0.00025,1,0,0,0,0,0,0,EXCLUDED_FROM_COMPLIANCE_MODULE,NOT_MODELED_PHASE1,NOT_MODELED_PHASE1,NOT_MODELED_PHASE1,FINANCING_CHANNEL_SEPARATE,FINANCING_CHANNEL_SEPARATE,MODEL_CONTINGENT_STRESS_TEST_ONLY
zero_rate_admin_retained,0,0,retained,retained,0,0.001,0.5,0.00025,3,0,0,0,0,0,0,EXCLUDED_FROM_COMPLIANCE_MODULE,NOT_MODELED_PHASE1,NOT_MODELED_PHASE1,NOT_MODELED_PHASE1,FINANCING_CHANNEL_SEPARATE,FINANCING_CHANNEL_SEPARATE,MODEL_CONTINGENT_STRESS_TEST_ONLY
zero_rate_admin_retained,0,0,retained,retained,0,0.001,0.5,0.00025,5,0,0,0,0,0,0,EXCLUDED_FROM_COMPLIANCE_MODULE,NOT_MODELED_PHASE1,NOT_MODELED_PHASE1,NOT_MODELED_PHASE1,FINANCING_CHANNEL_SEPARATE,FINANCING_CHANNEL_SEPARATE,MODEL_CONTINGENT_STRESS_TEST_ONLY
zero_rate_admin_retained,0,0,retained,retained,0,0.001,0.5,0.0005,1,0,0,0,0,0,0,EXCLUDED_FROM_COMPLIANCE_MODULE,NOT_MODELED_PHASE1,NOT_MODELED_PHASE1,NOT_MODELED_PHASE1,FINANCING_CHANNEL_SEPARATE,FINANCING_CHANNEL_SEPARATE,MODEL_CONTINGENT_STRESS_TEST_ONLY
zero_rate_admin_retained,0,0,retained,retained,0,0.001,0.5,0.0005,3,0,0,0,0,0,0,EXCLUDED_FROM_COMPLIANCE_MODULE,NOT_MODELED_PHASE1,NOT_MODELED_PHASE1,NOT_MODELED_PHASE1,FINANCING_CHANNEL_SEPARATE,FINANCING_CHANNEL_SEPARATE,MODEL_CONTINGENT_STRESS_TEST_ONLY
zero_rate_admin_retained,0,0,retained,retained,0,0.001,0.5,0.0005,5,0,0,0,0,0,0,EXCLUDED_FROM_COMPLIANCE_MODULE,NOT_MODELED_PHASE1,NOT_MODELED_PHASE1,NOT_MODELED_PHASE1,FINANCING_CHANNEL_SEPARATE,FINANCING_CHANNEL_SEPARATE,MODEL_CONTINGENT_STRESS_TEST_ONLY
zero_rate_admin_retained,0,0,retained,retained,0,0.001,0.5,0.001,1,0,0,0,0,0,0,EXCLUDED_FROM_COMPLIANCE_MODULE,NOT_MODELED_PHASE1,NOT_MODELED_PHASE1,NOT_MODELED_PHASE1,FINANCING_CHANNEL_SEPARATE,FINANCING_CHANNEL_SEPARATE,MODEL_CONTINGENT_STRESS_TEST_ONLY
zero_rate_admin_retained,0,0,retained,retained,0,0.001,0.5,0.001,3,0,0,0,0,0,0,EXCLUDED_FROM_COMPLIANCE_MODULE,NOT_MODELED_PHASE1,NOT_MODELED_PHASE1,NOT_MODELED_PHASE1,FINANCING_CHANNEL_SEPARATE,FINANCING_CHANNEL_SEPARATE,MODEL_CONTINGENT_STRESS_TEST_ONLY
zero_rate_admin_retained,0,0,retained,retained,0,0.001,0.5,0.001,5,0,0,0,0,0,0,EXCLUDED_FROM_COMPLIANCE_MODULE,NOT_MODELED_PHASE1,NOT_MODELED_PHASE1,NOT_MODELED_PHASE1,FINANCING_CHANNEL_SEPARATE,FINANCING_CHANNEL_SEPARATE,MODEL_CONTINGENT_STRESS_TEST_ONLY
zero_rate_admin_retained,0,0,retained,retained,0,0.001,0.75,0,1,0,0,0,0,0,0,EXCLUDED_FROM_COMPLIANCE_MODULE,NOT_MODELED_PHASE1,NOT_MODELED_PHASE1,NOT_MODELED_PHASE1,FINANCING_CHANNEL_SEPARATE,FINANCING_CHANNEL_SEPARATE,MODEL_CONTINGENT_STRESS_TEST_ONLY
zero_rate_admin_retained,0,0,retained,retained,0,0.001,0.75,0,3,0,0,0,0,0,0,EXCLUDED_FROM_COMPLIANCE_MODULE,NOT_MODELED_PHASE1,NOT_MODELED_PHASE1,NOT_MODELED_PHASE1,FINANCING_CHANNEL_SEPARATE,FINANCING_CHANNEL_SEPARATE,MODEL_CONTINGENT_STRESS_TEST_ONLY
zero_rate_admin_retained,0,0,retained,retained,0,0.001,0.75,0,5,0,0,0,0,0,0,EXCLUDED_FROM_COMPLIANCE_MODULE,NOT_MODELED_PHASE1,NOT_MODELED_PHASE1,NOT_MODELED_PHASE1,FINANCING_CHANNEL_SEPARATE,FINANCING_CHANNEL_SEPARATE,MODEL_CONTINGENT_STRESS_TEST_ONLY
zero_rate_admin_retained,0,0,retained,retained,0,0.001,0.75,0.00025,1,0,0,0,0,0,0,EXCLUDED_FROM_COMPLIANCE_MODULE,NOT_MODELED_PHASE1,NOT_MODELED_PHASE1,NOT_MODELED_PHASE1,FINANCING_CHANNEL_SEPARATE,FINANCING_CHANNEL_SEPARATE,MODEL_CONTINGENT_STRESS_TEST_ONLY
zero_rate_admin_retained,0,0,retained,retained,0,0.001,0.75,0.00025,3,0,0,0,0,0,0,EXCLUDED_FROM_COMPLIANCE_MODULE,NOT_MODELED_PHASE1,NOT_MODELED_PHASE1,NOT_MODELED_PHASE1,FINANCING_CHANNEL_SEPARATE,FINANCING_CHANNEL_SEPARATE,MODEL_CONTINGENT_STRESS_TEST_ONLY
zero_rate_admin_retained,0,0,retained,retained,0,0.001,0.75,0.00025,5,0,0,0,0,0,0,EXCLUDED_FROM_COMPLIANCE_MODULE,NOT_MODELED_PHASE1,NOT_MODELED_PHASE1,NOT_MODELED_PHASE1,FINANCING_CHANNEL_SEPARATE,FINANCING_CHANNEL_SEPARATE,MODEL_CONTINGENT_STRESS_TEST_ONLY
zero_rate_admin_retained,0,0,retained,retained,0,0.001,0.75,0.0005,1,0,0,0,0,0,0,EXCLUDED_FROM_COMPLIANCE_MODULE,NOT_MODELED_PHASE1,NOT_MODELED_PHASE1,NOT_MODELED_PHASE1,FINANCING_CHANNEL_SEPARATE,FINANCING_CHANNEL_SEPARATE,MODEL_CONTINGENT_STRESS_TEST_ONLY
zero_rate_admin_retained,0,0,retained,retained,0,0.001,0.75,0.0005,3,0,0,0,0,0,0,EXCLUDED_FROM_COMPLIANCE_MODULE,NOT_MODELED_PHASE1,NOT_MODELED_PHASE1,NOT_MODELED_PHASE1,FINANCING_CHANNEL_SEPARATE,FINANCING_CHANNEL_SEPARATE,MODEL_CONTINGENT_STRESS_TEST_ONLY
zero_rate_admin_retained,0,0,retained,retained,0,0.001,0.75,0.0005,5,0,0,0,0,0,0,EXCLUDED_FROM_COMPLIANCE_MODULE,NOT_MODELED_PHASE1,NOT_MODELED_PHASE1,NOT_MODELED_PHASE1,FINANCING_CHANNEL_SEPARATE,FINANCING_CHANNEL_SEPARATE,MODEL_CONTINGENT_STRESS_TEST_ONLY
zero_rate_admin_retained,0,0,retained,retained,0,0.001,0.75,0.001,1,0,0,0,0,0,0,EXCLUDED_FROM_COMPLIANCE_MODULE,NOT_MODELED_PHASE1,NOT_MODELED_PHASE1,NOT_MODELED_PHASE1,FINANCING_CHANNEL_SEPARATE,FINANCING_CHANNEL_SEPARATE,MODEL_CONTINGENT_STRESS_TEST_ONLY
zero_rate_admin_retained,0,0,retained,retained,0,0.001,0.75,0.001,3,0,0,0,0,0,0,EXCLUDED_FROM_COMPLIANCE_MODULE,NOT_MODELED_PHASE1,NOT_MODELED_PHASE1,NOT_MODELED_PHASE1,FINANCING_CHANNEL_SEPARATE,FINANCING_CHANNEL_SEPARATE,MODEL_CONTINGENT_STRESS_TEST_ONLY
zero_rate_admin_retained,0,0,retained,retained,0,0.001,0.75,0.001,5,0,0,0,0,0,0,EXCLUDED_FROM_COMPLIANCE_MODULE,NOT_MODELED_PHASE1,NOT_MODELED_PHASE1,NOT_MODELED_PHASE1,FINANCING_CHANNEL_SEPARATE,FINANCING_CHANNEL_SEPARATE,MODEL_CONTINGENT_STRESS_TEST_ONLY
zero_rate_admin_retained,0,0,retained,retained,0,0.001,1,0,1,0,0,0,0,0,0,EXCLUDED_FROM_COMPLIANCE_MODULE,NOT_MODELED_PHASE1,NOT_MODELED_PHASE1,NOT_MODELED_PHASE1,FINANCING_CHANNEL_SEPARATE,FINANCING_CHANNEL_SEPARATE,MODEL_CONTINGENT_STRESS_TEST_ONLY
zero_rate_admin_retained,0,0,retained,retained,0,0.001,1,0,3,0,0,0,0,0,0,EXCLUDED_FROM_COMPLIANCE_MODULE,NOT_MODELED_PHASE1,NOT_MODELED_PHASE1,NOT_MODELED_PHASE1,FINANCING_CHANNEL_SEPARATE,FINANCING_CHANNEL_SEPARATE,MODEL_CONTINGENT_STRESS_TEST_ONLY
zero_rate_admin_retained,0,0,retained,retained,0,0.001,1,0,5,0,0,0,0,0,0,EXCLUDED_FROM_COMPLIANCE_MODULE,NOT_MODELED_PHASE1,NOT_MODELED_PHASE1,NOT_MODELED_PHASE1,FINANCING_CHANNEL_SEPARATE,FINANCING_CHANNEL_SEPARATE,MODEL_CONTINGENT_STRESS_TEST_ONLY
zero_rate_admin_retained,0,0,retained,retained,0,0.001,1,0.00025,1,0,0,0,0,0,0,EXCLUDED_FROM_COMPLIANCE_MODULE,NOT_MODELED_PHASE1,NOT_MODELED_PHASE1,NOT_MODELED_PHASE1,FINANCING_CHANNEL_SEPARATE,FINANCING_CHANNEL_SEPARATE,MODEL_CONTINGENT_STRESS_TEST_ONLY
zero_rate_admin_retained,0,0,retained,retained,0,0.001,1,0.00025,3,0,0,0,0,0,0,EXCLUDED_FROM_COMPLIANCE_MODULE,NOT_MODELED_PHASE1,NOT_MODELED_PHASE1,NOT_MODELED_PHASE1,FINANCING_CHANNEL_SEPARATE,FINANCING_CHANNEL_SEPARATE,MODEL_CONTINGENT_STRESS_TEST_ONLY
zero_rate_admin_retained,0,0,retained,retained,0,0.001,1,0.00025,5,0,0,0,0,0,0,EXCLUDED_FROM_COMPLIANCE_MODULE,NOT_MODELED_PHASE1,NOT_MODELED_PHASE1,NOT_MODELED_PHASE1,FINANCING_CHANNEL_SEPARATE,FINANCING_CHANNEL_SEPARATE,MODEL_CONTINGENT_STRESS_TEST_ONLY
zero_rate_admin_retained,0,0,retained,retained,0,0.001,1,0.0005,1,0,0,0,0,0,0,EXCLUDED_FROM_COMPLIANCE_MODULE,NOT_MODELED_PHASE1,NOT_MODELED_PHASE1,NOT_MODELED_PHASE1,FINANCING_CHANNEL_SEPARATE,FINANCING_CHANNEL_SEPARATE,MODEL_CONTINGENT_STRESS_TEST_ONLY
zero_rate_admin_retained,0,0,retained,retained,0,0.001,1,0.0005,3,0,0,0,0,0,0,EXCLUDED_FROM_COMPLIANCE_MODULE,NOT_MODELED_PHASE1,NOT_MODELED_PHASE1,NOT_MODELED_PHASE1,FINANCING_CHANNEL_SEPARATE,FINANCING_CHANNEL_SEPARATE,MODEL_CONTINGENT_STRESS_TEST_ONLY
zero_rate_admin_retained,0,0,retained,retained,0,0.001,1,0.0005,5,0,0,0,0,0,0,EXCLUDED_FROM_COMPLIANCE_MODULE,NOT_MODELED_PHASE1,NOT_MODELED_PHASE1,NOT_MODELED_PHASE1,FINANCING_CHANNEL_SEPARATE,FINANCING_CHANNEL_SEPARATE,MODEL_CONTINGENT_STRESS_TEST_ONLY
zero_rate_admin_retained,0,0,retained,retained,0,0.001,1,0.001,1,0,0,0,0,0,0,EXCLUDED_FROM_COMPLIANCE_MODULE,NOT_MODELED_PHASE1,NOT_MODELED_PHASE1,NOT_MODELED_PHASE1,FINANCING_CHANNEL_SEPARATE,FINANCING_CHANNEL_SEPARATE,MODEL_CONTINGENT_STRESS_TEST_ONLY
zero_rate_admin_retained,0,0,retained,retained,0,0.001,1,0.001,3,0,0,0,0,0,0,EXCLUDED_FROM_COMPLIANCE_MODULE,NOT_MODELED_PHASE1,NOT_MODELED_PHASE1,NOT_MODELED_PHASE1,FINANCING_CHANNEL_SEPARATE,FINANCING_CHANNEL_SEPARATE,MODEL_CONTINGENT_STRESS_TEST_ONLY
zero_rate_admin_retained,0,0,retained,retained,0,0.001,1,0.001,5,0,0,0,0,0,0,EXCLUDED_FROM_COMPLIANCE_MODULE,NOT_MODELED_PHASE1,NOT_MODELED_PHASE1,NOT_MODELED_PHASE1,FINANCING_CHANNEL_SEPARATE,FINANCING_CHANNEL_SEPARATE,MODEL_CONTINGENT_STRESS_TEST_ONLY
zero_rate_admin_retained,0,0,retained,retained,0,0.0025,0,0,1,0,0,0,0,0,0,EXCLUDED_FROM_COMPLIANCE_MODULE,NOT_MODELED_PHASE1,NOT_MODELED_PHASE1,NOT_MODELED_PHASE1,FINANCING_CHANNEL_SEPARATE,FINANCING_CHANNEL_SEPARATE,MODEL_CONTINGENT_STRESS_TEST_ONLY
zero_rate_admin_retained,0,0,retained,retained,0,0.0025,0,0,3,0,0,0,0,0,0,EXCLUDED_FROM_COMPLIANCE_MODULE,NOT_MODELED_PHASE1,NOT_MODELED_PHASE1,NOT_MODELED_PHASE1,FINANCING_CHANNEL_SEPARATE,FINANCING_CHANNEL_SEPARATE,MODEL_CONTINGENT_STRESS_TEST_ONLY
zero_rate_admin_retained,0,0,retained,retained,0,0.0025,0,0,5,0,0,0,0,0,0,EXCLUDED_FROM_COMPLIANCE_MODULE,NOT_MODELED_PHASE1,NOT_MODELED_PHASE1,NOT_MODELED_PHASE1,FINANCING_CHANNEL_SEPARATE,FINANCING_CHANNEL_SEPARATE,MODEL_CONTINGENT_STRESS_TEST_ONLY
zero_rate_admin_retained,0,0,retained,retained,0,0.0025,0,0.00025,1,0,0,0,0,0,0,EXCLUDED_FROM_COMPLIANCE_MODULE,NOT_MODELED_PHASE1,NOT_MODELED_PHASE1,NOT_MODELED_PHASE1,FINANCING_CHANNEL_SEPARATE,FINANCING_CHANNEL_SEPARATE,MODEL_CONTINGENT_STRESS_TEST_ONLY
zero_rate_admin_retained,0,0,retained,retained,0,0.0025,0,0.00025,3,0,0,0,0,0,0,EXCLUDED_FROM_COMPLIANCE_MODULE,NOT_MODELED_PHASE1,NOT_MODELED_PHASE1,NOT_MODELED_PHASE1,FINANCING_CHANNEL_SEPARATE,FINANCING_CHANNEL_SEPARATE,MODEL_CONTINGENT_STRESS_TEST_ONLY
zero_rate_admin_retained,0,0,retained,retained,0,0.0025,0,0.00025,5,0,0,0,0,0,0,EXCLUDED_FROM_COMPLIANCE_MODULE,NOT_MODELED_PHASE1,NOT_MODELED_PHASE1,NOT_MODELED_PHASE1,FINANCING_CHANNEL_SEPARATE,FINANCING_CHANNEL_SEPARATE,MODEL_CONTINGENT_STRESS_TEST_ONLY
zero_rate_admin_retained,0,0,retained,retained,0,0.0025,0,0.0005,1,0,0,0,0,0,0,EXCLUDED_FROM_COMPLIANCE_MODULE,NOT_MODELED_PHASE1,NOT_MODELED_PHASE1,NOT_MODELED_PHASE1,FINANCING_CHANNEL_SEPARATE,FINANCING_CHANNEL_SEPARATE,MODEL_CONTINGENT_STRESS_TEST_ONLY
zero_rate_admin_retained,0,0,retained,retained,0,0.0025,0,0.0005,3,0,0,0,0,0,0,EXCLUDED_FROM_COMPLIANCE_MODULE,NOT_MODELED_PHASE1,NOT_MODELED_PHASE1,NOT_MODELED_PHASE1,FINANCING_CHANNEL_SEPARATE,FINANCING_CHANNEL_SEPARATE,MODEL_CONTINGENT_STRESS_TEST_ONLY
zero_rate_admin_retained,0,0,retained,retained,0,0.0025,0,0.0005,5,0,0,0,0,0,0,EXCLUDED_FROM_COMPLIANCE_MODULE,NOT_MODELED_PHASE1,NOT_MODELED_PHASE1,NOT_MODELED_PHASE1,FINANCING_CHANNEL_SEPARATE,FINANCING_CHANNEL_SEPARATE,MODEL_CONTINGENT_STRESS_TEST_ONLY
zero_rate_admin_retained,0,0,retained,retained,0,0.0025,0,0.001,1,0,0,0,0,0,0,EXCLUDED_FROM_COMPLIANCE_MODULE,NOT_MODELED_PHASE1,NOT_MODELED_PHASE1,NOT_MODELED_PHASE1,FINANCING_CHANNEL_SEPARATE,FINANCING_CHANNEL_SEPARATE,MODEL_CONTINGENT_STRESS_TEST_ONLY
zero_rate_admin_retained,0,0,retained,retained,0,0.0025,0,0.001,3,0,0,0,0,0,0,EXCLUDED_FROM_COMPLIANCE_MODULE,NOT_MODELED_PHASE1,NOT_MODELED_PHASE1,NOT_MODELED_PHASE1,FINANCING_CHANNEL_SEPARATE,FINANCING_CHANNEL_SEPARATE,MODEL_CONTINGENT_STRESS_TEST_ONLY
zero_rate_admin_retained,0,0,retained,retained,0,0.0025,0,0.001,5,0,0,0,0,0,0,EXCLUDED_FROM_COMPLIANCE_MODULE,NOT_MODELED_PHASE1,NOT_MODELED_PHASE1,NOT_MODELED_PHASE1,FINANCING_CHANNEL_SEPARATE,FINANCING_CHANNEL_SEPARATE,MODEL_CONTINGENT_STRESS_TEST_ONLY
zero_rate_admin_retained,0,0,retained,retained,0,0.0025,0.25,0,1,0,0,0,0,0,0,EXCLUDED_FROM_COMPLIANCE_MODULE,NOT_MODELED_PHASE1,NOT_MODELED_PHASE1,NOT_MODELED_PHASE1,FINANCING_CHANNEL_SEPARATE,FINANCING_CHANNEL_SEPARATE,MODEL_CONTINGENT_STRESS_TEST_ONLY
zero_rate_admin_retained,0,0,retained,retained,0,0.0025,0.25,0,3,0,0,0,0,0,0,EXCLUDED_FROM_COMPLIANCE_MODULE,NOT_MODELED_PHASE1,NOT_MODELED_PHASE1,NOT_MODELED_PHASE1,FINANCING_CHANNEL_SEPARATE,FINANCING_CHANNEL_SEPARATE,MODEL_CONTINGENT_STRESS_TEST_ONLY
zero_rate_admin_retained,0,0,retained,retained,0,0.0025,0.25,0,5,0,0,0,0,0,0,EXCLUDED_FROM_COMPLIANCE_MODULE,NOT_MODELED_PHASE1,NOT_MODELED_PHASE1,NOT_MODELED_PHASE1,FINANCING_CHANNEL_SEPARATE,FINANCING_CHANNEL_SEPARATE,MODEL_CONTINGENT_STRESS_TEST_ONLY
zero_rate_admin_retained,0,0,retained,retained,0,0.0025,0.25,0.00025,1,0,0,0,0,0,0,EXCLUDED_FROM_COMPLIANCE_MODULE,NOT_MODELED_PHASE1,NOT_MODELED_PHASE1,NOT_MODELED_PHASE1,FINANCING_CHANNEL_SEPARATE,FINANCING_CHANNEL_SEPARATE,MODEL_CONTINGENT_STRESS_TEST_ONLY
zero_rate_admin_retained,0,0,retained,retained,0,0.0025,0.25,0.00025,3,0,0,0,0,0,0,EXCLUDED_FROM_COMPLIANCE_MODULE,NOT_MODELED_PHASE1,NOT_MODELED_PHASE1,NOT_MODELED_PHASE1,FINANCING_CHANNEL_SEPARATE,FINANCING_CHANNEL_SEPARATE,MODEL_CONTINGENT_STRESS_TEST_ONLY
zero_rate_admin_retained,0,0,retained,retained,0,0.0025,0.25,0.00025,5,0,0,0,0,0,0,EXCLUDED_FROM_COMPLIANCE_MODULE,NOT_MODELED_PHASE1,NOT_MODELED_PHASE1,NOT_MODELED_PHASE1,FINANCING_CHANNEL_SEPARATE,FINANCING_CHANNEL_SEPARATE,MODEL_CONTINGENT_STRESS_TEST_ONLY
zero_rate_admin_retained,0,0,retained,retained,0,0.0025,0.25,0.0005,1,0,0,0,0,0,0,EXCLUDED_FROM_COMPLIANCE_MODULE,NOT_MODELED_PHASE1,NOT_MODELED_PHASE1,NOT_MODELED_PHASE1,FINANCING_CHANNEL_SEPARATE,FINANCING_CHANNEL_SEPARATE,MODEL_CONTINGENT_STRESS_TEST_ONLY
zero_rate_admin_retained,0,0,retained,retained,0,0.0025,0.25,0.0005,3,0,0,0,0,0,0,EXCLUDED_FROM_COMPLIANCE_MODULE,NOT_MODELED_PHASE1,NOT_MODELED_PHASE1,NOT_MODELED_PHASE1,FINANCING_CHANNEL_SEPARATE,FINANCING_CHANNEL_SEPARATE,MODEL_CONTINGENT_STRESS_TEST_ONLY
zero_rate_admin_retained,0,0,retained,retained,0,0.0025,0.25,0.0005,5,0,0,0,0,0,0,EXCLUDED_FROM_COMPLIANCE_MODULE,NOT_MODELED_PHASE1,NOT_MODELED_PHASE1,NOT_MODELED_PHASE1,FINANCING_CHANNEL_SEPARATE,FINANCING_CHANNEL_SEPARATE,MODEL_CONTINGENT_STRESS_TEST_ONLY
zero_rate_admin_retained,0,0,retained,retained,0,0.0025,0.25,0.001,1,0,0,0,0,0,0,EXCLUDED_FROM_COMPLIANCE_MODULE,NOT_MODELED_PHASE1,NOT_MODELED_PHASE1,NOT_MODELED_PHASE1,FINANCING_CHANNEL_SEPARATE,FINANCING_CHANNEL_SEPARATE,MODEL_CONTINGENT_STRESS_TEST_ONLY
zero_rate_admin_retained,0,0,retained,retained,0,0.0025,0.25,0.001,3,0,0,0,0,0,0,EXCLUDED_FROM_COMPLIANCE_MODULE,NOT_MODELED_PHASE1,NOT_MODELED_PHASE1,NOT_MODELED_PHASE1,FINANCING_CHANNEL_SEPARATE,FINANCING_CHANNEL_SEPARATE,MODEL_CONTINGENT_STRESS_TEST_ONLY
zero_rate_admin_retained,0,0,retained,retained,0,0.0025,0.25,0.001,5,0,0,0,0,0,0,EXCLUDED_FROM_COMPLIANCE_MODULE,NOT_MODELED_PHASE1,NOT_MODELED_PHASE1,NOT_MODELED_PHASE1,FINANCING_CHANNEL_SEPARATE,FINANCING_CHANNEL_SEPARATE,MODEL_CONTINGENT_STRESS_TEST_ONLY
zero_rate_admin_retained,0,0,retained,retained,0,0.0025,0.5,0,1,0,0,0,0,0,0,EXCLUDED_FROM_COMPLIANCE_MODULE,NOT_MODELED_PHASE1,NOT_MODELED_PHASE1,NOT_MODELED_PHASE1,FINANCING_CHANNEL_SEPARATE,FINANCING_CHANNEL_SEPARATE,MODEL_CONTINGENT_STRESS_TEST_ONLY
zero_rate_admin_retained,0,0,retained,retained,0,0.0025,0.5,0,3,0,0,0,0,0,0,EXCLUDED_FROM_COMPLIANCE_MODULE,NOT_MODELED_PHASE1,NOT_MODELED_PHASE1,NOT_MODELED_PHASE1,FINANCING_CHANNEL_SEPARATE,FINANCING_CHANNEL_SEPARATE,MODEL_CONTINGENT_STRESS_TEST_ONLY
zero_rate_admin_retained,0,0,retained,retained,0,0.0025,0.5,0,5,0,0,0,0,0,0,EXCLUDED_FROM_COMPLIANCE_MODULE,NOT_MODELED_PHASE1,NOT_MODELED_PHASE1,NOT_MODELED_PHASE1,FINANCING_CHANNEL_SEPARATE,FINANCING_CHANNEL_SEPARATE,MODEL_CONTINGENT_STRESS_TEST_ONLY
zero_rate_admin_retained,0,0,retained,retained,0,0.0025,0.5,0.00025,1,0,0,0,0,0,0,EXCLUDED_FROM_COMPLIANCE_MODULE,NOT_MODELED_PHASE1,NOT_MODELED_PHASE1,NOT_MODELED_PHASE1,FINANCING_CHANNEL_SEPARATE,FINANCING_CHANNEL_SEPARATE,MODEL_CONTINGENT_STRESS_TEST_ONLY
zero_rate_admin_retained,0,0,retained,retained,0,0.0025,0.5,0.00025,3,0,0,0,0,0,0,EXCLUDED_FROM_COMPLIANCE_MODULE,NOT_MODELED_PHASE1,NOT_MODELED_PHASE1,NOT_MODELED_PHASE1,FINANCING_CHANNEL_SEPARATE,FINANCING_CHANNEL_SEPARATE,MODEL_CONTINGENT_STRESS_TEST_ONLY
zero_rate_admin_retained,0,0,retained,retained,0,0.0025,0.5,0.00025,5,0,0,0,0,0,0,EXCLUDED_FROM_COMPLIANCE_MODULE,NOT_MODELED_PHASE1,NOT_MODELED_PHASE1,NOT_MODELED_PHASE1,FINANCING_CHANNEL_SEPARATE,FINANCING_CHANNEL_SEPARATE,MODEL_CONTINGENT_STRESS_TEST_ONLY
zero_rate_admin_retained,0,0,retained,retained,0,0.0025,0.5,0.0005,1,0,0,0,0,0,0,EXCLUDED_FROM_COMPLIANCE_MODULE,NOT_MODELED_PHASE1,NOT_MODELED_PHASE1,NOT_MODELED_PHASE1,FINANCING_CHANNEL_SEPARATE,FINANCING_CHANNEL_SEPARATE,MODEL_CONTINGENT_STRESS_TEST_ONLY
zero_rate_admin_retained,0,0,retained,retained,0,0.0025,0.5,0.0005,3,0,0,0,0,0,0,EXCLUDED_FROM_COMPLIANCE_MODULE,NOT_MODELED_PHASE1,NOT_MODELED_PHASE1,NOT_MODELED_PHASE1,FINANCING_CHANNEL_SEPARATE,FINANCING_CHANNEL_SEPARATE,MODEL_CONTINGENT_STRESS_TEST_ONLY
zero_rate_admin_retained,0,0,retained,retained,0,0.0025,0.5,0.0005,5,0,0,0,0,0,0,EXCLUDED_FROM_COMPLIANCE_MODULE,NOT_MODELED_PHASE1,NOT_MODELED_PHASE1,NOT_MODELED_PHASE1,FINANCING_CHANNEL_SEPARATE,FINANCING_CHANNEL_SEPARATE,MODEL_CONTINGENT_STRESS_TEST_ONLY
zero_rate_admin_retained,0,0,retained,retained,0,0.0025,0.5,0.001,1,0,0,0,0,0,0,EXCLUDED_FROM_COMPLIANCE_MODULE,NOT_MODELED_PHASE1,NOT_MODELED_PHASE1,NOT_MODELED_PHASE1,FINANCING_CHANNEL_SEPARATE,FINANCING_CHANNEL_SEPARATE,MODEL_CONTINGENT_STRESS_TEST_ONLY
zero_rate_admin_retained,0,0,retained,retained,0,0.0025,0.5,0.001,3,0,0,0,0,0,0,EXCLUDED_FROM_COMPLIANCE_MODULE,NOT_MODELED_PHASE1,NOT_MODELED_PHASE1,NOT_MODELED_PHASE1,FINANCING_CHANNEL_SEPARATE,FINANCING_CHANNEL_SEPARATE,MODEL_CONTINGENT_STRESS_TEST_ONLY
zero_rate_admin_retained,0,0,retained,retained,0,0.0025,0.5,0.001,5,0,0,0,0,0,0,EXCLUDED_FROM_COMPLIANCE_MODULE,NOT_MODELED_PHASE1,NOT_MODELED_PHASE1,NOT_MODELED_PHASE1,FINANCING_CHANNEL_SEPARATE,FINANCING_CHANNEL_SEPARATE,MODEL_CONTINGENT_STRESS_TEST_ONLY
zero_rate_admin_retained,0,0,retained,retained,0,0.0025,0.75,0,1,0,0,0,0,0,0,EXCLUDED_FROM_COMPLIANCE_MODULE,NOT_MODELED_PHASE1,NOT_MODELED_PHASE1,NOT_MODELED_PHASE1,FINANCING_CHANNEL_SEPARATE,FINANCING_CHANNEL_SEPARATE,MODEL_CONTINGENT_STRESS_TEST_ONLY
zero_rate_admin_retained,0,0,retained,retained,0,0.0025,0.75,0,3,0,0,0,0,0,0,EXCLUDED_FROM_COMPLIANCE_MODULE,NOT_MODELED_PHASE1,NOT_MODELED_PHASE1,NOT_MODELED_PHASE1,FINANCING_CHANNEL_SEPARATE,FINANCING_CHANNEL_SEPARATE,MODEL_CONTINGENT_STRESS_TEST_ONLY
zero_rate_admin_retained,0,0,retained,retained,0,0.0025,0.75,0,5,0,0,0,0,0,0,EXCLUDED_FROM_COMPLIANCE_MODULE,NOT_MODELED_PHASE1,NOT_MODELED_PHASE1,NOT_MODELED_PHASE1,FINANCING_CHANNEL_SEPARATE,FINANCING_CHANNEL_SEPARATE,MODEL_CONTINGENT_STRESS_TEST_ONLY
zero_rate_admin_retained,0,0,retained,retained,0,0.0025,0.75,0.00025,1,0,0,0,0,0,0,EXCLUDED_FROM_COMPLIANCE_MODULE,NOT_MODELED_PHASE1,NOT_MODELED_PHASE1,NOT_MODELED_PHASE1,FINANCING_CHANNEL_SEPARATE,FINANCING_CHANNEL_SEPARATE,MODEL_CONTINGENT_STRESS_TEST_ONLY
zero_rate_admin_retained,0,0,retained,retained,0,0.0025,0.75,0.00025,3,0,0,0,0,0,0,EXCLUDED_FROM_COMPLIANCE_MODULE,NOT_MODELED_PHASE1,NOT_MODELED_PHASE1,NOT_MODELED_PHASE1,FINANCING_CHANNEL_SEPARATE,FINANCING_CHANNEL_SEPARATE,MODEL_CONTINGENT_STRESS_TEST_ONLY
zero_rate_admin_retained,0,0,retained,retained,0,0.0025,0.75,0.00025,5,0,0,0,0,0,0,EXCLUDED_FROM_COMPLIANCE_MODULE,NOT_MODELED_PHASE1,NOT_MODELED_PHASE1,NOT_MODELED_PHASE1,FINANCING_CHANNEL_SEPARATE,FINANCING_CHANNEL_SEPARATE,MODEL_CONTINGENT_STRESS_TEST_ONLY
zero_rate_admin_retained,0,0,retained,retained,0,0.0025,0.75,0.0005,1,0,0,0,0,0,0,EXCLUDED_FROM_COMPLIANCE_MODULE,NOT_MODELED_PHASE1,NOT_MODELED_PHASE1,NOT_MODELED_PHASE1,FINANCING_CHANNEL_SEPARATE,FINANCING_CHANNEL_SEPARATE,MODEL_CONTINGENT_STRESS_TEST_ONLY
zero_rate_admin_retained,0,0,retained,retained,0,0.0025,0.75,0.0005,3,0,0,0,0,0,0,EXCLUDED_FROM_COMPLIANCE_MODULE,NOT_MODELED_PHASE1,NOT_MODELED_PHASE1,NOT_MODELED_PHASE1,FINANCING_CHANNEL_SEPARATE,FINANCING_CHANNEL_SEPARATE,MODEL_CONTINGENT_STRESS_TEST_ONLY
zero_rate_admin_retained,0,0,retained,retained,0,0.0025,0.75,0.0005,5,0,0,0,0,0,0,EXCLUDED_FROM_COMPLIANCE_MODULE,NOT_MODELED_PHASE1,NOT_MODELED_PHASE1,NOT_MODELED_PHASE1,FINANCING_CHANNEL_SEPARATE,FINANCING_CHANNEL_SEPARATE,MODEL_CONTINGENT_STRESS_TEST_ONLY
zero_rate_admin_retained,0,0,retained,retained,0,0.0025,0.75,0.001,1,0,0,0,0,0,0,EXCLUDED_FROM_COMPLIANCE_MODULE,NOT_MODELED_PHASE1,NOT_MODELED_PHASE1,NOT_MODELED_PHASE1,FINANCING_CHANNEL_SEPARATE,FINANCING_CHANNEL_SEPARATE,MODEL_CONTINGENT_STRESS_TEST_ONLY
zero_rate_admin_retained,0,0,retained,retained,0,0.0025,0.75,0.001,3,0,0,0,0,0,0,EXCLUDED_FROM_COMPLIANCE_MODULE,NOT_MODELED_PHASE1,NOT_MODELED_PHASE1,NOT_MODELED_PHASE1,FINANCING_CHANNEL_SEPARATE,FINANCING_CHANNEL_SEPARATE,MODEL_CONTINGENT_STRESS_TEST_ONLY
zero_rate_admin_retained,0,0,retained,retained,0,0.0025,0.75,0.001,5,0,0,0,0,0,0,EXCLUDED_FROM_COMPLIANCE_MODULE,NOT_MODELED_PHASE1,NOT_MODELED_PHASE1,NOT_MODELED_PHASE1,FINANCING_CHANNEL_SEPARATE,FINANCING_CHANNEL_SEPARATE,MODEL_CONTINGENT_STRESS_TEST_ONLY
zero_rate_admin_retained,0,0,retained,retained,0,0.0025,1,0,1,0,0,0,0,0,0,EXCLUDED_FROM_COMPLIANCE_MODULE,NOT_MODELED_PHASE1,NOT_MODELED_PHASE1,NOT_MODELED_PHASE1,FINANCING_CHANNEL_SEPARATE,FINANCING_CHANNEL_SEPARATE,MODEL_CONTINGENT_STRESS_TEST_ONLY
zero_rate_admin_retained,0,0,retained,retained,0,0.0025,1,0,3,0,0,0,0,0,0,EXCLUDED_FROM_COMPLIANCE_MODULE,NOT_MODELED_PHASE1,NOT_MODELED_PHASE1,NOT_MODELED_PHASE1,FINANCING_CHANNEL_SEPARATE,FINANCING_CHANNEL_SEPARATE,MODEL_CONTINGENT_STRESS_TEST_ONLY
zero_rate_admin_retained,0,0,retained,retained,0,0.0025,1,0,5,0,0,0,0,0,0,EXCLUDED_FROM_COMPLIANCE_MODULE,NOT_MODELED_PHASE1,NOT_MODELED_PHASE1,NOT_MODELED_PHASE1,FINANCING_CHANNEL_SEPARATE,FINANCING_CHANNEL_SEPARATE,MODEL_CONTINGENT_STRESS_TEST_ONLY
zero_rate_admin_retained,0,0,retained,retained,0,0.0025,1,0.00025,1,0,0,0,0,0,0,EXCLUDED_FROM_COMPLIANCE_MODULE,NOT_MODELED_PHASE1,NOT_MODELED_PHASE1,NOT_MODELED_PHASE1,FINANCING_CHANNEL_SEPARATE,FINANCING_CHANNEL_SEPARATE,MODEL_CONTINGENT_STRESS_TEST_ONLY
zero_rate_admin_retained,0,0,retained,retained,0,0.0025,1,0.00025,3,0,0,0,0,0,0,EXCLUDED_FROM_COMPLIANCE_MODULE,NOT_MODELED_PHASE1,NOT_MODELED_PHASE1,NOT_MODELED_PHASE1,FINANCING_CHANNEL_SEPARATE,FINANCING_CHANNEL_SEPARATE,MODEL_CONTINGENT_STRESS_TEST_ONLY
zero_rate_admin_retained,0,0,retained,retained,0,0.0025,1,0.00025,5,0,0,0,0,0,0,EXCLUDED_FROM_COMPLIANCE_MODULE,NOT_MODELED_PHASE1,NOT_MODELED_PHASE1,NOT_MODELED_PHASE1,FINANCING_CHANNEL_SEPARATE,FINANCING_CHANNEL_SEPARATE,MODEL_CONTINGENT_STRESS_TEST_ONLY
zero_rate_admin_retained,0,0,retained,retained,0,0.0025,1,0.0005,1,0,0,0,0,0,0,EXCLUDED_FROM_COMPLIANCE_MODULE,NOT_MODELED_PHASE1,NOT_MODELED_PHASE1,NOT_MODELED_PHASE1,FINANCING_CHANNEL_SEPARATE,FINANCING_CHANNEL_SEPARATE,MODEL_CONTINGENT_STRESS_TEST_ONLY
zero_rate_admin_retained,0,0,retained,retained,0,0.0025,1,0.0005,3,0,0,0,0,0,0,EXCLUDED_FROM_COMPLIANCE_MODULE,NOT_MODELED_PHASE1,NOT_MODELED_PHASE1,NOT_MODELED_PHASE1,FINANCING_CHANNEL_SEPARATE,FINANCING_CHANNEL_SEPARATE,MODEL_CONTINGENT_STRESS_TEST_ONLY
zero_rate_admin_retained,0,0,retained,retained,0,0.0025,1,0.0005,5,0,0,0,0,0,0,EXCLUDED_FROM_COMPLIANCE_MODULE,NOT_MODELED_PHASE1,NOT_MODELED_PHASE1,NOT_MODELED_PHASE1,FINANCING_CHANNEL_SEPARATE,FINANCING_CHANNEL_SEPARATE,MODEL_CONTINGENT_STRESS_TEST_ONLY
zero_rate_admin_retained,0,0,retained,retained,0,0.0025,1,0.001,1,0,0,0,0,0,0,EXCLUDED_FROM_COMPLIANCE_MODULE,NOT_MODELED_PHASE1,NOT_MODELED_PHASE1,NOT_MODELED_PHASE1,FINANCING_CHANNEL_SEPARATE,FINANCING_CHANNEL_SEPARATE,MODEL_CONTINGENT_STRESS_TEST_ONLY
zero_rate_admin_retained,0,0,retained,retained,0,0.0025,1,0.001,3,0,0,0,0,0,0,EXCLUDED_FROM_COMPLIANCE_MODULE,NOT_MODELED_PHASE1,NOT_MODELED_PHASE1,NOT_MODELED_PHASE1,FINANCING_CHANNEL_SEPARATE,FINANCING_CHANNEL_SEPARATE,MODEL_CONTINGENT_STRESS_TEST_ONLY
zero_rate_admin_retained,0,0,retained,retained,0,0.0025,1,0.001,5,0,0,0,0,0,0,EXCLUDED_FROM_COMPLIANCE_MODULE,NOT_MODELED_PHASE1,NOT_MODELED_PHASE1,NOT_MODELED_PHASE1,FINANCING_CHANNEL_SEPARATE,FINANCING_CHANNEL_SEPARATE,MODEL_CONTINGENT_STRESS_TEST_ONLY
zero_rate_admin_retained,0,0,retained,retained,0,0.005,0,0,1,0,0,0,0,0,0,EXCLUDED_FROM_COMPLIANCE_MODULE,NOT_MODELED_PHASE1,NOT_MODELED_PHASE1,NOT_MODELED_PHASE1,FINANCING_CHANNEL_SEPARATE,FINANCING_CHANNEL_SEPARATE,MODEL_CONTINGENT_STRESS_TEST_ONLY
zero_rate_admin_retained,0,0,retained,retained,0,0.005,0,0,3,0,0,0,0,0,0,EXCLUDED_FROM_COMPLIANCE_MODULE,NOT_MODELED_PHASE1,NOT_MODELED_PHASE1,NOT_MODELED_PHASE1,FINANCING_CHANNEL_SEPARATE,FINANCING_CHANNEL_SEPARATE,MODEL_CONTINGENT_STRESS_TEST_ONLY
zero_rate_admin_retained,0,0,retained,retained,0,0.005,0,0,5,0,0,0,0,0,0,EXCLUDED_FROM_COMPLIANCE_MODULE,NOT_MODELED_PHASE1,NOT_MODELED_PHASE1,NOT_MODELED_PHASE1,FINANCING_CHANNEL_SEPARATE,FINANCING_CHANNEL_SEPARATE,MODEL_CONTINGENT_STRESS_TEST_ONLY
zero_rate_admin_retained,0,0,retained,retained,0,0.005,0,0.00025,1,0,0,0,0,0,0,EXCLUDED_FROM_COMPLIANCE_MODULE,NOT_MODELED_PHASE1,NOT_MODELED_PHASE1,NOT_MODELED_PHASE1,FINANCING_CHANNEL_SEPARATE,FINANCING_CHANNEL_SEPARATE,MODEL_CONTINGENT_STRESS_TEST_ONLY
zero_rate_admin_retained,0,0,retained,retained,0,0.005,0,0.00025,3,0,0,0,0,0,0,EXCLUDED_FROM_COMPLIANCE_MODULE,NOT_MODELED_PHASE1,NOT_MODELED_PHASE1,NOT_MODELED_PHASE1,FINANCING_CHANNEL_SEPARATE,FINANCING_CHANNEL_SEPARATE,MODEL_CONTINGENT_STRESS_TEST_ONLY
zero_rate_admin_retained,0,0,retained,retained,0,0.005,0,0.00025,5,0,0,0,0,0,0,EXCLUDED_FROM_COMPLIANCE_MODULE,NOT_MODELED_PHASE1,NOT_MODELED_PHASE1,NOT_MODELED_PHASE1,FINANCING_CHANNEL_SEPARATE,FINANCING_CHANNEL_SEPARATE,MODEL_CONTINGENT_STRESS_TEST_ONLY
zero_rate_admin_retained,0,0,retained,retained,0,0.005,0,0.0005,1,0,0,0,0,0,0,EXCLUDED_FROM_COMPLIANCE_MODULE,NOT_MODELED_PHASE1,NOT_MODELED_PHASE1,NOT_MODELED_PHASE1,FINANCING_CHANNEL_SEPARATE,FINANCING_CHANNEL_SEPARATE,MODEL_CONTINGENT_STRESS_TEST_ONLY
zero_rate_admin_retained,0,0,retained,retained,0,0.005,0,0.0005,3,0,0,0,0,0,0,EXCLUDED_FROM_COMPLIANCE_MODULE,NOT_MODELED_PHASE1,NOT_MODELED_PHASE1,NOT_MODELED_PHASE1,FINANCING_CHANNEL_SEPARATE,FINANCING_CHANNEL_SEPARATE,MODEL_CONTINGENT_STRESS_TEST_ONLY
zero_rate_admin_retained,0,0,retained,retained,0,0.005,0,0.0005,5,0,0,0,0,0,0,EXCLUDED_FROM_COMPLIANCE_MODULE,NOT_MODELED_PHASE1,NOT_MODELED_PHASE1,NOT_MODELED_PHASE1,FINANCING_CHANNEL_SEPARATE,FINANCING_CHANNEL_SEPARATE,MODEL_CONTINGENT_STRESS_TEST_ONLY
zero_rate_admin_retained,0,0,retained,retained,0,0.005,0,0.001,1,0,0,0,0,0,0,EXCLUDED_FROM_COMPLIANCE_MODULE,NOT_MODELED_PHASE1,NOT_MODELED_PHASE1,NOT_MODELED_PHASE1,FINANCING_CHANNEL_SEPARATE,FINANCING_CHANNEL_SEPARATE,MODEL_CONTINGENT_STRESS_TEST_ONLY
zero_rate_admin_retained,0,0,retained,retained,0,0.005,0,0.001,3,0,0,0,0,0,0,EXCLUDED_FROM_COMPLIANCE_MODULE,NOT_MODELED_PHASE1,NOT_MODELED_PHASE1,NOT_MODELED_PHASE1,FINANCING_CHANNEL_SEPARATE,FINANCING_CHANNEL_SEPARATE,MODEL_CONTINGENT_STRESS_TEST_ONLY
zero_rate_admin_retained,0,0,retained,retained,0,0.005,0,0.001,5,0,0,0,0,0,0,EXCLUDED_FROM_COMPLIANCE_MODULE,NOT_MODELED_PHASE1,NOT_MODELED_PHASE1,NOT_MODELED_PHASE1,FINANCING_CHANNEL_SEPARATE,FINANCING_CHANNEL_SEPARATE,MODEL_CONTINGENT_STRESS_TEST_ONLY
zero_rate_admin_retained,0,0,retained,retained,0,0.005,0.25,0,1,0,0,0,0,0,0,EXCLUDED_FROM_COMPLIANCE_MODULE,NOT_MODELED_PHASE1,NOT_MODELED_PHASE1,NOT_MODELED_PHASE1,FINANCING_CHANNEL_SEPARATE,FINANCING_CHANNEL_SEPARATE,MODEL_CONTINGENT_STRESS_TEST_ONLY
zero_rate_admin_retained,0,0,retained,retained,0,0.005,0.25,0,3,0,0,0,0,0,0,EXCLUDED_FROM_COMPLIANCE_MODULE,NOT_MODELED_PHASE1,NOT_MODELED_PHASE1,NOT_MODELED_PHASE1,FINANCING_CHANNEL_SEPARATE,FINANCING_CHANNEL_SEPARATE,MODEL_CONTINGENT_STRESS_TEST_ONLY
zero_rate_admin_retained,0,0,retained,retained,0,0.005,0.25,0,5,0,0,0,0,0,0,EXCLUDED_FROM_COMPLIANCE_MODULE,NOT_MODELED_PHASE1,NOT_MODELED_PHASE1,NOT_MODELED_PHASE1,FINANCING_CHANNEL_SEPARATE,FINANCING_CHANNEL_SEPARATE,MODEL_CONTINGENT_STRESS_TEST_ONLY
zero_rate_admin_retained,0,0,retained,retained,0,0.005,0.25,0.00025,1,0,0,0,0,0,0,EXCLUDED_FROM_COMPLIANCE_MODULE,NOT_MODELED_PHASE1,NOT_MODELED_PHASE1,NOT_MODELED_PHASE1,FINANCING_CHANNEL_SEPARATE,FINANCING_CHANNEL_SEPARATE,MODEL_CONTINGENT_STRESS_TEST_ONLY
zero_rate_admin_retained,0,0,retained,retained,0,0.005,0.25,0.00025,3,0,0,0,0,0,0,EXCLUDED_FROM_COMPLIANCE_MODULE,NOT_MODELED_PHASE1,NOT_MODELED_PHASE1,NOT_MODELED_PHASE1,FINANCING_CHANNEL_SEPARATE,FINANCING_CHANNEL_SEPARATE,MODEL_CONTINGENT_STRESS_TEST_ONLY
zero_rate_admin_retained,0,0,retained,retained,0,0.005,0.25,0.00025,5,0,0,0,0,0,0,EXCLUDED_FROM_COMPLIANCE_MODULE,NOT_MODELED_PHASE1,NOT_MODELED_PHASE1,NOT_MODELED_PHASE1,FINANCING_CHANNEL_SEPARATE,FINANCING_CHANNEL_SEPARATE,MODEL_CONTINGENT_STRESS_TEST_ONLY
zero_rate_admin_retained,0,0,retained,retained,0,0.005,0.25,0.0005,1,0,0,0,0,0,0,EXCLUDED_FROM_COMPLIANCE_MODULE,NOT_MODELED_PHASE1,NOT_MODELED_PHASE1,NOT_MODELED_PHASE1,FINANCING_CHANNEL_SEPARATE,FINANCING_CHANNEL_SEPARATE,MODEL_CONTINGENT_STRESS_TEST_ONLY
zero_rate_admin_retained,0,0,retained,retained,0,0.005,0.25,0.0005,3,0,0,0,0,0,0,EXCLUDED_FROM_COMPLIANCE_MODULE,NOT_MODELED_PHASE1,NOT_MODELED_PHASE1,NOT_MODELED_PHASE1,FINANCING_CHANNEL_SEPARATE,FINANCING_CHANNEL_SEPARATE,MODEL_CONTINGENT_STRESS_TEST_ONLY
zero_rate_admin_retained,0,0,retained,retained,0,0.005,0.25,0.0005,5,0,0,0,0,0,0,EXCLUDED_FROM_COMPLIANCE_MODULE,NOT_MODELED_PHASE1,NOT_MODELED_PHASE1,NOT_MODELED_PHASE1,FINANCING_CHANNEL_SEPARATE,FINANCING_CHANNEL_SEPARATE,MODEL_CONTINGENT_STRESS_TEST_ONLY
zero_rate_admin_retained,0,0,retained,retained,0,0.005,0.25,0.001,1,0,0,0,0,0,0,EXCLUDED_FROM_COMPLIANCE_MODULE,NOT_MODELED_PHASE1,NOT_MODELED_PHASE1,NOT_MODELED_PHASE1,FINANCING_CHANNEL_SEPARATE,FINANCING_CHANNEL_SEPARATE,MODEL_CONTINGENT_STRESS_TEST_ONLY
zero_rate_admin_retained,0,0,retained,retained,0,0.005,0.25,0.001,3,0,0,0,0,0,0,EXCLUDED_FROM_COMPLIANCE_MODULE,NOT_MODELED_PHASE1,NOT_MODELED_PHASE1,NOT_MODELED_PHASE1,FINANCING_CHANNEL_SEPARATE,FINANCING_CHANNEL_SEPARATE,MODEL_CONTINGENT_STRESS_TEST_ONLY
zero_rate_admin_retained,0,0,retained,retained,0,0.005,0.25,0.001,5,0,0,0,0,0,0,EXCLUDED_FROM_COMPLIANCE_MODULE,NOT_MODELED_PHASE1,NOT_MODELED_PHASE1,NOT_MODELED_PHASE1,FINANCING_CHANNEL_SEPARATE,FINANCING_CHANNEL_SEPARATE,MODEL_CONTINGENT_STRESS_TEST_ONLY
zero_rate_admin_retained,0,0,retained,retained,0,0.005,0.5,0,1,0,0,0,0,0,0,EXCLUDED_FROM_COMPLIANCE_MODULE,NOT_MODELED_PHASE1,NOT_MODELED_PHASE1,NOT_MODELED_PHASE1,FINANCING_CHANNEL_SEPARATE,FINANCING_CHANNEL_SEPARATE,MODEL_CONTINGENT_STRESS_TEST_ONLY
zero_rate_admin_retained,0,0,retained,retained,0,0.005,0.5,0,3,0,0,0,0,0,0,EXCLUDED_FROM_COMPLIANCE_MODULE,NOT_MODELED_PHASE1,NOT_MODELED_PHASE1,NOT_MODELED_PHASE1,FINANCING_CHANNEL_SEPARATE,FINANCING_CHANNEL_SEPARATE,MODEL_CONTINGENT_STRESS_TEST_ONLY
zero_rate_admin_retained,0,0,retained,retained,0,0.005,0.5,0,5,0,0,0,0,0,0,EXCLUDED_FROM_COMPLIANCE_MODULE,NOT_MODELED_PHASE1,NOT_MODELED_PHASE1,NOT_MODELED_PHASE1,FINANCING_CHANNEL_SEPARATE,FINANCING_CHANNEL_SEPARATE,MODEL_CONTINGENT_STRESS_TEST_ONLY
zero_rate_admin_retained,0,0,retained,retained,0,0.005,0.5,0.00025,1,0,0,0,0,0,0,EXCLUDED_FROM_COMPLIANCE_MODULE,NOT_MODELED_PHASE1,NOT_MODELED_PHASE1,NOT_MODELED_PHASE1,FINANCING_CHANNEL_SEPARATE,FINANCING_CHANNEL_SEPARATE,MODEL_CONTINGENT_STRESS_TEST_ONLY
zero_rate_admin_retained,0,0,retained,retained,0,0.005,0.5,0.00025,3,0,0,0,0,0,0,EXCLUDED_FROM_COMPLIANCE_MODULE,NOT_MODELED_PHASE1,NOT_MODELED_PHASE1,NOT_MODELED_PHASE1,FINANCING_CHANNEL_SEPARATE,FINANCING_CHANNEL_SEPARATE,MODEL_CONTINGENT_STRESS_TEST_ONLY
zero_rate_admin_retained,0,0,retained,retained,0,0.005,0.5,0.00025,5,0,0,0,0,0,0,EXCLUDED_FROM_COMPLIANCE_MODULE,NOT_MODELED_PHASE1,NOT_MODELED_PHASE1,NOT_MODELED_PHASE1,FINANCING_CHANNEL_SEPARATE,FINANCING_CHANNEL_SEPARATE,MODEL_CONTINGENT_STRESS_TEST_ONLY
zero_rate_admin_retained,0,0,retained,retained,0,0.005,0.5,0.0005,1,0,0,0,0,0,0,EXCLUDED_FROM_COMPLIANCE_MODULE,NOT_MODELED_PHASE1,NOT_MODELED_PHASE1,NOT_MODELED_PHASE1,FINANCING_CHANNEL_SEPARATE,FINANCING_CHANNEL_SEPARATE,MODEL_CONTINGENT_STRESS_TEST_ONLY
zero_rate_admin_retained,0,0,retained,retained,0,0.005,0.5,0.0005,3,0,0,0,0,0,0,EXCLUDED_FROM_COMPLIANCE_MODULE,NOT_MODELED_PHASE1,NOT_MODELED_PHASE1,NOT_MODELED_PHASE1,FINANCING_CHANNEL_SEPARATE,FINANCING_CHANNEL_SEPARATE,MODEL_CONTINGENT_STRESS_TEST_ONLY
zero_rate_admin_retained,0,0,retained,retained,0,0.005,0.5,0.0005,5,0,0,0,0,0,0,EXCLUDED_FROM_COMPLIANCE_MODULE,NOT_MODELED_PHASE1,NOT_MODELED_PHASE1,NOT_MODELED_PHASE1,FINANCING_CHANNEL_SEPARATE,FINANCING_CHANNEL_SEPARATE,MODEL_CONTINGENT_STRESS_TEST_ONLY
zero_rate_admin_retained,0,0,retained,retained,0,0.005,0.5,0.001,1,0,0,0,0,0,0,EXCLUDED_FROM_COMPLIANCE_MODULE,NOT_MODELED_PHASE1,NOT_MODELED_PHASE1,NOT_MODELED_PHASE1,FINANCING_CHANNEL_SEPARATE,FINANCING_CHANNEL_SEPARATE,MODEL_CONTINGENT_STRESS_TEST_ONLY
zero_rate_admin_retained,0,0,retained,retained,0,0.005,0.5,0.001,3,0,0,0,0,0,0,EXCLUDED_FROM_COMPLIANCE_MODULE,NOT_MODELED_PHASE1,NOT_MODELED_PHASE1,NOT_MODELED_PHASE1,FINANCING_CHANNEL_SEPARATE,FINANCING_CHANNEL_SEPARATE,MODEL_CONTINGENT_STRESS_TEST_ONLY
zero_rate_admin_retained,0,0,retained,retained,0,0.005,0.5,0.001,5,0,0,0,0,0,0,EXCLUDED_FROM_COMPLIANCE_MODULE,NOT_MODELED_PHASE1,NOT_MODELED_PHASE1,NOT_MODELED_PHASE1,FINANCING_CHANNEL_SEPARATE,FINANCING_CHANNEL_SEPARATE,MODEL_CONTINGENT_STRESS_TEST_ONLY
zero_rate_admin_retained,0,0,retained,retained,0,0.005,0.75,0,1,0,0,0,0,0,0,EXCLUDED_FROM_COMPLIANCE_MODULE,NOT_MODELED_PHASE1,NOT_MODELED_PHASE1,NOT_MODELED_PHASE1,FINANCING_CHANNEL_SEPARATE,FINANCING_CHANNEL_SEPARATE,MODEL_CONTINGENT_STRESS_TEST_ONLY
zero_rate_admin_retained,0,0,retained,retained,0,0.005,0.75,0,3,0,0,0,0,0,0,EXCLUDED_FROM_COMPLIANCE_MODULE,NOT_MODELED_PHASE1,NOT_MODELED_PHASE1,NOT_MODELED_PHASE1,FINANCING_CHANNEL_SEPARATE,FINANCING_CHANNEL_SEPARATE,MODEL_CONTINGENT_STRESS_TEST_ONLY
zero_rate_admin_retained,0,0,retained,retained,0,0.005,0.75,0,5,0,0,0,0,0,0,EXCLUDED_FROM_COMPLIANCE_MODULE,NOT_MODELED_PHASE1,NOT_MODELED_PHASE1,NOT_MODELED_PHASE1,FINANCING_CHANNEL_SEPARATE,FINANCING_CHANNEL_SEPARATE,MODEL_CONTINGENT_STRESS_TEST_ONLY
zero_rate_admin_retained,0,0,retained,retained,0,0.005,0.75,0.00025,1,0,0,0,0,0,0,EXCLUDED_FROM_COMPLIANCE_MODULE,NOT_MODELED_PHASE1,NOT_MODELED_PHASE1,NOT_MODELED_PHASE1,FINANCING_CHANNEL_SEPARATE,FINANCING_CHANNEL_SEPARATE,MODEL_CONTINGENT_STRESS_TEST_ONLY
zero_rate_admin_retained,0,0,retained,retained,0,0.005,0.75,0.00025,3,0,0,0,0,0,0,EXCLUDED_FROM_COMPLIANCE_MODULE,NOT_MODELED_PHASE1,NOT_MODELED_PHASE1,NOT_MODELED_PHASE1,FINANCING_CHANNEL_SEPARATE,FINANCING_CHANNEL_SEPARATE,MODEL_CONTINGENT_STRESS_TEST_ONLY
zero_rate_admin_retained,0,0,retained,retained,0,0.005,0.75,0.00025,5,0,0,0,0,0,0,EXCLUDED_FROM_COMPLIANCE_MODULE,NOT_MODELED_PHASE1,NOT_MODELED_PHASE1,NOT_MODELED_PHASE1,FINANCING_CHANNEL_SEPARATE,FINANCING_CHANNEL_SEPARATE,MODEL_CONTINGENT_STRESS_TEST_ONLY
zero_rate_admin_retained,0,0,retained,retained,0,0.005,0.75,0.0005,1,0,0,0,0,0,0,EXCLUDED_FROM_COMPLIANCE_MODULE,NOT_MODELED_PHASE1,NOT_MODELED_PHASE1,NOT_MODELED_PHASE1,FINANCING_CHANNEL_SEPARATE,FINANCING_CHANNEL_SEPARATE,MODEL_CONTINGENT_STRESS_TEST_ONLY
zero_rate_admin_retained,0,0,retained,retained,0,0.005,0.75,0.0005,3,0,0,0,0,0,0,EXCLUDED_FROM_COMPLIANCE_MODULE,NOT_MODELED_PHASE1,NOT_MODELED_PHASE1,NOT_MODELED_PHASE1,FINANCING_CHANNEL_SEPARATE,FINANCING_CHANNEL_SEPARATE,MODEL_CONTINGENT_STRESS_TEST_ONLY
zero_rate_admin_retained,0,0,retained,retained,0,0.005,0.75,0.0005,5,0,0,0,0,0,0,EXCLUDED_FROM_COMPLIANCE_MODULE,NOT_MODELED_PHASE1,NOT_MODELED_PHASE1,NOT_MODELED_PHASE1,FINANCING_CHANNEL_SEPARATE,FINANCING_CHANNEL_SEPARATE,MODEL_CONTINGENT_STRESS_TEST_ONLY
zero_rate_admin_retained,0,0,retained,retained,0,0.005,0.75,0.001,1,0,0,0,0,0,0,EXCLUDED_FROM_COMPLIANCE_MODULE,NOT_MODELED_PHASE1,NOT_MODELED_PHASE1,NOT_MODELED_PHASE1,FINANCING_CHANNEL_SEPARATE,FINANCING_CHANNEL_SEPARATE,MODEL_CONTINGENT_STRESS_TEST_ONLY
zero_rate_admin_retained,0,0,retained,retained,0,0.005,0.75,0.001,3,0,0,0,0,0,0,EXCLUDED_FROM_COMPLIANCE_MODULE,NOT_MODELED_PHASE1,NOT_MODELED_PHASE1,NOT_MODELED_PHASE1,FINANCING_CHANNEL_SEPARATE,FINANCING_CHANNEL_SEPARATE,MODEL_CONTINGENT_STRESS_TEST_ONLY
zero_rate_admin_retained,0,0,retained,retained,0,0.005,0.75,0.001,5,0,0,0,0,0,0,EXCLUDED_FROM_COMPLIANCE_MODULE,NOT_MODELED_PHASE1,NOT_MODELED_PHASE1,NOT_MODELED_PHASE1,FINANCING_CHANNEL_SEPARATE,FINANCING_CHANNEL_SEPARATE,MODEL_CONTINGENT_STRESS_TEST_ONLY
zero_rate_admin_retained,0,0,retained,retained,0,0.005,1,0,1,0,0,0,0,0,0,EXCLUDED_FROM_COMPLIANCE_MODULE,NOT_MODELED_PHASE1,NOT_MODELED_PHASE1,NOT_MODELED_PHASE1,FINANCING_CHANNEL_SEPARATE,FINANCING_CHANNEL_SEPARATE,MODEL_CONTINGENT_STRESS_TEST_ONLY
zero_rate_admin_retained,0,0,retained,retained,0,0.005,1,0,3,0,0,0,0,0,0,EXCLUDED_FROM_COMPLIANCE_MODULE,NOT_MODELED_PHASE1,NOT_MODELED_PHASE1,NOT_MODELED_PHASE1,FINANCING_CHANNEL_SEPARATE,FINANCING_CHANNEL_SEPARATE,MODEL_CONTINGENT_STRESS_TEST_ONLY
zero_rate_admin_retained,0,0,retained,retained,0,0.005,1,0,5,0,0,0,0,0,0,EXCLUDED_FROM_COMPLIANCE_MODULE,NOT_MODELED_PHASE1,NOT_MODELED_PHASE1,NOT_MODELED_PHASE1,FINANCING_CHANNEL_SEPARATE,FINANCING_CHANNEL_SEPARATE,MODEL_CONTINGENT_STRESS_TEST_ONLY
zero_rate_admin_retained,0,0,retained,retained,0,0.005,1,0.00025,1,0,0,0,0,0,0,EXCLUDED_FROM_COMPLIANCE_MODULE,NOT_MODELED_PHASE1,NOT_MODELED_PHASE1,NOT_MODELED_PHASE1,FINANCING_CHANNEL_SEPARATE,FINANCING_CHANNEL_SEPARATE,MODEL_CONTINGENT_STRESS_TEST_ONLY
zero_rate_admin_retained,0,0,retained,retained,0,0.005,1,0.00025,3,0,0,0,0,0,0,EXCLUDED_FROM_COMPLIANCE_MODULE,NOT_MODELED_PHASE1,NOT_MODELED_PHASE1,NOT_MODELED_PHASE1,FINANCING_CHANNEL_SEPARATE,FINANCING_CHANNEL_SEPARATE,MODEL_CONTINGENT_STRESS_TEST_ONLY
zero_rate_admin_retained,0,0,retained,retained,0,0.005,1,0.00025,5,0,0,0,0,0,0,EXCLUDED_FROM_COMPLIANCE_MODULE,NOT_MODELED_PHASE1,NOT_MODELED_PHASE1,NOT_MODELED_PHASE1,FINANCING_CHANNEL_SEPARATE,FINANCING_CHANNEL_SEPARATE,MODEL_CONTINGENT_STRESS_TEST_ONLY
zero_rate_admin_retained,0,0,retained,retained,0,0.005,1,0.0005,1,0,0,0,0,0,0,EXCLUDED_FROM_COMPLIANCE_MODULE,NOT_MODELED_PHASE1,NOT_MODELED_PHASE1,NOT_MODELED_PHASE1,FINANCING_CHANNEL_SEPARATE,FINANCING_CHANNEL_SEPARATE,MODEL_CONTINGENT_STRESS_TEST_ONLY
zero_rate_admin_retained,0,0,retained,retained,0,0.005,1,0.0005,3,0,0,0,0,0,0,EXCLUDED_FROM_COMPLIANCE_MODULE,NOT_MODELED_PHASE1,NOT_MODELED_PHASE1,NOT_MODELED_PHASE1,FINANCING_CHANNEL_SEPARATE,FINANCING_CHANNEL_SEPARATE,MODEL_CONTINGENT_STRESS_TEST_ONLY
zero_rate_admin_retained,0,0,retained,retained,0,0.005,1,0.0005,5,0,0,0,0,0,0,EXCLUDED_FROM_COMPLIANCE_MODULE,NOT_MODELED_PHASE1,NOT_MODELED_PHASE1,NOT_MODELED_PHASE1,FINANCING_CHANNEL_SEPARATE,FINANCING_CHANNEL_SEPARATE,MODEL_CONTINGENT_STRESS_TEST_ONLY
zero_rate_admin_retained,0,0,retained,retained,0,0.005,1,0.001,1,0,0,0,0,0,0,EXCLUDED_FROM_COMPLIANCE_MODULE,NOT_MODELED_PHASE1,NOT_MODELED_PHASE1,NOT_MODELED_PHASE1,FINANCING_CHANNEL_SEPARATE,FINANCING_CHANNEL_SEPARATE,MODEL_CONTINGENT_STRESS_TEST_ONLY
zero_rate_admin_retained,0,0,retained,retained,0,0.005,1,0.001,3,0,0,0,0,0,0,EXCLUDED_FROM_COMPLIANCE_MODULE,NOT_MODELED_PHASE1,NOT_MODELED_PHASE1,NOT_MODELED_PHASE1,FINANCING_CHANNEL_SEPARATE,FINANCING_CHANNEL_SEPARATE,MODEL_CONTINGENT_STRESS_TEST_ONLY
zero_rate_admin_retained,0,0,retained,retained,0,0.005,1,0.001,5,0,0,0,0,0,0,EXCLUDED_FROM_COMPLIANCE_MODULE,NOT_MODELED_PHASE1,NOT_MODELED_PHASE1,NOT_MODELED_PHASE1,FINANCING_CHANNEL_SEPARATE,FINANCING_CHANNEL_SEPARATE,MODEL_CONTINGENT_STRESS_TEST_ONLY
full_vat_abolition,0,0,abolished,abolished,1,0,0,0,1,0,0,0,0,0,0,EXCLUDED_FROM_COMPLIANCE_MODULE,NOT_MODELED_PHASE1,NOT_MODELED_PHASE1,NOT_MODELED_PHASE1,FINANCING_CHANNEL_SEPARATE,FINANCING_CHANNEL_SEPARATE,MODEL_CONTINGENT_STRESS_TEST_ONLY
full_vat_abolition,0,0,abolished,abolished,1,0,0,0,3,0,0,0,0,0,0,EXCLUDED_FROM_COMPLIANCE_MODULE,NOT_MODELED_PHASE1,NOT_MODELED_PHASE1,NOT_MODELED_PHASE1,FINANCING_CHANNEL_SEPARATE,FINANCING_CHANNEL_SEPARATE,MODEL_CONTINGENT_STRESS_TEST_ONLY
full_vat_abolition,0,0,abolished,abolished,1,0,0,0,5,0,0,0,0,0,0,EXCLUDED_FROM_COMPLIANCE_MODULE,NOT_MODELED_PHASE1,NOT_MODELED_PHASE1,NOT_MODELED_PHASE1,FINANCING_CHANNEL_SEPARATE,FINANCING_CHANNEL_SEPARATE,MODEL_CONTINGENT_STRESS_TEST_ONLY
full_vat_abolition,0,0,abolished,abolished,1,0,0,0.00025,1,0,0,0.00025,0.00025,0.00025,0,EXCLUDED_FROM_COMPLIANCE_MODULE,NOT_MODELED_PHASE1,NOT_MODELED_PHASE1,NOT_MODELED_PHASE1,FINANCING_CHANNEL_SEPARATE,FINANCING_CHANNEL_SEPARATE,MODEL_CONTINGENT_STRESS_TEST_ONLY
full_vat_abolition,0,0,abolished,abolished,1,0,0,0.00025,3,0,0,0.00025,0.00025,0.00008332639,0,EXCLUDED_FROM_COMPLIANCE_MODULE,NOT_MODELED_PHASE1,NOT_MODELED_PHASE1,NOT_MODELED_PHASE1,FINANCING_CHANNEL_SEPARATE,FINANCING_CHANNEL_SEPARATE,MODEL_CONTINGENT_STRESS_TEST_ONLY
full_vat_abolition,0,0,abolished,abolished,1,0,0,0.00025,5,0,0,0.00025,0.00025,0.000049995001,0,EXCLUDED_FROM_COMPLIANCE_MODULE,NOT_MODELED_PHASE1,NOT_MODELED_PHASE1,NOT_MODELED_PHASE1,FINANCING_CHANNEL_SEPARATE,FINANCING_CHANNEL_SEPARATE,MODEL_CONTINGENT_STRESS_TEST_ONLY
full_vat_abolition,0,0,abolished,abolished,1,0,0,0.0005,1,0,0,0.0005,0.0005,0.0005,0,EXCLUDED_FROM_COMPLIANCE_MODULE,NOT_MODELED_PHASE1,NOT_MODELED_PHASE1,NOT_MODELED_PHASE1,FINANCING_CHANNEL_SEPARATE,FINANCING_CHANNEL_SEPARATE,MODEL_CONTINGENT_STRESS_TEST_ONLY
full_vat_abolition,0,0,abolished,abolished,1,0,0,0.0005,3,0,0,0.0005,0.0005,0.000166638897,0,EXCLUDED_FROM_COMPLIANCE_MODULE,NOT_MODELED_PHASE1,NOT_MODELED_PHASE1,NOT_MODELED_PHASE1,FINANCING_CHANNEL_SEPARATE,FINANCING_CHANNEL_SEPARATE,MODEL_CONTINGENT_STRESS_TEST_ONLY
full_vat_abolition,0,0,abolished,abolished,1,0,0,0.0005,5,0,0,0.0005,0.0005,0.000099980006,0,EXCLUDED_FROM_COMPLIANCE_MODULE,NOT_MODELED_PHASE1,NOT_MODELED_PHASE1,NOT_MODELED_PHASE1,FINANCING_CHANNEL_SEPARATE,FINANCING_CHANNEL_SEPARATE,MODEL_CONTINGENT_STRESS_TEST_ONLY
full_vat_abolition,0,0,abolished,abolished,1,0,0,0.001,1,0,0,0.001,0.001,0.001,0,EXCLUDED_FROM_COMPLIANCE_MODULE,NOT_MODELED_PHASE1,NOT_MODELED_PHASE1,NOT_MODELED_PHASE1,FINANCING_CHANNEL_SEPARATE,FINANCING_CHANNEL_SEPARATE,MODEL_CONTINGENT_STRESS_TEST_ONLY
full_vat_abolition,0,0,abolished,abolished,1,0,0,0.001,3,0,0,0.001,0.001,0.000333222284,0,EXCLUDED_FROM_COMPLIANCE_MODULE,NOT_MODELED_PHASE1,NOT_MODELED_PHASE1,NOT_MODELED_PHASE1,FINANCING_CHANNEL_SEPARATE,FINANCING_CHANNEL_SEPARATE,MODEL_CONTINGENT_STRESS_TEST_ONLY
full_vat_abolition,0,0,abolished,abolished,1,0,0,0.001,5,0,0,0.001,0.001,0.000199920048,0,EXCLUDED_FROM_COMPLIANCE_MODULE,NOT_MODELED_PHASE1,NOT_MODELED_PHASE1,NOT_MODELED_PHASE1,FINANCING_CHANNEL_SEPARATE,FINANCING_CHANNEL_SEPARATE,MODEL_CONTINGENT_STRESS_TEST_ONLY
full_vat_abolition,0,0,abolished,abolished,1,0,0.25,0,1,0,0,0,0,0,0,EXCLUDED_FROM_COMPLIANCE_MODULE,NOT_MODELED_PHASE1,NOT_MODELED_PHASE1,NOT_MODELED_PHASE1,FINANCING_CHANNEL_SEPARATE,FINANCING_CHANNEL_SEPARATE,MODEL_CONTINGENT_STRESS_TEST_ONLY
full_vat_abolition,0,0,abolished,abolished,1,0,0.25,0,3,0,0,0,0,0,0,EXCLUDED_FROM_COMPLIANCE_MODULE,NOT_MODELED_PHASE1,NOT_MODELED_PHASE1,NOT_MODELED_PHASE1,FINANCING_CHANNEL_SEPARATE,FINANCING_CHANNEL_SEPARATE,MODEL_CONTINGENT_STRESS_TEST_ONLY
full_vat_abolition,0,0,abolished,abolished,1,0,0.25,0,5,0,0,0,0,0,0,EXCLUDED_FROM_COMPLIANCE_MODULE,NOT_MODELED_PHASE1,NOT_MODELED_PHASE1,NOT_MODELED_PHASE1,FINANCING_CHANNEL_SEPARATE,FINANCING_CHANNEL_SEPARATE,MODEL_CONTINGENT_STRESS_TEST_ONLY
full_vat_abolition,0,0,abolished,abolished,1,0,0.25,0.00025,1,0,0,0.00025,0.00025,0.00025,0,EXCLUDED_FROM_COMPLIANCE_MODULE,NOT_MODELED_PHASE1,NOT_MODELED_PHASE1,NOT_MODELED_PHASE1,FINANCING_CHANNEL_SEPARATE,FINANCING_CHANNEL_SEPARATE,MODEL_CONTINGENT_STRESS_TEST_ONLY
full_vat_abolition,0,0,abolished,abolished,1,0,0.25,0.00025,3,0,0,0.00025,0.00025,0.00008332639,0,EXCLUDED_FROM_COMPLIANCE_MODULE,NOT_MODELED_PHASE1,NOT_MODELED_PHASE1,NOT_MODELED_PHASE1,FINANCING_CHANNEL_SEPARATE,FINANCING_CHANNEL_SEPARATE,MODEL_CONTINGENT_STRESS_TEST_ONLY
full_vat_abolition,0,0,abolished,abolished,1,0,0.25,0.00025,5,0,0,0.00025,0.00025,0.000049995001,0,EXCLUDED_FROM_COMPLIANCE_MODULE,NOT_MODELED_PHASE1,NOT_MODELED_PHASE1,NOT_MODELED_PHASE1,FINANCING_CHANNEL_SEPARATE,FINANCING_CHANNEL_SEPARATE,MODEL_CONTINGENT_STRESS_TEST_ONLY
full_vat_abolition,0,0,abolished,abolished,1,0,0.25,0.0005,1,0,0,0.0005,0.0005,0.0005,0,EXCLUDED_FROM_COMPLIANCE_MODULE,NOT_MODELED_PHASE1,NOT_MODELED_PHASE1,NOT_MODELED_PHASE1,FINANCING_CHANNEL_SEPARATE,FINANCING_CHANNEL_SEPARATE,MODEL_CONTINGENT_STRESS_TEST_ONLY
full_vat_abolition,0,0,abolished,abolished,1,0,0.25,0.0005,3,0,0,0.0005,0.0005,0.000166638897,0,EXCLUDED_FROM_COMPLIANCE_MODULE,NOT_MODELED_PHASE1,NOT_MODELED_PHASE1,NOT_MODELED_PHASE1,FINANCING_CHANNEL_SEPARATE,FINANCING_CHANNEL_SEPARATE,MODEL_CONTINGENT_STRESS_TEST_ONLY
full_vat_abolition,0,0,abolished,abolished,1,0,0.25,0.0005,5,0,0,0.0005,0.0005,0.000099980006,0,EXCLUDED_FROM_COMPLIANCE_MODULE,NOT_MODELED_PHASE1,NOT_MODELED_PHASE1,NOT_MODELED_PHASE1,FINANCING_CHANNEL_SEPARATE,FINANCING_CHANNEL_SEPARATE,MODEL_CONTINGENT_STRESS_TEST_ONLY
full_vat_abolition,0,0,abolished,abolished,1,0,0.25,0.001,1,0,0,0.001,0.001,0.001,0,EXCLUDED_FROM_COMPLIANCE_MODULE,NOT_MODELED_PHASE1,NOT_MODELED_PHASE1,NOT_MODELED_PHASE1,FINANCING_CHANNEL_SEPARATE,FINANCING_CHANNEL_SEPARATE,MODEL_CONTINGENT_STRESS_TEST_ONLY
full_vat_abolition,0,0,abolished,abolished,1,0,0.25,0.001,3,0,0,0.001,0.001,0.000333222284,0,EXCLUDED_FROM_COMPLIANCE_MODULE,NOT_MODELED_PHASE1,NOT_MODELED_PHASE1,NOT_MODELED_PHASE1,FINANCING_CHANNEL_SEPARATE,FINANCING_CHANNEL_SEPARATE,MODEL_CONTINGENT_STRESS_TEST_ONLY
full_vat_abolition,0,0,abolished,abolished,1,0,0.25,0.001,5,0,0,0.001,0.001,0.000199920048,0,EXCLUDED_FROM_COMPLIANCE_MODULE,NOT_MODELED_PHASE1,NOT_MODELED_PHASE1,NOT_MODELED_PHASE1,FINANCING_CHANNEL_SEPARATE,FINANCING_CHANNEL_SEPARATE,MODEL_CONTINGENT_STRESS_TEST_ONLY
full_vat_abolition,0,0,abolished,abolished,1,0,0.5,0,1,0,0,0,0,0,0,EXCLUDED_FROM_COMPLIANCE_MODULE,NOT_MODELED_PHASE1,NOT_MODELED_PHASE1,NOT_MODELED_PHASE1,FINANCING_CHANNEL_SEPARATE,FINANCING_CHANNEL_SEPARATE,MODEL_CONTINGENT_STRESS_TEST_ONLY
full_vat_abolition,0,0,abolished,abolished,1,0,0.5,0,3,0,0,0,0,0,0,EXCLUDED_FROM_COMPLIANCE_MODULE,NOT_MODELED_PHASE1,NOT_MODELED_PHASE1,NOT_MODELED_PHASE1,FINANCING_CHANNEL_SEPARATE,FINANCING_CHANNEL_SEPARATE,MODEL_CONTINGENT_STRESS_TEST_ONLY
full_vat_abolition,0,0,abolished,abolished,1,0,0.5,0,5,0,0,0,0,0,0,EXCLUDED_FROM_COMPLIANCE_MODULE,NOT_MODELED_PHASE1,NOT_MODELED_PHASE1,NOT_MODELED_PHASE1,FINANCING_CHANNEL_SEPARATE,FINANCING_CHANNEL_SEPARATE,MODEL_CONTINGENT_STRESS_TEST_ONLY
full_vat_abolition,0,0,abolished,abolished,1,0,0.5,0.00025,1,0,0,0.00025,0.00025,0.00025,0,EXCLUDED_FROM_COMPLIANCE_MODULE,NOT_MODELED_PHASE1,NOT_MODELED_PHASE1,NOT_MODELED_PHASE1,FINANCING_CHANNEL_SEPARATE,FINANCING_CHANNEL_SEPARATE,MODEL_CONTINGENT_STRESS_TEST_ONLY
full_vat_abolition,0,0,abolished,abolished,1,0,0.5,0.00025,3,0,0,0.00025,0.00025,0.00008332639,0,EXCLUDED_FROM_COMPLIANCE_MODULE,NOT_MODELED_PHASE1,NOT_MODELED_PHASE1,NOT_MODELED_PHASE1,FINANCING_CHANNEL_SEPARATE,FINANCING_CHANNEL_SEPARATE,MODEL_CONTINGENT_STRESS_TEST_ONLY
full_vat_abolition,0,0,abolished,abolished,1,0,0.5,0.00025,5,0,0,0.00025,0.00025,0.000049995001,0,EXCLUDED_FROM_COMPLIANCE_MODULE,NOT_MODELED_PHASE1,NOT_MODELED_PHASE1,NOT_MODELED_PHASE1,FINANCING_CHANNEL_SEPARATE,FINANCING_CHANNEL_SEPARATE,MODEL_CONTINGENT_STRESS_TEST_ONLY
full_vat_abolition,0,0,abolished,abolished,1,0,0.5,0.0005,1,0,0,0.0005,0.0005,0.0005,0,EXCLUDED_FROM_COMPLIANCE_MODULE,NOT_MODELED_PHASE1,NOT_MODELED_PHASE1,NOT_MODELED_PHASE1,FINANCING_CHANNEL_SEPARATE,FINANCING_CHANNEL_SEPARATE,MODEL_CONTINGENT_STRESS_TEST_ONLY
full_vat_abolition,0,0,abolished,abolished,1,0,0.5,0.0005,3,0,0,0.0005,0.0005,0.000166638897,0,EXCLUDED_FROM_COMPLIANCE_MODULE,NOT_MODELED_PHASE1,NOT_MODELED_PHASE1,NOT_MODELED_PHASE1,FINANCING_CHANNEL_SEPARATE,FINANCING_CHANNEL_SEPARATE,MODEL_CONTINGENT_STRESS_TEST_ONLY
full_vat_abolition,0,0,abolished,abolished,1,0,0.5,0.0005,5,0,0,0.0005,0.0005,0.000099980006,0,EXCLUDED_FROM_COMPLIANCE_MODULE,NOT_MODELED_PHASE1,NOT_MODELED_PHASE1,NOT_MODELED_PHASE1,FINANCING_CHANNEL_SEPARATE,FINANCING_CHANNEL_SEPARATE,MODEL_CONTINGENT_STRESS_TEST_ONLY
full_vat_abolition,0,0,abolished,abolished,1,0,0.5,0.001,1,0,0,0.001,0.001,0.001,0,EXCLUDED_FROM_COMPLIANCE_MODULE,NOT_MODELED_PHASE1,NOT_MODELED_PHASE1,NOT_MODELED_PHASE1,FINANCING_CHANNEL_SEPARATE,FINANCING_CHANNEL_SEPARATE,MODEL_CONTINGENT_STRESS_TEST_ONLY
full_vat_abolition,0,0,abolished,abolished,1,0,0.5,0.001,3,0,0,0.001,0.001,0.000333222284,0,EXCLUDED_FROM_COMPLIANCE_MODULE,NOT_MODELED_PHASE1,NOT_MODELED_PHASE1,NOT_MODELED_PHASE1,FINANCING_CHANNEL_SEPARATE,FINANCING_CHANNEL_SEPARATE,MODEL_CONTINGENT_STRESS_TEST_ONLY
full_vat_abolition,0,0,abolished,abolished,1,0,0.5,0.001,5,0,0,0.001,0.001,0.000199920048,0,EXCLUDED_FROM_COMPLIANCE_MODULE,NOT_MODELED_PHASE1,NOT_MODELED_PHASE1,NOT_MODELED_PHASE1,FINANCING_CHANNEL_SEPARATE,FINANCING_CHANNEL_SEPARATE,MODEL_CONTINGENT_STRESS_TEST_ONLY
full_vat_abolition,0,0,abolished,abolished,1,0,0.75,0,1,0,0,0,0,0,0,EXCLUDED_FROM_COMPLIANCE_MODULE,NOT_MODELED_PHASE1,NOT_MODELED_PHASE1,NOT_MODELED_PHASE1,FINANCING_CHANNEL_SEPARATE,FINANCING_CHANNEL_SEPARATE,MODEL_CONTINGENT_STRESS_TEST_ONLY
full_vat_abolition,0,0,abolished,abolished,1,0,0.75,0,3,0,0,0,0,0,0,EXCLUDED_FROM_COMPLIANCE_MODULE,NOT_MODELED_PHASE1,NOT_MODELED_PHASE1,NOT_MODELED_PHASE1,FINANCING_CHANNEL_SEPARATE,FINANCING_CHANNEL_SEPARATE,MODEL_CONTINGENT_STRESS_TEST_ONLY
full_vat_abolition,0,0,abolished,abolished,1,0,0.75,0,5,0,0,0,0,0,0,EXCLUDED_FROM_COMPLIANCE_MODULE,NOT_MODELED_PHASE1,NOT_MODELED_PHASE1,NOT_MODELED_PHASE1,FINANCING_CHANNEL_SEPARATE,FINANCING_CHANNEL_SEPARATE,MODEL_CONTINGENT_STRESS_TEST_ONLY
full_vat_abolition,0,0,abolished,abolished,1,0,0.75,0.00025,1,0,0,0.00025,0.00025,0.00025,0,EXCLUDED_FROM_COMPLIANCE_MODULE,NOT_MODELED_PHASE1,NOT_MODELED_PHASE1,NOT_MODELED_PHASE1,FINANCING_CHANNEL_SEPARATE,FINANCING_CHANNEL_SEPARATE,MODEL_CONTINGENT_STRESS_TEST_ONLY
full_vat_abolition,0,0,abolished,abolished,1,0,0.75,0.00025,3,0,0,0.00025,0.00025,0.00008332639,0,EXCLUDED_FROM_COMPLIANCE_MODULE,NOT_MODELED_PHASE1,NOT_MODELED_PHASE1,NOT_MODELED_PHASE1,FINANCING_CHANNEL_SEPARATE,FINANCING_CHANNEL_SEPARATE,MODEL_CONTINGENT_STRESS_TEST_ONLY
full_vat_abolition,0,0,abolished,abolished,1,0,0.75,0.00025,5,0,0,0.00025,0.00025,0.000049995001,0,EXCLUDED_FROM_COMPLIANCE_MODULE,NOT_MODELED_PHASE1,NOT_MODELED_PHASE1,NOT_MODELED_PHASE1,FINANCING_CHANNEL_SEPARATE,FINANCING_CHANNEL_SEPARATE,MODEL_CONTINGENT_STRESS_TEST_ONLY
full_vat_abolition,0,0,abolished,abolished,1,0,0.75,0.0005,1,0,0,0.0005,0.0005,0.0005,0,EXCLUDED_FROM_COMPLIANCE_MODULE,NOT_MODELED_PHASE1,NOT_MODELED_PHASE1,NOT_MODELED_PHASE1,FINANCING_CHANNEL_SEPARATE,FINANCING_CHANNEL_SEPARATE,MODEL_CONTINGENT_STRESS_TEST_ONLY
full_vat_abolition,0,0,abolished,abolished,1,0,0.75,0.0005,3,0,0,0.0005,0.0005,0.000166638897,0,EXCLUDED_FROM_COMPLIANCE_MODULE,NOT_MODELED_PHASE1,NOT_MODELED_PHASE1,NOT_MODELED_PHASE1,FINANCING_CHANNEL_SEPARATE,FINANCING_CHANNEL_SEPARATE,MODEL_CONTINGENT_STRESS_TEST_ONLY
full_vat_abolition,0,0,abolished,abolished,1,0,0.75,0.0005,5,0,0,0.0005,0.0005,0.000099980006,0,EXCLUDED_FROM_COMPLIANCE_MODULE,NOT_MODELED_PHASE1,NOT_MODELED_PHASE1,NOT_MODELED_PHASE1,FINANCING_CHANNEL_SEPARATE,FINANCING_CHANNEL_SEPARATE,MODEL_CONTINGENT_STRESS_TEST_ONLY
full_vat_abolition,0,0,abolished,abolished,1,0,0.75,0.001,1,0,0,0.001,0.001,0.001,0,EXCLUDED_FROM_COMPLIANCE_MODULE,NOT_MODELED_PHASE1,NOT_MODELED_PHASE1,NOT_MODELED_PHASE1,FINANCING_CHANNEL_SEPARATE,FINANCING_CHANNEL_SEPARATE,MODEL_CONTINGENT_STRESS_TEST_ONLY
full_vat_abolition,0,0,abolished,abolished,1,0,0.75,0.001,3,0,0,0.001,0.001,0.000333222284,0,EXCLUDED_FROM_COMPLIANCE_MODULE,NOT_MODELED_PHASE1,NOT_MODELED_PHASE1,NOT_MODELED_PHASE1,FINANCING_CHANNEL_SEPARATE,FINANCING_CHANNEL_SEPARATE,MODEL_CONTINGENT_STRESS_TEST_ONLY
full_vat_abolition,0,0,abolished,abolished,1,0,0.75,0.001,5,0,0,0.001,0.001,0.000199920048,0,EXCLUDED_FROM_COMPLIANCE_MODULE,NOT_MODELED_PHASE1,NOT_MODELED_PHASE1,NOT_MODELED_PHASE1,FINANCING_CHANNEL_SEPARATE,FINANCING_CHANNEL_SEPARATE,MODEL_CONTINGENT_STRESS_TEST_ONLY
full_vat_abolition,0,0,abolished,abolished,1,0,1,0,1,0,0,0,0,0,0,EXCLUDED_FROM_COMPLIANCE_MODULE,NOT_MODELED_PHASE1,NOT_MODELED_PHASE1,NOT_MODELED_PHASE1,FINANCING_CHANNEL_SEPARATE,FINANCING_CHANNEL_SEPARATE,MODEL_CONTINGENT_STRESS_TEST_ONLY
full_vat_abolition,0,0,abolished,abolished,1,0,1,0,3,0,0,0,0,0,0,EXCLUDED_FROM_COMPLIANCE_MODULE,NOT_MODELED_PHASE1,NOT_MODELED_PHASE1,NOT_MODELED_PHASE1,FINANCING_CHANNEL_SEPARATE,FINANCING_CHANNEL_SEPARATE,MODEL_CONTINGENT_STRESS_TEST_ONLY
full_vat_abolition,0,0,abolished,abolished,1,0,1,0,5,0,0,0,0,0,0,EXCLUDED_FROM_COMPLIANCE_MODULE,NOT_MODELED_PHASE1,NOT_MODELED_PHASE1,NOT_MODELED_PHASE1,FINANCING_CHANNEL_SEPARATE,FINANCING_CHANNEL_SEPARATE,MODEL_CONTINGENT_STRESS_TEST_ONLY
full_vat_abolition,0,0,abolished,abolished,1,0,1,0.00025,1,0,0,0.00025,0.00025,0.00025,0,EXCLUDED_FROM_COMPLIANCE_MODULE,NOT_MODELED_PHASE1,NOT_MODELED_PHASE1,NOT_MODELED_PHASE1,FINANCING_CHANNEL_SEPARATE,FINANCING_CHANNEL_SEPARATE,MODEL_CONTINGENT_STRESS_TEST_ONLY
full_vat_abolition,0,0,abolished,abolished,1,0,1,0.00025,3,0,0,0.00025,0.00025,0.00008332639,0,EXCLUDED_FROM_COMPLIANCE_MODULE,NOT_MODELED_PHASE1,NOT_MODELED_PHASE1,NOT_MODELED_PHASE1,FINANCING_CHANNEL_SEPARATE,FINANCING_CHANNEL_SEPARATE,MODEL_CONTINGENT_STRESS_TEST_ONLY
full_vat_abolition,0,0,abolished,abolished,1,0,1,0.00025,5,0,0,0.00025,0.00025,0.000049995001,0,EXCLUDED_FROM_COMPLIANCE_MODULE,NOT_MODELED_PHASE1,NOT_MODELED_PHASE1,NOT_MODELED_PHASE1,FINANCING_CHANNEL_SEPARATE,FINANCING_CHANNEL_SEPARATE,MODEL_CONTINGENT_STRESS_TEST_ONLY
full_vat_abolition,0,0,abolished,abolished,1,0,1,0.0005,1,0,0,0.0005,0.0005,0.0005,0,EXCLUDED_FROM_COMPLIANCE_MODULE,NOT_MODELED_PHASE1,NOT_MODELED_PHASE1,NOT_MODELED_PHASE1,FINANCING_CHANNEL_SEPARATE,FINANCING_CHANNEL_SEPARATE,MODEL_CONTINGENT_STRESS_TEST_ONLY
full_vat_abolition,0,0,abolished,abolished,1,0,1,0.0005,3,0,0,0.0005,0.0005,0.000166638897,0,EXCLUDED_FROM_COMPLIANCE_MODULE,NOT_MODELED_PHASE1,NOT_MODELED_PHASE1,NOT_MODELED_PHASE1,FINANCING_CHANNEL_SEPARATE,FINANCING_CHANNEL_SEPARATE,MODEL_CONTINGENT_STRESS_TEST_ONLY
full_vat_abolition,0,0,abolished,abolished,1,0,1,0.0005,5,0,0,0.0005,0.0005,0.000099980006,0,EXCLUDED_FROM_COMPLIANCE_MODULE,NOT_MODELED_PHASE1,NOT_MODELED_PHASE1,NOT_MODELED_PHASE1,FINANCING_CHANNEL_SEPARATE,FINANCING_CHANNEL_SEPARATE,MODEL_CONTINGENT_STRESS_TEST_ONLY
full_vat_abolition,0,0,abolished,abolished,1,0,1,0.001,1,0,0,0.001,0.001,0.001,0,EXCLUDED_FROM_COMPLIANCE_MODULE,NOT_MODELED_PHASE1,NOT_MODELED_PHASE1,NOT_MODELED_PHASE1,FINANCING_CHANNEL_SEPARATE,FINANCING_CHANNEL_SEPARATE,MODEL_CONTINGENT_STRESS_TEST_ONLY
full_vat_abolition,0,0,abolished,abolished,1,0,1,0.001,3,0,0,0.001,0.001,0.000333222284,0,EXCLUDED_FROM_COMPLIANCE_MODULE,NOT_MODELED_PHASE1,NOT_MODELED_PHASE1,NOT_MODELED_PHASE1,FINANCING_CHANNEL_SEPARATE,FINANCING_CHANNEL_SEPARATE,MODEL_CONTINGENT_STRESS_TEST_ONLY
full_vat_abolition,0,0,abolished,abolished,1,0,1,0.001,5,0,0,0.001,0.001,0.000199920048,0,EXCLUDED_FROM_COMPLIANCE_MODULE,NOT_MODELED_PHASE1,NOT_MODELED_PHASE1,NOT_MODELED_PHASE1,FINANCING_CHANNEL_SEPARATE,FINANCING_CHANNEL_SEPARATE,MODEL_CONTINGENT_STRESS_TEST_ONLY
full_vat_abolition,0,0,abolished,abolished,1,0.0005,0,0,1,0.0005,0,0,0,0,0,EXCLUDED_FROM_COMPLIANCE_MODULE,NOT_MODELED_PHASE1,NOT_MODELED_PHASE1,NOT_MODELED_PHASE1,FINANCING_CHANNEL_SEPARATE,FINANCING_CHANNEL_SEPARATE,MODEL_CONTINGENT_STRESS_TEST_ONLY
full_vat_abolition,0,0,abolished,abolished,1,0.0005,0,0,3,0.0005,0,0,0,0,0,EXCLUDED_FROM_COMPLIANCE_MODULE,NOT_MODELED_PHASE1,NOT_MODELED_PHASE1,NOT_MODELED_PHASE1,FINANCING_CHANNEL_SEPARATE,FINANCING_CHANNEL_SEPARATE,MODEL_CONTINGENT_STRESS_TEST_ONLY
full_vat_abolition,0,0,abolished,abolished,1,0.0005,0,0,5,0.0005,0,0,0,0,0,EXCLUDED_FROM_COMPLIANCE_MODULE,NOT_MODELED_PHASE1,NOT_MODELED_PHASE1,NOT_MODELED_PHASE1,FINANCING_CHANNEL_SEPARATE,FINANCING_CHANNEL_SEPARATE,MODEL_CONTINGENT_STRESS_TEST_ONLY
full_vat_abolition,0,0,abolished,abolished,1,0.0005,0,0.00025,1,0.0005,0,0.00025,0.00025,0.00025,0,EXCLUDED_FROM_COMPLIANCE_MODULE,NOT_MODELED_PHASE1,NOT_MODELED_PHASE1,NOT_MODELED_PHASE1,FINANCING_CHANNEL_SEPARATE,FINANCING_CHANNEL_SEPARATE,MODEL_CONTINGENT_STRESS_TEST_ONLY
full_vat_abolition,0,0,abolished,abolished,1,0.0005,0,0.00025,3,0.0005,0,0.00025,0.00025,0.00008332639,0,EXCLUDED_FROM_COMPLIANCE_MODULE,NOT_MODELED_PHASE1,NOT_MODELED_PHASE1,NOT_MODELED_PHASE1,FINANCING_CHANNEL_SEPARATE,FINANCING_CHANNEL_SEPARATE,MODEL_CONTINGENT_STRESS_TEST_ONLY
full_vat_abolition,0,0,abolished,abolished,1,0.0005,0,0.00025,5,0.0005,0,0.00025,0.00025,0.000049995001,0,EXCLUDED_FROM_COMPLIANCE_MODULE,NOT_MODELED_PHASE1,NOT_MODELED_PHASE1,NOT_MODELED_PHASE1,FINANCING_CHANNEL_SEPARATE,FINANCING_CHANNEL_SEPARATE,MODEL_CONTINGENT_STRESS_TEST_ONLY
full_vat_abolition,0,0,abolished,abolished,1,0.0005,0,0.0005,1,0.0005,0,0.0005,0.0005,0.0005,0,EXCLUDED_FROM_COMPLIANCE_MODULE,NOT_MODELED_PHASE1,NOT_MODELED_PHASE1,NOT_MODELED_PHASE1,FINANCING_CHANNEL_SEPARATE,FINANCING_CHANNEL_SEPARATE,MODEL_CONTINGENT_STRESS_TEST_ONLY
full_vat_abolition,0,0,abolished,abolished,1,0.0005,0,0.0005,3,0.0005,0,0.0005,0.0005,0.000166638897,0,EXCLUDED_FROM_COMPLIANCE_MODULE,NOT_MODELED_PHASE1,NOT_MODELED_PHASE1,NOT_MODELED_PHASE1,FINANCING_CHANNEL_SEPARATE,FINANCING_CHANNEL_SEPARATE,MODEL_CONTINGENT_STRESS_TEST_ONLY
full_vat_abolition,0,0,abolished,abolished,1,0.0005,0,0.0005,5,0.0005,0,0.0005,0.0005,0.000099980006,0,EXCLUDED_FROM_COMPLIANCE_MODULE,NOT_MODELED_PHASE1,NOT_MODELED_PHASE1,NOT_MODELED_PHASE1,FINANCING_CHANNEL_SEPARATE,FINANCING_CHANNEL_SEPARATE,MODEL_CONTINGENT_STRESS_TEST_ONLY
full_vat_abolition,0,0,abolished,abolished,1,0.0005,0,0.001,1,0.0005,0,0.001,0.001,0.001,0,EXCLUDED_FROM_COMPLIANCE_MODULE,NOT_MODELED_PHASE1,NOT_MODELED_PHASE1,NOT_MODELED_PHASE1,FINANCING_CHANNEL_SEPARATE,FINANCING_CHANNEL_SEPARATE,MODEL_CONTINGENT_STRESS_TEST_ONLY
full_vat_abolition,0,0,abolished,abolished,1,0.0005,0,0.001,3,0.0005,0,0.001,0.001,0.000333222284,0,EXCLUDED_FROM_COMPLIANCE_MODULE,NOT_MODELED_PHASE1,NOT_MODELED_PHASE1,NOT_MODELED_PHASE1,FINANCING_CHANNEL_SEPARATE,FINANCING_CHANNEL_SEPARATE,MODEL_CONTINGENT_STRESS_TEST_ONLY
full_vat_abolition,0,0,abolished,abolished,1,0.0005,0,0.001,5,0.0005,0,0.001,0.001,0.000199920048,0,EXCLUDED_FROM_COMPLIANCE_MODULE,NOT_MODELED_PHASE1,NOT_MODELED_PHASE1,NOT_MODELED_PHASE1,FINANCING_CHANNEL_SEPARATE,FINANCING_CHANNEL_SEPARATE,MODEL_CONTINGENT_STRESS_TEST_ONLY
full_vat_abolition,0,0,abolished,abolished,1,0.0005,0.25,0,1,0.0005,0.000125,0,0.000125,0.000125,0,EXCLUDED_FROM_COMPLIANCE_MODULE,NOT_MODELED_PHASE1,NOT_MODELED_PHASE1,NOT_MODELED_PHASE1,FINANCING_CHANNEL_SEPARATE,FINANCING_CHANNEL_SEPARATE,MODEL_CONTINGENT_STRESS_TEST_ONLY
full_vat_abolition,0,0,abolished,abolished,1,0.0005,0.25,0,3,0.0005,0.000125,0,0.000125,0.000041664931,0,EXCLUDED_FROM_COMPLIANCE_MODULE,NOT_MODELED_PHASE1,NOT_MODELED_PHASE1,NOT_MODELED_PHASE1,FINANCING_CHANNEL_SEPARATE,FINANCING_CHANNEL_SEPARATE,MODEL_CONTINGENT_STRESS_TEST_ONLY
full_vat_abolition,0,0,abolished,abolished,1,0.0005,0.25,0,5,0.0005,0.000125,0,0.000125,0.00002499875,0,EXCLUDED_FROM_COMPLIANCE_MODULE,NOT_MODELED_PHASE1,NOT_MODELED_PHASE1,NOT_MODELED_PHASE1,FINANCING_CHANNEL_SEPARATE,FINANCING_CHANNEL_SEPARATE,MODEL_CONTINGENT_STRESS_TEST_ONLY
full_vat_abolition,0,0,abolished,abolished,1,0.0005,0.25,0.00025,1,0.0005,0.000125,0.00025,0.000375,0.000375,0,EXCLUDED_FROM_COMPLIANCE_MODULE,NOT_MODELED_PHASE1,NOT_MODELED_PHASE1,NOT_MODELED_PHASE1,FINANCING_CHANNEL_SEPARATE,FINANCING_CHANNEL_SEPARATE,MODEL_CONTINGENT_STRESS_TEST_ONLY
full_vat_abolition,0,0,abolished,abolished,1,0.0005,0.25,0.00025,3,0.0005,0.000125,0.00025,0.000375,0.000124984378,0,EXCLUDED_FROM_COMPLIANCE_MODULE,NOT_MODELED_PHASE1,NOT_MODELED_PHASE1,NOT_MODELED_PHASE1,FINANCING_CHANNEL_SEPARATE,FINANCING_CHANNEL_SEPARATE,MODEL_CONTINGENT_STRESS_TEST_ONLY
full_vat_abolition,0,0,abolished,abolished,1,0.0005,0.25,0.00025,5,0.0005,0.000125,0.00025,0.000375,0.000074988753,0,EXCLUDED_FROM_COMPLIANCE_MODULE,NOT_MODELED_PHASE1,NOT_MODELED_PHASE1,NOT_MODELED_PHASE1,FINANCING_CHANNEL_SEPARATE,FINANCING_CHANNEL_SEPARATE,MODEL_CONTINGENT_STRESS_TEST_ONLY
full_vat_abolition,0,0,abolished,abolished,1,0.0005,0.25,0.0005,1,0.0005,0.000125,0.0005,0.000625,0.000625,0,EXCLUDED_FROM_COMPLIANCE_MODULE,NOT_MODELED_PHASE1,NOT_MODELED_PHASE1,NOT_MODELED_PHASE1,FINANCING_CHANNEL_SEPARATE,FINANCING_CHANNEL_SEPARATE,MODEL_CONTINGENT_STRESS_TEST_ONLY
full_vat_abolition,0,0,abolished,abolished,1,0.0005,0.25,0.0005,3,0.0005,0.000125,0.0005,0.000625,0.000208289946,0,EXCLUDED_FROM_COMPLIANCE_MODULE,NOT_MODELED_PHASE1,NOT_MODELED_PHASE1,NOT_MODELED_PHASE1,FINANCING_CHANNEL_SEPARATE,FINANCING_CHANNEL_SEPARATE,MODEL_CONTINGENT_STRESS_TEST_ONLY
full_vat_abolition,0,0,abolished,abolished,1,0.0005,0.25,0.0005,5,0.0005,0.000125,0.0005,0.000625,0.000124968762,0,EXCLUDED_FROM_COMPLIANCE_MODULE,NOT_MODELED_PHASE1,NOT_MODELED_PHASE1,NOT_MODELED_PHASE1,FINANCING_CHANNEL_SEPARATE,FINANCING_CHANNEL_SEPARATE,MODEL_CONTINGENT_STRESS_TEST_ONLY
full_vat_abolition,0,0,abolished,abolished,1,0.0005,0.25,0.001,1,0.0005,0.000125,0.001,0.001125,0.001125,0,EXCLUDED_FROM_COMPLIANCE_MODULE,NOT_MODELED_PHASE1,NOT_MODELED_PHASE1,NOT_MODELED_PHASE1,FINANCING_CHANNEL_SEPARATE,FINANCING_CHANNEL_SEPARATE,MODEL_CONTINGENT_STRESS_TEST_ONLY
full_vat_abolition,0,0,abolished,abolished,1,0.0005,0.25,0.001,3,0.0005,0.000125,0.001,0.001125,0.000374859463,0,EXCLUDED_FROM_COMPLIANCE_MODULE,NOT_MODELED_PHASE1,NOT_MODELED_PHASE1,NOT_MODELED_PHASE1,FINANCING_CHANNEL_SEPARATE,FINANCING_CHANNEL_SEPARATE,MODEL_CONTINGENT_STRESS_TEST_ONLY
full_vat_abolition,0,0,abolished,abolished,1,0.0005,0.25,0.001,5,0.0005,0.000125,0.001,0.001125,0.000224898818,0,EXCLUDED_FROM_COMPLIANCE_MODULE,NOT_MODELED_PHASE1,NOT_MODELED_PHASE1,NOT_MODELED_PHASE1,FINANCING_CHANNEL_SEPARATE,FINANCING_CHANNEL_SEPARATE,MODEL_CONTINGENT_STRESS_TEST_ONLY
full_vat_abolition,0,0,abolished,abolished,1,0.0005,0.5,0,1,0.0005,0.00025,0,0.00025,0.00025,0,EXCLUDED_FROM_COMPLIANCE_MODULE,NOT_MODELED_PHASE1,NOT_MODELED_PHASE1,NOT_MODELED_PHASE1,FINANCING_CHANNEL_SEPARATE,FINANCING_CHANNEL_SEPARATE,MODEL_CONTINGENT_STRESS_TEST_ONLY
full_vat_abolition,0,0,abolished,abolished,1,0.0005,0.5,0,3,0.0005,0.00025,0,0.00025,0.00008332639,0,EXCLUDED_FROM_COMPLIANCE_MODULE,NOT_MODELED_PHASE1,NOT_MODELED_PHASE1,NOT_MODELED_PHASE1,FINANCING_CHANNEL_SEPARATE,FINANCING_CHANNEL_SEPARATE,MODEL_CONTINGENT_STRESS_TEST_ONLY
full_vat_abolition,0,0,abolished,abolished,1,0.0005,0.5,0,5,0.0005,0.00025,0,0.00025,0.000049995001,0,EXCLUDED_FROM_COMPLIANCE_MODULE,NOT_MODELED_PHASE1,NOT_MODELED_PHASE1,NOT_MODELED_PHASE1,FINANCING_CHANNEL_SEPARATE,FINANCING_CHANNEL_SEPARATE,MODEL_CONTINGENT_STRESS_TEST_ONLY
full_vat_abolition,0,0,abolished,abolished,1,0.0005,0.5,0.00025,1,0.0005,0.00025,0.00025,0.0005,0.0005,0,EXCLUDED_FROM_COMPLIANCE_MODULE,NOT_MODELED_PHASE1,NOT_MODELED_PHASE1,NOT_MODELED_PHASE1,FINANCING_CHANNEL_SEPARATE,FINANCING_CHANNEL_SEPARATE,MODEL_CONTINGENT_STRESS_TEST_ONLY
full_vat_abolition,0,0,abolished,abolished,1,0.0005,0.5,0.00025,3,0.0005,0.00025,0.00025,0.0005,0.000166638897,0,EXCLUDED_FROM_COMPLIANCE_MODULE,NOT_MODELED_PHASE1,NOT_MODELED_PHASE1,NOT_MODELED_PHASE1,FINANCING_CHANNEL_SEPARATE,FINANCING_CHANNEL_SEPARATE,MODEL_CONTINGENT_STRESS_TEST_ONLY
full_vat_abolition,0,0,abolished,abolished,1,0.0005,0.5,0.00025,5,0.0005,0.00025,0.00025,0.0005,0.000099980006,0,EXCLUDED_FROM_COMPLIANCE_MODULE,NOT_MODELED_PHASE1,NOT_MODELED_PHASE1,NOT_MODELED_PHASE1,FINANCING_CHANNEL_SEPARATE,FINANCING_CHANNEL_SEPARATE,MODEL_CONTINGENT_STRESS_TEST_ONLY
full_vat_abolition,0,0,abolished,abolished,1,0.0005,0.5,0.0005,1,0.0005,0.00025,0.0005,0.00075,0.00075,0,EXCLUDED_FROM_COMPLIANCE_MODULE,NOT_MODELED_PHASE1,NOT_MODELED_PHASE1,NOT_MODELED_PHASE1,FINANCING_CHANNEL_SEPARATE,FINANCING_CHANNEL_SEPARATE,MODEL_CONTINGENT_STRESS_TEST_ONLY
full_vat_abolition,0,0,abolished,abolished,1,0.0005,0.5,0.0005,3,0.0005,0.00025,0.0005,0.00075,0.000249937526,0,EXCLUDED_FROM_COMPLIANCE_MODULE,NOT_MODELED_PHASE1,NOT_MODELED_PHASE1,NOT_MODELED_PHASE1,FINANCING_CHANNEL_SEPARATE,FINANCING_CHANNEL_SEPARATE,MODEL_CONTINGENT_STRESS_TEST_ONLY
full_vat_abolition,0,0,abolished,abolished,1,0.0005,0.5,0.0005,5,0.0005,0.00025,0.0005,0.00075,0.00014995502,0,EXCLUDED_FROM_COMPLIANCE_MODULE,NOT_MODELED_PHASE1,NOT_MODELED_PHASE1,NOT_MODELED_PHASE1,FINANCING_CHANNEL_SEPARATE,FINANCING_CHANNEL_SEPARATE,MODEL_CONTINGENT_STRESS_TEST_ONLY
full_vat_abolition,0,0,abolished,abolished,1,0.0005,0.5,0.001,1,0.0005,0.00025,0.001,0.00125,0.00125,0,EXCLUDED_FROM_COMPLIANCE_MODULE,NOT_MODELED_PHASE1,NOT_MODELED_PHASE1,NOT_MODELED_PHASE1,FINANCING_CHANNEL_SEPARATE,FINANCING_CHANNEL_SEPARATE,MODEL_CONTINGENT_STRESS_TEST_ONLY
full_vat_abolition,0,0,abolished,abolished,1,0.0005,0.5,0.001,3,0.0005,0.00025,0.001,0.00125,0.000416493176,0,EXCLUDED_FROM_COMPLIANCE_MODULE,NOT_MODELED_PHASE1,NOT_MODELED_PHASE1,NOT_MODELED_PHASE1,FINANCING_CHANNEL_SEPARATE,FINANCING_CHANNEL_SEPARATE,MODEL_CONTINGENT_STRESS_TEST_ONLY
full_vat_abolition,0,0,abolished,abolished,1,0.0005,0.5,0.001,5,0.0005,0.00025,0.001,0.00125,0.000249875094,0,EXCLUDED_FROM_COMPLIANCE_MODULE,NOT_MODELED_PHASE1,NOT_MODELED_PHASE1,NOT_MODELED_PHASE1,FINANCING_CHANNEL_SEPARATE,FINANCING_CHANNEL_SEPARATE,MODEL_CONTINGENT_STRESS_TEST_ONLY
full_vat_abolition,0,0,abolished,abolished,1,0.0005,0.75,0,1,0.0005,0.000375,0,0.000375,0.000375,0,EXCLUDED_FROM_COMPLIANCE_MODULE,NOT_MODELED_PHASE1,NOT_MODELED_PHASE1,NOT_MODELED_PHASE1,FINANCING_CHANNEL_SEPARATE,FINANCING_CHANNEL_SEPARATE,MODEL_CONTINGENT_STRESS_TEST_ONLY
full_vat_abolition,0,0,abolished,abolished,1,0.0005,0.75,0,3,0.0005,0.000375,0,0.000375,0.000124984378,0,EXCLUDED_FROM_COMPLIANCE_MODULE,NOT_MODELED_PHASE1,NOT_MODELED_PHASE1,NOT_MODELED_PHASE1,FINANCING_CHANNEL_SEPARATE,FINANCING_CHANNEL_SEPARATE,MODEL_CONTINGENT_STRESS_TEST_ONLY
full_vat_abolition,0,0,abolished,abolished,1,0.0005,0.75,0,5,0.0005,0.000375,0,0.000375,0.000074988753,0,EXCLUDED_FROM_COMPLIANCE_MODULE,NOT_MODELED_PHASE1,NOT_MODELED_PHASE1,NOT_MODELED_PHASE1,FINANCING_CHANNEL_SEPARATE,FINANCING_CHANNEL_SEPARATE,MODEL_CONTINGENT_STRESS_TEST_ONLY
full_vat_abolition,0,0,abolished,abolished,1,0.0005,0.75,0.00025,1,0.0005,0.000375,0.00025,0.000625,0.000625,0,EXCLUDED_FROM_COMPLIANCE_MODULE,NOT_MODELED_PHASE1,NOT_MODELED_PHASE1,NOT_MODELED_PHASE1,FINANCING_CHANNEL_SEPARATE,FINANCING_CHANNEL_SEPARATE,MODEL_CONTINGENT_STRESS_TEST_ONLY
full_vat_abolition,0,0,abolished,abolished,1,0.0005,0.75,0.00025,3,0.0005,0.000375,0.00025,0.000625,0.000208289946,0,EXCLUDED_FROM_COMPLIANCE_MODULE,NOT_MODELED_PHASE1,NOT_MODELED_PHASE1,NOT_MODELED_PHASE1,FINANCING_CHANNEL_SEPARATE,FINANCING_CHANNEL_SEPARATE,MODEL_CONTINGENT_STRESS_TEST_ONLY
full_vat_abolition,0,0,abolished,abolished,1,0.0005,0.75,0.00025,5,0.0005,0.000375,0.00025,0.000625,0.000124968762,0,EXCLUDED_FROM_COMPLIANCE_MODULE,NOT_MODELED_PHASE1,NOT_MODELED_PHASE1,NOT_MODELED_PHASE1,FINANCING_CHANNEL_SEPARATE,FINANCING_CHANNEL_SEPARATE,MODEL_CONTINGENT_STRESS_TEST_ONLY
full_vat_abolition,0,0,abolished,abolished,1,0.0005,0.75,0.0005,1,0.0005,0.000375,0.0005,0.000875,0.000875,0,EXCLUDED_FROM_COMPLIANCE_MODULE,NOT_MODELED_PHASE1,NOT_MODELED_PHASE1,NOT_MODELED_PHASE1,FINANCING_CHANNEL_SEPARATE,FINANCING_CHANNEL_SEPARATE,MODEL_CONTINGENT_STRESS_TEST_ONLY
full_vat_abolition,0,0,abolished,abolished,1,0.0005,0.75,0.0005,3,0.0005,0.000375,0.0005,0.000875,0.000291581639,0,EXCLUDED_FROM_COMPLIANCE_MODULE,NOT_MODELED_PHASE1,NOT_MODELED_PHASE1,NOT_MODELED_PHASE1,FINANCING_CHANNEL_SEPARATE,FINANCING_CHANNEL_SEPARATE,MODEL_CONTINGENT_STRESS_TEST_ONLY
full_vat_abolition,0,0,abolished,abolished,1,0.0005,0.75,0.0005,5,0.0005,0.000375,0.0005,0.000875,0.000174938782,0,EXCLUDED_FROM_COMPLIANCE_MODULE,NOT_MODELED_PHASE1,NOT_MODELED_PHASE1,NOT_MODELED_PHASE1,FINANCING_CHANNEL_SEPARATE,FINANCING_CHANNEL_SEPARATE,MODEL_CONTINGENT_STRESS_TEST_ONLY
full_vat_abolition,0,0,abolished,abolished,1,0.0005,0.75,0.001,1,0.0005,0.000375,0.001,0.001375,0.001375,0,EXCLUDED_FROM_COMPLIANCE_MODULE,NOT_MODELED_PHASE1,NOT_MODELED_PHASE1,NOT_MODELED_PHASE1,FINANCING_CHANNEL_SEPARATE,FINANCING_CHANNEL_SEPARATE,MODEL_CONTINGENT_STRESS_TEST_ONLY
full_vat_abolition,0,0,abolished,abolished,1,0.0005,0.75,0.001,3,0.0005,0.000375,0.001,0.001375,0.000458123424,0,EXCLUDED_FROM_COMPLIANCE_MODULE,NOT_MODELED_PHASE1,NOT_MODELED_PHASE1,NOT_MODELED_PHASE1,FINANCING_CHANNEL_SEPARATE,FINANCING_CHANNEL_SEPARATE,MODEL_CONTINGENT_STRESS_TEST_ONLY
full_vat_abolition,0,0,abolished,abolished,1,0.0005,0.75,0.001,5,0.0005,0.000375,0.001,0.001375,0.000274848875,0,EXCLUDED_FROM_COMPLIANCE_MODULE,NOT_MODELED_PHASE1,NOT_MODELED_PHASE1,NOT_MODELED_PHASE1,FINANCING_CHANNEL_SEPARATE,FINANCING_CHANNEL_SEPARATE,MODEL_CONTINGENT_STRESS_TEST_ONLY
full_vat_abolition,0,0,abolished,abolished,1,0.0005,1,0,1,0.0005,0.0005,0,0.0005,0.0005,0,EXCLUDED_FROM_COMPLIANCE_MODULE,NOT_MODELED_PHASE1,NOT_MODELED_PHASE1,NOT_MODELED_PHASE1,FINANCING_CHANNEL_SEPARATE,FINANCING_CHANNEL_SEPARATE,MODEL_CONTINGENT_STRESS_TEST_ONLY
full_vat_abolition,0,0,abolished,abolished,1,0.0005,1,0,3,0.0005,0.0005,0,0.0005,0.000166638897,0,EXCLUDED_FROM_COMPLIANCE_MODULE,NOT_MODELED_PHASE1,NOT_MODELED_PHASE1,NOT_MODELED_PHASE1,FINANCING_CHANNEL_SEPARATE,FINANCING_CHANNEL_SEPARATE,MODEL_CONTINGENT_STRESS_TEST_ONLY
full_vat_abolition,0,0,abolished,abolished,1,0.0005,1,0,5,0.0005,0.0005,0,0.0005,0.000099980006,0,EXCLUDED_FROM_COMPLIANCE_MODULE,NOT_MODELED_PHASE1,NOT_MODELED_PHASE1,NOT_MODELED_PHASE1,FINANCING_CHANNEL_SEPARATE,FINANCING_CHANNEL_SEPARATE,MODEL_CONTINGENT_STRESS_TEST_ONLY
full_vat_abolition,0,0,abolished,abolished,1,0.0005,1,0.00025,1,0.0005,0.0005,0.00025,0.00075,0.00075,0,EXCLUDED_FROM_COMPLIANCE_MODULE,NOT_MODELED_PHASE1,NOT_MODELED_PHASE1,NOT_MODELED_PHASE1,FINANCING_CHANNEL_SEPARATE,FINANCING_CHANNEL_SEPARATE,MODEL_CONTINGENT_STRESS_TEST_ONLY
full_vat_abolition,0,0,abolished,abolished,1,0.0005,1,0.00025,3,0.0005,0.0005,0.00025,0.00075,0.000249937526,0,EXCLUDED_FROM_COMPLIANCE_MODULE,NOT_MODELED_PHASE1,NOT_MODELED_PHASE1,NOT_MODELED_PHASE1,FINANCING_CHANNEL_SEPARATE,FINANCING_CHANNEL_SEPARATE,MODEL_CONTINGENT_STRESS_TEST_ONLY
full_vat_abolition,0,0,abolished,abolished,1,0.0005,1,0.00025,5,0.0005,0.0005,0.00025,0.00075,0.00014995502,0,EXCLUDED_FROM_COMPLIANCE_MODULE,NOT_MODELED_PHASE1,NOT_MODELED_PHASE1,NOT_MODELED_PHASE1,FINANCING_CHANNEL_SEPARATE,FINANCING_CHANNEL_SEPARATE,MODEL_CONTINGENT_STRESS_TEST_ONLY
full_vat_abolition,0,0,abolished,abolished,1,0.0005,1,0.0005,1,0.0005,0.0005,0.0005,0.001,0.001,0,EXCLUDED_FROM_COMPLIANCE_MODULE,NOT_MODELED_PHASE1,NOT_MODELED_PHASE1,NOT_MODELED_PHASE1,FINANCING_CHANNEL_SEPARATE,FINANCING_CHANNEL_SEPARATE,MODEL_CONTINGENT_STRESS_TEST_ONLY
full_vat_abolition,0,0,abolished,abolished,1,0.0005,1,0.0005,3,0.0005,0.0005,0.0005,0.001,0.000333222284,0,EXCLUDED_FROM_COMPLIANCE_MODULE,NOT_MODELED_PHASE1,NOT_MODELED_PHASE1,NOT_MODELED_PHASE1,FINANCING_CHANNEL_SEPARATE,FINANCING_CHANNEL_SEPARATE,MODEL_CONTINGENT_STRESS_TEST_ONLY
full_vat_abolition,0,0,abolished,abolished,1,0.0005,1,0.0005,5,0.0005,0.0005,0.0005,0.001,0.000199920048,0,EXCLUDED_FROM_COMPLIANCE_MODULE,NOT_MODELED_PHASE1,NOT_MODELED_PHASE1,NOT_MODELED_PHASE1,FINANCING_CHANNEL_SEPARATE,FINANCING_CHANNEL_SEPARATE,MODEL_CONTINGENT_STRESS_TEST_ONLY
full_vat_abolition,0,0,abolished,abolished,1,0.0005,1,0.001,1,0.0005,0.0005,0.001,0.0015,0.0015,0,EXCLUDED_FROM_COMPLIANCE_MODULE,NOT_MODELED_PHASE1,NOT_MODELED_PHASE1,NOT_MODELED_PHASE1,FINANCING_CHANNEL_SEPARATE,FINANCING_CHANNEL_SEPARATE,MODEL_CONTINGENT_STRESS_TEST_ONLY
full_vat_abolition,0,0,abolished,abolished,1,0.0005,1,0.001,3,0.0005,0.0005,0.001,0.0015,0.000499750208,0,EXCLUDED_FROM_COMPLIANCE_MODULE,NOT_MODELED_PHASE1,NOT_MODELED_PHASE1,NOT_MODELED_PHASE1,FINANCING_CHANNEL_SEPARATE,FINANCING_CHANNEL_SEPARATE,MODEL_CONTINGENT_STRESS_TEST_ONLY
full_vat_abolition,0,0,abolished,abolished,1,0.0005,1,0.001,5,0.0005,0.0005,0.001,0.0015,0.000299820162,0,EXCLUDED_FROM_COMPLIANCE_MODULE,NOT_MODELED_PHASE1,NOT_MODELED_PHASE1,NOT_MODELED_PHASE1,FINANCING_CHANNEL_SEPARATE,FINANCING_CHANNEL_SEPARATE,MODEL_CONTINGENT_STRESS_TEST_ONLY
full_vat_abolition,0,0,abolished,abolished,1,0.001,0,0,1,0.001,0,0,0,0,0,EXCLUDED_FROM_COMPLIANCE_MODULE,NOT_MODELED_PHASE1,NOT_MODELED_PHASE1,NOT_MODELED_PHASE1,FINANCING_CHANNEL_SEPARATE,FINANCING_CHANNEL_SEPARATE,MODEL_CONTINGENT_STRESS_TEST_ONLY
full_vat_abolition,0,0,abolished,abolished,1,0.001,0,0,3,0.001,0,0,0,0,0,EXCLUDED_FROM_COMPLIANCE_MODULE,NOT_MODELED_PHASE1,NOT_MODELED_PHASE1,NOT_MODELED_PHASE1,FINANCING_CHANNEL_SEPARATE,FINANCING_CHANNEL_SEPARATE,MODEL_CONTINGENT_STRESS_TEST_ONLY
full_vat_abolition,0,0,abolished,abolished,1,0.001,0,0,5,0.001,0,0,0,0,0,EXCLUDED_FROM_COMPLIANCE_MODULE,NOT_MODELED_PHASE1,NOT_MODELED_PHASE1,NOT_MODELED_PHASE1,FINANCING_CHANNEL_SEPARATE,FINANCING_CHANNEL_SEPARATE,MODEL_CONTINGENT_STRESS_TEST_ONLY
full_vat_abolition,0,0,abolished,abolished,1,0.001,0,0.00025,1,0.001,0,0.00025,0.00025,0.00025,0,EXCLUDED_FROM_COMPLIANCE_MODULE,NOT_MODELED_PHASE1,NOT_MODELED_PHASE1,NOT_MODELED_PHASE1,FINANCING_CHANNEL_SEPARATE,FINANCING_CHANNEL_SEPARATE,MODEL_CONTINGENT_STRESS_TEST_ONLY
full_vat_abolition,0,0,abolished,abolished,1,0.001,0,0.00025,3,0.001,0,0.00025,0.00025,0.00008332639,0,EXCLUDED_FROM_COMPLIANCE_MODULE,NOT_MODELED_PHASE1,NOT_MODELED_PHASE1,NOT_MODELED_PHASE1,FINANCING_CHANNEL_SEPARATE,FINANCING_CHANNEL_SEPARATE,MODEL_CONTINGENT_STRESS_TEST_ONLY
full_vat_abolition,0,0,abolished,abolished,1,0.001,0,0.00025,5,0.001,0,0.00025,0.00025,0.000049995001,0,EXCLUDED_FROM_COMPLIANCE_MODULE,NOT_MODELED_PHASE1,NOT_MODELED_PHASE1,NOT_MODELED_PHASE1,FINANCING_CHANNEL_SEPARATE,FINANCING_CHANNEL_SEPARATE,MODEL_CONTINGENT_STRESS_TEST_ONLY
full_vat_abolition,0,0,abolished,abolished,1,0.001,0,0.0005,1,0.001,0,0.0005,0.0005,0.0005,0,EXCLUDED_FROM_COMPLIANCE_MODULE,NOT_MODELED_PHASE1,NOT_MODELED_PHASE1,NOT_MODELED_PHASE1,FINANCING_CHANNEL_SEPARATE,FINANCING_CHANNEL_SEPARATE,MODEL_CONTINGENT_STRESS_TEST_ONLY
full_vat_abolition,0,0,abolished,abolished,1,0.001,0,0.0005,3,0.001,0,0.0005,0.0005,0.000166638897,0,EXCLUDED_FROM_COMPLIANCE_MODULE,NOT_MODELED_PHASE1,NOT_MODELED_PHASE1,NOT_MODELED_PHASE1,FINANCING_CHANNEL_SEPARATE,FINANCING_CHANNEL_SEPARATE,MODEL_CONTINGENT_STRESS_TEST_ONLY
full_vat_abolition,0,0,abolished,abolished,1,0.001,0,0.0005,5,0.001,0,0.0005,0.0005,0.000099980006,0,EXCLUDED_FROM_COMPLIANCE_MODULE,NOT_MODELED_PHASE1,NOT_MODELED_PHASE1,NOT_MODELED_PHASE1,FINANCING_CHANNEL_SEPARATE,FINANCING_CHANNEL_SEPARATE,MODEL_CONTINGENT_STRESS_TEST_ONLY
full_vat_abolition,0,0,abolished,abolished,1,0.001,0,0.001,1,0.001,0,0.001,0.001,0.001,0,EXCLUDED_FROM_COMPLIANCE_MODULE,NOT_MODELED_PHASE1,NOT_MODELED_PHASE1,NOT_MODELED_PHASE1,FINANCING_CHANNEL_SEPARATE,FINANCING_CHANNEL_SEPARATE,MODEL_CONTINGENT_STRESS_TEST_ONLY
full_vat_abolition,0,0,abolished,abolished,1,0.001,0,0.001,3,0.001,0,0.001,0.001,0.000333222284,0,EXCLUDED_FROM_COMPLIANCE_MODULE,NOT_MODELED_PHASE1,NOT_MODELED_PHASE1,NOT_MODELED_PHASE1,FINANCING_CHANNEL_SEPARATE,FINANCING_CHANNEL_SEPARATE,MODEL_CONTINGENT_STRESS_TEST_ONLY
full_vat_abolition,0,0,abolished,abolished,1,0.001,0,0.001,5,0.001,0,0.001,0.001,0.000199920048,0,EXCLUDED_FROM_COMPLIANCE_MODULE,NOT_MODELED_PHASE1,NOT_MODELED_PHASE1,NOT_MODELED_PHASE1,FINANCING_CHANNEL_SEPARATE,FINANCING_CHANNEL_SEPARATE,MODEL_CONTINGENT_STRESS_TEST_ONLY
full_vat_abolition,0,0,abolished,abolished,1,0.001,0.25,0,1,0.001,0.00025,0,0.00025,0.00025,0,EXCLUDED_FROM_COMPLIANCE_MODULE,NOT_MODELED_PHASE1,NOT_MODELED_PHASE1,NOT_MODELED_PHASE1,FINANCING_CHANNEL_SEPARATE,FINANCING_CHANNEL_SEPARATE,MODEL_CONTINGENT_STRESS_TEST_ONLY
full_vat_abolition,0,0,abolished,abolished,1,0.001,0.25,0,3,0.001,0.00025,0,0.00025,0.00008332639,0,EXCLUDED_FROM_COMPLIANCE_MODULE,NOT_MODELED_PHASE1,NOT_MODELED_PHASE1,NOT_MODELED_PHASE1,FINANCING_CHANNEL_SEPARATE,FINANCING_CHANNEL_SEPARATE,MODEL_CONTINGENT_STRESS_TEST_ONLY
full_vat_abolition,0,0,abolished,abolished,1,0.001,0.25,0,5,0.001,0.00025,0,0.00025,0.000049995001,0,EXCLUDED_FROM_COMPLIANCE_MODULE,NOT_MODELED_PHASE1,NOT_MODELED_PHASE1,NOT_MODELED_PHASE1,FINANCING_CHANNEL_SEPARATE,FINANCING_CHANNEL_SEPARATE,MODEL_CONTINGENT_STRESS_TEST_ONLY
full_vat_abolition,0,0,abolished,abolished,1,0.001,0.25,0.00025,1,0.001,0.00025,0.00025,0.0005,0.0005,0,EXCLUDED_FROM_COMPLIANCE_MODULE,NOT_MODELED_PHASE1,NOT_MODELED_PHASE1,NOT_MODELED_PHASE1,FINANCING_CHANNEL_SEPARATE,FINANCING_CHANNEL_SEPARATE,MODEL_CONTINGENT_STRESS_TEST_ONLY
full_vat_abolition,0,0,abolished,abolished,1,0.001,0.25,0.00025,3,0.001,0.00025,0.00025,0.0005,0.000166638897,0,EXCLUDED_FROM_COMPLIANCE_MODULE,NOT_MODELED_PHASE1,NOT_MODELED_PHASE1,NOT_MODELED_PHASE1,FINANCING_CHANNEL_SEPARATE,FINANCING_CHANNEL_SEPARATE,MODEL_CONTINGENT_STRESS_TEST_ONLY
full_vat_abolition,0,0,abolished,abolished,1,0.001,0.25,0.00025,5,0.001,0.00025,0.00025,0.0005,0.000099980006,0,EXCLUDED_FROM_COMPLIANCE_MODULE,NOT_MODELED_PHASE1,NOT_MODELED_PHASE1,NOT_MODELED_PHASE1,FINANCING_CHANNEL_SEPARATE,FINANCING_CHANNEL_SEPARATE,MODEL_CONTINGENT_STRESS_TEST_ONLY
full_vat_abolition,0,0,abolished,abolished,1,0.001,0.25,0.0005,1,0.001,0.00025,0.0005,0.00075,0.00075,0,EXCLUDED_FROM_COMPLIANCE_MODULE,NOT_MODELED_PHASE1,NOT_MODELED_PHASE1,NOT_MODELED_PHASE1,FINANCING_CHANNEL_SEPARATE,FINANCING_CHANNEL_SEPARATE,MODEL_CONTINGENT_STRESS_TEST_ONLY
full_vat_abolition,0,0,abolished,abolished,1,0.001,0.25,0.0005,3,0.001,0.00025,0.0005,0.00075,0.000249937526,0,EXCLUDED_FROM_COMPLIANCE_MODULE,NOT_MODELED_PHASE1,NOT_MODELED_PHASE1,NOT_MODELED_PHASE1,FINANCING_CHANNEL_SEPARATE,FINANCING_CHANNEL_SEPARATE,MODEL_CONTINGENT_STRESS_TEST_ONLY
full_vat_abolition,0,0,abolished,abolished,1,0.001,0.25,0.0005,5,0.001,0.00025,0.0005,0.00075,0.00014995502,0,EXCLUDED_FROM_COMPLIANCE_MODULE,NOT_MODELED_PHASE1,NOT_MODELED_PHASE1,NOT_MODELED_PHASE1,FINANCING_CHANNEL_SEPARATE,FINANCING_CHANNEL_SEPARATE,MODEL_CONTINGENT_STRESS_TEST_ONLY
full_vat_abolition,0,0,abolished,abolished,1,0.001,0.25,0.001,1,0.001,0.00025,0.001,0.00125,0.00125,0,EXCLUDED_FROM_COMPLIANCE_MODULE,NOT_MODELED_PHASE1,NOT_MODELED_PHASE1,NOT_MODELED_PHASE1,FINANCING_CHANNEL_SEPARATE,FINANCING_CHANNEL_SEPARATE,MODEL_CONTINGENT_STRESS_TEST_ONLY
full_vat_abolition,0,0,abolished,abolished,1,0.001,0.25,0.001,3,0.001,0.00025,0.001,0.00125,0.000416493176,0,EXCLUDED_FROM_COMPLIANCE_MODULE,NOT_MODELED_PHASE1,NOT_MODELED_PHASE1,NOT_MODELED_PHASE1,FINANCING_CHANNEL_SEPARATE,FINANCING_CHANNEL_SEPARATE,MODEL_CONTINGENT_STRESS_TEST_ONLY
full_vat_abolition,0,0,abolished,abolished,1,0.001,0.25,0.001,5,0.001,0.00025,0.001,0.00125,0.000249875094,0,EXCLUDED_FROM_COMPLIANCE_MODULE,NOT_MODELED_PHASE1,NOT_MODELED_PHASE1,NOT_MODELED_PHASE1,FINANCING_CHANNEL_SEPARATE,FINANCING_CHANNEL_SEPARATE,MODEL_CONTINGENT_STRESS_TEST_ONLY
full_vat_abolition,0,0,abolished,abolished,1,0.001,0.5,0,1,0.001,0.0005,0,0.0005,0.0005,0,EXCLUDED_FROM_COMPLIANCE_MODULE,NOT_MODELED_PHASE1,NOT_MODELED_PHASE1,NOT_MODELED_PHASE1,FINANCING_CHANNEL_SEPARATE,FINANCING_CHANNEL_SEPARATE,MODEL_CONTINGENT_STRESS_TEST_ONLY
full_vat_abolition,0,0,abolished,abolished,1,0.001,0.5,0,3,0.001,0.0005,0,0.0005,0.000166638897,0,EXCLUDED_FROM_COMPLIANCE_MODULE,NOT_MODELED_PHASE1,NOT_MODELED_PHASE1,NOT_MODELED_PHASE1,FINANCING_CHANNEL_SEPARATE,FINANCING_CHANNEL_SEPARATE,MODEL_CONTINGENT_STRESS_TEST_ONLY
full_vat_abolition,0,0,abolished,abolished,1,0.001,0.5,0,5,0.001,0.0005,0,0.0005,0.000099980006,0,EXCLUDED_FROM_COMPLIANCE_MODULE,NOT_MODELED_PHASE1,NOT_MODELED_PHASE1,NOT_MODELED_PHASE1,FINANCING_CHANNEL_SEPARATE,FINANCING_CHANNEL_SEPARATE,MODEL_CONTINGENT_STRESS_TEST_ONLY
full_vat_abolition,0,0,abolished,abolished,1,0.001,0.5,0.00025,1,0.001,0.0005,0.00025,0.00075,0.00075,0,EXCLUDED_FROM_COMPLIANCE_MODULE,NOT_MODELED_PHASE1,NOT_MODELED_PHASE1,NOT_MODELED_PHASE1,FINANCING_CHANNEL_SEPARATE,FINANCING_CHANNEL_SEPARATE,MODEL_CONTINGENT_STRESS_TEST_ONLY
full_vat_abolition,0,0,abolished,abolished,1,0.001,0.5,0.00025,3,0.001,0.0005,0.00025,0.00075,0.000249937526,0,EXCLUDED_FROM_COMPLIANCE_MODULE,NOT_MODELED_PHASE1,NOT_MODELED_PHASE1,NOT_MODELED_PHASE1,FINANCING_CHANNEL_SEPARATE,FINANCING_CHANNEL_SEPARATE,MODEL_CONTINGENT_STRESS_TEST_ONLY
full_vat_abolition,0,0,abolished,abolished,1,0.001,0.5,0.00025,5,0.001,0.0005,0.00025,0.00075,0.00014995502,0,EXCLUDED_FROM_COMPLIANCE_MODULE,NOT_MODELED_PHASE1,NOT_MODELED_PHASE1,NOT_MODELED_PHASE1,FINANCING_CHANNEL_SEPARATE,FINANCING_CHANNEL_SEPARATE,MODEL_CONTINGENT_STRESS_TEST_ONLY
full_vat_abolition,0,0,abolished,abolished,1,0.001,0.5,0.0005,1,0.001,0.0005,0.0005,0.001,0.001,0,EXCLUDED_FROM_COMPLIANCE_MODULE,NOT_MODELED_PHASE1,NOT_MODELED_PHASE1,NOT_MODELED_PHASE1,FINANCING_CHANNEL_SEPARATE,FINANCING_CHANNEL_SEPARATE,MODEL_CONTINGENT_STRESS_TEST_ONLY
full_vat_abolition,0,0,abolished,abolished,1,0.001,0.5,0.0005,3,0.001,0.0005,0.0005,0.001,0.000333222284,0,EXCLUDED_FROM_COMPLIANCE_MODULE,NOT_MODELED_PHASE1,NOT_MODELED_PHASE1,NOT_MODELED_PHASE1,FINANCING_CHANNEL_SEPARATE,FINANCING_CHANNEL_SEPARATE,MODEL_CONTINGENT_STRESS_TEST_ONLY
full_vat_abolition,0,0,abolished,abolished,1,0.001,0.5,0.0005,5,0.001,0.0005,0.0005,0.001,0.000199920048,0,EXCLUDED_FROM_COMPLIANCE_MODULE,NOT_MODELED_PHASE1,NOT_MODELED_PHASE1,NOT_MODELED_PHASE1,FINANCING_CHANNEL_SEPARATE,FINANCING_CHANNEL_SEPARATE,MODEL_CONTINGENT_STRESS_TEST_ONLY
full_vat_abolition,0,0,abolished,abolished,1,0.001,0.5,0.001,1,0.001,0.0005,0.001,0.0015,0.0015,0,EXCLUDED_FROM_COMPLIANCE_MODULE,NOT_MODELED_PHASE1,NOT_MODELED_PHASE1,NOT_MODELED_PHASE1,FINANCING_CHANNEL_SEPARATE,FINANCING_CHANNEL_SEPARATE,MODEL_CONTINGENT_STRESS_TEST_ONLY
full_vat_abolition,0,0,abolished,abolished,1,0.001,0.5,0.001,3,0.001,0.0005,0.001,0.0015,0.000499750208,0,EXCLUDED_FROM_COMPLIANCE_MODULE,NOT_MODELED_PHASE1,NOT_MODELED_PHASE1,NOT_MODELED_PHASE1,FINANCING_CHANNEL_SEPARATE,FINANCING_CHANNEL_SEPARATE,MODEL_CONTINGENT_STRESS_TEST_ONLY
full_vat_abolition,0,0,abolished,abolished,1,0.001,0.5,0.001,5,0.001,0.0005,0.001,0.0015,0.000299820162,0,EXCLUDED_FROM_COMPLIANCE_MODULE,NOT_MODELED_PHASE1,NOT_MODELED_PHASE1,NOT_MODELED_PHASE1,FINANCING_CHANNEL_SEPARATE,FINANCING_CHANNEL_SEPARATE,MODEL_CONTINGENT_STRESS_TEST_ONLY
full_vat_abolition,0,0,abolished,abolished,1,0.001,0.75,0,1,0.001,0.00075,0,0.00075,0.00075,0,EXCLUDED_FROM_COMPLIANCE_MODULE,NOT_MODELED_PHASE1,NOT_MODELED_PHASE1,NOT_MODELED_PHASE1,FINANCING_CHANNEL_SEPARATE,FINANCING_CHANNEL_SEPARATE,MODEL_CONTINGENT_STRESS_TEST_ONLY
full_vat_abolition,0,0,abolished,abolished,1,0.001,0.75,0,3,0.001,0.00075,0,0.00075,0.000249937526,0,EXCLUDED_FROM_COMPLIANCE_MODULE,NOT_MODELED_PHASE1,NOT_MODELED_PHASE1,NOT_MODELED_PHASE1,FINANCING_CHANNEL_SEPARATE,FINANCING_CHANNEL_SEPARATE,MODEL_CONTINGENT_STRESS_TEST_ONLY
full_vat_abolition,0,0,abolished,abolished,1,0.001,0.75,0,5,0.001,0.00075,0,0.00075,0.00014995502,0,EXCLUDED_FROM_COMPLIANCE_MODULE,NOT_MODELED_PHASE1,NOT_MODELED_PHASE1,NOT_MODELED_PHASE1,FINANCING_CHANNEL_SEPARATE,FINANCING_CHANNEL_SEPARATE,MODEL_CONTINGENT_STRESS_TEST_ONLY
full_vat_abolition,0,0,abolished,abolished,1,0.001,0.75,0.00025,1,0.001,0.00075,0.00025,0.001,0.001,0,EXCLUDED_FROM_COMPLIANCE_MODULE,NOT_MODELED_PHASE1,NOT_MODELED_PHASE1,NOT_MODELED_PHASE1,FINANCING_CHANNEL_SEPARATE,FINANCING_CHANNEL_SEPARATE,MODEL_CONTINGENT_STRESS_TEST_ONLY
full_vat_abolition,0,0,abolished,abolished,1,0.001,0.75,0.00025,3,0.001,0.00075,0.00025,0.001,0.000333222284,0,EXCLUDED_FROM_COMPLIANCE_MODULE,NOT_MODELED_PHASE1,NOT_MODELED_PHASE1,NOT_MODELED_PHASE1,FINANCING_CHANNEL_SEPARATE,FINANCING_CHANNEL_SEPARATE,MODEL_CONTINGENT_STRESS_TEST_ONLY
full_vat_abolition,0,0,abolished,abolished,1,0.001,0.75,0.00025,5,0.001,0.00075,0.00025,0.001,0.000199920048,0,EXCLUDED_FROM_COMPLIANCE_MODULE,NOT_MODELED_PHASE1,NOT_MODELED_PHASE1,NOT_MODELED_PHASE1,FINANCING_CHANNEL_SEPARATE,FINANCING_CHANNEL_SEPARATE,MODEL_CONTINGENT_STRESS_TEST_ONLY
full_vat_abolition,0,0,abolished,abolished,1,0.001,0.75,0.0005,1,0.001,0.00075,0.0005,0.00125,0.00125,0,EXCLUDED_FROM_COMPLIANCE_MODULE,NOT_MODELED_PHASE1,NOT_MODELED_PHASE1,NOT_MODELED_PHASE1,FINANCING_CHANNEL_SEPARATE,FINANCING_CHANNEL_SEPARATE,MODEL_CONTINGENT_STRESS_TEST_ONLY
full_vat_abolition,0,0,abolished,abolished,1,0.001,0.75,0.0005,3,0.001,0.00075,0.0005,0.00125,0.000416493176,0,EXCLUDED_FROM_COMPLIANCE_MODULE,NOT_MODELED_PHASE1,NOT_MODELED_PHASE1,NOT_MODELED_PHASE1,FINANCING_CHANNEL_SEPARATE,FINANCING_CHANNEL_SEPARATE,MODEL_CONTINGENT_STRESS_TEST_ONLY
full_vat_abolition,0,0,abolished,abolished,1,0.001,0.75,0.0005,5,0.001,0.00075,0.0005,0.00125,0.000249875094,0,EXCLUDED_FROM_COMPLIANCE_MODULE,NOT_MODELED_PHASE1,NOT_MODELED_PHASE1,NOT_MODELED_PHASE1,FINANCING_CHANNEL_SEPARATE,FINANCING_CHANNEL_SEPARATE,MODEL_CONTINGENT_STRESS_TEST_ONLY
full_vat_abolition,0,0,abolished,abolished,1,0.001,0.75,0.001,1,0.001,0.00075,0.001,0.00175,0.00175,0,EXCLUDED_FROM_COMPLIANCE_MODULE,NOT_MODELED_PHASE1,NOT_MODELED_PHASE1,NOT_MODELED_PHASE1,FINANCING_CHANNEL_SEPARATE,FINANCING_CHANNEL_SEPARATE,MODEL_CONTINGENT_STRESS_TEST_ONLY
full_vat_abolition,0,0,abolished,abolished,1,0.001,0.75,0.001,3,0.001,0.00075,0.001,0.00175,0.000582993386,0,EXCLUDED_FROM_COMPLIANCE_MODULE,NOT_MODELED_PHASE1,NOT_MODELED_PHASE1,NOT_MODELED_PHASE1,FINANCING_CHANNEL_SEPARATE,FINANCING_CHANNEL_SEPARATE,MODEL_CONTINGENT_STRESS_TEST_ONLY
full_vat_abolition,0,0,abolished,abolished,1,0.001,0.75,0.001,5,0.001,0.00075,0.001,0.00175,0.000349755257,0,EXCLUDED_FROM_COMPLIANCE_MODULE,NOT_MODELED_PHASE1,NOT_MODELED_PHASE1,NOT_MODELED_PHASE1,FINANCING_CHANNEL_SEPARATE,FINANCING_CHANNEL_SEPARATE,MODEL_CONTINGENT_STRESS_TEST_ONLY
full_vat_abolition,0,0,abolished,abolished,1,0.001,1,0,1,0.001,0.001,0,0.001,0.001,0,EXCLUDED_FROM_COMPLIANCE_MODULE,NOT_MODELED_PHASE1,NOT_MODELED_PHASE1,NOT_MODELED_PHASE1,FINANCING_CHANNEL_SEPARATE,FINANCING_CHANNEL_SEPARATE,MODEL_CONTINGENT_STRESS_TEST_ONLY
full_vat_abolition,0,0,abolished,abolished,1,0.001,1,0,3,0.001,0.001,0,0.001,0.000333222284,0,EXCLUDED_FROM_COMPLIANCE_MODULE,NOT_MODELED_PHASE1,NOT_MODELED_PHASE1,NOT_MODELED_PHASE1,FINANCING_CHANNEL_SEPARATE,FINANCING_CHANNEL_SEPARATE,MODEL_CONTINGENT_STRESS_TEST_ONLY
full_vat_abolition,0,0,abolished,abolished,1,0.001,1,0,5,0.001,0.001,0,0.001,0.000199920048,0,EXCLUDED_FROM_COMPLIANCE_MODULE,NOT_MODELED_PHASE1,NOT_MODELED_PHASE1,NOT_MODELED_PHASE1,FINANCING_CHANNEL_SEPARATE,FINANCING_CHANNEL_SEPARATE,MODEL_CONTINGENT_STRESS_TEST_ONLY
full_vat_abolition,0,0,abolished,abolished,1,0.001,1,0.00025,1,0.001,0.001,0.00025,0.00125,0.00125,0,EXCLUDED_FROM_COMPLIANCE_MODULE,NOT_MODELED_PHASE1,NOT_MODELED_PHASE1,NOT_MODELED_PHASE1,FINANCING_CHANNEL_SEPARATE,FINANCING_CHANNEL_SEPARATE,MODEL_CONTINGENT_STRESS_TEST_ONLY
full_vat_abolition,0,0,abolished,abolished,1,0.001,1,0.00025,3,0.001,0.001,0.00025,0.00125,0.000416493176,0,EXCLUDED_FROM_COMPLIANCE_MODULE,NOT_MODELED_PHASE1,NOT_MODELED_PHASE1,NOT_MODELED_PHASE1,FINANCING_CHANNEL_SEPARATE,FINANCING_CHANNEL_SEPARATE,MODEL_CONTINGENT_STRESS_TEST_ONLY
full_vat_abolition,0,0,abolished,abolished,1,0.001,1,0.00025,5,0.001,0.001,0.00025,0.00125,0.000249875094,0,EXCLUDED_FROM_COMPLIANCE_MODULE,NOT_MODELED_PHASE1,NOT_MODELED_PHASE1,NOT_MODELED_PHASE1,FINANCING_CHANNEL_SEPARATE,FINANCING_CHANNEL_SEPARATE,MODEL_CONTINGENT_STRESS_TEST_ONLY
full_vat_abolition,0,0,abolished,abolished,1,0.001,1,0.0005,1,0.001,0.001,0.0005,0.0015,0.0015,0,EXCLUDED_FROM_COMPLIANCE_MODULE,NOT_MODELED_PHASE1,NOT_MODELED_PHASE1,NOT_MODELED_PHASE1,FINANCING_CHANNEL_SEPARATE,FINANCING_CHANNEL_SEPARATE,MODEL_CONTINGENT_STRESS_TEST_ONLY
full_vat_abolition,0,0,abolished,abolished,1,0.001,1,0.0005,3,0.001,0.001,0.0005,0.0015,0.000499750208,0,EXCLUDED_FROM_COMPLIANCE_MODULE,NOT_MODELED_PHASE1,NOT_MODELED_PHASE1,NOT_MODELED_PHASE1,FINANCING_CHANNEL_SEPARATE,FINANCING_CHANNEL_SEPARATE,MODEL_CONTINGENT_STRESS_TEST_ONLY
full_vat_abolition,0,0,abolished,abolished,1,0.001,1,0.0005,5,0.001,0.001,0.0005,0.0015,0.000299820162,0,EXCLUDED_FROM_COMPLIANCE_MODULE,NOT_MODELED_PHASE1,NOT_MODELED_PHASE1,NOT_MODELED_PHASE1,FINANCING_CHANNEL_SEPARATE,FINANCING_CHANNEL_SEPARATE,MODEL_CONTINGENT_STRESS_TEST_ONLY
full_vat_abolition,0,0,abolished,abolished,1,0.001,1,0.001,1,0.001,0.001,0.001,0.002,0.002,0,EXCLUDED_FROM_COMPLIANCE_MODULE,NOT_MODELED_PHASE1,NOT_MODELED_PHASE1,NOT_MODELED_PHASE1,FINANCING_CHANNEL_SEPARATE,FINANCING_CHANNEL_SEPARATE,MODEL_CONTINGENT_STRESS_TEST_ONLY
full_vat_abolition,0,0,abolished,abolished,1,0.001,1,0.001,3,0.001,0.001,0.001,0.002,0.000666222715,0,EXCLUDED_FROM_COMPLIANCE_MODULE,NOT_MODELED_PHASE1,NOT_MODELED_PHASE1,NOT_MODELED_PHASE1,FINANCING_CHANNEL_SEPARATE,FINANCING_CHANNEL_SEPARATE,MODEL_CONTINGENT_STRESS_TEST_ONLY
full_vat_abolition,0,0,abolished,abolished,1,0.001,1,0.001,5,0.001,0.001,0.001,0.002,0.000399680383,0,EXCLUDED_FROM_COMPLIANCE_MODULE,NOT_MODELED_PHASE1,NOT_MODELED_PHASE1,NOT_MODELED_PHASE1,FINANCING_CHANNEL_SEPARATE,FINANCING_CHANNEL_SEPARATE,MODEL_CONTINGENT_STRESS_TEST_ONLY
full_vat_abolition,0,0,abolished,abolished,1,0.0025,0,0,1,0.0025,0,0,0,0,0,EXCLUDED_FROM_COMPLIANCE_MODULE,NOT_MODELED_PHASE1,NOT_MODELED_PHASE1,NOT_MODELED_PHASE1,FINANCING_CHANNEL_SEPARATE,FINANCING_CHANNEL_SEPARATE,MODEL_CONTINGENT_STRESS_TEST_ONLY
full_vat_abolition,0,0,abolished,abolished,1,0.0025,0,0,3,0.0025,0,0,0,0,0,EXCLUDED_FROM_COMPLIANCE_MODULE,NOT_MODELED_PHASE1,NOT_MODELED_PHASE1,NOT_MODELED_PHASE1,FINANCING_CHANNEL_SEPARATE,FINANCING_CHANNEL_SEPARATE,MODEL_CONTINGENT_STRESS_TEST_ONLY
full_vat_abolition,0,0,abolished,abolished,1,0.0025,0,0,5,0.0025,0,0,0,0,0,EXCLUDED_FROM_COMPLIANCE_MODULE,NOT_MODELED_PHASE1,NOT_MODELED_PHASE1,NOT_MODELED_PHASE1,FINANCING_CHANNEL_SEPARATE,FINANCING_CHANNEL_SEPARATE,MODEL_CONTINGENT_STRESS_TEST_ONLY
full_vat_abolition,0,0,abolished,abolished,1,0.0025,0,0.00025,1,0.0025,0,0.00025,0.00025,0.00025,0,EXCLUDED_FROM_COMPLIANCE_MODULE,NOT_MODELED_PHASE1,NOT_MODELED_PHASE1,NOT_MODELED_PHASE1,FINANCING_CHANNEL_SEPARATE,FINANCING_CHANNEL_SEPARATE,MODEL_CONTINGENT_STRESS_TEST_ONLY
full_vat_abolition,0,0,abolished,abolished,1,0.0025,0,0.00025,3,0.0025,0,0.00025,0.00025,0.00008332639,0,EXCLUDED_FROM_COMPLIANCE_MODULE,NOT_MODELED_PHASE1,NOT_MODELED_PHASE1,NOT_MODELED_PHASE1,FINANCING_CHANNEL_SEPARATE,FINANCING_CHANNEL_SEPARATE,MODEL_CONTINGENT_STRESS_TEST_ONLY
full_vat_abolition,0,0,abolished,abolished,1,0.0025,0,0.00025,5,0.0025,0,0.00025,0.00025,0.000049995001,0,EXCLUDED_FROM_COMPLIANCE_MODULE,NOT_MODELED_PHASE1,NOT_MODELED_PHASE1,NOT_MODELED_PHASE1,FINANCING_CHANNEL_SEPARATE,FINANCING_CHANNEL_SEPARATE,MODEL_CONTINGENT_STRESS_TEST_ONLY
full_vat_abolition,0,0,abolished,abolished,1,0.0025,0,0.0005,1,0.0025,0,0.0005,0.0005,0.0005,0,EXCLUDED_FROM_COMPLIANCE_MODULE,NOT_MODELED_PHASE1,NOT_MODELED_PHASE1,NOT_MODELED_PHASE1,FINANCING_CHANNEL_SEPARATE,FINANCING_CHANNEL_SEPARATE,MODEL_CONTINGENT_STRESS_TEST_ONLY
full_vat_abolition,0,0,abolished,abolished,1,0.0025,0,0.0005,3,0.0025,0,0.0005,0.0005,0.000166638897,0,EXCLUDED_FROM_COMPLIANCE_MODULE,NOT_MODELED_PHASE1,NOT_MODELED_PHASE1,NOT_MODELED_PHASE1,FINANCING_CHANNEL_SEPARATE,FINANCING_CHANNEL_SEPARATE,MODEL_CONTINGENT_STRESS_TEST_ONLY
full_vat_abolition,0,0,abolished,abolished,1,0.0025,0,0.0005,5,0.0025,0,0.0005,0.0005,0.000099980006,0,EXCLUDED_FROM_COMPLIANCE_MODULE,NOT_MODELED_PHASE1,NOT_MODELED_PHASE1,NOT_MODELED_PHASE1,FINANCING_CHANNEL_SEPARATE,FINANCING_CHANNEL_SEPARATE,MODEL_CONTINGENT_STRESS_TEST_ONLY
full_vat_abolition,0,0,abolished,abolished,1,0.0025,0,0.001,1,0.0025,0,0.001,0.001,0.001,0,EXCLUDED_FROM_COMPLIANCE_MODULE,NOT_MODELED_PHASE1,NOT_MODELED_PHASE1,NOT_MODELED_PHASE1,FINANCING_CHANNEL_SEPARATE,FINANCING_CHANNEL_SEPARATE,MODEL_CONTINGENT_STRESS_TEST_ONLY
full_vat_abolition,0,0,abolished,abolished,1,0.0025,0,0.001,3,0.0025,0,0.001,0.001,0.000333222284,0,EXCLUDED_FROM_COMPLIANCE_MODULE,NOT_MODELED_PHASE1,NOT_MODELED_PHASE1,NOT_MODELED_PHASE1,FINANCING_CHANNEL_SEPARATE,FINANCING_CHANNEL_SEPARATE,MODEL_CONTINGENT_STRESS_TEST_ONLY
full_vat_abolition,0,0,abolished,abolished,1,0.0025,0,0.001,5,0.0025,0,0.001,0.001,0.000199920048,0,EXCLUDED_FROM_COMPLIANCE_MODULE,NOT_MODELED_PHASE1,NOT_MODELED_PHASE1,NOT_MODELED_PHASE1,FINANCING_CHANNEL_SEPARATE,FINANCING_CHANNEL_SEPARATE,MODEL_CONTINGENT_STRESS_TEST_ONLY
full_vat_abolition,0,0,abolished,abolished,1,0.0025,0.25,0,1,0.0025,0.000625,0,0.000625,0.000625,0,EXCLUDED_FROM_COMPLIANCE_MODULE,NOT_MODELED_PHASE1,NOT_MODELED_PHASE1,NOT_MODELED_PHASE1,FINANCING_CHANNEL_SEPARATE,FINANCING_CHANNEL_SEPARATE,MODEL_CONTINGENT_STRESS_TEST_ONLY
full_vat_abolition,0,0,abolished,abolished,1,0.0025,0.25,0,3,0.0025,0.000625,0,0.000625,0.000208289946,0,EXCLUDED_FROM_COMPLIANCE_MODULE,NOT_MODELED_PHASE1,NOT_MODELED_PHASE1,NOT_MODELED_PHASE1,FINANCING_CHANNEL_SEPARATE,FINANCING_CHANNEL_SEPARATE,MODEL_CONTINGENT_STRESS_TEST_ONLY
full_vat_abolition,0,0,abolished,abolished,1,0.0025,0.25,0,5,0.0025,0.000625,0,0.000625,0.000124968762,0,EXCLUDED_FROM_COMPLIANCE_MODULE,NOT_MODELED_PHASE1,NOT_MODELED_PHASE1,NOT_MODELED_PHASE1,FINANCING_CHANNEL_SEPARATE,FINANCING_CHANNEL_SEPARATE,MODEL_CONTINGENT_STRESS_TEST_ONLY
full_vat_abolition,0,0,abolished,abolished,1,0.0025,0.25,0.00025,1,0.0025,0.000625,0.00025,0.000875,0.000875,0,EXCLUDED_FROM_COMPLIANCE_MODULE,NOT_MODELED_PHASE1,NOT_MODELED_PHASE1,NOT_MODELED_PHASE1,FINANCING_CHANNEL_SEPARATE,FINANCING_CHANNEL_SEPARATE,MODEL_CONTINGENT_STRESS_TEST_ONLY
full_vat_abolition,0,0,abolished,abolished,1,0.0025,0.25,0.00025,3,0.0025,0.000625,0.00025,0.000875,0.000291581639,0,EXCLUDED_FROM_COMPLIANCE_MODULE,NOT_MODELED_PHASE1,NOT_MODELED_PHASE1,NOT_MODELED_PHASE1,FINANCING_CHANNEL_SEPARATE,FINANCING_CHANNEL_SEPARATE,MODEL_CONTINGENT_STRESS_TEST_ONLY
full_vat_abolition,0,0,abolished,abolished,1,0.0025,0.25,0.00025,5,0.0025,0.000625,0.00025,0.000875,0.000174938782,0,EXCLUDED_FROM_COMPLIANCE_MODULE,NOT_MODELED_PHASE1,NOT_MODELED_PHASE1,NOT_MODELED_PHASE1,FINANCING_CHANNEL_SEPARATE,FINANCING_CHANNEL_SEPARATE,MODEL_CONTINGENT_STRESS_TEST_ONLY
full_vat_abolition,0,0,abolished,abolished,1,0.0025,0.25,0.0005,1,0.0025,0.000625,0.0005,0.001125,0.001125,0,EXCLUDED_FROM_COMPLIANCE_MODULE,NOT_MODELED_PHASE1,NOT_MODELED_PHASE1,NOT_MODELED_PHASE1,FINANCING_CHANNEL_SEPARATE,FINANCING_CHANNEL_SEPARATE,MODEL_CONTINGENT_STRESS_TEST_ONLY
full_vat_abolition,0,0,abolished,abolished,1,0.0025,0.25,0.0005,3,0.0025,0.000625,0.0005,0.001125,0.000374859463,0,EXCLUDED_FROM_COMPLIANCE_MODULE,NOT_MODELED_PHASE1,NOT_MODELED_PHASE1,NOT_MODELED_PHASE1,FINANCING_CHANNEL_SEPARATE,FINANCING_CHANNEL_SEPARATE,MODEL_CONTINGENT_STRESS_TEST_ONLY
full_vat_abolition,0,0,abolished,abolished,1,0.0025,0.25,0.0005,5,0.0025,0.000625,0.0005,0.001125,0.000224898818,0,EXCLUDED_FROM_COMPLIANCE_MODULE,NOT_MODELED_PHASE1,NOT_MODELED_PHASE1,NOT_MODELED_PHASE1,FINANCING_CHANNEL_SEPARATE,FINANCING_CHANNEL_SEPARATE,MODEL_CONTINGENT_STRESS_TEST_ONLY
full_vat_abolition,0,0,abolished,abolished,1,0.0025,0.25,0.001,1,0.0025,0.000625,0.001,0.001625,0.001625,0,EXCLUDED_FROM_COMPLIANCE_MODULE,NOT_MODELED_PHASE1,NOT_MODELED_PHASE1,NOT_MODELED_PHASE1,FINANCING_CHANNEL_SEPARATE,FINANCING_CHANNEL_SEPARATE,MODEL_CONTINGENT_STRESS_TEST_ONLY
full_vat_abolition,0,0,abolished,abolished,1,0.0025,0.25,0.001,3,0.0025,0.000625,0.001,0.001625,0.000541373528,0,EXCLUDED_FROM_COMPLIANCE_MODULE,NOT_MODELED_PHASE1,NOT_MODELED_PHASE1,NOT_MODELED_PHASE1,FINANCING_CHANNEL_SEPARATE,FINANCING_CHANNEL_SEPARATE,MODEL_CONTINGENT_STRESS_TEST_ONLY
full_vat_abolition,0,0,abolished,abolished,1,0.0025,0.25,0.001,5,0.0025,0.000625,0.001,0.001625,0.000324788956,0,EXCLUDED_FROM_COMPLIANCE_MODULE,NOT_MODELED_PHASE1,NOT_MODELED_PHASE1,NOT_MODELED_PHASE1,FINANCING_CHANNEL_SEPARATE,FINANCING_CHANNEL_SEPARATE,MODEL_CONTINGENT_STRESS_TEST_ONLY
full_vat_abolition,0,0,abolished,abolished,1,0.0025,0.5,0,1,0.0025,0.00125,0,0.00125,0.00125,0,EXCLUDED_FROM_COMPLIANCE_MODULE,NOT_MODELED_PHASE1,NOT_MODELED_PHASE1,NOT_MODELED_PHASE1,FINANCING_CHANNEL_SEPARATE,FINANCING_CHANNEL_SEPARATE,MODEL_CONTINGENT_STRESS_TEST_ONLY
full_vat_abolition,0,0,abolished,abolished,1,0.0025,0.5,0,3,0.0025,0.00125,0,0.00125,0.000416493176,0,EXCLUDED_FROM_COMPLIANCE_MODULE,NOT_MODELED_PHASE1,NOT_MODELED_PHASE1,NOT_MODELED_PHASE1,FINANCING_CHANNEL_SEPARATE,FINANCING_CHANNEL_SEPARATE,MODEL_CONTINGENT_STRESS_TEST_ONLY
full_vat_abolition,0,0,abolished,abolished,1,0.0025,0.5,0,5,0.0025,0.00125,0,0.00125,0.000249875094,0,EXCLUDED_FROM_COMPLIANCE_MODULE,NOT_MODELED_PHASE1,NOT_MODELED_PHASE1,NOT_MODELED_PHASE1,FINANCING_CHANNEL_SEPARATE,FINANCING_CHANNEL_SEPARATE,MODEL_CONTINGENT_STRESS_TEST_ONLY
full_vat_abolition,0,0,abolished,abolished,1,0.0025,0.5,0.00025,1,0.0025,0.00125,0.00025,0.0015,0.0015,0,EXCLUDED_FROM_COMPLIANCE_MODULE,NOT_MODELED_PHASE1,NOT_MODELED_PHASE1,NOT_MODELED_PHASE1,FINANCING_CHANNEL_SEPARATE,FINANCING_CHANNEL_SEPARATE,MODEL_CONTINGENT_STRESS_TEST_ONLY
full_vat_abolition,0,0,abolished,abolished,1,0.0025,0.5,0.00025,3,0.0025,0.00125,0.00025,0.0015,0.000499750208,0,EXCLUDED_FROM_COMPLIANCE_MODULE,NOT_MODELED_PHASE1,NOT_MODELED_PHASE1,NOT_MODELED_PHASE1,FINANCING_CHANNEL_SEPARATE,FINANCING_CHANNEL_SEPARATE,MODEL_CONTINGENT_STRESS_TEST_ONLY
full_vat_abolition,0,0,abolished,abolished,1,0.0025,0.5,0.00025,5,0.0025,0.00125,0.00025,0.0015,0.000299820162,0,EXCLUDED_FROM_COMPLIANCE_MODULE,NOT_MODELED_PHASE1,NOT_MODELED_PHASE1,NOT_MODELED_PHASE1,FINANCING_CHANNEL_SEPARATE,FINANCING_CHANNEL_SEPARATE,MODEL_CONTINGENT_STRESS_TEST_ONLY
full_vat_abolition,0,0,abolished,abolished,1,0.0025,0.5,0.0005,1,0.0025,0.00125,0.0005,0.00175,0.00175,0,EXCLUDED_FROM_COMPLIANCE_MODULE,NOT_MODELED_PHASE1,NOT_MODELED_PHASE1,NOT_MODELED_PHASE1,FINANCING_CHANNEL_SEPARATE,FINANCING_CHANNEL_SEPARATE,MODEL_CONTINGENT_STRESS_TEST_ONLY
full_vat_abolition,0,0,abolished,abolished,1,0.0025,0.5,0.0005,3,0.0025,0.00125,0.0005,0.00175,0.000582993386,0,EXCLUDED_FROM_COMPLIANCE_MODULE,NOT_MODELED_PHASE1,NOT_MODELED_PHASE1,NOT_MODELED_PHASE1,FINANCING_CHANNEL_SEPARATE,FINANCING_CHANNEL_SEPARATE,MODEL_CONTINGENT_STRESS_TEST_ONLY
full_vat_abolition,0,0,abolished,abolished,1,0.0025,0.5,0.0005,5,0.0025,0.00125,0.0005,0.00175,0.000349755257,0,EXCLUDED_FROM_COMPLIANCE_MODULE,NOT_MODELED_PHASE1,NOT_MODELED_PHASE1,NOT_MODELED_PHASE1,FINANCING_CHANNEL_SEPARATE,FINANCING_CHANNEL_SEPARATE,MODEL_CONTINGENT_STRESS_TEST_ONLY
full_vat_abolition,0,0,abolished,abolished,1,0.0025,0.5,0.001,1,0.0025,0.00125,0.001,0.00225,0.00225,0,EXCLUDED_FROM_COMPLIANCE_MODULE,NOT_MODELED_PHASE1,NOT_MODELED_PHASE1,NOT_MODELED_PHASE1,FINANCING_CHANNEL_SEPARATE,FINANCING_CHANNEL_SEPARATE,MODEL_CONTINGENT_STRESS_TEST_ONLY
full_vat_abolition,0,0,abolished,abolished,1,0.0025,0.5,0.001,3,0.0025,0.00125,0.001,0.00225,0.000749438202,0,EXCLUDED_FROM_COMPLIANCE_MODULE,NOT_MODELED_PHASE1,NOT_MODELED_PHASE1,NOT_MODELED_PHASE1,FINANCING_CHANNEL_SEPARATE,FINANCING_CHANNEL_SEPARATE,MODEL_CONTINGENT_STRESS_TEST_ONLY
full_vat_abolition,0,0,abolished,abolished,1,0.0025,0.5,0.001,5,0.0025,0.00125,0.001,0.00225,0.000449595546,0,EXCLUDED_FROM_COMPLIANCE_MODULE,NOT_MODELED_PHASE1,NOT_MODELED_PHASE1,NOT_MODELED_PHASE1,FINANCING_CHANNEL_SEPARATE,FINANCING_CHANNEL_SEPARATE,MODEL_CONTINGENT_STRESS_TEST_ONLY
full_vat_abolition,0,0,abolished,abolished,1,0.0025,0.75,0,1,0.0025,0.001875,0,0.001875,0.001875,0,EXCLUDED_FROM_COMPLIANCE_MODULE,NOT_MODELED_PHASE1,NOT_MODELED_PHASE1,NOT_MODELED_PHASE1,FINANCING_CHANNEL_SEPARATE,FINANCING_CHANNEL_SEPARATE,MODEL_CONTINGENT_STRESS_TEST_ONLY
full_vat_abolition,0,0,abolished,abolished,1,0.0025,0.75,0,3,0.0025,0.001875,0,0.001875,0.000624609781,0,EXCLUDED_FROM_COMPLIANCE_MODULE,NOT_MODELED_PHASE1,NOT_MODELED_PHASE1,NOT_MODELED_PHASE1,FINANCING_CHANNEL_SEPARATE,FINANCING_CHANNEL_SEPARATE,MODEL_CONTINGENT_STRESS_TEST_ONLY
full_vat_abolition,0,0,abolished,abolished,1,0.0025,0.75,0,5,0.0025,0.001875,0,0.001875,0.000374719066,0,EXCLUDED_FROM_COMPLIANCE_MODULE,NOT_MODELED_PHASE1,NOT_MODELED_PHASE1,NOT_MODELED_PHASE1,FINANCING_CHANNEL_SEPARATE,FINANCING_CHANNEL_SEPARATE,MODEL_CONTINGENT_STRESS_TEST_ONLY
full_vat_abolition,0,0,abolished,abolished,1,0.0025,0.75,0.00025,1,0.0025,0.001875,0.00025,0.002125,0.002125,0,EXCLUDED_FROM_COMPLIANCE_MODULE,NOT_MODELED_PHASE1,NOT_MODELED_PHASE1,NOT_MODELED_PHASE1,FINANCING_CHANNEL_SEPARATE,FINANCING_CHANNEL_SEPARATE,MODEL_CONTINGENT_STRESS_TEST_ONLY
full_vat_abolition,0,0,abolished,abolished,1,0.0025,0.75,0.00025,3,0.0025,0.001875,0.00025,0.002125,0.000707832189,0,EXCLUDED_FROM_COMPLIANCE_MODULE,NOT_MODELED_PHASE1,NOT_MODELED_PHASE1,NOT_MODELED_PHASE1,FINANCING_CHANNEL_SEPARATE,FINANCING_CHANNEL_SEPARATE,MODEL_CONTINGENT_STRESS_TEST_ONLY
full_vat_abolition,0,0,abolished,abolished,1,0.0025,0.75,0.00025,5,0.0025,0.001875,0.00025,0.002125,0.00042463921,0,EXCLUDED_FROM_COMPLIANCE_MODULE,NOT_MODELED_PHASE1,NOT_MODELED_PHASE1,NOT_MODELED_PHASE1,FINANCING_CHANNEL_SEPARATE,FINANCING_CHANNEL_SEPARATE,MODEL_CONTINGENT_STRESS_TEST_ONLY
full_vat_abolition,0,0,abolished,abolished,1,0.0025,0.75,0.0005,1,0.0025,0.001875,0.0005,0.002375,0.002375,0,EXCLUDED_FROM_COMPLIANCE_MODULE,NOT_MODELED_PHASE1,NOT_MODELED_PHASE1,NOT_MODELED_PHASE1,FINANCING_CHANNEL_SEPARATE,FINANCING_CHANNEL_SEPARATE,MODEL_CONTINGENT_STRESS_TEST_ONLY
full_vat_abolition,0,0,abolished,abolished,1,0.0025,0.75,0.0005,3,0.0025,0.001875,0.0005,0.002375,0.000791040756,0,EXCLUDED_FROM_COMPLIANCE_MODULE,NOT_MODELED_PHASE1,NOT_MODELED_PHASE1,NOT_MODELED_PHASE1,FINANCING_CHANNEL_SEPARATE,FINANCING_CHANNEL_SEPARATE,MODEL_CONTINGENT_STRESS_TEST_ONLY
full_vat_abolition,0,0,abolished,abolished,1,0.0025,0.75,0.0005,5,0.0025,0.001875,0.0005,0.002375,0.000474549392,0,EXCLUDED_FROM_COMPLIANCE_MODULE,NOT_MODELED_PHASE1,NOT_MODELED_PHASE1,NOT_MODELED_PHASE1,FINANCING_CHANNEL_SEPARATE,FINANCING_CHANNEL_SEPARATE,MODEL_CONTINGENT_STRESS_TEST_ONLY
full_vat_abolition,0,0,abolished,abolished,1,0.0025,0.75,0.001,1,0.0025,0.001875,0.001,0.002875,0.002875,0,EXCLUDED_FROM_COMPLIANCE_MODULE,NOT_MODELED_PHASE1,NOT_MODELED_PHASE1,NOT_MODELED_PHASE1,FINANCING_CHANNEL_SEPARATE,FINANCING_CHANNEL_SEPARATE,MODEL_CONTINGENT_STRESS_TEST_ONLY
full_vat_abolition,0,0,abolished,abolished,1,0.0025,0.75,0.001,3,0.0025,0.001875,0.001,0.002875,0.000957416395,0,EXCLUDED_FROM_COMPLIANCE_MODULE,NOT_MODELED_PHASE1,NOT_MODELED_PHASE1,NOT_MODELED_PHASE1,FINANCING_CHANNEL_SEPARATE,FINANCING_CHANNEL_SEPARATE,MODEL_CONTINGENT_STRESS_TEST_ONLY
full_vat_abolition,0,0,abolished,abolished,1,0.0025,0.75,0.001,5,0.0025,0.001875,0.001,0.002875,0.000574339888,0,EXCLUDED_FROM_COMPLIANCE_MODULE,NOT_MODELED_PHASE1,NOT_MODELED_PHASE1,NOT_MODELED_PHASE1,FINANCING_CHANNEL_SEPARATE,FINANCING_CHANNEL_SEPARATE,MODEL_CONTINGENT_STRESS_TEST_ONLY
full_vat_abolition,0,0,abolished,abolished,1,0.0025,1,0,1,0.0025,0.0025,0,0.0025,0.0025,0,EXCLUDED_FROM_COMPLIANCE_MODULE,NOT_MODELED_PHASE1,NOT_MODELED_PHASE1,NOT_MODELED_PHASE1,FINANCING_CHANNEL_SEPARATE,FINANCING_CHANNEL_SEPARATE,MODEL_CONTINGENT_STRESS_TEST_ONLY
full_vat_abolition,0,0,abolished,abolished,1,0.0025,1,0,3,0.0025,0.0025,0,0.0025,0.000832639852,0,EXCLUDED_FROM_COMPLIANCE_MODULE,NOT_MODELED_PHASE1,NOT_MODELED_PHASE1,NOT_MODELED_PHASE1,FINANCING_CHANNEL_SEPARATE,FINANCING_CHANNEL_SEPARATE,MODEL_CONTINGENT_STRESS_TEST_ONLY
full_vat_abolition,0,0,abolished,abolished,1,0.0025,1,0,5,0.0025,0.0025,0,0.0025,0.000499500749,0,EXCLUDED_FROM_COMPLIANCE_MODULE,NOT_MODELED_PHASE1,NOT_MODELED_PHASE1,NOT_MODELED_PHASE1,FINANCING_CHANNEL_SEPARATE,FINANCING_CHANNEL_SEPARATE,MODEL_CONTINGENT_STRESS_TEST_ONLY
full_vat_abolition,0,0,abolished,abolished,1,0.0025,1,0.00025,1,0.0025,0.0025,0.00025,0.00275,0.00275,0,EXCLUDED_FROM_COMPLIANCE_MODULE,NOT_MODELED_PHASE1,NOT_MODELED_PHASE1,NOT_MODELED_PHASE1,FINANCING_CHANNEL_SEPARATE,FINANCING_CHANNEL_SEPARATE,MODEL_CONTINGENT_STRESS_TEST_ONLY
full_vat_abolition,0,0,abolished,abolished,1,0.0025,1,0.00025,3,0.0025,0.0025,0.00025,0.00275,0.00091582767,0,EXCLUDED_FROM_COMPLIANCE_MODULE,NOT_MODELED_PHASE1,NOT_MODELED_PHASE1,NOT_MODELED_PHASE1,FINANCING_CHANNEL_SEPARATE,FINANCING_CHANNEL_SEPARATE,MODEL_CONTINGENT_STRESS_TEST_ONLY
full_vat_abolition,0,0,abolished,abolished,1,0.0025,1,0.00025,5,0.0025,0.0025,0.00025,0.00275,0.000549395996,0,EXCLUDED_FROM_COMPLIANCE_MODULE,NOT_MODELED_PHASE1,NOT_MODELED_PHASE1,NOT_MODELED_PHASE1,FINANCING_CHANNEL_SEPARATE,FINANCING_CHANNEL_SEPARATE,MODEL_CONTINGENT_STRESS_TEST_ONLY
full_vat_abolition,0,0,abolished,abolished,1,0.0025,1,0.0005,1,0.0025,0.0025,0.0005,0.003,0.003,0,EXCLUDED_FROM_COMPLIANCE_MODULE,NOT_MODELED_PHASE1,NOT_MODELED_PHASE1,NOT_MODELED_PHASE1,FINANCING_CHANNEL_SEPARATE,FINANCING_CHANNEL_SEPARATE,MODEL_CONTINGENT_STRESS_TEST_ONLY
full_vat_abolition,0,0,abolished,abolished,1,0.0025,1,0.0005,3,0.0025,0.0025,0.0005,0.003,0.000999001663,0,EXCLUDED_FROM_COMPLIANCE_MODULE,NOT_MODELED_PHASE1,NOT_MODELED_PHASE1,NOT_MODELED_PHASE1,FINANCING_CHANNEL_SEPARATE,FINANCING_CHANNEL_SEPARATE,MODEL_CONTINGENT_STRESS_TEST_ONLY
full_vat_abolition,0,0,abolished,abolished,1,0.0025,1,0.0005,5,0.0025,0.0025,0.0005,0.003,0.000599281293,0,EXCLUDED_FROM_COMPLIANCE_MODULE,NOT_MODELED_PHASE1,NOT_MODELED_PHASE1,NOT_MODELED_PHASE1,FINANCING_CHANNEL_SEPARATE,FINANCING_CHANNEL_SEPARATE,MODEL_CONTINGENT_STRESS_TEST_ONLY
full_vat_abolition,0,0,abolished,abolished,1,0.0025,1,0.001,1,0.0025,0.0025,0.001,0.0035,0.0035,0,EXCLUDED_FROM_COMPLIANCE_MODULE,NOT_MODELED_PHASE1,NOT_MODELED_PHASE1,NOT_MODELED_PHASE1,FINANCING_CHANNEL_SEPARATE,FINANCING_CHANNEL_SEPARATE,MODEL_CONTINGENT_STRESS_TEST_ONLY
full_vat_abolition,0,0,abolished,abolished,1,0.0025,1,0.001,3,0.0025,0.0025,0.001,0.0035,0.001165308196,0,EXCLUDED_FROM_COMPLIANCE_MODULE,NOT_MODELED_PHASE1,NOT_MODELED_PHASE1,NOT_MODELED_PHASE1,FINANCING_CHANNEL_SEPARATE,FINANCING_CHANNEL_SEPARATE,MODEL_CONTINGENT_STRESS_TEST_ONLY
full_vat_abolition,0,0,abolished,abolished,1,0.0025,1,0.001,5,0.0025,0.0025,0.001,0.0035,0.000699022053,0,EXCLUDED_FROM_COMPLIANCE_MODULE,NOT_MODELED_PHASE1,NOT_MODELED_PHASE1,NOT_MODELED_PHASE1,FINANCING_CHANNEL_SEPARATE,FINANCING_CHANNEL_SEPARATE,MODEL_CONTINGENT_STRESS_TEST_ONLY
full_vat_abolition,0,0,abolished,abolished,1,0.005,0,0,1,0.005,0,0,0,0,0,EXCLUDED_FROM_COMPLIANCE_MODULE,NOT_MODELED_PHASE1,NOT_MODELED_PHASE1,NOT_MODELED_PHASE1,FINANCING_CHANNEL_SEPARATE,FINANCING_CHANNEL_SEPARATE,MODEL_CONTINGENT_STRESS_TEST_ONLY
full_vat_abolition,0,0,abolished,abolished,1,0.005,0,0,3,0.005,0,0,0,0,0,EXCLUDED_FROM_COMPLIANCE_MODULE,NOT_MODELED_PHASE1,NOT_MODELED_PHASE1,NOT_MODELED_PHASE1,FINANCING_CHANNEL_SEPARATE,FINANCING_CHANNEL_SEPARATE,MODEL_CONTINGENT_STRESS_TEST_ONLY
full_vat_abolition,0,0,abolished,abolished,1,0.005,0,0,5,0.005,0,0,0,0,0,EXCLUDED_FROM_COMPLIANCE_MODULE,NOT_MODELED_PHASE1,NOT_MODELED_PHASE1,NOT_MODELED_PHASE1,FINANCING_CHANNEL_SEPARATE,FINANCING_CHANNEL_SEPARATE,MODEL_CONTINGENT_STRESS_TEST_ONLY
full_vat_abolition,0,0,abolished,abolished,1,0.005,0,0.00025,1,0.005,0,0.00025,0.00025,0.00025,0,EXCLUDED_FROM_COMPLIANCE_MODULE,NOT_MODELED_PHASE1,NOT_MODELED_PHASE1,NOT_MODELED_PHASE1,FINANCING_CHANNEL_SEPARATE,FINANCING_CHANNEL_SEPARATE,MODEL_CONTINGENT_STRESS_TEST_ONLY
full_vat_abolition,0,0,abolished,abolished,1,0.005,0,0.00025,3,0.005,0,0.00025,0.00025,0.00008332639,0,EXCLUDED_FROM_COMPLIANCE_MODULE,NOT_MODELED_PHASE1,NOT_MODELED_PHASE1,NOT_MODELED_PHASE1,FINANCING_CHANNEL_SEPARATE,FINANCING_CHANNEL_SEPARATE,MODEL_CONTINGENT_STRESS_TEST_ONLY
full_vat_abolition,0,0,abolished,abolished,1,0.005,0,0.00025,5,0.005,0,0.00025,0.00025,0.000049995001,0,EXCLUDED_FROM_COMPLIANCE_MODULE,NOT_MODELED_PHASE1,NOT_MODELED_PHASE1,NOT_MODELED_PHASE1,FINANCING_CHANNEL_SEPARATE,FINANCING_CHANNEL_SEPARATE,MODEL_CONTINGENT_STRESS_TEST_ONLY
full_vat_abolition,0,0,abolished,abolished,1,0.005,0,0.0005,1,0.005,0,0.0005,0.0005,0.0005,0,EXCLUDED_FROM_COMPLIANCE_MODULE,NOT_MODELED_PHASE1,NOT_MODELED_PHASE1,NOT_MODELED_PHASE1,FINANCING_CHANNEL_SEPARATE,FINANCING_CHANNEL_SEPARATE,MODEL_CONTINGENT_STRESS_TEST_ONLY
full_vat_abolition,0,0,abolished,abolished,1,0.005,0,0.0005,3,0.005,0,0.0005,0.0005,0.000166638897,0,EXCLUDED_FROM_COMPLIANCE_MODULE,NOT_MODELED_PHASE1,NOT_MODELED_PHASE1,NOT_MODELED_PHASE1,FINANCING_CHANNEL_SEPARATE,FINANCING_CHANNEL_SEPARATE,MODEL_CONTINGENT_STRESS_TEST_ONLY
full_vat_abolition,0,0,abolished,abolished,1,0.005,0,0.0005,5,0.005,0,0.0005,0.0005,0.000099980006,0,EXCLUDED_FROM_COMPLIANCE_MODULE,NOT_MODELED_PHASE1,NOT_MODELED_PHASE1,NOT_MODELED_PHASE1,FINANCING_CHANNEL_SEPARATE,FINANCING_CHANNEL_SEPARATE,MODEL_CONTINGENT_STRESS_TEST_ONLY
full_vat_abolition,0,0,abolished,abolished,1,0.005,0,0.001,1,0.005,0,0.001,0.001,0.001,0,EXCLUDED_FROM_COMPLIANCE_MODULE,NOT_MODELED_PHASE1,NOT_MODELED_PHASE1,NOT_MODELED_PHASE1,FINANCING_CHANNEL_SEPARATE,FINANCING_CHANNEL_SEPARATE,MODEL_CONTINGENT_STRESS_TEST_ONLY
full_vat_abolition,0,0,abolished,abolished,1,0.005,0,0.001,3,0.005,0,0.001,0.001,0.000333222284,0,EXCLUDED_FROM_COMPLIANCE_MODULE,NOT_MODELED_PHASE1,NOT_MODELED_PHASE1,NOT_MODELED_PHASE1,FINANCING_CHANNEL_SEPARATE,FINANCING_CHANNEL_SEPARATE,MODEL_CONTINGENT_STRESS_TEST_ONLY
full_vat_abolition,0,0,abolished,abolished,1,0.005,0,0.001,5,0.005,0,0.001,0.001,0.000199920048,0,EXCLUDED_FROM_COMPLIANCE_MODULE,NOT_MODELED_PHASE1,NOT_MODELED_PHASE1,NOT_MODELED_PHASE1,FINANCING_CHANNEL_SEPARATE,FINANCING_CHANNEL_SEPARATE,MODEL_CONTINGENT_STRESS_TEST_ONLY
full_vat_abolition,0,0,abolished,abolished,1,0.005,0.25,0,1,0.005,0.00125,0,0.00125,0.00125,0,EXCLUDED_FROM_COMPLIANCE_MODULE,NOT_MODELED_PHASE1,NOT_MODELED_PHASE1,NOT_MODELED_PHASE1,FINANCING_CHANNEL_SEPARATE,FINANCING_CHANNEL_SEPARATE,MODEL_CONTINGENT_STRESS_TEST_ONLY
full_vat_abolition,0,0,abolished,abolished,1,0.005,0.25,0,3,0.005,0.00125,0,0.00125,0.000416493176,0,EXCLUDED_FROM_COMPLIANCE_MODULE,NOT_MODELED_PHASE1,NOT_MODELED_PHASE1,NOT_MODELED_PHASE1,FINANCING_CHANNEL_SEPARATE,FINANCING_CHANNEL_SEPARATE,MODEL_CONTINGENT_STRESS_TEST_ONLY
full_vat_abolition,0,0,abolished,abolished,1,0.005,0.25,0,5,0.005,0.00125,0,0.00125,0.000249875094,0,EXCLUDED_FROM_COMPLIANCE_MODULE,NOT_MODELED_PHASE1,NOT_MODELED_PHASE1,NOT_MODELED_PHASE1,FINANCING_CHANNEL_SEPARATE,FINANCING_CHANNEL_SEPARATE,MODEL_CONTINGENT_STRESS_TEST_ONLY
full_vat_abolition,0,0,abolished,abolished,1,0.005,0.25,0.00025,1,0.005,0.00125,0.00025,0.0015,0.0015,0,EXCLUDED_FROM_COMPLIANCE_MODULE,NOT_MODELED_PHASE1,NOT_MODELED_PHASE1,NOT_MODELED_PHASE1,FINANCING_CHANNEL_SEPARATE,FINANCING_CHANNEL_SEPARATE,MODEL_CONTINGENT_STRESS_TEST_ONLY
full_vat_abolition,0,0,abolished,abolished,1,0.005,0.25,0.00025,3,0.005,0.00125,0.00025,0.0015,0.000499750208,0,EXCLUDED_FROM_COMPLIANCE_MODULE,NOT_MODELED_PHASE1,NOT_MODELED_PHASE1,NOT_MODELED_PHASE1,FINANCING_CHANNEL_SEPARATE,FINANCING_CHANNEL_SEPARATE,MODEL_CONTINGENT_STRESS_TEST_ONLY
full_vat_abolition,0,0,abolished,abolished,1,0.005,0.25,0.00025,5,0.005,0.00125,0.00025,0.0015,0.000299820162,0,EXCLUDED_FROM_COMPLIANCE_MODULE,NOT_MODELED_PHASE1,NOT_MODELED_PHASE1,NOT_MODELED_PHASE1,FINANCING_CHANNEL_SEPARATE,FINANCING_CHANNEL_SEPARATE,MODEL_CONTINGENT_STRESS_TEST_ONLY
full_vat_abolition,0,0,abolished,abolished,1,0.005,0.25,0.0005,1,0.005,0.00125,0.0005,0.00175,0.00175,0,EXCLUDED_FROM_COMPLIANCE_MODULE,NOT_MODELED_PHASE1,NOT_MODELED_PHASE1,NOT_MODELED_PHASE1,FINANCING_CHANNEL_SEPARATE,FINANCING_CHANNEL_SEPARATE,MODEL_CONTINGENT_STRESS_TEST_ONLY
full_vat_abolition,0,0,abolished,abolished,1,0.005,0.25,0.0005,3,0.005,0.00125,0.0005,0.00175,0.000582993386,0,EXCLUDED_FROM_COMPLIANCE_MODULE,NOT_MODELED_PHASE1,NOT_MODELED_PHASE1,NOT_MODELED_PHASE1,FINANCING_CHANNEL_SEPARATE,FINANCING_CHANNEL_SEPARATE,MODEL_CONTINGENT_STRESS_TEST_ONLY
full_vat_abolition,0,0,abolished,abolished,1,0.005,0.25,0.0005,5,0.005,0.00125,0.0005,0.00175,0.000349755257,0,EXCLUDED_FROM_COMPLIANCE_MODULE,NOT_MODELED_PHASE1,NOT_MODELED_PHASE1,NOT_MODELED_PHASE1,FINANCING_CHANNEL_SEPARATE,FINANCING_CHANNEL_SEPARATE,MODEL_CONTINGENT_STRESS_TEST_ONLY
full_vat_abolition,0,0,abolished,abolished,1,0.005,0.25,0.001,1,0.005,0.00125,0.001,0.00225,0.00225,0,EXCLUDED_FROM_COMPLIANCE_MODULE,NOT_MODELED_PHASE1,NOT_MODELED_PHASE1,NOT_MODELED_PHASE1,FINANCING_CHANNEL_SEPARATE,FINANCING_CHANNEL_SEPARATE,MODEL_CONTINGENT_STRESS_TEST_ONLY
full_vat_abolition,0,0,abolished,abolished,1,0.005,0.25,0.001,3,0.005,0.00125,0.001,0.00225,0.000749438202,0,EXCLUDED_FROM_COMPLIANCE_MODULE,NOT_MODELED_PHASE1,NOT_MODELED_PHASE1,NOT_MODELED_PHASE1,FINANCING_CHANNEL_SEPARATE,FINANCING_CHANNEL_SEPARATE,MODEL_CONTINGENT_STRESS_TEST_ONLY
full_vat_abolition,0,0,abolished,abolished,1,0.005,0.25,0.001,5,0.005,0.00125,0.001,0.00225,0.000449595546,0,EXCLUDED_FROM_COMPLIANCE_MODULE,NOT_MODELED_PHASE1,NOT_MODELED_PHASE1,NOT_MODELED_PHASE1,FINANCING_CHANNEL_SEPARATE,FINANCING_CHANNEL_SEPARATE,MODEL_CONTINGENT_STRESS_TEST_ONLY
full_vat_abolition,0,0,abolished,abolished,1,0.005,0.5,0,1,0.005,0.0025,0,0.0025,0.0025,0,EXCLUDED_FROM_COMPLIANCE_MODULE,NOT_MODELED_PHASE1,NOT_MODELED_PHASE1,NOT_MODELED_PHASE1,FINANCING_CHANNEL_SEPARATE,FINANCING_CHANNEL_SEPARATE,MODEL_CONTINGENT_STRESS_TEST_ONLY
full_vat_abolition,0,0,abolished,abolished,1,0.005,0.5,0,3,0.005,0.0025,0,0.0025,0.000832639852,0,EXCLUDED_FROM_COMPLIANCE_MODULE,NOT_MODELED_PHASE1,NOT_MODELED_PHASE1,NOT_MODELED_PHASE1,FINANCING_CHANNEL_SEPARATE,FINANCING_CHANNEL_SEPARATE,MODEL_CONTINGENT_STRESS_TEST_ONLY
full_vat_abolition,0,0,abolished,abolished,1,0.005,0.5,0,5,0.005,0.0025,0,0.0025,0.000499500749,0,EXCLUDED_FROM_COMPLIANCE_MODULE,NOT_MODELED_PHASE1,NOT_MODELED_PHASE1,NOT_MODELED_PHASE1,FINANCING_CHANNEL_SEPARATE,FINANCING_CHANNEL_SEPARATE,MODEL_CONTINGENT_STRESS_TEST_ONLY
full_vat_abolition,0,0,abolished,abolished,1,0.005,0.5,0.00025,1,0.005,0.0025,0.00025,0.00275,0.00275,0,EXCLUDED_FROM_COMPLIANCE_MODULE,NOT_MODELED_PHASE1,NOT_MODELED_PHASE1,NOT_MODELED_PHASE1,FINANCING_CHANNEL_SEPARATE,FINANCING_CHANNEL_SEPARATE,MODEL_CONTINGENT_STRESS_TEST_ONLY
full_vat_abolition,0,0,abolished,abolished,1,0.005,0.5,0.00025,3,0.005,0.0025,0.00025,0.00275,0.00091582767,0,EXCLUDED_FROM_COMPLIANCE_MODULE,NOT_MODELED_PHASE1,NOT_MODELED_PHASE1,NOT_MODELED_PHASE1,FINANCING_CHANNEL_SEPARATE,FINANCING_CHANNEL_SEPARATE,MODEL_CONTINGENT_STRESS_TEST_ONLY
full_vat_abolition,0,0,abolished,abolished,1,0.005,0.5,0.00025,5,0.005,0.0025,0.00025,0.00275,0.000549395996,0,EXCLUDED_FROM_COMPLIANCE_MODULE,NOT_MODELED_PHASE1,NOT_MODELED_PHASE1,NOT_MODELED_PHASE1,FINANCING_CHANNEL_SEPARATE,FINANCING_CHANNEL_SEPARATE,MODEL_CONTINGENT_STRESS_TEST_ONLY
full_vat_abolition,0,0,abolished,abolished,1,0.005,0.5,0.0005,1,0.005,0.0025,0.0005,0.003,0.003,0,EXCLUDED_FROM_COMPLIANCE_MODULE,NOT_MODELED_PHASE1,NOT_MODELED_PHASE1,NOT_MODELED_PHASE1,FINANCING_CHANNEL_SEPARATE,FINANCING_CHANNEL_SEPARATE,MODEL_CONTINGENT_STRESS_TEST_ONLY
full_vat_abolition,0,0,abolished,abolished,1,0.005,0.5,0.0005,3,0.005,0.0025,0.0005,0.003,0.000999001663,0,EXCLUDED_FROM_COMPLIANCE_MODULE,NOT_MODELED_PHASE1,NOT_MODELED_PHASE1,NOT_MODELED_PHASE1,FINANCING_CHANNEL_SEPARATE,FINANCING_CHANNEL_SEPARATE,MODEL_CONTINGENT_STRESS_TEST_ONLY
full_vat_abolition,0,0,abolished,abolished,1,0.005,0.5,0.0005,5,0.005,0.0025,0.0005,0.003,0.000599281293,0,EXCLUDED_FROM_COMPLIANCE_MODULE,NOT_MODELED_PHASE1,NOT_MODELED_PHASE1,NOT_MODELED_PHASE1,FINANCING_CHANNEL_SEPARATE,FINANCING_CHANNEL_SEPARATE,MODEL_CONTINGENT_STRESS_TEST_ONLY
full_vat_abolition,0,0,abolished,abolished,1,0.005,0.5,0.001,1,0.005,0.0025,0.001,0.0035,0.0035,0,EXCLUDED_FROM_COMPLIANCE_MODULE,NOT_MODELED_PHASE1,NOT_MODELED_PHASE1,NOT_MODELED_PHASE1,FINANCING_CHANNEL_SEPARATE,FINANCING_CHANNEL_SEPARATE,MODEL_CONTINGENT_STRESS_TEST_ONLY
full_vat_abolition,0,0,abolished,abolished,1,0.005,0.5,0.001,3,0.005,0.0025,0.001,0.0035,0.001165308196,0,EXCLUDED_FROM_COMPLIANCE_MODULE,NOT_MODELED_PHASE1,NOT_MODELED_PHASE1,NOT_MODELED_PHASE1,FINANCING_CHANNEL_SEPARATE,FINANCING_CHANNEL_SEPARATE,MODEL_CONTINGENT_STRESS_TEST_ONLY
full_vat_abolition,0,0,abolished,abolished,1,0.005,0.5,0.001,5,0.005,0.0025,0.001,0.0035,0.000699022053,0,EXCLUDED_FROM_COMPLIANCE_MODULE,NOT_MODELED_PHASE1,NOT_MODELED_PHASE1,NOT_MODELED_PHASE1,FINANCING_CHANNEL_SEPARATE,FINANCING_CHANNEL_SEPARATE,MODEL_CONTINGENT_STRESS_TEST_ONLY
full_vat_abolition,0,0,abolished,abolished,1,0.005,0.75,0,1,0.005,0.00375,0,0.00375,0.00375,0,EXCLUDED_FROM_COMPLIANCE_MODULE,NOT_MODELED_PHASE1,NOT_MODELED_PHASE1,NOT_MODELED_PHASE1,FINANCING_CHANNEL_SEPARATE,FINANCING_CHANNEL_SEPARATE,MODEL_CONTINGENT_STRESS_TEST_ONLY
full_vat_abolition,0,0,abolished,abolished,1,0.005,0.75,0,3,0.005,0.00375,0,0.00375,0.001248440747,0,EXCLUDED_FROM_COMPLIANCE_MODULE,NOT_MODELED_PHASE1,NOT_MODELED_PHASE1,NOT_MODELED_PHASE1,FINANCING_CHANNEL_SEPARATE,FINANCING_CHANNEL_SEPARATE,MODEL_CONTINGENT_STRESS_TEST_ONLY
full_vat_abolition,0,0,abolished,abolished,1,0.005,0.75,0,5,0.005,0.00375,0,0.00375,0.000748877525,0,EXCLUDED_FROM_COMPLIANCE_MODULE,NOT_MODELED_PHASE1,NOT_MODELED_PHASE1,NOT_MODELED_PHASE1,FINANCING_CHANNEL_SEPARATE,FINANCING_CHANNEL_SEPARATE,MODEL_CONTINGENT_STRESS_TEST_ONLY
full_vat_abolition,0,0,abolished,abolished,1,0.005,0.75,0.00025,1,0.005,0.00375,0.00025,0.004,0.004,0,EXCLUDED_FROM_COMPLIANCE_MODULE,NOT_MODELED_PHASE1,NOT_MODELED_PHASE1,NOT_MODELED_PHASE1,FINANCING_CHANNEL_SEPARATE,FINANCING_CHANNEL_SEPARATE,MODEL_CONTINGENT_STRESS_TEST_ONLY
full_vat_abolition,0,0,abolished,abolished,1,0.005,0.75,0.00025,3,0.005,0.00375,0.00025,0.004,0.001331559496,0,EXCLUDED_FROM_COMPLIANCE_MODULE,NOT_MODELED_PHASE1,NOT_MODELED_PHASE1,NOT_MODELED_PHASE1,FINANCING_CHANNEL_SEPARATE,FINANCING_CHANNEL_SEPARATE,MODEL_CONTINGENT_STRESS_TEST_ONLY
full_vat_abolition,0,0,abolished,abolished,1,0.005,0.75,0.00025,5,0.005,0.00375,0.00025,0.004,0.000798723063,0,EXCLUDED_FROM_COMPLIANCE_MODULE,NOT_MODELED_PHASE1,NOT_MODELED_PHASE1,NOT_MODELED_PHASE1,FINANCING_CHANNEL_SEPARATE,FINANCING_CHANNEL_SEPARATE,MODEL_CONTINGENT_STRESS_TEST_ONLY
full_vat_abolition,0,0,abolished,abolished,1,0.005,0.75,0.0005,1,0.005,0.00375,0.0005,0.00425,0.00425,0,EXCLUDED_FROM_COMPLIANCE_MODULE,NOT_MODELED_PHASE1,NOT_MODELED_PHASE1,NOT_MODELED_PHASE1,FINANCING_CHANNEL_SEPARATE,FINANCING_CHANNEL_SEPARATE,MODEL_CONTINGENT_STRESS_TEST_ONLY
full_vat_abolition,0,0,abolished,abolished,1,0.005,0.75,0.0005,3,0.005,0.00375,0.0005,0.00425,0.001414664447,0,EXCLUDED_FROM_COMPLIANCE_MODULE,NOT_MODELED_PHASE1,NOT_MODELED_PHASE1,NOT_MODELED_PHASE1,FINANCING_CHANNEL_SEPARATE,FINANCING_CHANNEL_SEPARATE,MODEL_CONTINGENT_STRESS_TEST_ONLY
full_vat_abolition,0,0,abolished,abolished,1,0.005,0.75,0.0005,5,0.005,0.00375,0.0005,0.00425,0.000848558674,0,EXCLUDED_FROM_COMPLIANCE_MODULE,NOT_MODELED_PHASE1,NOT_MODELED_PHASE1,NOT_MODELED_PHASE1,FINANCING_CHANNEL_SEPARATE,FINANCING_CHANNEL_SEPARATE,MODEL_CONTINGENT_STRESS_TEST_ONLY
full_vat_abolition,0,0,abolished,abolished,1,0.005,0.75,0.001,1,0.005,0.00375,0.001,0.00475,0.00475,0,EXCLUDED_FROM_COMPLIANCE_MODULE,NOT_MODELED_PHASE1,NOT_MODELED_PHASE1,NOT_MODELED_PHASE1,FINANCING_CHANNEL_SEPARATE,FINANCING_CHANNEL_SEPARATE,MODEL_CONTINGENT_STRESS_TEST_ONLY
full_vat_abolition,0,0,abolished,abolished,1,0.005,0.75,0.001,3,0.005,0.00375,0.001,0.00475,0.001580832984,0,EXCLUDED_FROM_COMPLIANCE_MODULE,NOT_MODELED_PHASE1,NOT_MODELED_PHASE1,NOT_MODELED_PHASE1,FINANCING_CHANNEL_SEPARATE,FINANCING_CHANNEL_SEPARATE,MODEL_CONTINGENT_STRESS_TEST_ONLY
full_vat_abolition,0,0,abolished,abolished,1,0.005,0.75,0.001,5,0.005,0.00375,0.001,0.00475,0.000948200127,0,EXCLUDED_FROM_COMPLIANCE_MODULE,NOT_MODELED_PHASE1,NOT_MODELED_PHASE1,NOT_MODELED_PHASE1,FINANCING_CHANNEL_SEPARATE,FINANCING_CHANNEL_SEPARATE,MODEL_CONTINGENT_STRESS_TEST_ONLY
full_vat_abolition,0,0,abolished,abolished,1,0.005,1,0,1,0.005,0.005,0,0.005,0.005,0,EXCLUDED_FROM_COMPLIANCE_MODULE,NOT_MODELED_PHASE1,NOT_MODELED_PHASE1,NOT_MODELED_PHASE1,FINANCING_CHANNEL_SEPARATE,FINANCING_CHANNEL_SEPARATE,MODEL_CONTINGENT_STRESS_TEST_ONLY
full_vat_abolition,0,0,abolished,abolished,1,0.005,1,0,3,0.005,0.005,0,0.005,0.001663896579,0,EXCLUDED_FROM_COMPLIANCE_MODULE,NOT_MODELED_PHASE1,NOT_MODELED_PHASE1,NOT_MODELED_PHASE1,FINANCING_CHANNEL_SEPARATE,FINANCING_CHANNEL_SEPARATE,MODEL_CONTINGENT_STRESS_TEST_ONLY
full_vat_abolition,0,0,abolished,abolished,1,0.005,1,0,5,0.005,0.005,0,0.005,0.000998005979,0,EXCLUDED_FROM_COMPLIANCE_MODULE,NOT_MODELED_PHASE1,NOT_MODELED_PHASE1,NOT_MODELED_PHASE1,FINANCING_CHANNEL_SEPARATE,FINANCING_CHANNEL_SEPARATE,MODEL_CONTINGENT_STRESS_TEST_ONLY
full_vat_abolition,0,0,abolished,abolished,1,0.005,1,0.00025,1,0.005,0.005,0.00025,0.00525,0.00525,0,EXCLUDED_FROM_COMPLIANCE_MODULE,NOT_MODELED_PHASE1,NOT_MODELED_PHASE1,NOT_MODELED_PHASE1,FINANCING_CHANNEL_SEPARATE,FINANCING_CHANNEL_SEPARATE,MODEL_CONTINGENT_STRESS_TEST_ONLY
full_vat_abolition,0,0,abolished,abolished,1,0.005,1,0.00025,3,0.005,0.005,0.00025,0.00525,0.001746946401,0,EXCLUDED_FROM_COMPLIANCE_MODULE,NOT_MODELED_PHASE1,NOT_MODELED_PHASE1,NOT_MODELED_PHASE1,FINANCING_CHANNEL_SEPARATE,FINANCING_CHANNEL_SEPARATE,MODEL_CONTINGENT_STRESS_TEST_ONLY
full_vat_abolition,0,0,abolished,abolished,1,0.005,1,0.00025,5,0.005,0.005,0.00025,0.00525,0.00104780192,0,EXCLUDED_FROM_COMPLIANCE_MODULE,NOT_MODELED_PHASE1,NOT_MODELED_PHASE1,NOT_MODELED_PHASE1,FINANCING_CHANNEL_SEPARATE,FINANCING_CHANNEL_SEPARATE,MODEL_CONTINGENT_STRESS_TEST_ONLY
full_vat_abolition,0,0,abolished,abolished,1,0.005,1,0.0005,1,0.005,0.005,0.0005,0.0055,0.0055,0,EXCLUDED_FROM_COMPLIANCE_MODULE,NOT_MODELED_PHASE1,NOT_MODELED_PHASE1,NOT_MODELED_PHASE1,FINANCING_CHANNEL_SEPARATE,FINANCING_CHANNEL_SEPARATE,MODEL_CONTINGENT_STRESS_TEST_ONLY
full_vat_abolition,0,0,abolished,abolished,1,0.005,1,0.0005,3,0.005,0.005,0.0005,0.0055,0.001829982455,0,EXCLUDED_FROM_COMPLIANCE_MODULE,NOT_MODELED_PHASE1,NOT_MODELED_PHASE1,NOT_MODELED_PHASE1,FINANCING_CHANNEL_SEPARATE,FINANCING_CHANNEL_SEPARATE,MODEL_CONTINGENT_STRESS_TEST_ONLY
full_vat_abolition,0,0,abolished,abolished,1,0.005,1,0.0005,5,0.005,0.005,0.0005,0.0055,0.001097587955,0,EXCLUDED_FROM_COMPLIANCE_MODULE,NOT_MODELED_PHASE1,NOT_MODELED_PHASE1,NOT_MODELED_PHASE1,FINANCING_CHANNEL_SEPARATE,FINANCING_CHANNEL_SEPARATE,MODEL_CONTINGENT_STRESS_TEST_ONLY
full_vat_abolition,0,0,abolished,abolished,1,0.005,1,0.001,1,0.005,0.005,0.001,0.006,0.006,0,EXCLUDED_FROM_COMPLIANCE_MODULE,NOT_MODELED_PHASE1,NOT_MODELED_PHASE1,NOT_MODELED_PHASE1,FINANCING_CHANNEL_SEPARATE,FINANCING_CHANNEL_SEPARATE,MODEL_CONTINGENT_STRESS_TEST_ONLY
full_vat_abolition,0,0,abolished,abolished,1,0.005,1,0.001,3,0.005,0.005,0.001,0.006,0.00199601328,0,EXCLUDED_FROM_COMPLIANCE_MODULE,NOT_MODELED_PHASE1,NOT_MODELED_PHASE1,NOT_MODELED_PHASE1,FINANCING_CHANNEL_SEPARATE,FINANCING_CHANNEL_SEPARATE,MODEL_CONTINGENT_STRESS_TEST_ONLY
full_vat_abolition,0,0,abolished,abolished,1,0.005,1,0.001,5,0.005,0.005,0.001,0.006,0.001197130325,0,EXCLUDED_FROM_COMPLIANCE_MODULE,NOT_MODELED_PHASE1,NOT_MODELED_PHASE1,NOT_MODELED_PHASE1,FINANCING_CHANNEL_SEPARATE,FINANCING_CHANNEL_SEPARATE,MODEL_CONTINGENT_STRESS_TEST_ONLY
