spec_version,bridge_scheme,frontier_source,delta,average_percentile_rank_displacement_pp,epsilon,scope,decile,metric,bound,endpoint_value,solver_status_code,solver_message,max_scenario_sum_residual,max_class_positive_mass_residual,max_overlap_capacity_excess,max_transport_row_margin_residual,max_transport_column_margin_residual,max_positive_transport_capacity_excess,max_nta_rank_positive_margin_residual,transport_cost,rank_displacement_budget_excess,max_rank_bridge_gap,max_rank_bridge_inequality_excess,minimum_decision_variable,numpy_version,scipy_version,solver_method,scientific_status,historical_v6_restricted_lp_reproduced,p1c13_v1_modified,p1c14_v2_modified
rank_bridge_lp_v3,rank_transport_budget,epsilon_star_frontier,0,0,0.149015979543,decile,1,taxable_income_weighted_mean_MTR,min,0.05,0,Optimization terminated successfully. (HiGHS Status 7: Optimal),1.11022302463e-16,0,0,0,0,0,6.93889390391e-18,0,0,0.149015979543,5.55111512313e-17,0,2.5.3,1.18.1,highs-ds,MODEL_CONTINGENT_RANK_TRANSPORT_BUDGET,False,False,False
rank_bridge_lp_v3,rank_transport_budget,epsilon_star_frontier,0,0,0.149015979543,decile,1,taxable_income_weighted_mean_MTR,max,0.05,0,Optimization terminated successfully. (HiGHS Status 7: Optimal),1.11022302463e-16,0,0,0,0,0,6.93889390391e-18,0,0,0.149015979543,5.55111512313e-17,0,2.5.3,1.18.1,highs-ds,MODEL_CONTINGENT_RANK_TRANSPORT_BUDGET,False,False,False
rank_bridge_lp_v3,rank_transport_budget,epsilon_star_frontier,0,0,0.149015979543,decile,1,income_tax_liability_weighted_mean_MTR,min,0.05,0,Optimization terminated successfully. (HiGHS Status 7: Optimal),1.11022302463e-16,0,0,0,0,0,6.93889390391e-18,0,0,0.149015979543,5.55111512313e-17,0,2.5.3,1.18.1,highs-ds,MODEL_CONTINGENT_RANK_TRANSPORT_BUDGET,False,False,False
rank_bridge_lp_v3,rank_transport_budget,epsilon_star_frontier,0,0,0.149015979543,decile,1,income_tax_liability_weighted_mean_MTR,max,0.05,0,Optimization terminated successfully. (HiGHS Status 7: Optimal),1.11022302463e-16,0,0,0,0,0,6.93889390391e-18,0,0,0.149015979543,5.55111512313e-17,0,2.5.3,1.18.1,highs-ds,MODEL_CONTINGENT_RANK_TRANSPORT_BUDGET,False,False,False
rank_bridge_lp_v3,rank_transport_budget,epsilon_star_frontier,0,0,0.149015979543,decile,1,pseudo_filer_positive_tax_share,min,0.0854779411765,0,Optimization terminated successfully. (HiGHS Status 7: Optimal),1.11022302463e-16,0,0,0,0,0,6.93889390391e-18,0,0,0.149015979543,5.55111512313e-17,0,2.5.3,1.18.1,highs-ds,MODEL_CONTINGENT_RANK_TRANSPORT_BUDGET,False,False,False
rank_bridge_lp_v3,rank_transport_budget,epsilon_star_frontier,0,0,0.149015979543,decile,1,pseudo_filer_positive_tax_share,max,0.155937849519,0,Optimization terminated successfully. (HiGHS Status 7: Optimal),2.22044604925e-16,0,0,0,0,0,6.93889390391e-18,0,0,0.149015979543,5.55111512313e-17,0,2.5.3,1.18.1,highs-ds,MODEL_CONTINGENT_RANK_TRANSPORT_BUDGET,False,False,False
rank_bridge_lp_v3,rank_transport_budget,epsilon_star_frontier,0,0,0.149015979543,decile,1,transported_nta_positive_liability_rate,min,0,0,Optimization terminated successfully. (HiGHS Status 7: Optimal),1.11022302463e-16,0,0,0,0,0,6.93889390391e-18,0,0,0.149015979543,5.55111512313e-17,0,2.5.3,1.18.1,highs-ds,MODEL_CONTINGENT_RANK_TRANSPORT_BUDGET,False,False,False
rank_bridge_lp_v3,rank_transport_budget,epsilon_star_frontier,0,0,0.149015979543,decile,1,transported_nta_positive_liability_rate,max,0.00692186997585,0,Optimization terminated successfully. (HiGHS Status 7: Optimal),1.11022302463e-16,0,0,0,0,0,6.93889390391e-18,0,0,0.149015979543,5.55111512313e-17,0,2.5.3,1.18.1,highs-ds,MODEL_CONTINGENT_RANK_TRANSPORT_BUDGET,False,False,False
rank_bridge_lp_v3,rank_transport_budget,epsilon_star_frontier,0,0,0.149015979543,decile,2,taxable_income_weighted_mean_MTR,min,0.05,0,Optimization terminated successfully. (HiGHS Status 7: Optimal),1.11022302463e-16,0,0,0,0,0,6.93889390391e-18,0,0,0.149015979543,5.55111512313e-17,0,2.5.3,1.18.1,highs-ds,MODEL_CONTINGENT_RANK_TRANSPORT_BUDGET,False,False,False
rank_bridge_lp_v3,rank_transport_budget,epsilon_star_frontier,0,0,0.149015979543,decile,2,taxable_income_weighted_mean_MTR,max,0.05,0,Optimization terminated successfully. (HiGHS Status 7: Optimal),1.11022302463e-16,0,0,0,0,0,6.93889390391e-18,0,0,0.149015979543,5.55111512313e-17,0,2.5.3,1.18.1,highs-ds,MODEL_CONTINGENT_RANK_TRANSPORT_BUDGET,False,False,False
rank_bridge_lp_v3,rank_transport_budget,epsilon_star_frontier,0,0,0.149015979543,decile,2,income_tax_liability_weighted_mean_MTR,min,0.05,0,Optimization terminated successfully. (HiGHS Status 7: Optimal),1.11022302463e-16,0,0,0,0,0,6.93889390391e-18,0,0,0.149015979543,5.55111512313e-17,0,2.5.3,1.18.1,highs-ds,MODEL_CONTINGENT_RANK_TRANSPORT_BUDGET,False,False,False
rank_bridge_lp_v3,rank_transport_budget,epsilon_star_frontier,0,0,0.149015979543,decile,2,income_tax_liability_weighted_mean_MTR,max,0.05,0,Optimization terminated successfully. (HiGHS Status 7: Optimal),1.11022302463e-16,0,0,0,0,0,6.93889390391e-18,0,0,0.149015979543,5.55111512313e-17,0,2.5.3,1.18.1,highs-ds,MODEL_CONTINGENT_RANK_TRANSPORT_BUDGET,False,False,False
rank_bridge_lp_v3,rank_transport_budget,epsilon_star_frontier,0,0,0.149015979543,decile,2,pseudo_filer_positive_tax_share,min,0.14409221902,0,Optimization terminated successfully. (HiGHS Status 7: Optimal),1.11022302463e-16,0,0,0,0,0,6.93889390391e-18,0,0,0.149015979543,5.55111512313e-17,0,2.5.3,1.18.1,highs-ds,MODEL_CONTINGENT_RANK_TRANSPORT_BUDGET,False,False,False
rank_bridge_lp_v3,rank_transport_budget,epsilon_star_frontier,0,0,0.149015979543,decile,2,pseudo_filer_positive_tax_share,max,0.161737392918,0,Optimization terminated successfully. (HiGHS Status 7: Optimal),1.11022302463e-16,0,0,0,0,0,6.93889390391e-18,0,0,0.149015979543,5.55111512313e-17,0,2.5.3,1.18.1,highs-ds,MODEL_CONTINGENT_RANK_TRANSPORT_BUDGET,False,False,False
rank_bridge_lp_v3,rank_transport_budget,epsilon_star_frontier,0,0,0.149015979543,decile,2,transported_nta_positive_liability_rate,min,0,0,Optimization terminated successfully. (HiGHS Status 7: Optimal),1.11022302463e-16,0,0,0,0,0,6.93889390391e-18,0,0,0.149015979543,5.55111512313e-17,0,2.5.3,1.18.1,highs-ds,MODEL_CONTINGENT_RANK_TRANSPORT_BUDGET,False,False,False
rank_bridge_lp_v3,rank_transport_budget,epsilon_star_frontier,0,0,0.149015979543,decile,2,transported_nta_positive_liability_rate,max,0.0127214133747,0,Optimization terminated successfully. (HiGHS Status 7: Optimal),1.11022302463e-16,0,0,0,0,0,6.93889390391e-18,0,0,0.149015979543,5.55111512313e-17,0,2.5.3,1.18.1,highs-ds,MODEL_CONTINGENT_RANK_TRANSPORT_BUDGET,False,False,False
rank_bridge_lp_v3,rank_transport_budget,epsilon_star_frontier,0,0,0.149015979543,decile,3,taxable_income_weighted_mean_MTR,min,0.05,0,Optimization terminated successfully. (HiGHS Status 7: Optimal),1.11022302463e-16,0,0,0,0,0,6.93889390391e-18,0,0,0.149015979543,5.55111512313e-17,0,2.5.3,1.18.1,highs-ds,MODEL_CONTINGENT_RANK_TRANSPORT_BUDGET,False,False,False
rank_bridge_lp_v3,rank_transport_budget,epsilon_star_frontier,0,0,0.149015979543,decile,3,taxable_income_weighted_mean_MTR,max,0.05,0,Optimization terminated successfully. (HiGHS Status 7: Optimal),1.11022302463e-16,0,0,0,0,0,6.93889390391e-18,0,0,0.149015979543,5.55111512313e-17,0,2.5.3,1.18.1,highs-ds,MODEL_CONTINGENT_RANK_TRANSPORT_BUDGET,False,False,False
rank_bridge_lp_v3,rank_transport_budget,epsilon_star_frontier,0,0,0.149015979543,decile,3,income_tax_liability_weighted_mean_MTR,min,0.05,0,Optimization terminated successfully. (HiGHS Status 7: Optimal),1.11022302463e-16,0,0,0,0,0,6.93889390391e-18,0,0,0.149015979543,5.55111512313e-17,0,2.5.3,1.18.1,highs-ds,MODEL_CONTINGENT_RANK_TRANSPORT_BUDGET,False,False,False
rank_bridge_lp_v3,rank_transport_budget,epsilon_star_frontier,0,0,0.149015979543,decile,3,income_tax_liability_weighted_mean_MTR,max,0.05,0,Optimization terminated successfully. (HiGHS Status 7: Optimal),1.11022302463e-16,0,0,0,0,0,6.93889390391e-18,0,0,0.149015979543,5.55111512313e-17,0,2.5.3,1.18.1,highs-ds,MODEL_CONTINGENT_RANK_TRANSPORT_BUDGET,False,False,False
rank_bridge_lp_v3,rank_transport_budget,epsilon_star_frontier,0,0,0.149015979543,decile,3,pseudo_filer_positive_tax_share,min,0.156598513011,0,Optimization terminated successfully. (HiGHS Status 7: Optimal),1.11022302463e-16,0,0,0,0,0,6.93889390391e-18,0,0,0.149015979543,5.55111512313e-17,0,2.5.3,1.18.1,highs-ds,MODEL_CONTINGENT_RANK_TRANSPORT_BUDGET,False,False,False
rank_bridge_lp_v3,rank_transport_budget,epsilon_star_frontier,0,0,0.149015979543,decile,3,pseudo_filer_positive_tax_share,max,0.209875871752,0,Optimization terminated successfully. (HiGHS Status 7: Optimal),1.11022302463e-16,0,0,0,0,0,6.93889390391e-18,0,0,0.149015979543,5.55111512313e-17,0,2.5.3,1.18.1,highs-ds,MODEL_CONTINGENT_RANK_TRANSPORT_BUDGET,False,False,False
rank_bridge_lp_v3,rank_transport_budget,epsilon_star_frontier,0,0,0.149015979543,decile,3,transported_nta_positive_liability_rate,min,0.00758253346772,0,Optimization terminated successfully. (HiGHS Status 7: Optimal),1.11022302463e-16,0,0,0,0,0,6.93889390391e-18,0,0,0.149015979543,5.55111512313e-17,0,2.5.3,1.18.1,highs-ds,MODEL_CONTINGENT_RANK_TRANSPORT_BUDGET,False,False,False
rank_bridge_lp_v3,rank_transport_budget,epsilon_star_frontier,0,0,0.149015979543,decile,3,transported_nta_positive_liability_rate,max,0.0608598922087,0,Optimization terminated successfully. (HiGHS Status 7: Optimal),1.11022302463e-16,0,0,0,0,0,6.93889390391e-18,0,0,0.149015979543,5.55111512313e-17,0,2.5.3,1.18.1,highs-ds,MODEL_CONTINGENT_RANK_TRANSPORT_BUDGET,False,False,False
rank_bridge_lp_v3,rank_transport_budget,epsilon_star_frontier,0,0,0.149015979543,decile,4,taxable_income_weighted_mean_MTR,min,0.05,0,Optimization terminated successfully. (HiGHS Status 7: Optimal),0,0,0,0,0,0,6.93889390391e-18,0,0,0.149015979543,5.55111512313e-17,0,2.5.3,1.18.1,highs-ds,MODEL_CONTINGENT_RANK_TRANSPORT_BUDGET,False,False,False
rank_bridge_lp_v3,rank_transport_budget,epsilon_star_frontier,0,0,0.149015979543,decile,4,taxable_income_weighted_mean_MTR,max,0.058968460929,0,Optimization terminated successfully. (HiGHS Status 7: Optimal),0,0,0,0,0,0,6.93889390391e-18,0,0,0.149015979543,5.55111512313e-17,0,2.5.3,1.18.1,highs-ds,MODEL_CONTINGENT_RANK_TRANSPORT_BUDGET,False,False,False
rank_bridge_lp_v3,rank_transport_budget,epsilon_star_frontier,0,0,0.149015979543,decile,4,income_tax_liability_weighted_mean_MTR,min,0.05,0,Optimization terminated successfully. (HiGHS Status 7: Optimal),0,0,0,0,0,0,6.93889390391e-18,0,0,0.149015979543,5.55111512313e-17,0,2.5.3,1.18.1,highs-ds,MODEL_CONTINGENT_RANK_TRANSPORT_BUDGET,False,False,False
rank_bridge_lp_v3,rank_transport_budget,epsilon_star_frontier,0,0,0.149015979543,decile,4,income_tax_liability_weighted_mean_MTR,max,0.0602889317796,0,Optimization terminated successfully. (HiGHS Status 7: Optimal),0,0,0,0,0,0,6.93889390391e-18,0,0,0.149015979543,5.55111512313e-17,0,2.5.3,1.18.1,highs-ds,MODEL_CONTINGENT_RANK_TRANSPORT_BUDGET,False,False,False
rank_bridge_lp_v3,rank_transport_budget,epsilon_star_frontier,0,0,0.149015979543,decile,4,pseudo_filer_positive_tax_share,min,0.190499272904,0,Optimization terminated successfully. (HiGHS Status 7: Optimal),1.11022302463e-16,0,0,0,0,0,6.93889390391e-18,0,0,0.149015979543,5.55111512313e-17,0,2.5.3,1.18.1,highs-ds,MODEL_CONTINGENT_RANK_TRANSPORT_BUDGET,False,False,False
rank_bridge_lp_v3,rank_transport_budget,epsilon_star_frontier,0,0,0.149015979543,decile,4,pseudo_filer_positive_tax_share,max,0.365368417224,0,Optimization terminated successfully. (HiGHS Status 7: Optimal),1.11022302463e-16,0,0,0,0,0,6.93889390391e-18,0,0,0.149015979543,5.55111512313e-17,0,2.5.3,1.18.1,highs-ds,MODEL_CONTINGENT_RANK_TRANSPORT_BUDGET,False,False,False
rank_bridge_lp_v3,rank_transport_budget,epsilon_star_frontier,0,0,0.149015979543,decile,4,transported_nta_positive_liability_rate,min,0.0414832933607,0,Optimization terminated successfully. (HiGHS Status 7: Optimal),1.11022302463e-16,0,0,0,0,0,6.93889390391e-18,0,0,0.149015979543,5.55111512313e-17,0,2.5.3,1.18.1,highs-ds,MODEL_CONTINGENT_RANK_TRANSPORT_BUDGET,False,False,False
rank_bridge_lp_v3,rank_transport_budget,epsilon_star_frontier,0,0,0.149015979543,decile,4,transported_nta_positive_liability_rate,max,0.216352437681,0,Optimization terminated successfully. (HiGHS Status 7: Optimal),1.11022302463e-16,0,0,0,0,0,6.93889390391e-18,0,0,0.149015979543,5.55111512313e-17,0,2.5.3,1.18.1,highs-ds,MODEL_CONTINGENT_RANK_TRANSPORT_BUDGET,False,False,False
rank_bridge_lp_v3,rank_transport_budget,epsilon_star_frontier,0,0,0.149015979543,decile,5,taxable_income_weighted_mean_MTR,min,0.0576704092407,0,Optimization terminated successfully. (HiGHS Status 7: Optimal),1.11022302463e-16,0,0,0,0,0,6.93889390391e-18,0,0,0.149015979543,5.55111512313e-17,0,2.5.3,1.18.1,highs-ds,MODEL_CONTINGENT_RANK_TRANSPORT_BUDGET,False,False,False
rank_bridge_lp_v3,rank_transport_budget,epsilon_star_frontier,0,0,0.149015979543,decile,5,taxable_income_weighted_mean_MTR,max,0.103241125426,0,Optimization terminated successfully. (HiGHS Status 7: Optimal),0,0,0,0,0,0,6.93889390391e-18,0,0,0.149015979543,5.55111512313e-17,0,2.5.3,1.18.1,highs-ds,MODEL_CONTINGENT_RANK_TRANSPORT_BUDGET,False,False,False
rank_bridge_lp_v3,rank_transport_budget,epsilon_star_frontier,0,0,0.149015979543,decile,5,income_tax_liability_weighted_mean_MTR,min,0.0588357335799,0,Optimization terminated successfully. (HiGHS Status 7: Optimal),1.11022302463e-16,0,0,0,0,0,6.93889390391e-18,0,0,0.149015979543,5.55111512313e-17,0,2.5.3,1.18.1,highs-ds,MODEL_CONTINGENT_RANK_TRANSPORT_BUDGET,False,False,False
rank_bridge_lp_v3,rank_transport_budget,epsilon_star_frontier,0,0,0.149015979543,decile,5,income_tax_liability_weighted_mean_MTR,max,0.113729890589,0,Optimization terminated successfully. (HiGHS Status 7: Optimal),0,0,0,0,0,0,6.93889390391e-18,0,0,0.149015979543,5.55111512313e-17,0,2.5.3,1.18.1,highs-ds,MODEL_CONTINGENT_RANK_TRANSPORT_BUDGET,False,False,False
rank_bridge_lp_v3,rank_transport_budget,epsilon_star_frontier,0,0,0.149015979543,decile,5,pseudo_filer_positive_tax_share,min,0.213769860376,0,Optimization terminated successfully. (HiGHS Status 7: Optimal),0,0,0,0,0,0,6.93889390391e-18,0,0,0.149015979543,5.55111512313e-17,0,2.5.3,1.18.1,highs-ds,MODEL_CONTINGENT_RANK_TRANSPORT_BUDGET,False,False,False
rank_bridge_lp_v3,rank_transport_budget,epsilon_star_frontier,0,0,0.149015979543,decile,5,pseudo_filer_positive_tax_share,max,0.498127175654,0,Optimization terminated successfully. (HiGHS Status 7: Optimal),0,0,0,0,0,0,6.93889390391e-18,0,0,0.149015979543,5.55111512313e-17,0,2.5.3,1.18.1,highs-ds,MODEL_CONTINGENT_RANK_TRANSPORT_BUDGET,False,False,False
rank_bridge_lp_v3,rank_transport_budget,epsilon_star_frontier,0,0,0.149015979543,decile,5,transported_nta_positive_liability_rate,min,0.0647538808327,0,Optimization terminated successfully. (HiGHS Status 7: Optimal),0,0,0,0,0,0,6.93889390391e-18,0,0,0.149015979543,5.55111512313e-17,0,2.5.3,1.18.1,highs-ds,MODEL_CONTINGENT_RANK_TRANSPORT_BUDGET,False,False,False
rank_bridge_lp_v3,rank_transport_budget,epsilon_star_frontier,0,0,0.149015979543,decile,5,transported_nta_positive_liability_rate,max,0.349111196111,0,Optimization terminated successfully. (HiGHS Status 7: Optimal),0,0,0,0,0,0,6.93889390391e-18,0,0,0.149015979543,5.55111512313e-17,0,2.5.3,1.18.1,highs-ds,MODEL_CONTINGENT_RANK_TRANSPORT_BUDGET,False,False,False
rank_bridge_lp_v3,rank_transport_budget,epsilon_star_frontier,0,0,0.149015979543,decile,6,taxable_income_weighted_mean_MTR,min,0.0947648347649,0,Optimization terminated successfully. (HiGHS Status 7: Optimal),0,0,0,0,0,0,6.93889390391e-18,0,0,0.149015979543,5.55111512313e-17,0,2.5.3,1.18.1,highs-ds,MODEL_CONTINGENT_RANK_TRANSPORT_BUDGET,False,False,False
rank_bridge_lp_v3,rank_transport_budget,epsilon_star_frontier,0,0,0.149015979543,decile,6,taxable_income_weighted_mean_MTR,max,0.153348627649,0,Optimization terminated successfully. (HiGHS Status 7: Optimal),2.22044604925e-16,0,0,0,0,0,6.93889390391e-18,0,0,0.149015979543,5.55111512313e-17,0,2.5.3,1.18.1,highs-ds,MODEL_CONTINGENT_RANK_TRANSPORT_BUDGET,False,False,False
rank_bridge_lp_v3,rank_transport_budget,epsilon_star_frontier,0,0,0.149015979543,decile,6,income_tax_liability_weighted_mean_MTR,min,0.104978832112,0,Optimization terminated successfully. (HiGHS Status 7: Optimal),2.22044604925e-16,0,0,0,0,0,6.93889390391e-18,0,0,0.149015979543,5.55111512313e-17,0,2.5.3,1.18.1,highs-ds,MODEL_CONTINGENT_RANK_TRANSPORT_BUDGET,False,False,False
rank_bridge_lp_v3,rank_transport_budget,epsilon_star_frontier,0,0,0.149015979543,decile,6,income_tax_liability_weighted_mean_MTR,max,0.166077223997,0,Optimization terminated successfully. (HiGHS Status 7: Optimal),2.22044604925e-16,0,0,0,0,0,6.93889390391e-18,0,0,0.149015979543,5.55111512313e-17,0,2.5.3,1.18.1,highs-ds,MODEL_CONTINGENT_RANK_TRANSPORT_BUDGET,False,False,False
rank_bridge_lp_v3,rank_transport_budget,epsilon_star_frontier,0,0,0.149015979543,decile,6,pseudo_filer_positive_tax_share,min,0.235387045814,0,Optimization terminated successfully. (HiGHS Status 7: Optimal),0,0,0,0,0,0,6.93889390391e-18,0,0,0.149015979543,5.55111512313e-17,0,2.5.3,1.18.1,highs-ds,MODEL_CONTINGENT_RANK_TRANSPORT_BUDGET,False,False,False
rank_bridge_lp_v3,rank_transport_budget,epsilon_star_frontier,0,0,0.149015979543,decile,6,pseudo_filer_positive_tax_share,max,0.521642100457,0,Optimization terminated successfully. (HiGHS Status 7: Optimal),2.22044604925e-16,0,0,0,0,0,6.93889390391e-18,0,0,0.149015979543,5.55111512313e-17,0,2.5.3,1.18.1,highs-ds,MODEL_CONTINGENT_RANK_TRANSPORT_BUDGET,False,False,False
rank_bridge_lp_v3,rank_transport_budget,epsilon_star_frontier,0,0,0.149015979543,decile,6,transported_nta_positive_liability_rate,min,0.177223328093,0,Optimization terminated successfully. (HiGHS Status 7: Optimal),0,0,0,0,0,0,6.93889390391e-18,0,0,0.149015979543,5.55111512313e-17,0,2.5.3,1.18.1,highs-ds,MODEL_CONTINGENT_RANK_TRANSPORT_BUDGET,False,False,False
rank_bridge_lp_v3,rank_transport_budget,epsilon_star_frontier,0,0,0.149015979543,decile,6,transported_nta_positive_liability_rate,max,0.372626120914,0,Optimization terminated successfully. (HiGHS Status 7: Optimal),0,0,0,0,0,0,6.93889390391e-18,0,0,0.149015979543,5.55111512313e-17,0,2.5.3,1.18.1,highs-ds,MODEL_CONTINGENT_RANK_TRANSPORT_BUDGET,False,False,False
rank_bridge_lp_v3,rank_transport_budget,epsilon_star_frontier,0,0,0.149015979543,decile,7,taxable_income_weighted_mean_MTR,min,0.109828330707,0,Optimization terminated successfully. (HiGHS Status 7: Optimal),0,6.93889390391e-18,0,0,0,0,6.93889390391e-18,0,0,0.149015979543,5.55111512313e-17,0,2.5.3,1.18.1,highs-ds,MODEL_CONTINGENT_RANK_TRANSPORT_BUDGET,False,False,False
rank_bridge_lp_v3,rank_transport_budget,epsilon_star_frontier,0,0,0.149015979543,decile,7,taxable_income_weighted_mean_MTR,max,0.161639242084,0,Optimization terminated successfully. (HiGHS Status 7: Optimal),0,6.93889390391e-18,0,0,0,0,6.93889390391e-18,0,0,0.149015979543,5.55111512313e-17,0,2.5.3,1.18.1,highs-ds,MODEL_CONTINGENT_RANK_TRANSPORT_BUDGET,False,False,False
rank_bridge_lp_v3,rank_transport_budget,epsilon_star_frontier,0,0,0.149015979543,decile,7,income_tax_liability_weighted_mean_MTR,min,0.122952596692,0,Optimization terminated successfully. (HiGHS Status 7: Optimal),0,6.93889390391e-18,0,0,0,0,6.93889390391e-18,0,0,0.149015979543,5.55111512313e-17,0,2.5.3,1.18.1,highs-ds,MODEL_CONTINGENT_RANK_TRANSPORT_BUDGET,False,False,False
rank_bridge_lp_v3,rank_transport_budget,epsilon_star_frontier,0,0,0.149015979543,decile,7,income_tax_liability_weighted_mean_MTR,max,0.173753550505,0,Optimization terminated successfully. (HiGHS Status 7: Optimal),0,6.93889390391e-18,0,0,0,0,6.93889390391e-18,0,0,0.149015979543,5.55111512313e-17,0,2.5.3,1.18.1,highs-ds,MODEL_CONTINGENT_RANK_TRANSPORT_BUDGET,False,False,False
rank_bridge_lp_v3,rank_transport_budget,epsilon_star_frontier,0,0,0.149015979543,decile,7,pseudo_filer_positive_tax_share,min,0.317057704502,0,Optimization terminated successfully. (HiGHS Status 7: Optimal),1.11022302463e-16,0,0,0,0,0,6.93889390391e-18,0,0,0.149015979543,5.55111512313e-17,0,2.5.3,1.18.1,highs-ds,MODEL_CONTINGENT_RANK_TRANSPORT_BUDGET,False,False,False
rank_bridge_lp_v3,rank_transport_budget,epsilon_star_frontier,0,0,0.149015979543,decile,7,pseudo_filer_positive_tax_share,max,0.477924755742,0,Optimization terminated successfully. (HiGHS Status 7: Optimal),1.11022302463e-16,6.93889390391e-18,0,0,0,0,6.93889390391e-18,0,0,0.149015979543,5.55111512313e-17,0,2.5.3,1.18.1,highs-ds,MODEL_CONTINGENT_RANK_TRANSPORT_BUDGET,False,False,False
rank_bridge_lp_v3,rank_transport_budget,epsilon_star_frontier,0,0,0.149015979543,decile,7,transported_nta_positive_liability_rate,min,0.319230342506,0,Optimization terminated successfully. (HiGHS Status 7: Optimal),1.11022302463e-16,0,0,0,0,0,6.93889390391e-18,0,0,0.149015979543,5.55111512313e-17,0,2.5.3,1.18.1,highs-ds,MODEL_CONTINGENT_RANK_TRANSPORT_BUDGET,False,False,False
rank_bridge_lp_v3,rank_transport_budget,epsilon_star_frontier,0,0,0.149015979543,decile,7,transported_nta_positive_liability_rate,max,0.328908776198,0,Optimization terminated successfully. (HiGHS Status 7: Optimal),0,6.93889390391e-18,0,0,0,0,6.93889390391e-18,0,0,0.149015979543,5.55111512313e-17,0,2.5.3,1.18.1,highs-ds,MODEL_CONTINGENT_RANK_TRANSPORT_BUDGET,False,False,False
rank_bridge_lp_v3,rank_transport_budget,epsilon_star_frontier,0,0,0.149015979543,decile,8,taxable_income_weighted_mean_MTR,min,0.149153421161,0,Optimization terminated successfully. (HiGHS Status 7: Optimal),1.11022302463e-16,6.93889390391e-18,0,0,0,0,6.93889390391e-18,0,0,0.149015979543,5.55111512313e-17,0,2.5.3,1.18.1,highs-ds,MODEL_CONTINGENT_RANK_TRANSPORT_BUDGET,False,False,False
rank_bridge_lp_v3,rank_transport_budget,epsilon_star_frontier,0,0,0.149015979543,decile,8,taxable_income_weighted_mean_MTR,max,0.149194153876,0,Optimization terminated successfully. (HiGHS Status 7: Optimal),1.11022302463e-16,6.93889390391e-18,0,0,0,0,6.93889390391e-18,0,0,0.149015979543,5.55111512313e-17,0,2.5.3,1.18.1,highs-ds,MODEL_CONTINGENT_RANK_TRANSPORT_BUDGET,False,False,False
rank_bridge_lp_v3,rank_transport_budget,epsilon_star_frontier,0,0,0.149015979543,decile,8,income_tax_liability_weighted_mean_MTR,min,0.168363305333,0,Optimization terminated successfully. (HiGHS Status 7: Optimal),1.11022302463e-16,6.93889390391e-18,0,0,0,0,6.93889390391e-18,0,0,0.149015979543,5.55111512313e-17,0,2.5.3,1.18.1,highs-ds,MODEL_CONTINGENT_RANK_TRANSPORT_BUDGET,False,False,False
rank_bridge_lp_v3,rank_transport_budget,epsilon_star_frontier,0,0,0.149015979543,decile,8,income_tax_liability_weighted_mean_MTR,max,0.168396654424,0,Optimization terminated successfully. (HiGHS Status 7: Optimal),1.11022302463e-16,6.93889390391e-18,0,0,0,0,6.93889390391e-18,0,0,0.149015979543,5.55111512313e-17,0,2.5.3,1.18.1,highs-ds,MODEL_CONTINGENT_RANK_TRANSPORT_BUDGET,False,False,False
rank_bridge_lp_v3,rank_transport_budget,epsilon_star_frontier,0,0,0.149015979543,decile,8,pseudo_filer_positive_tax_share,min,0.429585152838,0,Optimization terminated successfully. (HiGHS Status 7: Optimal),1.11022302463e-16,0,0,0,0,0,6.93889390391e-18,0,0,0.149015979543,5.55111512313e-17,0,2.5.3,1.18.1,highs-ds,MODEL_CONTINGENT_RANK_TRANSPORT_BUDGET,False,False,False
rank_bridge_lp_v3,rank_transport_budget,epsilon_star_frontier,0,0,0.149015979543,decile,8,pseudo_filer_positive_tax_share,max,0.429896910881,0,Optimization terminated successfully. (HiGHS Status 7: Optimal),1.11022302463e-16,6.93889390391e-18,0,0,0,0,6.93889390391e-18,0,0,0.149015979543,5.55111512313e-17,0,2.5.3,1.18.1,highs-ds,MODEL_CONTINGENT_RANK_TRANSPORT_BUDGET,False,False,False
rank_bridge_lp_v3,rank_transport_budget,epsilon_star_frontier,0,0,0.149015979543,decile,8,transported_nta_positive_liability_rate,min,0.280569173295,0,Optimization terminated successfully. (HiGHS Status 7: Optimal),1.11022302463e-16,0,0,0,0,0,6.93889390391e-18,0,0,0.149015979543,5.55111512313e-17,0,2.5.3,1.18.1,highs-ds,MODEL_CONTINGENT_RANK_TRANSPORT_BUDGET,False,False,False
rank_bridge_lp_v3,rank_transport_budget,epsilon_star_frontier,0,0,0.149015979543,decile,8,transported_nta_positive_liability_rate,max,0.280880931338,0,Optimization terminated successfully. (HiGHS Status 7: Optimal),1.11022302463e-16,6.93889390391e-18,0,0,0,0,6.93889390391e-18,0,0,0.149015979543,5.55111512313e-17,0,2.5.3,1.18.1,highs-ds,MODEL_CONTINGENT_RANK_TRANSPORT_BUDGET,False,False,False
rank_bridge_lp_v3,rank_transport_budget,epsilon_star_frontier,0,0,0.149015979543,decile,9,taxable_income_weighted_mean_MTR,min,0.179002869923,0,Optimization terminated successfully. (HiGHS Status 7: Optimal),2.22044604925e-16,0,0,0,0,0,0,0,0,0.149015979543,5.55111512313e-17,0,2.5.3,1.18.1,highs-ds,MODEL_CONTINGENT_RANK_TRANSPORT_BUDGET,False,False,False
rank_bridge_lp_v3,rank_transport_budget,epsilon_star_frontier,0,0,0.149015979543,decile,9,taxable_income_weighted_mean_MTR,max,0.179002869923,0,Optimization terminated successfully. (HiGHS Status 7: Optimal),6.66133814775e-16,0,0,0,0,0,0,0,0,0.149015979543,5.55111512313e-17,0,2.5.3,1.18.1,highs-ds,MODEL_CONTINGENT_RANK_TRANSPORT_BUDGET,False,False,False
rank_bridge_lp_v3,rank_transport_budget,epsilon_star_frontier,0,0,0.149015979543,decile,9,income_tax_liability_weighted_mean_MTR,min,0.196428390668,0,Optimization terminated successfully. (HiGHS Status 7: Optimal),1.55431223448e-15,0,0,0,0,0,0,0,0,0.149015979543,5.55111512313e-17,0,2.5.3,1.18.1,highs-ds,MODEL_CONTINGENT_RANK_TRANSPORT_BUDGET,False,False,False
rank_bridge_lp_v3,rank_transport_budget,epsilon_star_frontier,0,0,0.149015979543,decile,9,income_tax_liability_weighted_mean_MTR,max,0.196428390668,0,Optimization terminated successfully. (HiGHS Status 7: Optimal),2.22044604925e-16,0,0,0,0,0,0,0,0,0.149015979543,5.55111512313e-17,0,2.5.3,1.18.1,highs-ds,MODEL_CONTINGENT_RANK_TRANSPORT_BUDGET,False,False,False
rank_bridge_lp_v3,rank_transport_budget,epsilon_star_frontier,0,0,0.149015979543,decile,9,pseudo_filer_positive_tax_share,min,0.633608815427,0,Optimization terminated successfully. (HiGHS Status 7: Optimal),1.11022302463e-16,0,0,0,0,0,6.93889390391e-18,0,0,0.149015979543,5.55111512313e-17,0,2.5.3,1.18.1,highs-ds,MODEL_CONTINGENT_RANK_TRANSPORT_BUDGET,False,False,False
rank_bridge_lp_v3,rank_transport_budget,epsilon_star_frontier,0,0,0.149015979543,decile,9,pseudo_filer_positive_tax_share,max,0.633608815427,0,Optimization terminated successfully. (HiGHS Status 7: Optimal),1.55431223448e-15,0,0,0,0,0,0,0,0,0.149015979543,5.55111512313e-17,0,2.5.3,1.18.1,highs-ds,MODEL_CONTINGENT_RANK_TRANSPORT_BUDGET,False,False,False
rank_bridge_lp_v3,rank_transport_budget,epsilon_star_frontier,0,0,0.149015979543,decile,9,transported_nta_positive_liability_rate,min,0.484592835884,0,Optimization terminated successfully. (HiGHS Status 7: Optimal),1.11022302463e-16,0,0,0,0,0,6.93889390391e-18,0,0,0.149015979543,5.55111512313e-17,0,2.5.3,1.18.1,highs-ds,MODEL_CONTINGENT_RANK_TRANSPORT_BUDGET,False,False,False
rank_bridge_lp_v3,rank_transport_budget,epsilon_star_frontier,0,0,0.149015979543,decile,9,transported_nta_positive_liability_rate,max,0.484592835884,0,Optimization terminated successfully. (HiGHS Status 7: Optimal),1.55431223448e-15,0,0,0,0,0,0,0,0,0.149015979543,5.55111512313e-17,0,2.5.3,1.18.1,highs-ds,MODEL_CONTINGENT_RANK_TRANSPORT_BUDGET,False,False,False
rank_bridge_lp_v3,rank_transport_budget,epsilon_star_frontier,0,0,0.149015979543,decile,10,taxable_income_weighted_mean_MTR,min,0.242809967122,0,Optimization terminated successfully. (HiGHS Status 7: Optimal),1.11022302463e-16,0,0,0,0,0,6.93889390391e-18,0,0,0.149015979543,5.55111512313e-17,0,2.5.3,1.18.1,highs-ds,MODEL_CONTINGENT_RANK_TRANSPORT_BUDGET,False,False,False
rank_bridge_lp_v3,rank_transport_budget,epsilon_star_frontier,0,0,0.149015979543,decile,10,taxable_income_weighted_mean_MTR,max,0.242809967122,0,Optimization terminated successfully. (HiGHS Status 7: Optimal),1.11022302463e-16,0,0,0,0,0,6.93889390391e-18,0,0,0.149015979543,5.55111512313e-17,0,2.5.3,1.18.1,highs-ds,MODEL_CONTINGENT_RANK_TRANSPORT_BUDGET,False,False,False
rank_bridge_lp_v3,rank_transport_budget,epsilon_star_frontier,0,0,0.149015979543,decile,10,income_tax_liability_weighted_mean_MTR,min,0.267186538276,0,Optimization terminated successfully. (HiGHS Status 7: Optimal),1.11022302463e-16,0,0,0,0,0,6.93889390391e-18,0,0,0.149015979543,5.55111512313e-17,0,2.5.3,1.18.1,highs-ds,MODEL_CONTINGENT_RANK_TRANSPORT_BUDGET,False,False,False
rank_bridge_lp_v3,rank_transport_budget,epsilon_star_frontier,0,0,0.149015979543,decile,10,income_tax_liability_weighted_mean_MTR,max,0.267186538276,0,Optimization terminated successfully. (HiGHS Status 7: Optimal),1.11022302463e-16,0,0,0,0,0,6.93889390391e-18,0,0,0.149015979543,5.55111512313e-17,0,2.5.3,1.18.1,highs-ds,MODEL_CONTINGENT_RANK_TRANSPORT_BUDGET,False,False,False
rank_bridge_lp_v3,rank_transport_budget,epsilon_star_frontier,0,0,0.149015979543,decile,10,pseudo_filer_positive_tax_share,min,0.668781725888,0,Optimization terminated successfully. (HiGHS Status 7: Optimal),1.11022302463e-16,6.93889390391e-18,0,0,0,0,6.93889390391e-18,0,0,0.149015979543,5.55111512313e-17,0,2.5.3,1.18.1,highs-ds,MODEL_CONTINGENT_RANK_TRANSPORT_BUDGET,False,False,False
rank_bridge_lp_v3,rank_transport_budget,epsilon_star_frontier,0,0,0.149015979543,decile,10,pseudo_filer_positive_tax_share,max,0.668781725888,0,Optimization terminated successfully. (HiGHS Status 7: Optimal),1.11022302463e-16,0,0,0,0,0,6.93889390391e-18,0,0,0.149015979543,5.55111512313e-17,0,2.5.3,1.18.1,highs-ds,MODEL_CONTINGENT_RANK_TRANSPORT_BUDGET,False,False,False
rank_bridge_lp_v3,rank_transport_budget,epsilon_star_frontier,0,0,0.149015979543,decile,10,transported_nta_positive_liability_rate,min,0.519765746345,0,Optimization terminated successfully. (HiGHS Status 7: Optimal),1.11022302463e-16,6.93889390391e-18,0,0,0,0,6.93889390391e-18,0,0,0.149015979543,5.55111512313e-17,0,2.5.3,1.18.1,highs-ds,MODEL_CONTINGENT_RANK_TRANSPORT_BUDGET,False,False,False
rank_bridge_lp_v3,rank_transport_budget,epsilon_star_frontier,0,0,0.149015979543,decile,10,transported_nta_positive_liability_rate,max,0.519765746345,0,Optimization terminated successfully. (HiGHS Status 7: Optimal),1.11022302463e-16,0,0,0,0,0,6.93889390391e-18,0,0,0.149015979543,5.55111512313e-17,0,2.5.3,1.18.1,highs-ds,MODEL_CONTINGENT_RANK_TRANSPORT_BUDGET,False,False,False
rank_bridge_lp_v3,rank_transport_budget,epsilon_star_frontier,0,0,0.149015979543,overall,,taxable_income_weighted_mean_MTR,min,0.103389290194,0,Optimization terminated successfully. (HiGHS Status 7: Optimal),2.22044604925e-16,6.93889390391e-18,0,0,0,0,6.93889390391e-18,0,0,0.149015979543,5.55111512313e-17,0,2.5.3,1.18.1,highs-ds,MODEL_CONTINGENT_RANK_TRANSPORT_BUDGET,False,False,False
rank_bridge_lp_v3,rank_transport_budget,epsilon_star_frontier,0,0,0.149015979543,overall,,taxable_income_weighted_mean_MTR,max,0.119819722727,0,Optimization terminated successfully. (HiGHS Status 7: Optimal),1.11022302463e-16,0,0,0,0,0,6.93889390391e-18,0,0,0.149015979543,5.55111512313e-17,0,2.5.3,1.18.1,highs-ds,MODEL_CONTINGENT_RANK_TRANSPORT_BUDGET,False,False,False
rank_bridge_lp_v3,rank_transport_budget,epsilon_star_frontier,0,0,0.149015979543,overall,,income_tax_liability_weighted_mean_MTR,min,0.111969128307,0,Optimization terminated successfully. (HiGHS Status 7: Optimal),2.22044604925e-16,6.93889390391e-18,0,0,0,0,6.93889390391e-18,0,0,0.149015979543,5.55111512313e-17,0,2.5.3,1.18.1,highs-ds,MODEL_CONTINGENT_RANK_TRANSPORT_BUDGET,False,False,False
rank_bridge_lp_v3,rank_transport_budget,epsilon_star_frontier,0,0,0.149015979543,overall,,income_tax_liability_weighted_mean_MTR,max,0.129585234991,0,Optimization terminated successfully. (HiGHS Status 7: Optimal),1.11022302463e-16,0,0,0,0,0,6.93889390391e-18,0,0,0.149015979543,5.55111512313e-17,0,2.5.3,1.18.1,highs-ds,MODEL_CONTINGENT_RANK_TRANSPORT_BUDGET,False,False,False
rank_bridge_lp_v3,rank_transport_budget,epsilon_star_frontier,0.25,2.5,0.0868252768522,decile,1,taxable_income_weighted_mean_MTR,min,0.05,0,Optimization terminated successfully. (HiGHS Status 7: Optimal),2.22044604925e-16,0,0,2.77555756156e-17,1.38777878078e-17,0,0,0.25,5.55111512313e-17,0.0868252768522,1.38777878078e-17,0,2.5.3,1.18.1,highs-ds,MODEL_CONTINGENT_RANK_TRANSPORT_BUDGET,False,False,False
rank_bridge_lp_v3,rank_transport_budget,epsilon_star_frontier,0.25,2.5,0.0868252768522,decile,1,taxable_income_weighted_mean_MTR,max,0.05,0,Optimization terminated successfully. (HiGHS Status 7: Optimal),2.22044604925e-16,0,0,2.77555756156e-17,1.38777878078e-17,0,0,0.25,5.55111512313e-17,0.0868252768522,1.38777878078e-17,0,2.5.3,1.18.1,highs-ds,MODEL_CONTINGENT_RANK_TRANSPORT_BUDGET,False,False,False
rank_bridge_lp_v3,rank_transport_budget,epsilon_star_frontier,0.25,2.5,0.0868252768522,decile,1,income_tax_liability_weighted_mean_MTR,min,0.05,0,Optimization terminated successfully. (HiGHS Status 7: Optimal),2.22044604925e-16,0,0,2.77555756156e-17,1.38777878078e-17,0,0,0.25,5.55111512313e-17,0.0868252768522,1.38777878078e-17,0,2.5.3,1.18.1,highs-ds,MODEL_CONTINGENT_RANK_TRANSPORT_BUDGET,False,False,False
rank_bridge_lp_v3,rank_transport_budget,epsilon_star_frontier,0.25,2.5,0.0868252768522,decile,1,income_tax_liability_weighted_mean_MTR,max,0.05,0,Optimization terminated successfully. (HiGHS Status 7: Optimal),2.22044604925e-16,0,0,2.77555756156e-17,1.38777878078e-17,0,0,0.25,5.55111512313e-17,0.0868252768522,1.38777878078e-17,0,2.5.3,1.18.1,highs-ds,MODEL_CONTINGENT_RANK_TRANSPORT_BUDGET,False,False,False
rank_bridge_lp_v3,rank_transport_budget,epsilon_star_frontier,0.25,2.5,0.0868252768522,decile,1,pseudo_filer_positive_tax_share,min,0.0854779411765,0,Optimization terminated successfully. (HiGHS Status 7: Optimal),0,0,0,2.77555756156e-17,1.38777878078e-17,0,0,0.25,5.55111512313e-17,0.0868252768522,1.38777878078e-17,0,2.5.3,1.18.1,highs-ds,MODEL_CONTINGENT_RANK_TRANSPORT_BUDGET,False,False,False
rank_bridge_lp_v3,rank_transport_budget,epsilon_star_frontier,0.25,2.5,0.0868252768522,decile,1,pseudo_filer_positive_tax_share,max,0.0868252768522,0,Optimization terminated successfully. (HiGHS Status 7: Optimal),0,0,0,2.77555756156e-17,2.77555756156e-17,0,2.51534904017e-17,0.25,0,0.0868252768522,2.49800180541e-16,0,2.5.3,1.18.1,highs-ds,MODEL_CONTINGENT_RANK_TRANSPORT_BUDGET,False,False,False
rank_bridge_lp_v3,rank_transport_budget,epsilon_star_frontier,0.25,2.5,0.0868252768522,decile,1,transported_nta_positive_liability_rate,min,0,0,Optimization terminated successfully. (HiGHS Status 7: Optimal),2.22044604925e-16,0,0,2.77555756156e-17,1.38777878078e-17,0,0,0.25,5.55111512313e-17,0.0868252768522,1.38777878078e-17,0,2.5.3,1.18.1,highs-ds,MODEL_CONTINGENT_RANK_TRANSPORT_BUDGET,False,False,False
rank_bridge_lp_v3,rank_transport_budget,epsilon_star_frontier,0.25,2.5,0.0868252768522,decile,1,transported_nta_positive_liability_rate,max,0,0,Optimization terminated successfully. (HiGHS Status 7: Optimal),0,0,0,2.77555756156e-17,2.77555756156e-17,0,2.51534904017e-17,0.25,0,0.0868252768522,2.49800180541e-16,0,2.5.3,1.18.1,highs-ds,MODEL_CONTINGENT_RANK_TRANSPORT_BUDGET,False,False,False
rank_bridge_lp_v3,rank_transport_budget,epsilon_star_frontier,0.25,2.5,0.0868252768522,decile,2,taxable_income_weighted_mean_MTR,min,0.05,0,Optimization terminated successfully. (HiGHS Status 7: Optimal),2.22044604925e-16,0,0,2.77555756156e-17,1.38777878078e-17,0,0,0.25,5.55111512313e-17,0.0868252768522,1.38777878078e-17,0,2.5.3,1.18.1,highs-ds,MODEL_CONTINGENT_RANK_TRANSPORT_BUDGET,False,False,False
rank_bridge_lp_v3,rank_transport_budget,epsilon_star_frontier,0.25,2.5,0.0868252768522,decile,2,taxable_income_weighted_mean_MTR,max,0.05,0,Optimization terminated successfully. (HiGHS Status 7: Optimal),2.22044604925e-16,0,0,2.77555756156e-17,1.38777878078e-17,0,0,0.25,5.55111512313e-17,0.0868252768522,1.38777878078e-17,0,2.5.3,1.18.1,highs-ds,MODEL_CONTINGENT_RANK_TRANSPORT_BUDGET,False,False,False
rank_bridge_lp_v3,rank_transport_budget,epsilon_star_frontier,0.25,2.5,0.0868252768522,decile,2,income_tax_liability_weighted_mean_MTR,min,0.05,0,Optimization terminated successfully. (HiGHS Status 7: Optimal),2.22044604925e-16,0,0,2.77555756156e-17,1.38777878078e-17,0,0,0.25,5.55111512313e-17,0.0868252768522,1.38777878078e-17,0,2.5.3,1.18.1,highs-ds,MODEL_CONTINGENT_RANK_TRANSPORT_BUDGET,False,False,False
rank_bridge_lp_v3,rank_transport_budget,epsilon_star_frontier,0.25,2.5,0.0868252768522,decile,2,income_tax_liability_weighted_mean_MTR,max,0.05,0,Optimization terminated successfully. (HiGHS Status 7: Optimal),2.22044604925e-16,0,0,2.77555756156e-17,1.38777878078e-17,0,0,0.25,5.55111512313e-17,0.0868252768522,1.38777878078e-17,0,2.5.3,1.18.1,highs-ds,MODEL_CONTINGENT_RANK_TRANSPORT_BUDGET,False,False,False
rank_bridge_lp_v3,rank_transport_budget,epsilon_star_frontier,0.25,2.5,0.0868252768522,decile,2,pseudo_filer_positive_tax_share,min,0.14409221902,0,Optimization terminated successfully. (HiGHS Status 7: Optimal),2.22044604925e-16,0,0,2.77555756156e-17,1.38777878078e-17,0,0,0.25,5.55111512313e-17,0.0868252768522,1.38777878078e-17,0,2.5.3,1.18.1,highs-ds,MODEL_CONTINGENT_RANK_TRANSPORT_BUDGET,False,False,False
rank_bridge_lp_v3,rank_transport_budget,epsilon_star_frontier,0.25,2.5,0.0868252768522,decile,2,pseudo_filer_positive_tax_share,max,0.14409221902,0,Optimization terminated successfully. (HiGHS Status 7: Optimal),1.11022302463e-15,0,0,2.77555756156e-17,2.77555756156e-17,0,6.93889390391e-18,0.25,0,0.0868252768522,1.38777878078e-17,0,2.5.3,1.18.1,highs-ds,MODEL_CONTINGENT_RANK_TRANSPORT_BUDGET,False,False,False
rank_bridge_lp_v3,rank_transport_budget,epsilon_star_frontier,0.25,2.5,0.0868252768522,decile,2,transported_nta_positive_liability_rate,min,0.0572669421678,0,Optimization terminated successfully. (HiGHS Status 7: Optimal),2.22044604925e-16,0,0,1.38777878078e-17,2.77555756156e-17,0,0,0.25,0,0.0868252768522,1.38777878078e-17,0,2.5.3,1.18.1,highs-ds,MODEL_CONTINGENT_RANK_TRANSPORT_BUDGET,False,False,False
rank_bridge_lp_v3,rank_transport_budget,epsilon_star_frontier,0.25,2.5,0.0868252768522,decile,2,transported_nta_positive_liability_rate,max,0.0572669421678,0,Optimization terminated successfully. (HiGHS Status 7: Optimal),2.22044604925e-16,0,0,2.77555756156e-17,2.77555756156e-17,0,6.93889390391e-18,0.25,0,0.0868252768522,1.38777878078e-17,0,2.5.3,1.18.1,highs-ds,MODEL_CONTINGENT_RANK_TRANSPORT_BUDGET,False,False,False
rank_bridge_lp_v3,rank_transport_budget,epsilon_star_frontier,0.25,2.5,0.0868252768522,decile,3,taxable_income_weighted_mean_MTR,min,0.05,0,Optimization terminated successfully. (HiGHS Status 7: Optimal),2.22044604925e-16,0,0,2.77555756156e-17,1.38777878078e-17,0,0,0.25,5.55111512313e-17,0.0868252768522,1.38777878078e-17,0,2.5.3,1.18.1,highs-ds,MODEL_CONTINGENT_RANK_TRANSPORT_BUDGET,False,False,False
rank_bridge_lp_v3,rank_transport_budget,epsilon_star_frontier,0.25,2.5,0.0868252768522,decile,3,taxable_income_weighted_mean_MTR,max,0.05,0,Optimization terminated successfully. (HiGHS Status 7: Optimal),2.22044604925e-16,0,0,2.77555756156e-17,1.38777878078e-17,0,0,0.25,5.55111512313e-17,0.0868252768522,1.38777878078e-17,0,2.5.3,1.18.1,highs-ds,MODEL_CONTINGENT_RANK_TRANSPORT_BUDGET,False,False,False
rank_bridge_lp_v3,rank_transport_budget,epsilon_star_frontier,0.25,2.5,0.0868252768522,decile,3,income_tax_liability_weighted_mean_MTR,min,0.05,0,Optimization terminated successfully. (HiGHS Status 7: Optimal),2.22044604925e-16,0,0,2.77555756156e-17,1.38777878078e-17,0,0,0.25,5.55111512313e-17,0.0868252768522,1.38777878078e-17,0,2.5.3,1.18.1,highs-ds,MODEL_CONTINGENT_RANK_TRANSPORT_BUDGET,False,False,False
rank_bridge_lp_v3,rank_transport_budget,epsilon_star_frontier,0.25,2.5,0.0868252768522,decile,3,income_tax_liability_weighted_mean_MTR,max,0.05,0,Optimization terminated successfully. (HiGHS Status 7: Optimal),2.22044604925e-16,0,0,2.77555756156e-17,1.38777878078e-17,0,0,0.25,5.55111512313e-17,0.0868252768522,1.38777878078e-17,0,2.5.3,1.18.1,highs-ds,MODEL_CONTINGENT_RANK_TRANSPORT_BUDGET,False,False,False
rank_bridge_lp_v3,rank_transport_budget,epsilon_star_frontier,0.25,2.5,0.0868252768522,decile,3,pseudo_filer_positive_tax_share,min,0.156598513011,0,Optimization terminated successfully. (HiGHS Status 7: Optimal),2.22044604925e-16,0,0,2.77555756156e-17,1.38777878078e-17,0,0,0.25,5.55111512313e-17,0.0868252768522,1.38777878078e-17,0,2.5.3,1.18.1,highs-ds,MODEL_CONTINGENT_RANK_TRANSPORT_BUDGET,False,False,False
rank_bridge_lp_v3,rank_transport_budget,epsilon_star_frontier,0.25,2.5,0.0868252768522,decile,3,pseudo_filer_positive_tax_share,max,0.156598513011,0,Optimization terminated successfully. (HiGHS Status 7: Optimal),2.22044604925e-16,0,0,2.77555756156e-17,2.77555756156e-17,0,0,0.25,0,0.0868252768522,1.38777878078e-17,0,2.5.3,1.18.1,highs-ds,MODEL_CONTINGENT_RANK_TRANSPORT_BUDGET,False,False,False
rank_bridge_lp_v3,rank_transport_budget,epsilon_star_frontier,0.25,2.5,0.0868252768522,decile,3,transported_nta_positive_liability_rate,min,0.0697732361588,0,Optimization terminated successfully. (HiGHS Status 7: Optimal),2.22044604925e-16,0,0,2.77555756156e-17,1.38777878078e-17,0,0,0.25,0,0.0868252768522,1.38777878078e-17,0,2.5.3,1.18.1,highs-ds,MODEL_CONTINGENT_RANK_TRANSPORT_BUDGET,False,False,False
rank_bridge_lp_v3,rank_transport_budget,epsilon_star_frontier,0.25,2.5,0.0868252768522,decile,3,transported_nta_positive_liability_rate,max,0.0697732361588,0,Optimization terminated successfully. (HiGHS Status 7: Optimal),2.22044604925e-16,0,0,1.38777878078e-17,0,0,3.46944695195e-18,0.25,0,0.0868252768522,1.38777878078e-17,0,2.5.3,1.18.1,highs-ds,MODEL_CONTINGENT_RANK_TRANSPORT_BUDGET,False,False,False
rank_bridge_lp_v3,rank_transport_budget,epsilon_star_frontier,0.25,2.5,0.0868252768522,decile,4,taxable_income_weighted_mean_MTR,min,0.05,0,Optimization terminated successfully. (HiGHS Status 7: Optimal),6.66133814775e-16,0,0,1.38777878078e-17,0,0,6.93889390391e-18,0.237671062462,0,0.0868252768522,1.2490009027e-16,0,2.5.3,1.18.1,highs-ds,MODEL_CONTINGENT_RANK_TRANSPORT_BUDGET,False,False,False
rank_bridge_lp_v3,rank_transport_budget,epsilon_star_frontier,0.25,2.5,0.0868252768522,decile,4,taxable_income_weighted_mean_MTR,max,0.05,0,Optimization terminated successfully. (HiGHS Status 7: Optimal),1.33226762955e-15,0,0,1.38777878078e-17,1.38777878078e-17,0,6.50521303491e-19,0.237671062462,0,0.0868252768522,1.38777878078e-17,0,2.5.3,1.18.1,highs-ds,MODEL_CONTINGENT_RANK_TRANSPORT_BUDGET,False,False,False
rank_bridge_lp_v3,rank_transport_budget,epsilon_star_frontier,0.25,2.5,0.0868252768522,decile,4,income_tax_liability_weighted_mean_MTR,min,0.05,0,Optimization terminated successfully. (HiGHS Status 7: Optimal),6.66133814775e-16,0,0,1.38777878078e-17,0,0,6.93889390391e-18,0.237671062462,0,0.0868252768522,1.2490009027e-16,0,2.5.3,1.18.1,highs-ds,MODEL_CONTINGENT_RANK_TRANSPORT_BUDGET,False,False,False
rank_bridge_lp_v3,rank_transport_budget,epsilon_star_frontier,0.25,2.5,0.0868252768522,decile,4,income_tax_liability_weighted_mean_MTR,max,0.05,0,Optimization terminated successfully. (HiGHS Status 7: Optimal),1.33226762955e-15,0,0,1.38777878078e-17,1.38777878078e-17,0,6.50521303491e-19,0.237671062462,0,0.0868252768522,1.38777878078e-17,0,2.5.3,1.18.1,highs-ds,MODEL_CONTINGENT_RANK_TRANSPORT_BUDGET,False,False,False
rank_bridge_lp_v3,rank_transport_budget,epsilon_star_frontier,0.25,2.5,0.0868252768522,decile,4,pseudo_filer_positive_tax_share,min,0.190499272904,0,Optimization terminated successfully. (HiGHS Status 7: Optimal),2.22044604925e-16,0,0,2.77555756156e-17,1.38777878078e-17,0,0,0.25,5.55111512313e-17,0.0868252768522,1.38777878078e-17,0,2.5.3,1.18.1,highs-ds,MODEL_CONTINGENT_RANK_TRANSPORT_BUDGET,False,False,False
rank_bridge_lp_v3,rank_transport_budget,epsilon_star_frontier,0.25,2.5,0.0868252768522,decile,4,pseudo_filer_positive_tax_share,max,0.190499272904,0,Optimization terminated successfully. (HiGHS Status 7: Optimal),2.22044604925e-16,0,0,0,1.38777878078e-17,0,0,0.25,0,0.0868252768522,1.38777878078e-17,0,2.5.3,1.18.1,highs-ds,MODEL_CONTINGENT_RANK_TRANSPORT_BUDGET,False,False,False
rank_bridge_lp_v3,rank_transport_budget,epsilon_star_frontier,0.25,2.5,0.0868252768522,decile,4,transported_nta_positive_liability_rate,min,0.103673996052,0,Optimization terminated successfully. (HiGHS Status 7: Optimal),2.22044604925e-16,0,0,2.77555756156e-17,2.77555756156e-17,0,0,0.25,0,0.0868252768522,1.38777878078e-17,0,2.5.3,1.18.1,highs-ds,MODEL_CONTINGENT_RANK_TRANSPORT_BUDGET,False,False,False
rank_bridge_lp_v3,rank_transport_budget,epsilon_star_frontier,0.25,2.5,0.0868252768522,decile,4,transported_nta_positive_liability_rate,max,0.103673996052,0,Optimization terminated successfully. (HiGHS Status 7: Optimal),2.22044604925e-16,0,0,0,0,0,6.93889390391e-18,0.237671062462,0,0.0868252768522,1.38777878078e-17,0,2.5.3,1.18.1,highs-ds,MODEL_CONTINGENT_RANK_TRANSPORT_BUDGET,False,False,False
rank_bridge_lp_v3,rank_transport_budget,epsilon_star_frontier,0.25,2.5,0.0868252768522,decile,5,taxable_income_weighted_mean_MTR,min,0.059849071214,0,Optimization terminated successfully. (HiGHS Status 7: Optimal),2.22044604925e-15,0,0,0,0,8.67361737988e-19,6.93889390391e-18,0.25,0,0.0868252768522,1.38777878078e-17,0,2.5.3,1.18.1,highs-ds,MODEL_CONTINGENT_RANK_TRANSPORT_BUDGET,False,False,False
rank_bridge_lp_v3,rank_transport_budget,epsilon_star_frontier,0.25,2.5,0.0868252768522,decile,5,taxable_income_weighted_mean_MTR,max,0.059849071214,0,Optimization terminated successfully. (HiGHS Status 7: Optimal),2.22044604925e-16,0,0,0,0,8.67361737988e-19,6.93889390391e-18,0.25,0,0.0868252768522,1.38777878078e-17,0,2.5.3,1.18.1,highs-ds,MODEL_CONTINGENT_RANK_TRANSPORT_BUDGET,False,False,False
rank_bridge_lp_v3,rank_transport_budget,epsilon_star_frontier,0.25,2.5,0.0868252768522,decile,5,income_tax_liability_weighted_mean_MTR,min,0.0620640347482,0,Optimization terminated successfully. (HiGHS Status 7: Optimal),2.22044604925e-15,0,0,0,0,8.67361737988e-19,6.93889390391e-18,0.25,0,0.0868252768522,1.38777878078e-17,0,2.5.3,1.18.1,highs-ds,MODEL_CONTINGENT_RANK_TRANSPORT_BUDGET,False,False,False
rank_bridge_lp_v3,rank_transport_budget,epsilon_star_frontier,0.25,2.5,0.0868252768522,decile,5,income_tax_liability_weighted_mean_MTR,max,0.0620640347482,0,Optimization terminated successfully. (HiGHS Status 7: Optimal),2.22044604925e-16,0,0,0,0,8.67361737988e-19,6.93889390391e-18,0.25,0,0.0868252768522,1.38777878078e-17,0,2.5.3,1.18.1,highs-ds,MODEL_CONTINGENT_RANK_TRANSPORT_BUDGET,False,False,False
rank_bridge_lp_v3,rank_transport_budget,epsilon_star_frontier,0.25,2.5,0.0868252768522,decile,5,pseudo_filer_positive_tax_share,min,0.213769860376,0,Optimization terminated successfully. (HiGHS Status 7: Optimal),2.22044604925e-16,0,0,2.77555756156e-17,1.38777878078e-17,0,0,0.25,5.55111512313e-17,0.0868252768522,1.38777878078e-17,0,2.5.3,1.18.1,highs-ds,MODEL_CONTINGENT_RANK_TRANSPORT_BUDGET,False,False,False
rank_bridge_lp_v3,rank_transport_budget,epsilon_star_frontier,0.25,2.5,0.0868252768522,decile,5,pseudo_filer_positive_tax_share,max,0.213769860376,0,Optimization terminated successfully. (HiGHS Status 7: Optimal),2.22044604925e-15,0,0,0,0,8.67361737988e-19,6.93889390391e-18,0.25,0,0.0868252768522,1.38777878078e-17,0,2.5.3,1.18.1,highs-ds,MODEL_CONTINGENT_RANK_TRANSPORT_BUDGET,False,False,False
rank_bridge_lp_v3,rank_transport_budget,epsilon_star_frontier,0.25,2.5,0.0868252768522,decile,5,transported_nta_positive_liability_rate,min,0.126944583524,0,Optimization terminated successfully. (HiGHS Status 7: Optimal),2.22044604925e-16,0,0,1.38777878078e-17,1.38777878078e-17,0,0,0.25,0,0.0868252768522,1.38777878078e-17,0,2.5.3,1.18.1,highs-ds,MODEL_CONTINGENT_RANK_TRANSPORT_BUDGET,False,False,False
rank_bridge_lp_v3,rank_transport_budget,epsilon_star_frontier,0.25,2.5,0.0868252768522,decile,5,transported_nta_positive_liability_rate,max,0.126944583524,0,Optimization terminated successfully. (HiGHS Status 7: Optimal),2.22044604925e-16,0,0,1.38777878078e-17,1.38777878078e-17,0,0,0.25,0,0.0868252768522,1.38777878078e-17,0,2.5.3,1.18.1,highs-ds,MODEL_CONTINGENT_RANK_TRANSPORT_BUDGET,False,False,False
rank_bridge_lp_v3,rank_transport_budget,epsilon_star_frontier,0.25,2.5,0.0868252768522,decile,6,taxable_income_weighted_mean_MTR,min,0.102954442372,0,Optimization terminated successfully. (HiGHS Status 7: Optimal),3.21964677141e-15,0,0,0,0,0,3.46944695195e-18,0.25,0,0.0868252768522,1.38777878078e-17,0,2.5.3,1.18.1,highs-ds,MODEL_CONTINGENT_RANK_TRANSPORT_BUDGET,False,False,False
rank_bridge_lp_v3,rank_transport_budget,epsilon_star_frontier,0.25,2.5,0.0868252768522,decile,6,taxable_income_weighted_mean_MTR,max,0.102954442372,0,Optimization terminated successfully. (HiGHS Status 7: Optimal),2.22044604925e-16,0,0,0,0,0,3.46944695195e-18,0.25,0,0.0868252768522,1.38777878078e-17,0,2.5.3,1.18.1,highs-ds,MODEL_CONTINGENT_RANK_TRANSPORT_BUDGET,False,False,False
rank_bridge_lp_v3,rank_transport_budget,epsilon_star_frontier,0.25,2.5,0.0868252768522,decile,6,income_tax_liability_weighted_mean_MTR,min,0.115616413308,0,Optimization terminated successfully. (HiGHS Status 7: Optimal),2.55351295664e-15,0,0,0,0,0,3.46944695195e-18,0.25,0,0.0868252768522,1.38777878078e-17,0,2.5.3,1.18.1,highs-ds,MODEL_CONTINGENT_RANK_TRANSPORT_BUDGET,False,False,False
rank_bridge_lp_v3,rank_transport_budget,epsilon_star_frontier,0.25,2.5,0.0868252768522,decile,6,income_tax_liability_weighted_mean_MTR,max,0.115616413308,0,Optimization terminated successfully. (HiGHS Status 7: Optimal),2.22044604925e-16,0,0,0,0,0,3.46944695195e-18,0.25,0,0.0868252768522,1.38777878078e-17,0,2.5.3,1.18.1,highs-ds,MODEL_CONTINGENT_RANK_TRANSPORT_BUDGET,False,False,False
rank_bridge_lp_v3,rank_transport_budget,epsilon_star_frontier,0.25,2.5,0.0868252768522,decile,6,pseudo_filer_positive_tax_share,min,0.235387045814,0,Optimization terminated successfully. (HiGHS Status 7: Optimal),2.22044604925e-16,0,0,2.77555756156e-17,1.38777878078e-17,0,0,0.25,5.55111512313e-17,0.0868252768522,1.38777878078e-17,0,2.5.3,1.18.1,highs-ds,MODEL_CONTINGENT_RANK_TRANSPORT_BUDGET,False,False,False
rank_bridge_lp_v3,rank_transport_budget,epsilon_star_frontier,0.25,2.5,0.0868252768522,decile,6,pseudo_filer_positive_tax_share,max,0.235387045814,0,Optimization terminated successfully. (HiGHS Status 7: Optimal),2.22044604925e-16,0,0,0,0,0,3.46944695195e-18,0.25,0,0.0868252768522,1.38777878078e-17,0,2.5.3,1.18.1,highs-ds,MODEL_CONTINGENT_RANK_TRANSPORT_BUDGET,False,False,False
rank_bridge_lp_v3,rank_transport_budget,epsilon_star_frontier,0.25,2.5,0.0868252768522,decile,6,transported_nta_positive_liability_rate,min,0.148561768962,0,Optimization terminated successfully. (HiGHS Status 7: Optimal),2.22044604925e-16,0,0,2.77555756156e-17,2.77555756156e-17,0,0,0.25,0,0.0868252768522,1.2490009027e-16,0,2.5.3,1.18.1,highs-ds,MODEL_CONTINGENT_RANK_TRANSPORT_BUDGET,False,False,False
rank_bridge_lp_v3,rank_transport_budget,epsilon_star_frontier,0.25,2.5,0.0868252768522,decile,6,transported_nta_positive_liability_rate,max,0.148561768962,0,Optimization terminated successfully. (HiGHS Status 7: Optimal),2.22044604925e-16,0,0,0,0,0,3.46944695195e-18,0.25,0,0.0868252768522,1.38777878078e-17,0,2.5.3,1.18.1,highs-ds,MODEL_CONTINGENT_RANK_TRANSPORT_BUDGET,False,False,False
rank_bridge_lp_v3,rank_transport_budget,epsilon_star_frontier,0.25,2.5,0.0868252768522,decile,7,taxable_income_weighted_mean_MTR,min,0.155146869469,0,Optimization terminated successfully. (HiGHS Status 7: Optimal),2.22044604925e-16,0,0,2.77555756156e-17,1.38777878078e-17,0,0,0.25,5.55111512313e-17,0.0868252768522,1.38777878078e-17,0,2.5.3,1.18.1,highs-ds,MODEL_CONTINGENT_RANK_TRANSPORT_BUDGET,False,False,False
rank_bridge_lp_v3,rank_transport_budget,epsilon_star_frontier,0.25,2.5,0.0868252768522,decile,7,taxable_income_weighted_mean_MTR,max,0.155146869469,0,Optimization terminated successfully. (HiGHS Status 7: Optimal),2.22044604925e-16,0,0,2.77555756156e-17,1.38777878078e-17,0,0,0.25,5.55111512313e-17,0.0868252768522,1.38777878078e-17,0,2.5.3,1.18.1,highs-ds,MODEL_CONTINGENT_RANK_TRANSPORT_BUDGET,False,False,False
rank_bridge_lp_v3,rank_transport_budget,epsilon_star_frontier,0.25,2.5,0.0868252768522,decile,7,income_tax_liability_weighted_mean_MTR,min,0.167464852583,0,Optimization terminated successfully. (HiGHS Status 7: Optimal),2.22044604925e-16,0,0,2.77555756156e-17,1.38777878078e-17,0,0,0.25,5.55111512313e-17,0.0868252768522,1.38777878078e-17,0,2.5.3,1.18.1,highs-ds,MODEL_CONTINGENT_RANK_TRANSPORT_BUDGET,False,False,False
rank_bridge_lp_v3,rank_transport_budget,epsilon_star_frontier,0.25,2.5,0.0868252768522,decile,7,income_tax_liability_weighted_mean_MTR,max,0.167464852583,0,Optimization terminated successfully. (HiGHS Status 7: Optimal),2.22044604925e-16,0,0,2.77555756156e-17,1.38777878078e-17,0,0,0.25,5.55111512313e-17,0.0868252768522,1.38777878078e-17,0,2.5.3,1.18.1,highs-ds,MODEL_CONTINGENT_RANK_TRANSPORT_BUDGET,False,False,False
rank_bridge_lp_v3,rank_transport_budget,epsilon_star_frontier,0.25,2.5,0.0868252768522,decile,7,pseudo_filer_positive_tax_share,min,0.317057704502,0,Optimization terminated successfully. (HiGHS Status 7: Optimal),0,0,0,2.77555756156e-17,2.77555756156e-17,0,2.51534904017e-17,0.25,0,0.0868252768522,2.49800180541e-16,0,2.5.3,1.18.1,highs-ds,MODEL_CONTINGENT_RANK_TRANSPORT_BUDGET,False,False,False
rank_bridge_lp_v3,rank_transport_budget,epsilon_star_frontier,0.25,2.5,0.0868252768522,decile,7,pseudo_filer_positive_tax_share,max,0.317057704502,0,Optimization terminated successfully. (HiGHS Status 7: Optimal),2.22044604925e-16,0,0,2.77555756156e-17,1.38777878078e-17,0,0,0.25,5.55111512313e-17,0.0868252768522,1.38777878078e-17,0,2.5.3,1.18.1,highs-ds,MODEL_CONTINGENT_RANK_TRANSPORT_BUDGET,False,False,False
rank_bridge_lp_v3,rank_transport_budget,epsilon_star_frontier,0.25,2.5,0.0868252768522,decile,7,transported_nta_positive_liability_rate,min,0.23023242765,0,Optimization terminated successfully. (HiGHS Status 7: Optimal),0,0,0,2.77555756156e-17,1.38777878078e-17,0,2.29850860567e-17,0.25,5.55111512313e-17,0.0868252768522,2.35922392733e-16,0,2.5.3,1.18.1,highs-ds,MODEL_CONTINGENT_RANK_TRANSPORT_BUDGET,False,False,False
rank_bridge_lp_v3,rank_transport_budget,epsilon_star_frontier,0.25,2.5,0.0868252768522,decile,7,transported_nta_positive_liability_rate,max,0.23023242765,0,Optimization terminated successfully. (HiGHS Status 7: Optimal),2.22044604925e-16,0,0,2.77555756156e-17,1.38777878078e-17,0,0,0.25,5.55111512313e-17,0.0868252768522,1.38777878078e-17,0,2.5.3,1.18.1,highs-ds,MODEL_CONTINGENT_RANK_TRANSPORT_BUDGET,False,False,False
rank_bridge_lp_v3,rank_transport_budget,epsilon_star_frontier,0.25,2.5,0.0868252768522,decile,8,taxable_income_weighted_mean_MTR,min,0.149158769008,0,Optimization terminated successfully. (HiGHS Status 7: Optimal),8.881784197e-16,0,0,1.38777878078e-17,0,0,0,0.25,0,0.0868252768522,1.38777878078e-17,0,2.5.3,1.18.1,highs-ds,MODEL_CONTINGENT_RANK_TRANSPORT_BUDGET,False,False,False
rank_bridge_lp_v3,rank_transport_budget,epsilon_star_frontier,0.25,2.5,0.0868252768522,decile,8,taxable_income_weighted_mean_MTR,max,0.149158769008,0,Optimization terminated successfully. (HiGHS Status 7: Optimal),2.22044604925e-16,0,0,1.38777878078e-17,0,0,0,0.25,0,0.0868252768522,1.38777878078e-17,0,2.5.3,1.18.1,highs-ds,MODEL_CONTINGENT_RANK_TRANSPORT_BUDGET,False,False,False
rank_bridge_lp_v3,rank_transport_budget,epsilon_star_frontier,0.25,2.5,0.0868252768522,decile,8,income_tax_liability_weighted_mean_MTR,min,0.168368702182,0,Optimization terminated successfully. (HiGHS Status 7: Optimal),8.881784197e-16,0,0,1.38777878078e-17,0,0,0,0.25,0,0.0868252768522,1.38777878078e-17,0,2.5.3,1.18.1,highs-ds,MODEL_CONTINGENT_RANK_TRANSPORT_BUDGET,False,False,False
rank_bridge_lp_v3,rank_transport_budget,epsilon_star_frontier,0.25,2.5,0.0868252768522,decile,8,income_tax_liability_weighted_mean_MTR,max,0.168368702182,0,Optimization terminated successfully. (HiGHS Status 7: Optimal),2.22044604925e-16,0,0,1.38777878078e-17,0,0,0,0.25,0,0.0868252768522,1.38777878078e-17,0,2.5.3,1.18.1,highs-ds,MODEL_CONTINGENT_RANK_TRANSPORT_BUDGET,False,False,False
rank_bridge_lp_v3,rank_transport_budget,epsilon_star_frontier,0.25,2.5,0.0868252768522,decile,8,pseudo_filer_positive_tax_share,min,0.429585152838,0,Optimization terminated successfully. (HiGHS Status 7: Optimal),2.22044604925e-16,0,0,2.77555756156e-17,1.38777878078e-17,0,0,0.25,5.55111512313e-17,0.0868252768522,1.38777878078e-17,0,2.5.3,1.18.1,highs-ds,MODEL_CONTINGENT_RANK_TRANSPORT_BUDGET,False,False,False
rank_bridge_lp_v3,rank_transport_budget,epsilon_star_frontier,0.25,2.5,0.0868252768522,decile,8,pseudo_filer_positive_tax_share,max,0.429585152838,0,Optimization terminated successfully. (HiGHS Status 7: Optimal),8.881784197e-16,0,0,1.38777878078e-17,0,0,0,0.25,0,0.0868252768522,1.38777878078e-17,0,2.5.3,1.18.1,highs-ds,MODEL_CONTINGENT_RANK_TRANSPORT_BUDGET,False,False,False
rank_bridge_lp_v3,rank_transport_budget,epsilon_star_frontier,0.25,2.5,0.0868252768522,decile,8,transported_nta_positive_liability_rate,min,0.342759875986,0,Optimization terminated successfully. (HiGHS Status 7: Optimal),2.22044604925e-16,0,0,2.77555756156e-17,1.38777878078e-17,0,0,0.25,5.55111512313e-17,0.0868252768522,1.38777878078e-17,0,2.5.3,1.18.1,highs-ds,MODEL_CONTINGENT_RANK_TRANSPORT_BUDGET,False,False,False
rank_bridge_lp_v3,rank_transport_budget,epsilon_star_frontier,0.25,2.5,0.0868252768522,decile,8,transported_nta_positive_liability_rate,max,0.342759875986,0,Optimization terminated successfully. (HiGHS Status 7: Optimal),2.22044604925e-16,0,0,1.38777878078e-17,0,0,0,0.25,0,0.0868252768522,1.38777878078e-17,0,2.5.3,1.18.1,highs-ds,MODEL_CONTINGENT_RANK_TRANSPORT_BUDGET,False,False,False
rank_bridge_lp_v3,rank_transport_budget,epsilon_star_frontier,0.25,2.5,0.0868252768522,decile,9,taxable_income_weighted_mean_MTR,min,0.179002869923,0,Optimization terminated successfully. (HiGHS Status 7: Optimal),2.22044604925e-16,0,0,0,0,0,0,0.25,5.55111512313e-17,0.0868252768522,1.38777878078e-17,0,2.5.3,1.18.1,highs-ds,MODEL_CONTINGENT_RANK_TRANSPORT_BUDGET,False,False,False
rank_bridge_lp_v3,rank_transport_budget,epsilon_star_frontier,0.25,2.5,0.0868252768522,decile,9,taxable_income_weighted_mean_MTR,max,0.179002869923,0,Optimization terminated successfully. (HiGHS Status 7: Optimal),2.33146835171e-15,0,0,0,0,0,0,0.25,5.55111512313e-17,0.0868252768522,1.38777878078e-17,0,2.5.3,1.18.1,highs-ds,MODEL_CONTINGENT_RANK_TRANSPORT_BUDGET,False,False,False
rank_bridge_lp_v3,rank_transport_budget,epsilon_star_frontier,0.25,2.5,0.0868252768522,decile,9,income_tax_liability_weighted_mean_MTR,min,0.196428390668,0,Optimization terminated successfully. (HiGHS Status 7: Optimal),2.77555756156e-15,0,0,0,0,0,0,0.25,5.55111512313e-17,0.0868252768522,1.38777878078e-17,0,2.5.3,1.18.1,highs-ds,MODEL_CONTINGENT_RANK_TRANSPORT_BUDGET,False,False,False
rank_bridge_lp_v3,rank_transport_budget,epsilon_star_frontier,0.25,2.5,0.0868252768522,decile,9,income_tax_liability_weighted_mean_MTR,max,0.196428390668,0,Optimization terminated successfully. (HiGHS Status 7: Optimal),2.22044604925e-16,0,0,0,0,0,0,0.25,5.55111512313e-17,0.0868252768522,1.38777878078e-17,0,2.5.3,1.18.1,highs-ds,MODEL_CONTINGENT_RANK_TRANSPORT_BUDGET,False,False,False
rank_bridge_lp_v3,rank_transport_budget,epsilon_star_frontier,0.25,2.5,0.0868252768522,decile,9,pseudo_filer_positive_tax_share,min,0.633608815427,0,Optimization terminated successfully. (HiGHS Status 7: Optimal),2.22044604925e-16,0,0,2.77555756156e-17,1.38777878078e-17,0,0,0.25,5.55111512313e-17,0.0868252768522,1.38777878078e-17,0,2.5.3,1.18.1,highs-ds,MODEL_CONTINGENT_RANK_TRANSPORT_BUDGET,False,False,False
rank_bridge_lp_v3,rank_transport_budget,epsilon_star_frontier,0.25,2.5,0.0868252768522,decile,9,pseudo_filer_positive_tax_share,max,0.633608815427,0,Optimization terminated successfully. (HiGHS Status 7: Optimal),2.22044604925e-16,0,0,0,0,0,0,0.25,5.55111512313e-17,0.0868252768522,1.38777878078e-17,0,2.5.3,1.18.1,highs-ds,MODEL_CONTINGENT_RANK_TRANSPORT_BUDGET,False,False,False
rank_bridge_lp_v3,rank_transport_budget,epsilon_star_frontier,0.25,2.5,0.0868252768522,decile,9,transported_nta_positive_liability_rate,min,0.546783538575,0,Optimization terminated successfully. (HiGHS Status 7: Optimal),2.22044604925e-16,0,0,0,1.38777878078e-17,0,6.93889390391e-18,0.25,0,0.0868252768522,1.38777878078e-17,0,2.5.3,1.18.1,highs-ds,MODEL_CONTINGENT_RANK_TRANSPORT_BUDGET,False,False,False
rank_bridge_lp_v3,rank_transport_budget,epsilon_star_frontier,0.25,2.5,0.0868252768522,decile,9,transported_nta_positive_liability_rate,max,0.546783538575,0,Optimization terminated successfully. (HiGHS Status 7: Optimal),4.4408920985e-16,0,0,0,0,0,0,0.25,0,0.0868252768522,1.2490009027e-16,0,2.5.3,1.18.1,highs-ds,MODEL_CONTINGENT_RANK_TRANSPORT_BUDGET,False,False,False
rank_bridge_lp_v3,rank_transport_budget,epsilon_star_frontier,0.25,2.5,0.0868252768522,decile,10,taxable_income_weighted_mean_MTR,min,0.242809967122,0,Optimization terminated successfully. (HiGHS Status 7: Optimal),2.22044604925e-16,0,0,1.38777878078e-17,1.38777878078e-17,0,0,0.25,0,0.0868252768522,1.38777878078e-17,0,2.5.3,1.18.1,highs-ds,MODEL_CONTINGENT_RANK_TRANSPORT_BUDGET,False,False,False
rank_bridge_lp_v3,rank_transport_budget,epsilon_star_frontier,0.25,2.5,0.0868252768522,decile,10,taxable_income_weighted_mean_MTR,max,0.242809967122,0,Optimization terminated successfully. (HiGHS Status 7: Optimal),2.22044604925e-16,0,0,1.38777878078e-17,1.38777878078e-17,0,0,0.25,0,0.0868252768522,1.38777878078e-17,0,2.5.3,1.18.1,highs-ds,MODEL_CONTINGENT_RANK_TRANSPORT_BUDGET,False,False,False
rank_bridge_lp_v3,rank_transport_budget,epsilon_star_frontier,0.25,2.5,0.0868252768522,decile,10,income_tax_liability_weighted_mean_MTR,min,0.267186538276,0,Optimization terminated successfully. (HiGHS Status 7: Optimal),2.22044604925e-16,0,0,1.38777878078e-17,1.38777878078e-17,0,0,0.25,0,0.0868252768522,1.38777878078e-17,0,2.5.3,1.18.1,highs-ds,MODEL_CONTINGENT_RANK_TRANSPORT_BUDGET,False,False,False
rank_bridge_lp_v3,rank_transport_budget,epsilon_star_frontier,0.25,2.5,0.0868252768522,decile,10,income_tax_liability_weighted_mean_MTR,max,0.267186538276,0,Optimization terminated successfully. (HiGHS Status 7: Optimal),2.22044604925e-16,0,0,1.38777878078e-17,1.38777878078e-17,0,0,0.25,0,0.0868252768522,1.38777878078e-17,0,2.5.3,1.18.1,highs-ds,MODEL_CONTINGENT_RANK_TRANSPORT_BUDGET,False,False,False
rank_bridge_lp_v3,rank_transport_budget,epsilon_star_frontier,0.25,2.5,0.0868252768522,decile,10,pseudo_filer_positive_tax_share,min,0.668781725888,0,Optimization terminated successfully. (HiGHS Status 7: Optimal),2.22044604925e-16,0,0,2.77555756156e-17,1.38777878078e-17,0,0,0.25,5.55111512313e-17,0.0868252768522,1.38777878078e-17,0,2.5.3,1.18.1,highs-ds,MODEL_CONTINGENT_RANK_TRANSPORT_BUDGET,False,False,False
rank_bridge_lp_v3,rank_transport_budget,epsilon_star_frontier,0.25,2.5,0.0868252768522,decile,10,pseudo_filer_positive_tax_share,max,0.668781725888,0,Optimization terminated successfully. (HiGHS Status 7: Optimal),2.22044604925e-16,0,0,1.38777878078e-17,1.38777878078e-17,0,0,0.25,0,0.0868252768522,1.38777878078e-17,0,2.5.3,1.18.1,highs-ds,MODEL_CONTINGENT_RANK_TRANSPORT_BUDGET,False,False,False
rank_bridge_lp_v3,rank_transport_budget,epsilon_star_frontier,0.25,2.5,0.0868252768522,decile,10,transported_nta_positive_liability_rate,min,0.581956449036,0,Optimization terminated successfully. (HiGHS Status 7: Optimal),2.22044604925e-16,0,0,0,0,0,6.93889390391e-18,0.25,0,0.0868252768522,1.38777878078e-17,0,2.5.3,1.18.1,highs-ds,MODEL_CONTINGENT_RANK_TRANSPORT_BUDGET,False,False,False
rank_bridge_lp_v3,rank_transport_budget,epsilon_star_frontier,0.25,2.5,0.0868252768522,decile,10,transported_nta_positive_liability_rate,max,0.581956449036,0,Optimization terminated successfully. (HiGHS Status 7: Optimal),2.22044604925e-16,0,0,0,1.38777878078e-17,0,0,0.25,0,0.0868252768522,1.38777878078e-17,0,2.5.3,1.18.1,highs-ds,MODEL_CONTINGENT_RANK_TRANSPORT_BUDGET,False,False,False
rank_bridge_lp_v3,rank_transport_budget,epsilon_star_frontier,0.25,2.5,0.0868252768522,overall,,taxable_income_weighted_mean_MTR,min,0.108892198911,0,Optimization terminated successfully. (HiGHS Status 7: Optimal),6.66133814775e-16,0,0,0,0,0,1.38777878078e-17,0.206967808546,0,0.0868252768522,1.38777878078e-17,0,2.5.3,1.18.1,highs-ds,MODEL_CONTINGENT_RANK_TRANSPORT_BUDGET,False,False,False
rank_bridge_lp_v3,rank_transport_budget,epsilon_star_frontier,0.25,2.5,0.0868252768522,overall,,taxable_income_weighted_mean_MTR,max,0.108892198911,0,Optimization terminated successfully. (HiGHS Status 7: Optimal),2.22044604925e-16,0,0,0,0,0,6.93889390391e-18,0.206967808546,0,0.0868252768522,1.38777878078e-17,0,2.5.3,1.18.1,highs-ds,MODEL_CONTINGENT_RANK_TRANSPORT_BUDGET,False,False,False
rank_bridge_lp_v3,rank_transport_budget,epsilon_star_frontier,0.25,2.5,0.0868252768522,overall,,income_tax_liability_weighted_mean_MTR,min,0.117712893177,0,Optimization terminated successfully. (HiGHS Status 7: Optimal),6.66133814775e-16,0,0,0,0,0,1.38777878078e-17,0.206967808546,0,0.0868252768522,1.38777878078e-17,0,2.5.3,1.18.1,highs-ds,MODEL_CONTINGENT_RANK_TRANSPORT_BUDGET,False,False,False
rank_bridge_lp_v3,rank_transport_budget,epsilon_star_frontier,0.25,2.5,0.0868252768522,overall,,income_tax_liability_weighted_mean_MTR,max,0.117712893177,0,Optimization terminated successfully. (HiGHS Status 7: Optimal),2.22044604925e-16,0,0,0,0,0,6.93889390391e-18,0.206967808546,0,0.0868252768522,1.38777878078e-17,0,2.5.3,1.18.1,highs-ds,MODEL_CONTINGENT_RANK_TRANSPORT_BUDGET,False,False,False
rank_bridge_lp_v3,rank_transport_budget,epsilon_star_frontier,0.5,5,0.0868252768522,decile,1,taxable_income_weighted_mean_MTR,min,0.05,0,Optimization terminated successfully. (HiGHS Status 7: Optimal),0,0,0,1.38777878078e-17,1.38777878078e-17,0,3.46944695195e-18,0.286853590893,0,0.0868252768522,2.77555756156e-17,0,2.5.3,1.18.1,highs-ds,MODEL_CONTINGENT_RANK_TRANSPORT_BUDGET,False,False,False
rank_bridge_lp_v3,rank_transport_budget,epsilon_star_frontier,0.5,5,0.0868252768522,decile,1,taxable_income_weighted_mean_MTR,max,0.05,0,Optimization terminated successfully. (HiGHS Status 7: Optimal),0,0,0,1.38777878078e-17,1.38777878078e-17,0,3.46944695195e-18,0.286853590893,0,0.0868252768522,2.77555756156e-17,0,2.5.3,1.18.1,highs-ds,MODEL_CONTINGENT_RANK_TRANSPORT_BUDGET,False,False,False
rank_bridge_lp_v3,rank_transport_budget,epsilon_star_frontier,0.5,5,0.0868252768522,decile,1,income_tax_liability_weighted_mean_MTR,min,0.05,0,Optimization terminated successfully. (HiGHS Status 7: Optimal),0,0,0,1.38777878078e-17,1.38777878078e-17,0,3.46944695195e-18,0.286853590893,0,0.0868252768522,2.77555756156e-17,0,2.5.3,1.18.1,highs-ds,MODEL_CONTINGENT_RANK_TRANSPORT_BUDGET,False,False,False
rank_bridge_lp_v3,rank_transport_budget,epsilon_star_frontier,0.5,5,0.0868252768522,decile,1,income_tax_liability_weighted_mean_MTR,max,0.05,0,Optimization terminated successfully. (HiGHS Status 7: Optimal),0,0,0,1.38777878078e-17,1.38777878078e-17,0,3.46944695195e-18,0.286853590893,0,0.0868252768522,2.77555756156e-17,0,2.5.3,1.18.1,highs-ds,MODEL_CONTINGENT_RANK_TRANSPORT_BUDGET,False,False,False
rank_bridge_lp_v3,rank_transport_budget,epsilon_star_frontier,0.5,5,0.0868252768522,decile,1,pseudo_filer_positive_tax_share,min,0.0854779411765,0,Optimization terminated successfully. (HiGHS Status 7: Optimal),0,0,0,1.38777878078e-17,1.38777878078e-17,0,3.46944695195e-18,0.286853590893,0,0.0868252768522,2.77555756156e-17,0,2.5.3,1.18.1,highs-ds,MODEL_CONTINGENT_RANK_TRANSPORT_BUDGET,False,False,False
rank_bridge_lp_v3,rank_transport_budget,epsilon_star_frontier,0.5,5,0.0868252768522,decile,1,pseudo_filer_positive_tax_share,max,0.0868252768522,0,Optimization terminated successfully. (HiGHS Status 7: Optimal),0,0,0,1.38777878078e-17,1.38777878078e-17,0,3.46944695195e-18,0.286853590893,0,0.0868252768522,2.77555756156e-17,0,2.5.3,1.18.1,highs-ds,MODEL_CONTINGENT_RANK_TRANSPORT_BUDGET,False,False,False
rank_bridge_lp_v3,rank_transport_budget,epsilon_star_frontier,0.5,5,0.0868252768522,decile,1,transported_nta_positive_liability_rate,min,0,0,Optimization terminated successfully. (HiGHS Status 7: Optimal),0,0,0,1.38777878078e-17,1.38777878078e-17,0,3.46944695195e-18,0.286853590893,0,0.0868252768522,2.77555756156e-17,0,2.5.3,1.18.1,highs-ds,MODEL_CONTINGENT_RANK_TRANSPORT_BUDGET,False,False,False
rank_bridge_lp_v3,rank_transport_budget,epsilon_star_frontier,0.5,5,0.0868252768522,decile,1,transported_nta_positive_liability_rate,max,0,0,Optimization terminated successfully. (HiGHS Status 7: Optimal),0,0,0,1.38777878078e-17,1.38777878078e-17,0,3.46944695195e-18,0.286853590893,0,0.0868252768522,2.77555756156e-17,0,2.5.3,1.18.1,highs-ds,MODEL_CONTINGENT_RANK_TRANSPORT_BUDGET,False,False,False
rank_bridge_lp_v3,rank_transport_budget,epsilon_star_frontier,0.5,5,0.0868252768522,decile,2,taxable_income_weighted_mean_MTR,min,0.05,0,Optimization terminated successfully. (HiGHS Status 7: Optimal),3.33066907388e-16,0,0,0,0,0,3.46944695195e-18,0.296344475416,0,0.0868252768522,2.77555756156e-17,0,2.5.3,1.18.1,highs-ds,MODEL_CONTINGENT_RANK_TRANSPORT_BUDGET,False,False,False
rank_bridge_lp_v3,rank_transport_budget,epsilon_star_frontier,0.5,5,0.0868252768522,decile,2,taxable_income_weighted_mean_MTR,max,0.05,0,Optimization terminated successfully. (HiGHS Status 7: Optimal),3.33066907388e-16,0,0,0,0,0,3.46944695195e-18,0.296344475416,0,0.0868252768522,2.77555756156e-17,0,2.5.3,1.18.1,highs-ds,MODEL_CONTINGENT_RANK_TRANSPORT_BUDGET,False,False,False
rank_bridge_lp_v3,rank_transport_budget,epsilon_star_frontier,0.5,5,0.0868252768522,decile,2,income_tax_liability_weighted_mean_MTR,min,0.05,0,Optimization terminated successfully. (HiGHS Status 7: Optimal),3.33066907388e-16,0,0,0,0,0,3.46944695195e-18,0.296344475416,0,0.0868252768522,2.77555756156e-17,0,2.5.3,1.18.1,highs-ds,MODEL_CONTINGENT_RANK_TRANSPORT_BUDGET,False,False,False
rank_bridge_lp_v3,rank_transport_budget,epsilon_star_frontier,0.5,5,0.0868252768522,decile,2,income_tax_liability_weighted_mean_MTR,max,0.05,0,Optimization terminated successfully. (HiGHS Status 7: Optimal),3.33066907388e-16,0,0,0,0,0,3.46944695195e-18,0.296344475416,0,0.0868252768522,2.77555756156e-17,0,2.5.3,1.18.1,highs-ds,MODEL_CONTINGENT_RANK_TRANSPORT_BUDGET,False,False,False
rank_bridge_lp_v3,rank_transport_budget,epsilon_star_frontier,0.5,5,0.0868252768522,decile,2,pseudo_filer_positive_tax_share,min,0.14409221902,0,Optimization terminated successfully. (HiGHS Status 7: Optimal),0,0,0,1.38777878078e-17,1.38777878078e-17,0,3.46944695195e-18,0.286853590893,0,0.0868252768522,2.77555756156e-17,0,2.5.3,1.18.1,highs-ds,MODEL_CONTINGENT_RANK_TRANSPORT_BUDGET,False,False,False
rank_bridge_lp_v3,rank_transport_budget,epsilon_star_frontier,0.5,5,0.0868252768522,decile,2,pseudo_filer_positive_tax_share,max,0.14409221902,0,Optimization terminated successfully. (HiGHS Status 7: Optimal),1.11022302463e-16,0,0,1.38777878078e-17,1.38777878078e-17,0,3.46944695195e-18,0.286853590893,0,0.0868252768522,2.77555756156e-17,0,2.5.3,1.18.1,highs-ds,MODEL_CONTINGENT_RANK_TRANSPORT_BUDGET,False,False,False
rank_bridge_lp_v3,rank_transport_budget,epsilon_star_frontier,0.5,5,0.0868252768522,decile,2,transported_nta_positive_liability_rate,min,0.0572669421678,0,Optimization terminated successfully. (HiGHS Status 7: Optimal),0,0,0,0,0,0,3.46944695195e-18,0.2866253241,0,0.0868252768522,2.77555756156e-17,0,2.5.3,1.18.1,highs-ds,MODEL_CONTINGENT_RANK_TRANSPORT_BUDGET,False,False,False
rank_bridge_lp_v3,rank_transport_budget,epsilon_star_frontier,0.5,5,0.0868252768522,decile,2,transported_nta_positive_liability_rate,max,0.0572669421678,0,Optimization terminated successfully. (HiGHS Status 7: Optimal),0,0,0,2.77555756156e-17,1.38777878078e-17,0,0,0.297706701016,0,0.0868252768522,2.77555756156e-17,0,2.5.3,1.18.1,highs-ds,MODEL_CONTINGENT_RANK_TRANSPORT_BUDGET,False,False,False
rank_bridge_lp_v3,rank_transport_budget,epsilon_star_frontier,0.5,5,0.0868252768522,decile,3,taxable_income_weighted_mean_MTR,min,0.05,0,Optimization terminated successfully. (HiGHS Status 7: Optimal),0,0,0,1.38777878078e-17,2.77555756156e-17,0,2.08200698435e-18,0.291181828731,0,0.0868252768522,2.77555756156e-17,0,2.5.3,1.18.1,highs-ds,MODEL_CONTINGENT_RANK_TRANSPORT_BUDGET,False,False,False
rank_bridge_lp_v3,rank_transport_budget,epsilon_star_frontier,0.5,5,0.0868252768522,decile,3,taxable_income_weighted_mean_MTR,max,0.05,0,Optimization terminated successfully. (HiGHS Status 7: Optimal),0,0,0,1.38777878078e-17,2.77555756156e-17,0,2.08200698435e-18,0.291181828731,0,0.0868252768522,2.77555756156e-17,0,2.5.3,1.18.1,highs-ds,MODEL_CONTINGENT_RANK_TRANSPORT_BUDGET,False,False,False
rank_bridge_lp_v3,rank_transport_budget,epsilon_star_frontier,0.5,5,0.0868252768522,decile,3,income_tax_liability_weighted_mean_MTR,min,0.05,0,Optimization terminated successfully. (HiGHS Status 7: Optimal),0,0,0,1.38777878078e-17,2.77555756156e-17,0,2.08200698435e-18,0.291181828731,0,0.0868252768522,2.77555756156e-17,0,2.5.3,1.18.1,highs-ds,MODEL_CONTINGENT_RANK_TRANSPORT_BUDGET,False,False,False
rank_bridge_lp_v3,rank_transport_budget,epsilon_star_frontier,0.5,5,0.0868252768522,decile,3,income_tax_liability_weighted_mean_MTR,max,0.05,0,Optimization terminated successfully. (HiGHS Status 7: Optimal),0,0,0,1.38777878078e-17,2.77555756156e-17,0,2.08200698435e-18,0.291181828731,0,0.0868252768522,2.77555756156e-17,0,2.5.3,1.18.1,highs-ds,MODEL_CONTINGENT_RANK_TRANSPORT_BUDGET,False,False,False
rank_bridge_lp_v3,rank_transport_budget,epsilon_star_frontier,0.5,5,0.0868252768522,decile,3,pseudo_filer_positive_tax_share,min,0.156598513011,0,Optimization terminated successfully. (HiGHS Status 7: Optimal),0,0,0,1.38777878078e-17,1.38777878078e-17,0,3.46944695195e-18,0.286853590893,0,0.0868252768522,2.77555756156e-17,0,2.5.3,1.18.1,highs-ds,MODEL_CONTINGENT_RANK_TRANSPORT_BUDGET,False,False,False
rank_bridge_lp_v3,rank_transport_budget,epsilon_star_frontier,0.5,5,0.0868252768522,decile,3,pseudo_filer_positive_tax_share,max,0.156598513011,0,Optimization terminated successfully. (HiGHS Status 7: Optimal),0,0,0,1.38777878078e-17,0,0,6.93889390391e-18,0.286853590893,0,0.0868252768522,2.77555756156e-17,0,2.5.3,1.18.1,highs-ds,MODEL_CONTINGENT_RANK_TRANSPORT_BUDGET,False,False,False
rank_bridge_lp_v3,rank_transport_budget,epsilon_star_frontier,0.5,5,0.0868252768522,decile,3,transported_nta_positive_liability_rate,min,0.0697732361588,0,Optimization terminated successfully. (HiGHS Status 7: Optimal),0,0,0,1.38777878078e-17,2.77555756156e-17,0,6.93889390391e-18,0.283576181775,0,0.0868252768522,1.38777878078e-16,0,2.5.3,1.18.1,highs-ds,MODEL_CONTINGENT_RANK_TRANSPORT_BUDGET,False,False,False
rank_bridge_lp_v3,rank_transport_budget,epsilon_star_frontier,0.5,5,0.0868252768522,decile,3,transported_nta_positive_liability_rate,max,0.0697732361588,0,Optimization terminated successfully. (HiGHS Status 7: Optimal),0,0,0,1.38777878078e-17,0,0,0,0.272348978513,0,0.0868252768522,2.77555756156e-17,0,2.5.3,1.18.1,highs-ds,MODEL_CONTINGENT_RANK_TRANSPORT_BUDGET,False,False,False
rank_bridge_lp_v3,rank_transport_budget,epsilon_star_frontier,0.5,5,0.0868252768522,decile,4,taxable_income_weighted_mean_MTR,min,0.05,0,Optimization terminated successfully. (HiGHS Status 7: Optimal),4.4408920985e-16,0,0,2.77555756156e-17,1.38777878078e-17,0,2.16840434497e-19,0.237671062462,0,0.0868252768522,5.55111512313e-17,0,2.5.3,1.18.1,highs-ds,MODEL_CONTINGENT_RANK_TRANSPORT_BUDGET,False,False,False
rank_bridge_lp_v3,rank_transport_budget,epsilon_star_frontier,0.5,5,0.0868252768522,decile,4,taxable_income_weighted_mean_MTR,max,0.05,0,Optimization terminated successfully. (HiGHS Status 7: Optimal),2.22044604925e-16,0,0,1.38777878078e-17,1.38777878078e-17,0,8.67361737988e-19,0.237671062462,0,0.0868252768522,2.77555756156e-17,0,2.5.3,1.18.1,highs-ds,MODEL_CONTINGENT_RANK_TRANSPORT_BUDGET,False,False,False
rank_bridge_lp_v3,rank_transport_budget,epsilon_star_frontier,0.5,5,0.0868252768522,decile,4,income_tax_liability_weighted_mean_MTR,min,0.05,0,Optimization terminated successfully. (HiGHS Status 7: Optimal),4.4408920985e-16,0,0,2.77555756156e-17,1.38777878078e-17,0,2.16840434497e-19,0.237671062462,0,0.0868252768522,5.55111512313e-17,0,2.5.3,1.18.1,highs-ds,MODEL_CONTINGENT_RANK_TRANSPORT_BUDGET,False,False,False
rank_bridge_lp_v3,rank_transport_budget,epsilon_star_frontier,0.5,5,0.0868252768522,decile,4,income_tax_liability_weighted_mean_MTR,max,0.05,0,Optimization terminated successfully. (HiGHS Status 7: Optimal),2.22044604925e-16,0,0,1.38777878078e-17,1.38777878078e-17,0,8.67361737988e-19,0.237671062462,0,0.0868252768522,2.77555756156e-17,0,2.5.3,1.18.1,highs-ds,MODEL_CONTINGENT_RANK_TRANSPORT_BUDGET,False,False,False
rank_bridge_lp_v3,rank_transport_budget,epsilon_star_frontier,0.5,5,0.0868252768522,decile,4,pseudo_filer_positive_tax_share,min,0.190499272904,0,Optimization terminated successfully. (HiGHS Status 7: Optimal),0,0,0,1.38777878078e-17,1.38777878078e-17,0,3.46944695195e-18,0.286853590893,0,0.0868252768522,2.77555756156e-17,0,2.5.3,1.18.1,highs-ds,MODEL_CONTINGENT_RANK_TRANSPORT_BUDGET,False,False,False
rank_bridge_lp_v3,rank_transport_budget,epsilon_star_frontier,0.5,5,0.0868252768522,decile,4,pseudo_filer_positive_tax_share,max,0.190499272904,0,Optimization terminated successfully. (HiGHS Status 7: Optimal),0,0,0,1.38777878078e-17,0,0,6.93889390391e-18,0.286853590893,0,0.0868252768522,2.77555756156e-17,0,2.5.3,1.18.1,highs-ds,MODEL_CONTINGENT_RANK_TRANSPORT_BUDGET,False,False,False
rank_bridge_lp_v3,rank_transport_budget,epsilon_star_frontier,0.5,5,0.0868252768522,decile,4,transported_nta_positive_liability_rate,min,0.103673996052,0,Optimization terminated successfully. (HiGHS Status 7: Optimal),0,0,0,2.77555756156e-17,1.38777878078e-17,0,3.46944695195e-18,0.277227181499,0,0.0868252768522,2.77555756156e-17,0,2.5.3,1.18.1,highs-ds,MODEL_CONTINGENT_RANK_TRANSPORT_BUDGET,False,False,False
rank_bridge_lp_v3,rank_transport_budget,epsilon_star_frontier,0.5,5,0.0868252768522,decile,4,transported_nta_positive_liability_rate,max,0.103673996052,0,Optimization terminated successfully. (HiGHS Status 7: Optimal),0,0,0,1.38777878078e-17,0,0,6.50521303491e-19,0.237671062462,0,0.0868252768522,2.77555756156e-17,0,2.5.3,1.18.1,highs-ds,MODEL_CONTINGENT_RANK_TRANSPORT_BUDGET,False,False,False
rank_bridge_lp_v3,rank_transport_budget,epsilon_star_frontier,0.5,5,0.0868252768522,decile,5,taxable_income_weighted_mean_MTR,min,0.059849071214,0,Optimization terminated successfully. (HiGHS Status 7: Optimal),8.881784197e-16,0,0,1.38777878078e-17,1.38777878078e-17,0,6.93889390391e-18,0.333823178685,0,0.0868252768522,2.77555756156e-16,0,2.5.3,1.18.1,highs-ds,MODEL_CONTINGENT_RANK_TRANSPORT_BUDGET,False,False,False
rank_bridge_lp_v3,rank_transport_budget,epsilon_star_frontier,0.5,5,0.0868252768522,decile,5,taxable_income_weighted_mean_MTR,max,0.059849071214,0,Optimization terminated successfully. (HiGHS Status 7: Optimal),5.55111512313e-16,0,0,1.38777878078e-17,1.38777878078e-17,0,6.93889390391e-18,0.333823178685,0,0.0868252768522,2.77555756156e-17,0,2.5.3,1.18.1,highs-ds,MODEL_CONTINGENT_RANK_TRANSPORT_BUDGET,False,False,False
rank_bridge_lp_v3,rank_transport_budget,epsilon_star_frontier,0.5,5,0.0868252768522,decile,5,income_tax_liability_weighted_mean_MTR,min,0.0620640347482,0,Optimization terminated successfully. (HiGHS Status 7: Optimal),8.881784197e-16,0,0,1.38777878078e-17,1.38777878078e-17,0,6.93889390391e-18,0.333823178685,0,0.0868252768522,2.77555756156e-16,0,2.5.3,1.18.1,highs-ds,MODEL_CONTINGENT_RANK_TRANSPORT_BUDGET,False,False,False
rank_bridge_lp_v3,rank_transport_budget,epsilon_star_frontier,0.5,5,0.0868252768522,decile,5,income_tax_liability_weighted_mean_MTR,max,0.0620640347482,0,Optimization terminated successfully. (HiGHS Status 7: Optimal),5.55111512313e-16,0,0,1.38777878078e-17,1.38777878078e-17,0,6.93889390391e-18,0.333823178685,0,0.0868252768522,2.77555756156e-17,0,2.5.3,1.18.1,highs-ds,MODEL_CONTINGENT_RANK_TRANSPORT_BUDGET,False,False,False
rank_bridge_lp_v3,rank_transport_budget,epsilon_star_frontier,0.5,5,0.0868252768522,decile,5,pseudo_filer_positive_tax_share,min,0.213769860376,0,Optimization terminated successfully. (HiGHS Status 7: Optimal),0,0,0,1.38777878078e-17,1.38777878078e-17,0,3.46944695195e-18,0.286853590893,0,0.0868252768522,2.77555756156e-17,0,2.5.3,1.18.1,highs-ds,MODEL_CONTINGENT_RANK_TRANSPORT_BUDGET,False,False,False
rank_bridge_lp_v3,rank_transport_budget,epsilon_star_frontier,0.5,5,0.0868252768522,decile,5,pseudo_filer_positive_tax_share,max,0.213769860376,0,Optimization terminated successfully. (HiGHS Status 7: Optimal),3.33066907388e-16,0,0,1.38777878078e-17,1.38777878078e-17,0,3.46944695195e-18,0.286853590893,0,0.0868252768522,2.77555756156e-17,0,2.5.3,1.18.1,highs-ds,MODEL_CONTINGENT_RANK_TRANSPORT_BUDGET,False,False,False
rank_bridge_lp_v3,rank_transport_budget,epsilon_star_frontier,0.5,5,0.0868252768522,decile,5,transported_nta_positive_liability_rate,min,0.126944583524,0,Optimization terminated successfully. (HiGHS Status 7: Optimal),0,0,0,1.38777878078e-17,1.38777878078e-17,0,3.46944695195e-18,0.286853590893,0,0.0868252768522,2.77555756156e-17,0,2.5.3,1.18.1,highs-ds,MODEL_CONTINGENT_RANK_TRANSPORT_BUDGET,False,False,False
rank_bridge_lp_v3,rank_transport_budget,epsilon_star_frontier,0.5,5,0.0868252768522,decile,5,transported_nta_positive_liability_rate,max,0.126944583524,0,Optimization terminated successfully. (HiGHS Status 7: Optimal),0,0,0,0,1.38777878078e-17,0,6.93889390391e-18,0.312014240805,0,0.0868252768522,5.55111512313e-17,0,2.5.3,1.18.1,highs-ds,MODEL_CONTINGENT_RANK_TRANSPORT_BUDGET,False,False,False
rank_bridge_lp_v3,rank_transport_budget,epsilon_star_frontier,0.5,5,0.0868252768522,decile,6,taxable_income_weighted_mean_MTR,min,0.102954442372,0,Optimization terminated successfully. (HiGHS Status 7: Optimal),0,0,0,1.38777878078e-17,1.38777878078e-17,0,1.04015645923e-18,0.293118103894,0,0.0868252768522,2.77555756156e-17,0,2.5.3,1.18.1,highs-ds,MODEL_CONTINGENT_RANK_TRANSPORT_BUDGET,False,False,False
rank_bridge_lp_v3,rank_transport_budget,epsilon_star_frontier,0.5,5,0.0868252768522,decile,6,taxable_income_weighted_mean_MTR,max,0.102954442372,0,Optimization terminated successfully. (HiGHS Status 7: Optimal),0,0,0,1.38777878078e-17,1.38777878078e-17,0,1.04015645923e-18,0.293118103894,0,0.0868252768522,2.77555756156e-17,0,2.5.3,1.18.1,highs-ds,MODEL_CONTINGENT_RANK_TRANSPORT_BUDGET,False,False,False
rank_bridge_lp_v3,rank_transport_budget,epsilon_star_frontier,0.5,5,0.0868252768522,decile,6,income_tax_liability_weighted_mean_MTR,min,0.115616413308,0,Optimization terminated successfully. (HiGHS Status 7: Optimal),3.33066907388e-16,0,0,1.38777878078e-17,1.38777878078e-17,0,2.08200698435e-18,0.286853590893,0,0.0868252768522,2.77555756156e-17,0,2.5.3,1.18.1,highs-ds,MODEL_CONTINGENT_RANK_TRANSPORT_BUDGET,False,False,False
rank_bridge_lp_v3,rank_transport_budget,epsilon_star_frontier,0.5,5,0.0868252768522,decile,6,income_tax_liability_weighted_mean_MTR,max,0.115616413308,0,Optimization terminated successfully. (HiGHS Status 7: Optimal),0,0,0,1.38777878078e-17,1.38777878078e-17,0,2.08200698435e-18,0.286853590893,0,0.0868252768522,2.77555756156e-17,0,2.5.3,1.18.1,highs-ds,MODEL_CONTINGENT_RANK_TRANSPORT_BUDGET,False,False,False
rank_bridge_lp_v3,rank_transport_budget,epsilon_star_frontier,0.5,5,0.0868252768522,decile,6,pseudo_filer_positive_tax_share,min,0.235387045814,0,Optimization terminated successfully. (HiGHS Status 7: Optimal),0,0,0,1.38777878078e-17,1.38777878078e-17,0,3.46944695195e-18,0.286853590893,0,0.0868252768522,2.77555756156e-17,0,2.5.3,1.18.1,highs-ds,MODEL_CONTINGENT_RANK_TRANSPORT_BUDGET,False,False,False
rank_bridge_lp_v3,rank_transport_budget,epsilon_star_frontier,0.5,5,0.0868252768522,decile,6,pseudo_filer_positive_tax_share,max,0.235387045814,0,Optimization terminated successfully. (HiGHS Status 7: Optimal),0,0,0,1.38777878078e-17,1.38777878078e-17,0,2.08200698435e-18,0.286853590893,0,0.0868252768522,2.77555756156e-17,0,2.5.3,1.18.1,highs-ds,MODEL_CONTINGENT_RANK_TRANSPORT_BUDGET,False,False,False
rank_bridge_lp_v3,rank_transport_budget,epsilon_star_frontier,0.5,5,0.0868252768522,decile,6,transported_nta_positive_liability_rate,min,0.148561768962,0,Optimization terminated successfully. (HiGHS Status 7: Optimal),0,0,0,0,0,0,0,0.31978779973,0,0.0868252768522,2.77555756156e-17,0,2.5.3,1.18.1,highs-ds,MODEL_CONTINGENT_RANK_TRANSPORT_BUDGET,False,False,False
rank_bridge_lp_v3,rank_transport_budget,epsilon_star_frontier,0.5,5,0.0868252768522,decile,6,transported_nta_positive_liability_rate,max,0.148561768962,0,Optimization terminated successfully. (HiGHS Status 7: Optimal),0,0,0,1.38777878078e-17,1.38777878078e-17,0,9.11407451246e-19,0.286853590893,0,0.0868252768522,2.77555756156e-17,0,2.5.3,1.18.1,highs-ds,MODEL_CONTINGENT_RANK_TRANSPORT_BUDGET,False,False,False
rank_bridge_lp_v3,rank_transport_budget,epsilon_star_frontier,0.5,5,0.0868252768522,decile,7,taxable_income_weighted_mean_MTR,min,0.155146869469,0,Optimization terminated successfully. (HiGHS Status 7: Optimal),0,0,0,1.38777878078e-17,1.38777878078e-17,0,3.46944695195e-18,0.286853590893,0,0.0868252768522,2.77555756156e-17,0,2.5.3,1.18.1,highs-ds,MODEL_CONTINGENT_RANK_TRANSPORT_BUDGET,False,False,False
rank_bridge_lp_v3,rank_transport_budget,epsilon_star_frontier,0.5,5,0.0868252768522,decile,7,taxable_income_weighted_mean_MTR,max,0.155146869469,0,Optimization terminated successfully. (HiGHS Status 7: Optimal),0,0,0,1.38777878078e-17,1.38777878078e-17,0,3.46944695195e-18,0.286853590893,0,0.0868252768522,2.77555756156e-17,0,2.5.3,1.18.1,highs-ds,MODEL_CONTINGENT_RANK_TRANSPORT_BUDGET,False,False,False
rank_bridge_lp_v3,rank_transport_budget,epsilon_star_frontier,0.5,5,0.0868252768522,decile,7,income_tax_liability_weighted_mean_MTR,min,0.167464852583,0,Optimization terminated successfully. (HiGHS Status 7: Optimal),0,0,0,1.38777878078e-17,1.38777878078e-17,0,3.46944695195e-18,0.286853590893,0,0.0868252768522,2.77555756156e-17,0,2.5.3,1.18.1,highs-ds,MODEL_CONTINGENT_RANK_TRANSPORT_BUDGET,False,False,False
rank_bridge_lp_v3,rank_transport_budget,epsilon_star_frontier,0.5,5,0.0868252768522,decile,7,income_tax_liability_weighted_mean_MTR,max,0.167464852583,0,Optimization terminated successfully. (HiGHS Status 7: Optimal),0,0,0,1.38777878078e-17,1.38777878078e-17,0,3.46944695195e-18,0.286853590893,0,0.0868252768522,2.77555756156e-17,0,2.5.3,1.18.1,highs-ds,MODEL_CONTINGENT_RANK_TRANSPORT_BUDGET,False,False,False
rank_bridge_lp_v3,rank_transport_budget,epsilon_star_frontier,0.5,5,0.0868252768522,decile,7,pseudo_filer_positive_tax_share,min,0.317057704502,0,Optimization terminated successfully. (HiGHS Status 7: Optimal),0,0,0,1.38777878078e-17,1.38777878078e-17,0,3.46944695195e-18,0.286853590893,0,0.0868252768522,2.77555756156e-17,0,2.5.3,1.18.1,highs-ds,MODEL_CONTINGENT_RANK_TRANSPORT_BUDGET,False,False,False
rank_bridge_lp_v3,rank_transport_budget,epsilon_star_frontier,0.5,5,0.0868252768522,decile,7,pseudo_filer_positive_tax_share,max,0.317057704502,0,Optimization terminated successfully. (HiGHS Status 7: Optimal),0,0,0,1.38777878078e-17,1.38777878078e-17,0,3.46944695195e-18,0.286853590893,0,0.0868252768522,2.77555756156e-17,0,2.5.3,1.18.1,highs-ds,MODEL_CONTINGENT_RANK_TRANSPORT_BUDGET,False,False,False
rank_bridge_lp_v3,rank_transport_budget,epsilon_star_frontier,0.5,5,0.0868252768522,decile,7,transported_nta_positive_liability_rate,min,0.23023242765,0,Optimization terminated successfully. (HiGHS Status 7: Optimal),0,0,0,1.38777878078e-17,2.77555756156e-17,0,1.3874399676e-18,0.272118915376,0,0.0868252768522,2.77555756156e-17,0,2.5.3,1.18.1,highs-ds,MODEL_CONTINGENT_RANK_TRANSPORT_BUDGET,False,False,False
rank_bridge_lp_v3,rank_transport_budget,epsilon_star_frontier,0.5,5,0.0868252768522,decile,7,transported_nta_positive_liability_rate,max,0.23023242765,0,Optimization terminated successfully. (HiGHS Status 7: Optimal),0,0,0,2.77555756156e-17,1.38777878078e-17,0,3.46944695195e-18,0.286853590893,0,0.0868252768522,2.77555756156e-17,0,2.5.3,1.18.1,highs-ds,MODEL_CONTINGENT_RANK_TRANSPORT_BUDGET,False,False,False
rank_bridge_lp_v3,rank_transport_budget,epsilon_star_frontier,0.5,5,0.0868252768522,decile,8,taxable_income_weighted_mean_MTR,min,0.149158769008,0,Optimization terminated successfully. (HiGHS Status 7: Optimal),3.33066907388e-16,0,0,1.38777878078e-17,1.38777878078e-17,0,6.93889390391e-18,0.286853590893,0,0.0868252768522,2.77555756156e-17,0,2.5.3,1.18.1,highs-ds,MODEL_CONTINGENT_RANK_TRANSPORT_BUDGET,False,False,False
rank_bridge_lp_v3,rank_transport_budget,epsilon_star_frontier,0.5,5,0.0868252768522,decile,8,taxable_income_weighted_mean_MTR,max,0.149158769008,0,Optimization terminated successfully. (HiGHS Status 7: Optimal),0,0,0,1.38777878078e-17,1.38777878078e-17,0,6.93889390391e-18,0.286853590893,0,0.0868252768522,2.77555756156e-17,0,2.5.3,1.18.1,highs-ds,MODEL_CONTINGENT_RANK_TRANSPORT_BUDGET,False,False,False
rank_bridge_lp_v3,rank_transport_budget,epsilon_star_frontier,0.5,5,0.0868252768522,decile,8,income_tax_liability_weighted_mean_MTR,min,0.168368702182,0,Optimization terminated successfully. (HiGHS Status 7: Optimal),3.33066907388e-16,0,0,1.38777878078e-17,1.38777878078e-17,0,6.93889390391e-18,0.286853590893,0,0.0868252768522,2.77555756156e-17,0,2.5.3,1.18.1,highs-ds,MODEL_CONTINGENT_RANK_TRANSPORT_BUDGET,False,False,False
rank_bridge_lp_v3,rank_transport_budget,epsilon_star_frontier,0.5,5,0.0868252768522,decile,8,income_tax_liability_weighted_mean_MTR,max,0.168368702182,0,Optimization terminated successfully. (HiGHS Status 7: Optimal),0,0,0,1.38777878078e-17,1.38777878078e-17,0,6.93889390391e-18,0.286853590893,0,0.0868252768522,2.77555756156e-17,0,2.5.3,1.18.1,highs-ds,MODEL_CONTINGENT_RANK_TRANSPORT_BUDGET,False,False,False
rank_bridge_lp_v3,rank_transport_budget,epsilon_star_frontier,0.5,5,0.0868252768522,decile,8,pseudo_filer_positive_tax_share,min,0.429585152838,0,Optimization terminated successfully. (HiGHS Status 7: Optimal),0,0,0,1.38777878078e-17,1.38777878078e-17,0,3.46944695195e-18,0.286853590893,0,0.0868252768522,2.77555756156e-17,0,2.5.3,1.18.1,highs-ds,MODEL_CONTINGENT_RANK_TRANSPORT_BUDGET,False,False,False
rank_bridge_lp_v3,rank_transport_budget,epsilon_star_frontier,0.5,5,0.0868252768522,decile,8,pseudo_filer_positive_tax_share,max,0.429585152838,0,Optimization terminated successfully. (HiGHS Status 7: Optimal),3.33066907388e-16,0,0,1.38777878078e-17,1.38777878078e-17,0,6.93889390391e-18,0.286853590893,0,0.0868252768522,2.77555756156e-17,0,2.5.3,1.18.1,highs-ds,MODEL_CONTINGENT_RANK_TRANSPORT_BUDGET,False,False,False
rank_bridge_lp_v3,rank_transport_budget,epsilon_star_frontier,0.5,5,0.0868252768522,decile,8,transported_nta_positive_liability_rate,min,0.342759875986,0,Optimization terminated successfully. (HiGHS Status 7: Optimal),0,0,0,1.38777878078e-17,2.77555756156e-17,0,6.93889390391e-18,0.428285779125,0,0.0868252768522,2.77555756156e-17,0,2.5.3,1.18.1,highs-ds,MODEL_CONTINGENT_RANK_TRANSPORT_BUDGET,False,False,False
rank_bridge_lp_v3,rank_transport_budget,epsilon_star_frontier,0.5,5,0.0868252768522,decile,8,transported_nta_positive_liability_rate,max,0.342759875986,0,Optimization terminated successfully. (HiGHS Status 7: Optimal),0,0,0,1.38777878078e-17,1.38777878078e-17,0,9.11407451246e-19,0.286853590893,0,0.0868252768522,2.77555756156e-17,0,2.5.3,1.18.1,highs-ds,MODEL_CONTINGENT_RANK_TRANSPORT_BUDGET,False,False,False
rank_bridge_lp_v3,rank_transport_budget,epsilon_star_frontier,0.5,5,0.0868252768522,decile,9,taxable_income_weighted_mean_MTR,min,0.179002869923,0,Optimization terminated successfully. (HiGHS Status 7: Optimal),0,0,0,1.38777878078e-17,1.38777878078e-17,0,3.46944695195e-18,0.286853590893,0,0.0868252768522,2.77555756156e-17,0,2.5.3,1.18.1,highs-ds,MODEL_CONTINGENT_RANK_TRANSPORT_BUDGET,False,False,False
rank_bridge_lp_v3,rank_transport_budget,epsilon_star_frontier,0.5,5,0.0868252768522,decile,9,taxable_income_weighted_mean_MTR,max,0.179002869923,0,Optimization terminated successfully. (HiGHS Status 7: Optimal),4.4408920985e-16,0,0,1.38777878078e-17,1.38777878078e-17,0,3.46944695195e-18,0.286853590893,0,0.0868252768522,2.77555756156e-17,0,2.5.3,1.18.1,highs-ds,MODEL_CONTINGENT_RANK_TRANSPORT_BUDGET,False,False,False
rank_bridge_lp_v3,rank_transport_budget,epsilon_star_frontier,0.5,5,0.0868252768522,decile,9,income_tax_liability_weighted_mean_MTR,min,0.196428390668,0,Optimization terminated successfully. (HiGHS Status 7: Optimal),3.33066907388e-16,0,0,1.38777878078e-17,1.38777878078e-17,0,3.46944695195e-18,0.286853590893,0,0.0868252768522,2.77555756156e-17,0,2.5.3,1.18.1,highs-ds,MODEL_CONTINGENT_RANK_TRANSPORT_BUDGET,False,False,False
rank_bridge_lp_v3,rank_transport_budget,epsilon_star_frontier,0.5,5,0.0868252768522,decile,9,income_tax_liability_weighted_mean_MTR,max,0.196428390668,0,Optimization terminated successfully. (HiGHS Status 7: Optimal),0,0,0,1.38777878078e-17,1.38777878078e-17,0,3.46944695195e-18,0.286853590893,0,0.0868252768522,2.77555756156e-17,0,2.5.3,1.18.1,highs-ds,MODEL_CONTINGENT_RANK_TRANSPORT_BUDGET,False,False,False
rank_bridge_lp_v3,rank_transport_budget,epsilon_star_frontier,0.5,5,0.0868252768522,decile,9,pseudo_filer_positive_tax_share,min,0.633608815427,0,Optimization terminated successfully. (HiGHS Status 7: Optimal),0,0,0,1.38777878078e-17,1.38777878078e-17,0,3.46944695195e-18,0.286853590893,0,0.0868252768522,2.77555756156e-17,0,2.5.3,1.18.1,highs-ds,MODEL_CONTINGENT_RANK_TRANSPORT_BUDGET,False,False,False
rank_bridge_lp_v3,rank_transport_budget,epsilon_star_frontier,0.5,5,0.0868252768522,decile,9,pseudo_filer_positive_tax_share,max,0.633608815427,0,Optimization terminated successfully. (HiGHS Status 7: Optimal),0,0,0,1.38777878078e-17,1.38777878078e-17,0,3.46944695195e-18,0.286853590893,0,0.0868252768522,2.77555756156e-17,0,2.5.3,1.18.1,highs-ds,MODEL_CONTINGENT_RANK_TRANSPORT_BUDGET,False,False,False
rank_bridge_lp_v3,rank_transport_budget,epsilon_star_frontier,0.5,5,0.0868252768522,decile,9,transported_nta_positive_liability_rate,min,0.546783538575,0,Optimization terminated successfully. (HiGHS Status 7: Optimal),0,0,0,1.38777878078e-17,1.38777878078e-17,0,6.93889390391e-18,0.297095327208,0,0.0868252768522,2.77555756156e-17,0,2.5.3,1.18.1,highs-ds,MODEL_CONTINGENT_RANK_TRANSPORT_BUDGET,False,False,False
rank_bridge_lp_v3,rank_transport_budget,epsilon_star_frontier,0.5,5,0.0868252768522,decile,9,transported_nta_positive_liability_rate,max,0.546783538575,0,Optimization terminated successfully. (HiGHS Status 7: Optimal),2.22044604925e-16,0,0,0,1.38777878078e-17,0,0,0.369742537553,0,0.0868252768522,2.77555756156e-17,0,2.5.3,1.18.1,highs-ds,MODEL_CONTINGENT_RANK_TRANSPORT_BUDGET,False,False,False
rank_bridge_lp_v3,rank_transport_budget,epsilon_star_frontier,0.5,5,0.0868252768522,decile,10,taxable_income_weighted_mean_MTR,min,0.242809967122,0,Optimization terminated successfully. (HiGHS Status 7: Optimal),0,0,0,1.38777878078e-17,1.38777878078e-17,0,3.46944695195e-18,0.286853590893,0,0.0868252768522,2.77555756156e-17,0,2.5.3,1.18.1,highs-ds,MODEL_CONTINGENT_RANK_TRANSPORT_BUDGET,False,False,False
rank_bridge_lp_v3,rank_transport_budget,epsilon_star_frontier,0.5,5,0.0868252768522,decile,10,taxable_income_weighted_mean_MTR,max,0.242809967122,0,Optimization terminated successfully. (HiGHS Status 7: Optimal),0,0,0,1.38777878078e-17,1.38777878078e-17,0,3.46944695195e-18,0.286853590893,0,0.0868252768522,2.77555756156e-17,0,2.5.3,1.18.1,highs-ds,MODEL_CONTINGENT_RANK_TRANSPORT_BUDGET,False,False,False
rank_bridge_lp_v3,rank_transport_budget,epsilon_star_frontier,0.5,5,0.0868252768522,decile,10,income_tax_liability_weighted_mean_MTR,min,0.267186538276,0,Optimization terminated successfully. (HiGHS Status 7: Optimal),0,0,0,1.38777878078e-17,1.38777878078e-17,0,3.46944695195e-18,0.286853590893,0,0.0868252768522,2.77555756156e-17,0,2.5.3,1.18.1,highs-ds,MODEL_CONTINGENT_RANK_TRANSPORT_BUDGET,False,False,False
rank_bridge_lp_v3,rank_transport_budget,epsilon_star_frontier,0.5,5,0.0868252768522,decile,10,income_tax_liability_weighted_mean_MTR,max,0.267186538276,0,Optimization terminated successfully. (HiGHS Status 7: Optimal),0,0,0,1.38777878078e-17,1.38777878078e-17,0,3.46944695195e-18,0.286853590893,0,0.0868252768522,2.77555756156e-17,0,2.5.3,1.18.1,highs-ds,MODEL_CONTINGENT_RANK_TRANSPORT_BUDGET,False,False,False
rank_bridge_lp_v3,rank_transport_budget,epsilon_star_frontier,0.5,5,0.0868252768522,decile,10,pseudo_filer_positive_tax_share,min,0.668781725888,0,Optimization terminated successfully. (HiGHS Status 7: Optimal),0,0,0,1.38777878078e-17,1.38777878078e-17,0,3.46944695195e-18,0.286853590893,0,0.0868252768522,2.77555756156e-17,0,2.5.3,1.18.1,highs-ds,MODEL_CONTINGENT_RANK_TRANSPORT_BUDGET,False,False,False
rank_bridge_lp_v3,rank_transport_budget,epsilon_star_frontier,0.5,5,0.0868252768522,decile,10,pseudo_filer_positive_tax_share,max,0.668781725888,0,Optimization terminated successfully. (HiGHS Status 7: Optimal),0,0,0,1.38777878078e-17,1.38777878078e-17,0,3.46944695195e-18,0.286853590893,0,0.0868252768522,2.77555756156e-17,0,2.5.3,1.18.1,highs-ds,MODEL_CONTINGENT_RANK_TRANSPORT_BUDGET,False,False,False
rank_bridge_lp_v3,rank_transport_budget,epsilon_star_frontier,0.5,5,0.0868252768522,decile,10,transported_nta_positive_liability_rate,min,0.581956449036,0,Optimization terminated successfully. (HiGHS Status 7: Optimal),0,0,0,1.38777878078e-17,0,0,0,0.319212919312,0,0.0868252768522,2.77555756156e-17,0,2.5.3,1.18.1,highs-ds,MODEL_CONTINGENT_RANK_TRANSPORT_BUDGET,False,False,False
rank_bridge_lp_v3,rank_transport_budget,epsilon_star_frontier,0.5,5,0.0868252768522,decile,10,transported_nta_positive_liability_rate,max,0.581956449036,0,Optimization terminated successfully. (HiGHS Status 7: Optimal),0,0,0,0,0,0,6.93889390391e-18,0.418271000469,0,0.0868252768522,2.77555756156e-17,0,2.5.3,1.18.1,highs-ds,MODEL_CONTINGENT_RANK_TRANSPORT_BUDGET,False,False,False
rank_bridge_lp_v3,rank_transport_budget,epsilon_star_frontier,0.5,5,0.0868252768522,overall,,taxable_income_weighted_mean_MTR,min,0.108892198911,0,Optimization terminated successfully. (HiGHS Status 7: Optimal),0,0,0,0,1.38777878078e-17,0,1.38777878078e-17,0.206967808546,0,0.0868252768522,2.77555756156e-17,0,2.5.3,1.18.1,highs-ds,MODEL_CONTINGENT_RANK_TRANSPORT_BUDGET,False,False,False
rank_bridge_lp_v3,rank_transport_budget,epsilon_star_frontier,0.5,5,0.0868252768522,overall,,taxable_income_weighted_mean_MTR,max,0.108892198911,0,Optimization terminated successfully. (HiGHS Status 7: Optimal),2.22044604925e-16,0,0,0,1.38777878078e-17,0,0,0.206967808546,0,0.0868252768522,2.77555756156e-17,0,2.5.3,1.18.1,highs-ds,MODEL_CONTINGENT_RANK_TRANSPORT_BUDGET,False,False,False
rank_bridge_lp_v3,rank_transport_budget,epsilon_star_frontier,0.5,5,0.0868252768522,overall,,income_tax_liability_weighted_mean_MTR,min,0.117712893177,0,Optimization terminated successfully. (HiGHS Status 7: Optimal),0,0,0,0,1.38777878078e-17,0,1.38777878078e-17,0.206967808546,0,0.0868252768522,2.77555756156e-17,0,2.5.3,1.18.1,highs-ds,MODEL_CONTINGENT_RANK_TRANSPORT_BUDGET,False,False,False
rank_bridge_lp_v3,rank_transport_budget,epsilon_star_frontier,0.5,5,0.0868252768522,overall,,income_tax_liability_weighted_mean_MTR,max,0.117712893177,0,Optimization terminated successfully. (HiGHS Status 7: Optimal),2.22044604925e-16,0,0,0,1.38777878078e-17,0,0,0.206967808546,0,0.0868252768522,2.77555756156e-17,0,2.5.3,1.18.1,highs-ds,MODEL_CONTINGENT_RANK_TRANSPORT_BUDGET,False,False,False
rank_bridge_lp_v3,rank_transport_budget,epsilon_star_frontier,1,10,0.0868252768522,decile,1,taxable_income_weighted_mean_MTR,min,0.05,0,Optimization terminated successfully. (HiGHS Status 7: Optimal),4.4408920985e-16,0,0,0,0,0,0,0.22500852054,0,0.0868252768522,1.38777878078e-17,0,2.5.3,1.18.1,highs-ds,MODEL_CONTINGENT_RANK_TRANSPORT_BUDGET,False,False,False
rank_bridge_lp_v3,rank_transport_budget,epsilon_star_frontier,1,10,0.0868252768522,decile,1,taxable_income_weighted_mean_MTR,max,0.05,0,Optimization terminated successfully. (HiGHS Status 7: Optimal),4.4408920985e-16,0,0,0,0,0,0,0.22500852054,0,0.0868252768522,1.38777878078e-17,0,2.5.3,1.18.1,highs-ds,MODEL_CONTINGENT_RANK_TRANSPORT_BUDGET,False,False,False
rank_bridge_lp_v3,rank_transport_budget,epsilon_star_frontier,1,10,0.0868252768522,decile,1,income_tax_liability_weighted_mean_MTR,min,0.05,0,Optimization terminated successfully. (HiGHS Status 7: Optimal),4.4408920985e-16,0,0,0,0,0,0,0.22500852054,0,0.0868252768522,1.38777878078e-17,0,2.5.3,1.18.1,highs-ds,MODEL_CONTINGENT_RANK_TRANSPORT_BUDGET,False,False,False
rank_bridge_lp_v3,rank_transport_budget,epsilon_star_frontier,1,10,0.0868252768522,decile,1,income_tax_liability_weighted_mean_MTR,max,0.05,0,Optimization terminated successfully. (HiGHS Status 7: Optimal),4.4408920985e-16,0,0,0,0,0,0,0.22500852054,0,0.0868252768522,1.38777878078e-17,0,2.5.3,1.18.1,highs-ds,MODEL_CONTINGENT_RANK_TRANSPORT_BUDGET,False,False,False
rank_bridge_lp_v3,rank_transport_budget,epsilon_star_frontier,1,10,0.0868252768522,decile,1,pseudo_filer_positive_tax_share,min,0.0854779411765,0,Optimization terminated successfully. (HiGHS Status 7: Optimal),4.4408920985e-16,0,0,0,0,0,0,0.22500852054,0,0.0868252768522,1.38777878078e-17,0,2.5.3,1.18.1,highs-ds,MODEL_CONTINGENT_RANK_TRANSPORT_BUDGET,False,False,False
rank_bridge_lp_v3,rank_transport_budget,epsilon_star_frontier,1,10,0.0868252768522,decile,1,pseudo_filer_positive_tax_share,max,0.0868252768522,0,Optimization terminated successfully. (HiGHS Status 7: Optimal),0,0,0,0,1.38777878078e-17,0,1.73472347598e-17,0.22500852054,0,0.0868252768522,1.38777878078e-17,0,2.5.3,1.18.1,highs-ds,MODEL_CONTINGENT_RANK_TRANSPORT_BUDGET,False,False,False
rank_bridge_lp_v3,rank_transport_budget,epsilon_star_frontier,1,10,0.0868252768522,decile,1,transported_nta_positive_liability_rate,min,0,0,Optimization terminated successfully. (HiGHS Status 7: Optimal),4.4408920985e-16,0,0,0,0,0,0,0.22500852054,0,0.0868252768522,1.38777878078e-17,0,2.5.3,1.18.1,highs-ds,MODEL_CONTINGENT_RANK_TRANSPORT_BUDGET,False,False,False
rank_bridge_lp_v3,rank_transport_budget,epsilon_star_frontier,1,10,0.0868252768522,decile,1,transported_nta_positive_liability_rate,max,0,0,Optimization terminated successfully. (HiGHS Status 7: Optimal),0,0,0,0,0,0,1.72388145425e-17,0.22500852054,0,0.0868252768522,1.38777878078e-17,0,2.5.3,1.18.1,highs-ds,MODEL_CONTINGENT_RANK_TRANSPORT_BUDGET,False,False,False
rank_bridge_lp_v3,rank_transport_budget,epsilon_star_frontier,1,10,0.0868252768522,decile,2,taxable_income_weighted_mean_MTR,min,0.05,0,Optimization terminated successfully. (HiGHS Status 7: Optimal),4.4408920985e-16,0,0,0,1.38777878078e-17,0,0,0.231930390516,0,0.0868252768522,1.38777878078e-17,0,2.5.3,1.18.1,highs-ds,MODEL_CONTINGENT_RANK_TRANSPORT_BUDGET,False,False,False
rank_bridge_lp_v3,rank_transport_budget,epsilon_star_frontier,1,10,0.0868252768522,decile,2,taxable_income_weighted_mean_MTR,max,0.05,0,Optimization terminated successfully. (HiGHS Status 7: Optimal),4.4408920985e-16,0,0,0,1.38777878078e-17,0,0,0.231930390516,0,0.0868252768522,1.38777878078e-17,0,2.5.3,1.18.1,highs-ds,MODEL_CONTINGENT_RANK_TRANSPORT_BUDGET,False,False,False
rank_bridge_lp_v3,rank_transport_budget,epsilon_star_frontier,1,10,0.0868252768522,decile,2,income_tax_liability_weighted_mean_MTR,min,0.05,0,Optimization terminated successfully. (HiGHS Status 7: Optimal),4.4408920985e-16,0,0,0,1.38777878078e-17,0,0,0.231930390516,0,0.0868252768522,1.38777878078e-17,0,2.5.3,1.18.1,highs-ds,MODEL_CONTINGENT_RANK_TRANSPORT_BUDGET,False,False,False
rank_bridge_lp_v3,rank_transport_budget,epsilon_star_frontier,1,10,0.0868252768522,decile,2,income_tax_liability_weighted_mean_MTR,max,0.05,0,Optimization terminated successfully. (HiGHS Status 7: Optimal),4.4408920985e-16,0,0,0,1.38777878078e-17,0,0,0.231930390516,0,0.0868252768522,1.38777878078e-17,0,2.5.3,1.18.1,highs-ds,MODEL_CONTINGENT_RANK_TRANSPORT_BUDGET,False,False,False
rank_bridge_lp_v3,rank_transport_budget,epsilon_star_frontier,1,10,0.0868252768522,decile,2,pseudo_filer_positive_tax_share,min,0.14409221902,0,Optimization terminated successfully. (HiGHS Status 7: Optimal),4.4408920985e-16,0,0,0,0,0,0,0.22500852054,0,0.0868252768522,1.38777878078e-17,0,2.5.3,1.18.1,highs-ds,MODEL_CONTINGENT_RANK_TRANSPORT_BUDGET,False,False,False
rank_bridge_lp_v3,rank_transport_budget,epsilon_star_frontier,1,10,0.0868252768522,decile,2,pseudo_filer_positive_tax_share,max,0.14409221902,0,Optimization terminated successfully. (HiGHS Status 7: Optimal),7.77156117238e-16,0,0,0,0,0,0,0.22500852054,0,0.0868252768522,1.38777878078e-17,0,2.5.3,1.18.1,highs-ds,MODEL_CONTINGENT_RANK_TRANSPORT_BUDGET,False,False,False
rank_bridge_lp_v3,rank_transport_budget,epsilon_star_frontier,1,10,0.0868252768522,decile,2,transported_nta_positive_liability_rate,min,0.0572669421678,0,Optimization terminated successfully. (HiGHS Status 7: Optimal),4.4408920985e-16,0,0,0,0,0,0,0.22500852054,0,0.0868252768522,1.38777878078e-17,0,2.5.3,1.18.1,highs-ds,MODEL_CONTINGENT_RANK_TRANSPORT_BUDGET,False,False,False
rank_bridge_lp_v3,rank_transport_budget,epsilon_star_frontier,1,10,0.0868252768522,decile,2,transported_nta_positive_liability_rate,max,0.0572669421678,0,Optimization terminated successfully. (HiGHS Status 7: Optimal),0,0,0,0,0,0,0,0.178177724872,0,0.0868252768522,1.38777878078e-17,0,2.5.3,1.18.1,highs-ds,MODEL_CONTINGENT_RANK_TRANSPORT_BUDGET,False,False,False
rank_bridge_lp_v3,rank_transport_budget,epsilon_star_frontier,1,10,0.0868252768522,decile,3,taxable_income_weighted_mean_MTR,min,0.05,0,Optimization terminated successfully. (HiGHS Status 7: Optimal),4.4408920985e-16,0,0,0,0,0,0,0.22500852054,0,0.0868252768522,1.38777878078e-17,0,2.5.3,1.18.1,highs-ds,MODEL_CONTINGENT_RANK_TRANSPORT_BUDGET,False,False,False
rank_bridge_lp_v3,rank_transport_budget,epsilon_star_frontier,1,10,0.0868252768522,decile,3,taxable_income_weighted_mean_MTR,max,0.05,0,Optimization terminated successfully. (HiGHS Status 7: Optimal),4.4408920985e-16,0,0,0,0,0,0,0.22500852054,0,0.0868252768522,1.38777878078e-17,0,2.5.3,1.18.1,highs-ds,MODEL_CONTINGENT_RANK_TRANSPORT_BUDGET,False,False,False
rank_bridge_lp_v3,rank_transport_budget,epsilon_star_frontier,1,10,0.0868252768522,decile,3,income_tax_liability_weighted_mean_MTR,min,0.05,0,Optimization terminated successfully. (HiGHS Status 7: Optimal),4.4408920985e-16,0,0,0,0,0,0,0.22500852054,0,0.0868252768522,1.38777878078e-17,0,2.5.3,1.18.1,highs-ds,MODEL_CONTINGENT_RANK_TRANSPORT_BUDGET,False,False,False
rank_bridge_lp_v3,rank_transport_budget,epsilon_star_frontier,1,10,0.0868252768522,decile,3,income_tax_liability_weighted_mean_MTR,max,0.05,0,Optimization terminated successfully. (HiGHS Status 7: Optimal),4.4408920985e-16,0,0,0,0,0,0,0.22500852054,0,0.0868252768522,1.38777878078e-17,0,2.5.3,1.18.1,highs-ds,MODEL_CONTINGENT_RANK_TRANSPORT_BUDGET,False,False,False
rank_bridge_lp_v3,rank_transport_budget,epsilon_star_frontier,1,10,0.0868252768522,decile,3,pseudo_filer_positive_tax_share,min,0.156598513011,0,Optimization terminated successfully. (HiGHS Status 7: Optimal),4.4408920985e-16,0,0,0,0,0,0,0.22500852054,0,0.0868252768522,1.38777878078e-17,0,2.5.3,1.18.1,highs-ds,MODEL_CONTINGENT_RANK_TRANSPORT_BUDGET,False,False,False
rank_bridge_lp_v3,rank_transport_budget,epsilon_star_frontier,1,10,0.0868252768522,decile,3,pseudo_filer_positive_tax_share,max,0.156598513011,0,Optimization terminated successfully. (HiGHS Status 7: Optimal),3.33066907388e-16,0,0,0,1.38777878078e-17,0,6.93889390391e-18,0.22500852054,0,0.0868252768522,1.38777878078e-17,0,2.5.3,1.18.1,highs-ds,MODEL_CONTINGENT_RANK_TRANSPORT_BUDGET,False,False,False
rank_bridge_lp_v3,rank_transport_budget,epsilon_star_frontier,1,10,0.0868252768522,decile,3,transported_nta_positive_liability_rate,min,0.0697732361588,0,Optimization terminated successfully. (HiGHS Status 7: Optimal),6.66133814775e-16,0,0,0,0,0,0,0.227997473168,0,0.0868252768522,1.38777878078e-17,0,2.5.3,1.18.1,highs-ds,MODEL_CONTINGENT_RANK_TRANSPORT_BUDGET,False,False,False
rank_bridge_lp_v3,rank_transport_budget,epsilon_star_frontier,1,10,0.0868252768522,decile,3,transported_nta_positive_liability_rate,max,0.0697732361588,0,Optimization terminated successfully. (HiGHS Status 7: Optimal),0,0,0,0,0,0,6.93889390391e-18,0.221956036372,0,0.0868252768522,1.38777878078e-17,0,2.5.3,1.18.1,highs-ds,MODEL_CONTINGENT_RANK_TRANSPORT_BUDGET,False,False,False
rank_bridge_lp_v3,rank_transport_budget,epsilon_star_frontier,1,10,0.0868252768522,decile,4,taxable_income_weighted_mean_MTR,min,0.05,0,Optimization terminated successfully. (HiGHS Status 7: Optimal),4.4408920985e-16,0,0,0,0,0,0,0.22500852054,0,0.0868252768522,1.38777878078e-17,0,2.5.3,1.18.1,highs-ds,MODEL_CONTINGENT_RANK_TRANSPORT_BUDGET,False,False,False
rank_bridge_lp_v3,rank_transport_budget,epsilon_star_frontier,1,10,0.0868252768522,decile,4,taxable_income_weighted_mean_MTR,max,0.05,0,Optimization terminated successfully. (HiGHS Status 7: Optimal),1.11022302463e-15,0,0,0,1.38777878078e-17,0,6.93889390391e-18,0.22500852054,0,0.0868252768522,4.16333634234e-17,0,2.5.3,1.18.1,highs-ds,MODEL_CONTINGENT_RANK_TRANSPORT_BUDGET,False,False,False
rank_bridge_lp_v3,rank_transport_budget,epsilon_star_frontier,1,10,0.0868252768522,decile,4,income_tax_liability_weighted_mean_MTR,min,0.05,0,Optimization terminated successfully. (HiGHS Status 7: Optimal),4.4408920985e-16,0,0,0,0,0,0,0.22500852054,0,0.0868252768522,1.38777878078e-17,0,2.5.3,1.18.1,highs-ds,MODEL_CONTINGENT_RANK_TRANSPORT_BUDGET,False,False,False
rank_bridge_lp_v3,rank_transport_budget,epsilon_star_frontier,1,10,0.0868252768522,decile,4,income_tax_liability_weighted_mean_MTR,max,0.05,0,Optimization terminated successfully. (HiGHS Status 7: Optimal),1.11022302463e-15,0,0,0,1.38777878078e-17,0,6.93889390391e-18,0.22500852054,0,0.0868252768522,4.16333634234e-17,0,2.5.3,1.18.1,highs-ds,MODEL_CONTINGENT_RANK_TRANSPORT_BUDGET,False,False,False
rank_bridge_lp_v3,rank_transport_budget,epsilon_star_frontier,1,10,0.0868252768522,decile,4,pseudo_filer_positive_tax_share,min,0.190499272904,0,Optimization terminated successfully. (HiGHS Status 7: Optimal),4.4408920985e-16,0,0,0,0,0,0,0.22500852054,0,0.0868252768522,1.38777878078e-17,0,2.5.3,1.18.1,highs-ds,MODEL_CONTINGENT_RANK_TRANSPORT_BUDGET,False,False,False
rank_bridge_lp_v3,rank_transport_budget,epsilon_star_frontier,1,10,0.0868252768522,decile,4,pseudo_filer_positive_tax_share,max,0.190499272904,0,Optimization terminated successfully. (HiGHS Status 7: Optimal),5.55111512313e-16,0,0,0,1.38777878078e-17,0,6.93889390391e-18,0.22500852054,0,0.0868252768522,1.38777878078e-17,0,2.5.3,1.18.1,highs-ds,MODEL_CONTINGENT_RANK_TRANSPORT_BUDGET,False,False,False
rank_bridge_lp_v3,rank_transport_budget,epsilon_star_frontier,1,10,0.0868252768522,decile,4,transported_nta_positive_liability_rate,min,0.103673996052,0,Optimization terminated successfully. (HiGHS Status 7: Optimal),6.66133814775e-16,0,0,0,0,0,0,0.227997473168,0,0.0868252768522,1.38777878078e-17,0,2.5.3,1.18.1,highs-ds,MODEL_CONTINGENT_RANK_TRANSPORT_BUDGET,False,False,False
rank_bridge_lp_v3,rank_transport_budget,epsilon_star_frontier,1,10,0.0868252768522,decile,4,transported_nta_positive_liability_rate,max,0.103673996052,0,Optimization terminated successfully. (HiGHS Status 7: Optimal),0,0,0,0,0,0,0,0.276300684998,0,0.0868252768522,1.38777878078e-17,0,2.5.3,1.18.1,highs-ds,MODEL_CONTINGENT_RANK_TRANSPORT_BUDGET,False,False,False
rank_bridge_lp_v3,rank_transport_budget,epsilon_star_frontier,1,10,0.0868252768522,decile,5,taxable_income_weighted_mean_MTR,min,0.059849071214,0,Optimization terminated successfully. (HiGHS Status 7: Optimal),2.22044604925e-15,0,0,0,0,0,0,0.254762090214,0,0.0868252768522,1.38777878078e-17,0,2.5.3,1.18.1,highs-ds,MODEL_CONTINGENT_RANK_TRANSPORT_BUDGET,False,False,False
rank_bridge_lp_v3,rank_transport_budget,epsilon_star_frontier,1,10,0.0868252768522,decile,5,taxable_income_weighted_mean_MTR,max,0.059849071214,0,Optimization terminated successfully. (HiGHS Status 7: Optimal),1.11022302463e-15,0,0,0,0,0,0,0.254762090214,0,0.0868252768522,1.38777878078e-17,0,2.5.3,1.18.1,highs-ds,MODEL_CONTINGENT_RANK_TRANSPORT_BUDGET,False,False,False
rank_bridge_lp_v3,rank_transport_budget,epsilon_star_frontier,1,10,0.0868252768522,decile,5,income_tax_liability_weighted_mean_MTR,min,0.0620640347482,0,Optimization terminated successfully. (HiGHS Status 7: Optimal),2.22044604925e-15,0,0,0,0,0,0,0.254762090214,0,0.0868252768522,1.38777878078e-17,0,2.5.3,1.18.1,highs-ds,MODEL_CONTINGENT_RANK_TRANSPORT_BUDGET,False,False,False
rank_bridge_lp_v3,rank_transport_budget,epsilon_star_frontier,1,10,0.0868252768522,decile,5,income_tax_liability_weighted_mean_MTR,max,0.0620640347482,0,Optimization terminated successfully. (HiGHS Status 7: Optimal),1.11022302463e-15,0,0,0,0,0,0,0.254762090214,0,0.0868252768522,1.38777878078e-17,0,2.5.3,1.18.1,highs-ds,MODEL_CONTINGENT_RANK_TRANSPORT_BUDGET,False,False,False
rank_bridge_lp_v3,rank_transport_budget,epsilon_star_frontier,1,10,0.0868252768522,decile,5,pseudo_filer_positive_tax_share,min,0.213769860376,0,Optimization terminated successfully. (HiGHS Status 7: Optimal),4.4408920985e-16,0,0,0,0,0,0,0.22500852054,0,0.0868252768522,1.38777878078e-17,0,2.5.3,1.18.1,highs-ds,MODEL_CONTINGENT_RANK_TRANSPORT_BUDGET,False,False,False
rank_bridge_lp_v3,rank_transport_budget,epsilon_star_frontier,1,10,0.0868252768522,decile,5,pseudo_filer_positive_tax_share,max,0.213769860376,0,Optimization terminated successfully. (HiGHS Status 7: Optimal),8.881784197e-16,0,0,0,0,0,6.93889390391e-18,0.22500852054,0,0.0868252768522,4.16333634234e-17,0,2.5.3,1.18.1,highs-ds,MODEL_CONTINGENT_RANK_TRANSPORT_BUDGET,False,False,False
rank_bridge_lp_v3,rank_transport_budget,epsilon_star_frontier,1,10,0.0868252768522,decile,5,transported_nta_positive_liability_rate,min,0.126944583524,0,Optimization terminated successfully. (HiGHS Status 7: Optimal),6.66133814775e-16,0,0,0,1.38777878078e-17,0,0,0.295375727255,0,0.0868252768522,1.38777878078e-17,0,2.5.3,1.18.1,highs-ds,MODEL_CONTINGENT_RANK_TRANSPORT_BUDGET,False,False,False
rank_bridge_lp_v3,rank_transport_budget,epsilon_star_frontier,1,10,0.0868252768522,decile,5,transported_nta_positive_liability_rate,max,0.126944583524,0,Optimization terminated successfully. (HiGHS Status 7: Optimal),0,0,0,2.77555756156e-17,1.38777878078e-17,0,8.67361737988e-19,0.262381163594,0,0.0868252768522,1.38777878078e-17,0,2.5.3,1.18.1,highs-ds,MODEL_CONTINGENT_RANK_TRANSPORT_BUDGET,False,False,False
rank_bridge_lp_v3,rank_transport_budget,epsilon_star_frontier,1,10,0.0868252768522,decile,6,taxable_income_weighted_mean_MTR,min,0.102954442372,0,Optimization terminated successfully. (HiGHS Status 7: Optimal),1.66533453694e-15,0,0,0,0,0,6.93889390391e-18,0.22500852054,0,0.0868252768522,1.38777878078e-17,0,2.5.3,1.18.1,highs-ds,MODEL_CONTINGENT_RANK_TRANSPORT_BUDGET,False,False,False
rank_bridge_lp_v3,rank_transport_budget,epsilon_star_frontier,1,10,0.0868252768522,decile,6,taxable_income_weighted_mean_MTR,max,0.102954442372,0,Optimization terminated successfully. (HiGHS Status 7: Optimal),6.66133814775e-16,0,0,0,0,0,6.93889390391e-18,0.22500852054,0,0.0868252768522,1.38777878078e-17,0,2.5.3,1.18.1,highs-ds,MODEL_CONTINGENT_RANK_TRANSPORT_BUDGET,False,False,False
rank_bridge_lp_v3,rank_transport_budget,epsilon_star_frontier,1,10,0.0868252768522,decile,6,income_tax_liability_weighted_mean_MTR,min,0.115616413308,0,Optimization terminated successfully. (HiGHS Status 7: Optimal),1.66533453694e-15,0,0,0,0,0,6.93889390391e-18,0.22500852054,0,0.0868252768522,1.38777878078e-17,0,2.5.3,1.18.1,highs-ds,MODEL_CONTINGENT_RANK_TRANSPORT_BUDGET,False,False,False
rank_bridge_lp_v3,rank_transport_budget,epsilon_star_frontier,1,10,0.0868252768522,decile,6,income_tax_liability_weighted_mean_MTR,max,0.115616413308,0,Optimization terminated successfully. (HiGHS Status 7: Optimal),6.66133814775e-16,0,0,0,0,0,6.93889390391e-18,0.22500852054,0,0.0868252768522,1.38777878078e-17,0,2.5.3,1.18.1,highs-ds,MODEL_CONTINGENT_RANK_TRANSPORT_BUDGET,False,False,False
rank_bridge_lp_v3,rank_transport_budget,epsilon_star_frontier,1,10,0.0868252768522,decile,6,pseudo_filer_positive_tax_share,min,0.235387045814,0,Optimization terminated successfully. (HiGHS Status 7: Optimal),4.4408920985e-16,0,0,0,0,0,0,0.22500852054,0,0.0868252768522,1.38777878078e-17,0,2.5.3,1.18.1,highs-ds,MODEL_CONTINGENT_RANK_TRANSPORT_BUDGET,False,False,False
rank_bridge_lp_v3,rank_transport_budget,epsilon_star_frontier,1,10,0.0868252768522,decile,6,pseudo_filer_positive_tax_share,max,0.235387045814,0,Optimization terminated successfully. (HiGHS Status 7: Optimal),1.22124532709e-15,0,0,0,0,0,6.93889390391e-18,0.22500852054,0,0.0868252768522,1.38777878078e-17,0,2.5.3,1.18.1,highs-ds,MODEL_CONTINGENT_RANK_TRANSPORT_BUDGET,False,False,False
rank_bridge_lp_v3,rank_transport_budget,epsilon_star_frontier,1,10,0.0868252768522,decile,6,transported_nta_positive_liability_rate,min,0.148561768962,0,Optimization terminated successfully. (HiGHS Status 7: Optimal),8.881784197e-16,0,0,2.77555756156e-17,2.77555756156e-17,0,8.67361737988e-19,0.240012225175,0,0.0868252768522,1.38777878078e-17,0,2.5.3,1.18.1,highs-ds,MODEL_CONTINGENT_RANK_TRANSPORT_BUDGET,False,False,False
rank_bridge_lp_v3,rank_transport_budget,epsilon_star_frontier,1,10,0.0868252768522,decile,6,transported_nta_positive_liability_rate,max,0.148561768962,0,Optimization terminated successfully. (HiGHS Status 7: Optimal),0,0,0,0,0,0,6.93889390391e-18,0.227997473168,0,0.0868252768522,1.38777878078e-17,0,2.5.3,1.18.1,highs-ds,MODEL_CONTINGENT_RANK_TRANSPORT_BUDGET,False,False,False
rank_bridge_lp_v3,rank_transport_budget,epsilon_star_frontier,1,10,0.0868252768522,decile,7,taxable_income_weighted_mean_MTR,min,0.155146869469,0,Optimization terminated successfully. (HiGHS Status 7: Optimal),4.4408920985e-16,0,0,0,0,0,0,0.22500852054,0,0.0868252768522,1.38777878078e-17,0,2.5.3,1.18.1,highs-ds,MODEL_CONTINGENT_RANK_TRANSPORT_BUDGET,False,False,False
rank_bridge_lp_v3,rank_transport_budget,epsilon_star_frontier,1,10,0.0868252768522,decile,7,taxable_income_weighted_mean_MTR,max,0.155146869469,0,Optimization terminated successfully. (HiGHS Status 7: Optimal),4.4408920985e-16,0,0,0,0,0,0,0.22500852054,0,0.0868252768522,1.38777878078e-17,0,2.5.3,1.18.1,highs-ds,MODEL_CONTINGENT_RANK_TRANSPORT_BUDGET,False,False,False
rank_bridge_lp_v3,rank_transport_budget,epsilon_star_frontier,1,10,0.0868252768522,decile,7,income_tax_liability_weighted_mean_MTR,min,0.167464852583,0,Optimization terminated successfully. (HiGHS Status 7: Optimal),4.4408920985e-16,0,0,0,0,0,0,0.22500852054,0,0.0868252768522,1.38777878078e-17,0,2.5.3,1.18.1,highs-ds,MODEL_CONTINGENT_RANK_TRANSPORT_BUDGET,False,False,False
rank_bridge_lp_v3,rank_transport_budget,epsilon_star_frontier,1,10,0.0868252768522,decile,7,income_tax_liability_weighted_mean_MTR,max,0.167464852583,0,Optimization terminated successfully. (HiGHS Status 7: Optimal),4.4408920985e-16,0,0,0,0,0,0,0.22500852054,0,0.0868252768522,1.38777878078e-17,0,2.5.3,1.18.1,highs-ds,MODEL_CONTINGENT_RANK_TRANSPORT_BUDGET,False,False,False
rank_bridge_lp_v3,rank_transport_budget,epsilon_star_frontier,1,10,0.0868252768522,decile,7,pseudo_filer_positive_tax_share,min,0.317057704502,0,Optimization terminated successfully. (HiGHS Status 7: Optimal),2.22044604925e-16,0,0,1.38777878078e-17,0,0,6.93889390391e-18,0.22500852054,0,0.0868252768522,1.38777878078e-17,0,2.5.3,1.18.1,highs-ds,MODEL_CONTINGENT_RANK_TRANSPORT_BUDGET,False,False,False
rank_bridge_lp_v3,rank_transport_budget,epsilon_star_frontier,1,10,0.0868252768522,decile,7,pseudo_filer_positive_tax_share,max,0.317057704502,0,Optimization terminated successfully. (HiGHS Status 7: Optimal),4.4408920985e-16,0,0,0,0,0,0,0.22500852054,0,0.0868252768522,1.38777878078e-17,0,2.5.3,1.18.1,highs-ds,MODEL_CONTINGENT_RANK_TRANSPORT_BUDGET,False,False,False
rank_bridge_lp_v3,rank_transport_budget,epsilon_star_frontier,1,10,0.0868252768522,decile,7,transported_nta_positive_liability_rate,min,0.23023242765,0,Optimization terminated successfully. (HiGHS Status 7: Optimal),4.4408920985e-16,0,0,0,0,0,0,0.227997473168,0,0.0868252768522,6.93889390391e-17,0,2.5.3,1.18.1,highs-ds,MODEL_CONTINGENT_RANK_TRANSPORT_BUDGET,False,False,False
rank_bridge_lp_v3,rank_transport_budget,epsilon_star_frontier,1,10,0.0868252768522,decile,7,transported_nta_positive_liability_rate,max,0.23023242765,0,Optimization terminated successfully. (HiGHS Status 7: Optimal),4.4408920985e-16,0,0,0,0,0,0,0.22500852054,0,0.0868252768522,1.38777878078e-17,0,2.5.3,1.18.1,highs-ds,MODEL_CONTINGENT_RANK_TRANSPORT_BUDGET,False,False,False
rank_bridge_lp_v3,rank_transport_budget,epsilon_star_frontier,1,10,0.0868252768522,decile,8,taxable_income_weighted_mean_MTR,min,0.149158769008,0,Optimization terminated successfully. (HiGHS Status 7: Optimal),5.55111512313e-16,0,0,0,0,0,6.93889390391e-18,0.22500852054,0,0.0868252768522,1.38777878078e-17,0,2.5.3,1.18.1,highs-ds,MODEL_CONTINGENT_RANK_TRANSPORT_BUDGET,False,False,False
rank_bridge_lp_v3,rank_transport_budget,epsilon_star_frontier,1,10,0.0868252768522,decile,8,taxable_income_weighted_mean_MTR,max,0.149158769008,0,Optimization terminated successfully. (HiGHS Status 7: Optimal),4.4408920985e-16,0,0,0,0,0,6.93889390391e-18,0.22500852054,0,0.0868252768522,1.38777878078e-17,0,2.5.3,1.18.1,highs-ds,MODEL_CONTINGENT_RANK_TRANSPORT_BUDGET,False,False,False
rank_bridge_lp_v3,rank_transport_budget,epsilon_star_frontier,1,10,0.0868252768522,decile,8,income_tax_liability_weighted_mean_MTR,min,0.168368702182,0,Optimization terminated successfully. (HiGHS Status 7: Optimal),5.55111512313e-16,0,0,0,0,0,6.93889390391e-18,0.22500852054,0,0.0868252768522,1.38777878078e-17,0,2.5.3,1.18.1,highs-ds,MODEL_CONTINGENT_RANK_TRANSPORT_BUDGET,False,False,False
rank_bridge_lp_v3,rank_transport_budget,epsilon_star_frontier,1,10,0.0868252768522,decile,8,income_tax_liability_weighted_mean_MTR,max,0.168368702182,0,Optimization terminated successfully. (HiGHS Status 7: Optimal),4.4408920985e-16,0,0,0,0,0,6.93889390391e-18,0.22500852054,0,0.0868252768522,1.38777878078e-17,0,2.5.3,1.18.1,highs-ds,MODEL_CONTINGENT_RANK_TRANSPORT_BUDGET,False,False,False
rank_bridge_lp_v3,rank_transport_budget,epsilon_star_frontier,1,10,0.0868252768522,decile,8,pseudo_filer_positive_tax_share,min,0.429585152838,0,Optimization terminated successfully. (HiGHS Status 7: Optimal),4.4408920985e-16,0,0,0,0,0,0,0.22500852054,0,0.0868252768522,1.38777878078e-17,0,2.5.3,1.18.1,highs-ds,MODEL_CONTINGENT_RANK_TRANSPORT_BUDGET,False,False,False
rank_bridge_lp_v3,rank_transport_budget,epsilon_star_frontier,1,10,0.0868252768522,decile,8,pseudo_filer_positive_tax_share,max,0.429585152838,0,Optimization terminated successfully. (HiGHS Status 7: Optimal),5.55111512313e-16,0,0,0,0,0,6.93889390391e-18,0.22500852054,0,0.0868252768522,1.38777878078e-17,0,2.5.3,1.18.1,highs-ds,MODEL_CONTINGENT_RANK_TRANSPORT_BUDGET,False,False,False
rank_bridge_lp_v3,rank_transport_budget,epsilon_star_frontier,1,10,0.0868252768522,decile,8,transported_nta_positive_liability_rate,min,0.342759875986,0,Optimization terminated successfully. (HiGHS Status 7: Optimal),6.66133814775e-16,0,0,0,0,0,0,0.256148366835,0,0.0868252768522,1.38777878078e-17,0,2.5.3,1.18.1,highs-ds,MODEL_CONTINGENT_RANK_TRANSPORT_BUDGET,False,False,False
rank_bridge_lp_v3,rank_transport_budget,epsilon_star_frontier,1,10,0.0868252768522,decile,8,transported_nta_positive_liability_rate,max,0.342759875986,0,Optimization terminated successfully. (HiGHS Status 7: Optimal),0,0,0,1.38777878078e-17,0,0,6.93889390391e-18,0.266919661885,0,0.0868252768522,1.38777878078e-17,0,2.5.3,1.18.1,highs-ds,MODEL_CONTINGENT_RANK_TRANSPORT_BUDGET,False,False,False
rank_bridge_lp_v3,rank_transport_budget,epsilon_star_frontier,1,10,0.0868252768522,decile,9,taxable_income_weighted_mean_MTR,min,0.179002869923,0,Optimization terminated successfully. (HiGHS Status 7: Optimal),4.4408920985e-16,0,0,0,0,0,6.93889390391e-18,0.22500852054,0,0.0868252768522,1.2490009027e-16,0,2.5.3,1.18.1,highs-ds,MODEL_CONTINGENT_RANK_TRANSPORT_BUDGET,False,False,False
rank_bridge_lp_v3,rank_transport_budget,epsilon_star_frontier,1,10,0.0868252768522,decile,9,taxable_income_weighted_mean_MTR,max,0.179002869923,0,Optimization terminated successfully. (HiGHS Status 7: Optimal),2.6645352591e-15,0,0,0,0,0,6.93889390391e-18,0.22500852054,0,0.0868252768522,1.38777878078e-17,0,2.5.3,1.18.1,highs-ds,MODEL_CONTINGENT_RANK_TRANSPORT_BUDGET,False,False,False
rank_bridge_lp_v3,rank_transport_budget,epsilon_star_frontier,1,10,0.0868252768522,decile,9,income_tax_liability_weighted_mean_MTR,min,0.196428390668,0,Optimization terminated successfully. (HiGHS Status 7: Optimal),3.77475828373e-15,0,0,0,0,0,6.93889390391e-18,0.22500852054,0,0.0868252768522,1.38777878078e-17,0,2.5.3,1.18.1,highs-ds,MODEL_CONTINGENT_RANK_TRANSPORT_BUDGET,False,False,False
rank_bridge_lp_v3,rank_transport_budget,epsilon_star_frontier,1,10,0.0868252768522,decile,9,income_tax_liability_weighted_mean_MTR,max,0.196428390668,0,Optimization terminated successfully. (HiGHS Status 7: Optimal),4.4408920985e-16,0,0,0,0,0,6.93889390391e-18,0.22500852054,0,0.0868252768522,1.2490009027e-16,0,2.5.3,1.18.1,highs-ds,MODEL_CONTINGENT_RANK_TRANSPORT_BUDGET,False,False,False
rank_bridge_lp_v3,rank_transport_budget,epsilon_star_frontier,1,10,0.0868252768522,decile,9,pseudo_filer_positive_tax_share,min,0.633608815427,0,Optimization terminated successfully. (HiGHS Status 7: Optimal),4.4408920985e-16,0,0,0,0,0,0,0.22500852054,0,0.0868252768522,1.38777878078e-17,0,2.5.3,1.18.1,highs-ds,MODEL_CONTINGENT_RANK_TRANSPORT_BUDGET,False,False,False
rank_bridge_lp_v3,rank_transport_budget,epsilon_star_frontier,1,10,0.0868252768522,decile,9,pseudo_filer_positive_tax_share,max,0.633608815427,0,Optimization terminated successfully. (HiGHS Status 7: Optimal),1.7763568394e-15,0,0,0,0,0,6.93889390391e-18,0.22500852054,0,0.0868252768522,1.38777878078e-17,0,2.5.3,1.18.1,highs-ds,MODEL_CONTINGENT_RANK_TRANSPORT_BUDGET,False,False,False
rank_bridge_lp_v3,rank_transport_budget,epsilon_star_frontier,1,10,0.0868252768522,decile,9,transported_nta_positive_liability_rate,min,0.546783538575,0,Optimization terminated successfully. (HiGHS Status 7: Optimal),6.66133814775e-16,0,0,0,0,0,0,0.386608015952,0,0.0868252768522,1.38777878078e-17,0,2.5.3,1.18.1,highs-ds,MODEL_CONTINGENT_RANK_TRANSPORT_BUDGET,False,False,False
rank_bridge_lp_v3,rank_transport_budget,epsilon_star_frontier,1,10,0.0868252768522,decile,9,transported_nta_positive_liability_rate,max,0.546783538575,0,Optimization terminated successfully. (HiGHS Status 7: Optimal),8.881784197e-16,0,0,1.38777878078e-17,1.38777878078e-17,0,0,0.336378575579,0,0.0868252768522,1.38777878078e-17,0,2.5.3,1.18.1,highs-ds,MODEL_CONTINGENT_RANK_TRANSPORT_BUDGET,False,False,False
rank_bridge_lp_v3,rank_transport_budget,epsilon_star_frontier,1,10,0.0868252768522,decile,10,taxable_income_weighted_mean_MTR,min,0.242809967122,0,Optimization terminated successfully. (HiGHS Status 7: Optimal),2.22044604925e-16,0,0,1.38777878078e-17,0,0,6.93889390391e-18,0.22500852054,0,0.0868252768522,1.38777878078e-17,0,2.5.3,1.18.1,highs-ds,MODEL_CONTINGENT_RANK_TRANSPORT_BUDGET,False,False,False
rank_bridge_lp_v3,rank_transport_budget,epsilon_star_frontier,1,10,0.0868252768522,decile,10,taxable_income_weighted_mean_MTR,max,0.242809967122,0,Optimization terminated successfully. (HiGHS Status 7: Optimal),2.22044604925e-16,0,0,1.38777878078e-17,0,0,6.93889390391e-18,0.22500852054,0,0.0868252768522,1.38777878078e-17,0,2.5.3,1.18.1,highs-ds,MODEL_CONTINGENT_RANK_TRANSPORT_BUDGET,False,False,False
rank_bridge_lp_v3,rank_transport_budget,epsilon_star_frontier,1,10,0.0868252768522,decile,10,income_tax_liability_weighted_mean_MTR,min,0.267186538276,0,Optimization terminated successfully. (HiGHS Status 7: Optimal),2.22044604925e-16,0,0,1.38777878078e-17,0,0,6.93889390391e-18,0.22500852054,0,0.0868252768522,1.38777878078e-17,0,2.5.3,1.18.1,highs-ds,MODEL_CONTINGENT_RANK_TRANSPORT_BUDGET,False,False,False
rank_bridge_lp_v3,rank_transport_budget,epsilon_star_frontier,1,10,0.0868252768522,decile,10,income_tax_liability_weighted_mean_MTR,max,0.267186538276,0,Optimization terminated successfully. (HiGHS Status 7: Optimal),2.22044604925e-16,0,0,1.38777878078e-17,0,0,6.93889390391e-18,0.22500852054,0,0.0868252768522,1.38777878078e-17,0,2.5.3,1.18.1,highs-ds,MODEL_CONTINGENT_RANK_TRANSPORT_BUDGET,False,False,False
rank_bridge_lp_v3,rank_transport_budget,epsilon_star_frontier,1,10,0.0868252768522,decile,10,pseudo_filer_positive_tax_share,min,0.668781725888,0,Optimization terminated successfully. (HiGHS Status 7: Optimal),4.4408920985e-16,0,0,0,0,0,0,0.22500852054,0,0.0868252768522,1.38777878078e-17,0,2.5.3,1.18.1,highs-ds,MODEL_CONTINGENT_RANK_TRANSPORT_BUDGET,False,False,False
rank_bridge_lp_v3,rank_transport_budget,epsilon_star_frontier,1,10,0.0868252768522,decile,10,pseudo_filer_positive_tax_share,max,0.668781725888,0,Optimization terminated successfully. (HiGHS Status 7: Optimal),2.22044604925e-16,0,0,1.38777878078e-17,0,0,6.93889390391e-18,0.22500852054,0,0.0868252768522,1.38777878078e-17,0,2.5.3,1.18.1,highs-ds,MODEL_CONTINGENT_RANK_TRANSPORT_BUDGET,False,False,False
rank_bridge_lp_v3,rank_transport_budget,epsilon_star_frontier,1,10,0.0868252768522,decile,10,transported_nta_positive_liability_rate,min,0.581956449036,0,Optimization terminated successfully. (HiGHS Status 7: Optimal),4.4408920985e-16,0,0,0,0,0,0,0.22500852054,0,0.0868252768522,1.38777878078e-17,0,2.5.3,1.18.1,highs-ds,MODEL_CONTINGENT_RANK_TRANSPORT_BUDGET,False,False,False
rank_bridge_lp_v3,rank_transport_budget,epsilon_star_frontier,1,10,0.0868252768522,decile,10,transported_nta_positive_liability_rate,max,0.581956449036,0,Optimization terminated successfully. (HiGHS Status 7: Optimal),2.22044604925e-16,0,0,0,1.38777878078e-17,0,3.46944695195e-18,0.486927122563,0,0.0868252768522,6.93889390391e-17,0,2.5.3,1.18.1,highs-ds,MODEL_CONTINGENT_RANK_TRANSPORT_BUDGET,False,False,False
rank_bridge_lp_v3,rank_transport_budget,epsilon_star_frontier,1,10,0.0868252768522,overall,,taxable_income_weighted_mean_MTR,min,0.108892198911,0,Optimization terminated successfully. (HiGHS Status 7: Optimal),8.881784197e-16,0,0,0,0,0,6.93889390391e-18,0.195097496772,0,0.0868252768522,1.38777878078e-17,0,2.5.3,1.18.1,highs-ds,MODEL_CONTINGENT_RANK_TRANSPORT_BUDGET,False,False,False
rank_bridge_lp_v3,rank_transport_budget,epsilon_star_frontier,1,10,0.0868252768522,overall,,taxable_income_weighted_mean_MTR,max,0.108892198911,0,Optimization terminated successfully. (HiGHS Status 7: Optimal),4.4408920985e-16,0,0,1.38777878078e-17,0,0,6.93889390391e-18,0.195097496772,0,0.0868252768522,1.38777878078e-17,0,2.5.3,1.18.1,highs-ds,MODEL_CONTINGENT_RANK_TRANSPORT_BUDGET,False,False,False
rank_bridge_lp_v3,rank_transport_budget,epsilon_star_frontier,1,10,0.0868252768522,overall,,income_tax_liability_weighted_mean_MTR,min,0.117712893177,0,Optimization terminated successfully. (HiGHS Status 7: Optimal),8.881784197e-16,0,0,0,0,0,6.93889390391e-18,0.195097496772,0,0.0868252768522,1.38777878078e-17,0,2.5.3,1.18.1,highs-ds,MODEL_CONTINGENT_RANK_TRANSPORT_BUDGET,False,False,False
rank_bridge_lp_v3,rank_transport_budget,epsilon_star_frontier,1,10,0.0868252768522,overall,,income_tax_liability_weighted_mean_MTR,max,0.117712893177,0,Optimization terminated successfully. (HiGHS Status 7: Optimal),4.4408920985e-16,0,0,1.38777878078e-17,0,0,6.93889390391e-18,0.195097496772,0,0.0868252768522,1.38777878078e-17,0,2.5.3,1.18.1,highs-ds,MODEL_CONTINGENT_RANK_TRANSPORT_BUDGET,False,False,False
rank_bridge_lp_v3,rank_transport_budget,epsilon_star_frontier,2,20,0.0868252768522,decile,1,taxable_income_weighted_mean_MTR,min,0.05,0,Optimization terminated successfully. (HiGHS Status 7: Optimal),4.4408920985e-16,0,0,0,0,0,0,0.22500852054,0,0.0868252768522,1.38777878078e-17,0,2.5.3,1.18.1,highs-ds,MODEL_CONTINGENT_RANK_TRANSPORT_BUDGET,False,False,False
rank_bridge_lp_v3,rank_transport_budget,epsilon_star_frontier,2,20,0.0868252768522,decile,1,taxable_income_weighted_mean_MTR,max,0.05,0,Optimization terminated successfully. (HiGHS Status 7: Optimal),4.4408920985e-16,0,0,0,0,0,0,0.22500852054,0,0.0868252768522,1.38777878078e-17,0,2.5.3,1.18.1,highs-ds,MODEL_CONTINGENT_RANK_TRANSPORT_BUDGET,False,False,False
rank_bridge_lp_v3,rank_transport_budget,epsilon_star_frontier,2,20,0.0868252768522,decile,1,income_tax_liability_weighted_mean_MTR,min,0.05,0,Optimization terminated successfully. (HiGHS Status 7: Optimal),4.4408920985e-16,0,0,0,0,0,0,0.22500852054,0,0.0868252768522,1.38777878078e-17,0,2.5.3,1.18.1,highs-ds,MODEL_CONTINGENT_RANK_TRANSPORT_BUDGET,False,False,False
rank_bridge_lp_v3,rank_transport_budget,epsilon_star_frontier,2,20,0.0868252768522,decile,1,income_tax_liability_weighted_mean_MTR,max,0.05,0,Optimization terminated successfully. (HiGHS Status 7: Optimal),4.4408920985e-16,0,0,0,0,0,0,0.22500852054,0,0.0868252768522,1.38777878078e-17,0,2.5.3,1.18.1,highs-ds,MODEL_CONTINGENT_RANK_TRANSPORT_BUDGET,False,False,False
rank_bridge_lp_v3,rank_transport_budget,epsilon_star_frontier,2,20,0.0868252768522,decile,1,pseudo_filer_positive_tax_share,min,0.0854779411765,0,Optimization terminated successfully. (HiGHS Status 7: Optimal),4.4408920985e-16,0,0,0,0,0,0,0.22500852054,0,0.0868252768522,1.38777878078e-17,0,2.5.3,1.18.1,highs-ds,MODEL_CONTINGENT_RANK_TRANSPORT_BUDGET,False,False,False
rank_bridge_lp_v3,rank_transport_budget,epsilon_star_frontier,2,20,0.0868252768522,decile,1,pseudo_filer_positive_tax_share,max,0.0868252768522,0,Optimization terminated successfully. (HiGHS Status 7: Optimal),0,0,0,0,1.38777878078e-17,0,1.73472347598e-17,0.22500852054,0,0.0868252768522,1.38777878078e-17,0,2.5.3,1.18.1,highs-ds,MODEL_CONTINGENT_RANK_TRANSPORT_BUDGET,False,False,False
rank_bridge_lp_v3,rank_transport_budget,epsilon_star_frontier,2,20,0.0868252768522,decile,1,transported_nta_positive_liability_rate,min,0,0,Optimization terminated successfully. (HiGHS Status 7: Optimal),4.4408920985e-16,0,0,0,0,0,0,0.22500852054,0,0.0868252768522,1.38777878078e-17,0,2.5.3,1.18.1,highs-ds,MODEL_CONTINGENT_RANK_TRANSPORT_BUDGET,False,False,False
rank_bridge_lp_v3,rank_transport_budget,epsilon_star_frontier,2,20,0.0868252768522,decile,1,transported_nta_positive_liability_rate,max,0,0,Optimization terminated successfully. (HiGHS Status 7: Optimal),0,0,0,0,0,0,1.72388145425e-17,0.22500852054,0,0.0868252768522,1.38777878078e-17,0,2.5.3,1.18.1,highs-ds,MODEL_CONTINGENT_RANK_TRANSPORT_BUDGET,False,False,False
rank_bridge_lp_v3,rank_transport_budget,epsilon_star_frontier,2,20,0.0868252768522,decile,2,taxable_income_weighted_mean_MTR,min,0.05,0,Optimization terminated successfully. (HiGHS Status 7: Optimal),4.4408920985e-16,0,0,0,1.38777878078e-17,0,0,0.231930390516,0,0.0868252768522,1.38777878078e-17,0,2.5.3,1.18.1,highs-ds,MODEL_CONTINGENT_RANK_TRANSPORT_BUDGET,False,False,False
rank_bridge_lp_v3,rank_transport_budget,epsilon_star_frontier,2,20,0.0868252768522,decile,2,taxable_income_weighted_mean_MTR,max,0.05,0,Optimization terminated successfully. (HiGHS Status 7: Optimal),4.4408920985e-16,0,0,0,1.38777878078e-17,0,0,0.231930390516,0,0.0868252768522,1.38777878078e-17,0,2.5.3,1.18.1,highs-ds,MODEL_CONTINGENT_RANK_TRANSPORT_BUDGET,False,False,False
rank_bridge_lp_v3,rank_transport_budget,epsilon_star_frontier,2,20,0.0868252768522,decile,2,income_tax_liability_weighted_mean_MTR,min,0.05,0,Optimization terminated successfully. (HiGHS Status 7: Optimal),4.4408920985e-16,0,0,0,1.38777878078e-17,0,0,0.231930390516,0,0.0868252768522,1.38777878078e-17,0,2.5.3,1.18.1,highs-ds,MODEL_CONTINGENT_RANK_TRANSPORT_BUDGET,False,False,False
rank_bridge_lp_v3,rank_transport_budget,epsilon_star_frontier,2,20,0.0868252768522,decile,2,income_tax_liability_weighted_mean_MTR,max,0.05,0,Optimization terminated successfully. (HiGHS Status 7: Optimal),4.4408920985e-16,0,0,0,1.38777878078e-17,0,0,0.231930390516,0,0.0868252768522,1.38777878078e-17,0,2.5.3,1.18.1,highs-ds,MODEL_CONTINGENT_RANK_TRANSPORT_BUDGET,False,False,False
rank_bridge_lp_v3,rank_transport_budget,epsilon_star_frontier,2,20,0.0868252768522,decile,2,pseudo_filer_positive_tax_share,min,0.14409221902,0,Optimization terminated successfully. (HiGHS Status 7: Optimal),4.4408920985e-16,0,0,0,0,0,0,0.22500852054,0,0.0868252768522,1.38777878078e-17,0,2.5.3,1.18.1,highs-ds,MODEL_CONTINGENT_RANK_TRANSPORT_BUDGET,False,False,False
rank_bridge_lp_v3,rank_transport_budget,epsilon_star_frontier,2,20,0.0868252768522,decile,2,pseudo_filer_positive_tax_share,max,0.14409221902,0,Optimization terminated successfully. (HiGHS Status 7: Optimal),7.77156117238e-16,0,0,0,0,0,0,0.22500852054,0,0.0868252768522,1.38777878078e-17,0,2.5.3,1.18.1,highs-ds,MODEL_CONTINGENT_RANK_TRANSPORT_BUDGET,False,False,False
rank_bridge_lp_v3,rank_transport_budget,epsilon_star_frontier,2,20,0.0868252768522,decile,2,transported_nta_positive_liability_rate,min,0.0572669421678,0,Optimization terminated successfully. (HiGHS Status 7: Optimal),4.4408920985e-16,0,0,0,0,0,0,0.22500852054,0,0.0868252768522,1.38777878078e-17,0,2.5.3,1.18.1,highs-ds,MODEL_CONTINGENT_RANK_TRANSPORT_BUDGET,False,False,False
rank_bridge_lp_v3,rank_transport_budget,epsilon_star_frontier,2,20,0.0868252768522,decile,2,transported_nta_positive_liability_rate,max,0.0572669421678,0,Optimization terminated successfully. (HiGHS Status 7: Optimal),0,0,0,0,0,0,0,0.178177724872,0,0.0868252768522,1.38777878078e-17,0,2.5.3,1.18.1,highs-ds,MODEL_CONTINGENT_RANK_TRANSPORT_BUDGET,False,False,False
rank_bridge_lp_v3,rank_transport_budget,epsilon_star_frontier,2,20,0.0868252768522,decile,3,taxable_income_weighted_mean_MTR,min,0.05,0,Optimization terminated successfully. (HiGHS Status 7: Optimal),4.4408920985e-16,0,0,0,0,0,0,0.22500852054,0,0.0868252768522,1.38777878078e-17,0,2.5.3,1.18.1,highs-ds,MODEL_CONTINGENT_RANK_TRANSPORT_BUDGET,False,False,False
rank_bridge_lp_v3,rank_transport_budget,epsilon_star_frontier,2,20,0.0868252768522,decile,3,taxable_income_weighted_mean_MTR,max,0.05,0,Optimization terminated successfully. (HiGHS Status 7: Optimal),4.4408920985e-16,0,0,0,0,0,0,0.22500852054,0,0.0868252768522,1.38777878078e-17,0,2.5.3,1.18.1,highs-ds,MODEL_CONTINGENT_RANK_TRANSPORT_BUDGET,False,False,False
rank_bridge_lp_v3,rank_transport_budget,epsilon_star_frontier,2,20,0.0868252768522,decile,3,income_tax_liability_weighted_mean_MTR,min,0.05,0,Optimization terminated successfully. (HiGHS Status 7: Optimal),4.4408920985e-16,0,0,0,0,0,0,0.22500852054,0,0.0868252768522,1.38777878078e-17,0,2.5.3,1.18.1,highs-ds,MODEL_CONTINGENT_RANK_TRANSPORT_BUDGET,False,False,False
rank_bridge_lp_v3,rank_transport_budget,epsilon_star_frontier,2,20,0.0868252768522,decile,3,income_tax_liability_weighted_mean_MTR,max,0.05,0,Optimization terminated successfully. (HiGHS Status 7: Optimal),4.4408920985e-16,0,0,0,0,0,0,0.22500852054,0,0.0868252768522,1.38777878078e-17,0,2.5.3,1.18.1,highs-ds,MODEL_CONTINGENT_RANK_TRANSPORT_BUDGET,False,False,False
rank_bridge_lp_v3,rank_transport_budget,epsilon_star_frontier,2,20,0.0868252768522,decile,3,pseudo_filer_positive_tax_share,min,0.156598513011,0,Optimization terminated successfully. (HiGHS Status 7: Optimal),4.4408920985e-16,0,0,0,0,0,0,0.22500852054,0,0.0868252768522,1.38777878078e-17,0,2.5.3,1.18.1,highs-ds,MODEL_CONTINGENT_RANK_TRANSPORT_BUDGET,False,False,False
rank_bridge_lp_v3,rank_transport_budget,epsilon_star_frontier,2,20,0.0868252768522,decile,3,pseudo_filer_positive_tax_share,max,0.156598513011,0,Optimization terminated successfully. (HiGHS Status 7: Optimal),3.33066907388e-16,0,0,0,1.38777878078e-17,0,6.93889390391e-18,0.22500852054,0,0.0868252768522,1.38777878078e-17,0,2.5.3,1.18.1,highs-ds,MODEL_CONTINGENT_RANK_TRANSPORT_BUDGET,False,False,False
rank_bridge_lp_v3,rank_transport_budget,epsilon_star_frontier,2,20,0.0868252768522,decile,3,transported_nta_positive_liability_rate,min,0.0697732361588,0,Optimization terminated successfully. (HiGHS Status 7: Optimal),6.66133814775e-16,0,0,0,0,0,0,0.227997473168,0,0.0868252768522,1.38777878078e-17,0,2.5.3,1.18.1,highs-ds,MODEL_CONTINGENT_RANK_TRANSPORT_BUDGET,False,False,False
rank_bridge_lp_v3,rank_transport_budget,epsilon_star_frontier,2,20,0.0868252768522,decile,3,transported_nta_positive_liability_rate,max,0.0697732361588,0,Optimization terminated successfully. (HiGHS Status 7: Optimal),0,0,0,0,0,0,6.93889390391e-18,0.221956036372,0,0.0868252768522,1.38777878078e-17,0,2.5.3,1.18.1,highs-ds,MODEL_CONTINGENT_RANK_TRANSPORT_BUDGET,False,False,False
rank_bridge_lp_v3,rank_transport_budget,epsilon_star_frontier,2,20,0.0868252768522,decile,4,taxable_income_weighted_mean_MTR,min,0.05,0,Optimization terminated successfully. (HiGHS Status 7: Optimal),4.4408920985e-16,0,0,0,0,0,0,0.22500852054,0,0.0868252768522,1.38777878078e-17,0,2.5.3,1.18.1,highs-ds,MODEL_CONTINGENT_RANK_TRANSPORT_BUDGET,False,False,False
rank_bridge_lp_v3,rank_transport_budget,epsilon_star_frontier,2,20,0.0868252768522,decile,4,taxable_income_weighted_mean_MTR,max,0.05,0,Optimization terminated successfully. (HiGHS Status 7: Optimal),1.11022302463e-15,0,0,0,1.38777878078e-17,0,6.93889390391e-18,0.22500852054,0,0.0868252768522,4.16333634234e-17,0,2.5.3,1.18.1,highs-ds,MODEL_CONTINGENT_RANK_TRANSPORT_BUDGET,False,False,False
rank_bridge_lp_v3,rank_transport_budget,epsilon_star_frontier,2,20,0.0868252768522,decile,4,income_tax_liability_weighted_mean_MTR,min,0.05,0,Optimization terminated successfully. (HiGHS Status 7: Optimal),4.4408920985e-16,0,0,0,0,0,0,0.22500852054,0,0.0868252768522,1.38777878078e-17,0,2.5.3,1.18.1,highs-ds,MODEL_CONTINGENT_RANK_TRANSPORT_BUDGET,False,False,False
rank_bridge_lp_v3,rank_transport_budget,epsilon_star_frontier,2,20,0.0868252768522,decile,4,income_tax_liability_weighted_mean_MTR,max,0.05,0,Optimization terminated successfully. (HiGHS Status 7: Optimal),1.11022302463e-15,0,0,0,1.38777878078e-17,0,6.93889390391e-18,0.22500852054,0,0.0868252768522,4.16333634234e-17,0,2.5.3,1.18.1,highs-ds,MODEL_CONTINGENT_RANK_TRANSPORT_BUDGET,False,False,False
rank_bridge_lp_v3,rank_transport_budget,epsilon_star_frontier,2,20,0.0868252768522,decile,4,pseudo_filer_positive_tax_share,min,0.190499272904,0,Optimization terminated successfully. (HiGHS Status 7: Optimal),4.4408920985e-16,0,0,0,0,0,0,0.22500852054,0,0.0868252768522,1.38777878078e-17,0,2.5.3,1.18.1,highs-ds,MODEL_CONTINGENT_RANK_TRANSPORT_BUDGET,False,False,False
rank_bridge_lp_v3,rank_transport_budget,epsilon_star_frontier,2,20,0.0868252768522,decile,4,pseudo_filer_positive_tax_share,max,0.190499272904,0,Optimization terminated successfully. (HiGHS Status 7: Optimal),5.55111512313e-16,0,0,0,1.38777878078e-17,0,6.93889390391e-18,0.22500852054,0,0.0868252768522,1.38777878078e-17,0,2.5.3,1.18.1,highs-ds,MODEL_CONTINGENT_RANK_TRANSPORT_BUDGET,False,False,False
rank_bridge_lp_v3,rank_transport_budget,epsilon_star_frontier,2,20,0.0868252768522,decile,4,transported_nta_positive_liability_rate,min,0.103673996052,0,Optimization terminated successfully. (HiGHS Status 7: Optimal),6.66133814775e-16,0,0,0,0,0,0,0.227997473168,0,0.0868252768522,1.38777878078e-17,0,2.5.3,1.18.1,highs-ds,MODEL_CONTINGENT_RANK_TRANSPORT_BUDGET,False,False,False
rank_bridge_lp_v3,rank_transport_budget,epsilon_star_frontier,2,20,0.0868252768522,decile,4,transported_nta_positive_liability_rate,max,0.103673996052,0,Optimization terminated successfully. (HiGHS Status 7: Optimal),0,0,0,0,0,0,0,0.276300684998,0,0.0868252768522,1.38777878078e-17,0,2.5.3,1.18.1,highs-ds,MODEL_CONTINGENT_RANK_TRANSPORT_BUDGET,False,False,False
rank_bridge_lp_v3,rank_transport_budget,epsilon_star_frontier,2,20,0.0868252768522,decile,5,taxable_income_weighted_mean_MTR,min,0.059849071214,0,Optimization terminated successfully. (HiGHS Status 7: Optimal),2.22044604925e-15,0,0,0,0,0,0,0.254762090214,0,0.0868252768522,1.38777878078e-17,0,2.5.3,1.18.1,highs-ds,MODEL_CONTINGENT_RANK_TRANSPORT_BUDGET,False,False,False
rank_bridge_lp_v3,rank_transport_budget,epsilon_star_frontier,2,20,0.0868252768522,decile,5,taxable_income_weighted_mean_MTR,max,0.059849071214,0,Optimization terminated successfully. (HiGHS Status 7: Optimal),1.11022302463e-15,0,0,0,0,0,0,0.254762090214,0,0.0868252768522,1.38777878078e-17,0,2.5.3,1.18.1,highs-ds,MODEL_CONTINGENT_RANK_TRANSPORT_BUDGET,False,False,False
rank_bridge_lp_v3,rank_transport_budget,epsilon_star_frontier,2,20,0.0868252768522,decile,5,income_tax_liability_weighted_mean_MTR,min,0.0620640347482,0,Optimization terminated successfully. (HiGHS Status 7: Optimal),2.22044604925e-15,0,0,0,0,0,0,0.254762090214,0,0.0868252768522,1.38777878078e-17,0,2.5.3,1.18.1,highs-ds,MODEL_CONTINGENT_RANK_TRANSPORT_BUDGET,False,False,False
rank_bridge_lp_v3,rank_transport_budget,epsilon_star_frontier,2,20,0.0868252768522,decile,5,income_tax_liability_weighted_mean_MTR,max,0.0620640347482,0,Optimization terminated successfully. (HiGHS Status 7: Optimal),1.11022302463e-15,0,0,0,0,0,0,0.254762090214,0,0.0868252768522,1.38777878078e-17,0,2.5.3,1.18.1,highs-ds,MODEL_CONTINGENT_RANK_TRANSPORT_BUDGET,False,False,False
rank_bridge_lp_v3,rank_transport_budget,epsilon_star_frontier,2,20,0.0868252768522,decile,5,pseudo_filer_positive_tax_share,min,0.213769860376,0,Optimization terminated successfully. (HiGHS Status 7: Optimal),4.4408920985e-16,0,0,0,0,0,0,0.22500852054,0,0.0868252768522,1.38777878078e-17,0,2.5.3,1.18.1,highs-ds,MODEL_CONTINGENT_RANK_TRANSPORT_BUDGET,False,False,False
rank_bridge_lp_v3,rank_transport_budget,epsilon_star_frontier,2,20,0.0868252768522,decile,5,pseudo_filer_positive_tax_share,max,0.213769860376,0,Optimization terminated successfully. (HiGHS Status 7: Optimal),8.881784197e-16,0,0,0,0,0,6.93889390391e-18,0.22500852054,0,0.0868252768522,4.16333634234e-17,0,2.5.3,1.18.1,highs-ds,MODEL_CONTINGENT_RANK_TRANSPORT_BUDGET,False,False,False
rank_bridge_lp_v3,rank_transport_budget,epsilon_star_frontier,2,20,0.0868252768522,decile,5,transported_nta_positive_liability_rate,min,0.126944583524,0,Optimization terminated successfully. (HiGHS Status 7: Optimal),6.66133814775e-16,0,0,0,1.38777878078e-17,0,0,0.295375727255,0,0.0868252768522,1.38777878078e-17,0,2.5.3,1.18.1,highs-ds,MODEL_CONTINGENT_RANK_TRANSPORT_BUDGET,False,False,False
rank_bridge_lp_v3,rank_transport_budget,epsilon_star_frontier,2,20,0.0868252768522,decile,5,transported_nta_positive_liability_rate,max,0.126944583524,0,Optimization terminated successfully. (HiGHS Status 7: Optimal),0,0,0,2.77555756156e-17,1.38777878078e-17,0,8.67361737988e-19,0.262381163594,0,0.0868252768522,1.38777878078e-17,0,2.5.3,1.18.1,highs-ds,MODEL_CONTINGENT_RANK_TRANSPORT_BUDGET,False,False,False
rank_bridge_lp_v3,rank_transport_budget,epsilon_star_frontier,2,20,0.0868252768522,decile,6,taxable_income_weighted_mean_MTR,min,0.102954442372,0,Optimization terminated successfully. (HiGHS Status 7: Optimal),1.66533453694e-15,0,0,0,0,0,6.93889390391e-18,0.22500852054,0,0.0868252768522,1.38777878078e-17,0,2.5.3,1.18.1,highs-ds,MODEL_CONTINGENT_RANK_TRANSPORT_BUDGET,False,False,False
rank_bridge_lp_v3,rank_transport_budget,epsilon_star_frontier,2,20,0.0868252768522,decile,6,taxable_income_weighted_mean_MTR,max,0.102954442372,0,Optimization terminated successfully. (HiGHS Status 7: Optimal),6.66133814775e-16,0,0,0,0,0,6.93889390391e-18,0.22500852054,0,0.0868252768522,1.38777878078e-17,0,2.5.3,1.18.1,highs-ds,MODEL_CONTINGENT_RANK_TRANSPORT_BUDGET,False,False,False
rank_bridge_lp_v3,rank_transport_budget,epsilon_star_frontier,2,20,0.0868252768522,decile,6,income_tax_liability_weighted_mean_MTR,min,0.115616413308,0,Optimization terminated successfully. (HiGHS Status 7: Optimal),1.66533453694e-15,0,0,0,0,0,6.93889390391e-18,0.22500852054,0,0.0868252768522,1.38777878078e-17,0,2.5.3,1.18.1,highs-ds,MODEL_CONTINGENT_RANK_TRANSPORT_BUDGET,False,False,False
rank_bridge_lp_v3,rank_transport_budget,epsilon_star_frontier,2,20,0.0868252768522,decile,6,income_tax_liability_weighted_mean_MTR,max,0.115616413308,0,Optimization terminated successfully. (HiGHS Status 7: Optimal),6.66133814775e-16,0,0,0,0,0,6.93889390391e-18,0.22500852054,0,0.0868252768522,1.38777878078e-17,0,2.5.3,1.18.1,highs-ds,MODEL_CONTINGENT_RANK_TRANSPORT_BUDGET,False,False,False
rank_bridge_lp_v3,rank_transport_budget,epsilon_star_frontier,2,20,0.0868252768522,decile,6,pseudo_filer_positive_tax_share,min,0.235387045814,0,Optimization terminated successfully. (HiGHS Status 7: Optimal),4.4408920985e-16,0,0,0,0,0,0,0.22500852054,0,0.0868252768522,1.38777878078e-17,0,2.5.3,1.18.1,highs-ds,MODEL_CONTINGENT_RANK_TRANSPORT_BUDGET,False,False,False
rank_bridge_lp_v3,rank_transport_budget,epsilon_star_frontier,2,20,0.0868252768522,decile,6,pseudo_filer_positive_tax_share,max,0.235387045814,0,Optimization terminated successfully. (HiGHS Status 7: Optimal),1.22124532709e-15,0,0,0,0,0,6.93889390391e-18,0.22500852054,0,0.0868252768522,1.38777878078e-17,0,2.5.3,1.18.1,highs-ds,MODEL_CONTINGENT_RANK_TRANSPORT_BUDGET,False,False,False
rank_bridge_lp_v3,rank_transport_budget,epsilon_star_frontier,2,20,0.0868252768522,decile,6,transported_nta_positive_liability_rate,min,0.148561768962,0,Optimization terminated successfully. (HiGHS Status 7: Optimal),8.881784197e-16,0,0,2.77555756156e-17,2.77555756156e-17,0,8.67361737988e-19,0.240012225175,0,0.0868252768522,1.38777878078e-17,0,2.5.3,1.18.1,highs-ds,MODEL_CONTINGENT_RANK_TRANSPORT_BUDGET,False,False,False
rank_bridge_lp_v3,rank_transport_budget,epsilon_star_frontier,2,20,0.0868252768522,decile,6,transported_nta_positive_liability_rate,max,0.148561768962,0,Optimization terminated successfully. (HiGHS Status 7: Optimal),0,0,0,0,0,0,6.93889390391e-18,0.227997473168,0,0.0868252768522,1.38777878078e-17,0,2.5.3,1.18.1,highs-ds,MODEL_CONTINGENT_RANK_TRANSPORT_BUDGET,False,False,False
rank_bridge_lp_v3,rank_transport_budget,epsilon_star_frontier,2,20,0.0868252768522,decile,7,taxable_income_weighted_mean_MTR,min,0.155146869469,0,Optimization terminated successfully. (HiGHS Status 7: Optimal),4.4408920985e-16,0,0,0,0,0,0,0.22500852054,0,0.0868252768522,1.38777878078e-17,0,2.5.3,1.18.1,highs-ds,MODEL_CONTINGENT_RANK_TRANSPORT_BUDGET,False,False,False
rank_bridge_lp_v3,rank_transport_budget,epsilon_star_frontier,2,20,0.0868252768522,decile,7,taxable_income_weighted_mean_MTR,max,0.155146869469,0,Optimization terminated successfully. (HiGHS Status 7: Optimal),4.4408920985e-16,0,0,0,0,0,0,0.22500852054,0,0.0868252768522,1.38777878078e-17,0,2.5.3,1.18.1,highs-ds,MODEL_CONTINGENT_RANK_TRANSPORT_BUDGET,False,False,False
rank_bridge_lp_v3,rank_transport_budget,epsilon_star_frontier,2,20,0.0868252768522,decile,7,income_tax_liability_weighted_mean_MTR,min,0.167464852583,0,Optimization terminated successfully. (HiGHS Status 7: Optimal),4.4408920985e-16,0,0,0,0,0,0,0.22500852054,0,0.0868252768522,1.38777878078e-17,0,2.5.3,1.18.1,highs-ds,MODEL_CONTINGENT_RANK_TRANSPORT_BUDGET,False,False,False
rank_bridge_lp_v3,rank_transport_budget,epsilon_star_frontier,2,20,0.0868252768522,decile,7,income_tax_liability_weighted_mean_MTR,max,0.167464852583,0,Optimization terminated successfully. (HiGHS Status 7: Optimal),4.4408920985e-16,0,0,0,0,0,0,0.22500852054,0,0.0868252768522,1.38777878078e-17,0,2.5.3,1.18.1,highs-ds,MODEL_CONTINGENT_RANK_TRANSPORT_BUDGET,False,False,False
rank_bridge_lp_v3,rank_transport_budget,epsilon_star_frontier,2,20,0.0868252768522,decile,7,pseudo_filer_positive_tax_share,min,0.317057704502,0,Optimization terminated successfully. (HiGHS Status 7: Optimal),2.22044604925e-16,0,0,1.38777878078e-17,0,0,6.93889390391e-18,0.22500852054,0,0.0868252768522,1.38777878078e-17,0,2.5.3,1.18.1,highs-ds,MODEL_CONTINGENT_RANK_TRANSPORT_BUDGET,False,False,False
rank_bridge_lp_v3,rank_transport_budget,epsilon_star_frontier,2,20,0.0868252768522,decile,7,pseudo_filer_positive_tax_share,max,0.317057704502,0,Optimization terminated successfully. (HiGHS Status 7: Optimal),4.4408920985e-16,0,0,0,0,0,0,0.22500852054,0,0.0868252768522,1.38777878078e-17,0,2.5.3,1.18.1,highs-ds,MODEL_CONTINGENT_RANK_TRANSPORT_BUDGET,False,False,False
rank_bridge_lp_v3,rank_transport_budget,epsilon_star_frontier,2,20,0.0868252768522,decile,7,transported_nta_positive_liability_rate,min,0.23023242765,0,Optimization terminated successfully. (HiGHS Status 7: Optimal),4.4408920985e-16,0,0,0,0,0,0,0.227997473168,0,0.0868252768522,6.93889390391e-17,0,2.5.3,1.18.1,highs-ds,MODEL_CONTINGENT_RANK_TRANSPORT_BUDGET,False,False,False
rank_bridge_lp_v3,rank_transport_budget,epsilon_star_frontier,2,20,0.0868252768522,decile,7,transported_nta_positive_liability_rate,max,0.23023242765,0,Optimization terminated successfully. (HiGHS Status 7: Optimal),4.4408920985e-16,0,0,0,0,0,0,0.22500852054,0,0.0868252768522,1.38777878078e-17,0,2.5.3,1.18.1,highs-ds,MODEL_CONTINGENT_RANK_TRANSPORT_BUDGET,False,False,False
rank_bridge_lp_v3,rank_transport_budget,epsilon_star_frontier,2,20,0.0868252768522,decile,8,taxable_income_weighted_mean_MTR,min,0.149158769008,0,Optimization terminated successfully. (HiGHS Status 7: Optimal),5.55111512313e-16,0,0,0,0,0,6.93889390391e-18,0.22500852054,0,0.0868252768522,1.38777878078e-17,0,2.5.3,1.18.1,highs-ds,MODEL_CONTINGENT_RANK_TRANSPORT_BUDGET,False,False,False
rank_bridge_lp_v3,rank_transport_budget,epsilon_star_frontier,2,20,0.0868252768522,decile,8,taxable_income_weighted_mean_MTR,max,0.149158769008,0,Optimization terminated successfully. (HiGHS Status 7: Optimal),4.4408920985e-16,0,0,0,0,0,6.93889390391e-18,0.22500852054,0,0.0868252768522,1.38777878078e-17,0,2.5.3,1.18.1,highs-ds,MODEL_CONTINGENT_RANK_TRANSPORT_BUDGET,False,False,False
rank_bridge_lp_v3,rank_transport_budget,epsilon_star_frontier,2,20,0.0868252768522,decile,8,income_tax_liability_weighted_mean_MTR,min,0.168368702182,0,Optimization terminated successfully. (HiGHS Status 7: Optimal),5.55111512313e-16,0,0,0,0,0,6.93889390391e-18,0.22500852054,0,0.0868252768522,1.38777878078e-17,0,2.5.3,1.18.1,highs-ds,MODEL_CONTINGENT_RANK_TRANSPORT_BUDGET,False,False,False
rank_bridge_lp_v3,rank_transport_budget,epsilon_star_frontier,2,20,0.0868252768522,decile,8,income_tax_liability_weighted_mean_MTR,max,0.168368702182,0,Optimization terminated successfully. (HiGHS Status 7: Optimal),4.4408920985e-16,0,0,0,0,0,6.93889390391e-18,0.22500852054,0,0.0868252768522,1.38777878078e-17,0,2.5.3,1.18.1,highs-ds,MODEL_CONTINGENT_RANK_TRANSPORT_BUDGET,False,False,False
rank_bridge_lp_v3,rank_transport_budget,epsilon_star_frontier,2,20,0.0868252768522,decile,8,pseudo_filer_positive_tax_share,min,0.429585152838,0,Optimization terminated successfully. (HiGHS Status 7: Optimal),4.4408920985e-16,0,0,0,0,0,0,0.22500852054,0,0.0868252768522,1.38777878078e-17,0,2.5.3,1.18.1,highs-ds,MODEL_CONTINGENT_RANK_TRANSPORT_BUDGET,False,False,False
rank_bridge_lp_v3,rank_transport_budget,epsilon_star_frontier,2,20,0.0868252768522,decile,8,pseudo_filer_positive_tax_share,max,0.429585152838,0,Optimization terminated successfully. (HiGHS Status 7: Optimal),5.55111512313e-16,0,0,0,0,0,6.93889390391e-18,0.22500852054,0,0.0868252768522,1.38777878078e-17,0,2.5.3,1.18.1,highs-ds,MODEL_CONTINGENT_RANK_TRANSPORT_BUDGET,False,False,False
rank_bridge_lp_v3,rank_transport_budget,epsilon_star_frontier,2,20,0.0868252768522,decile,8,transported_nta_positive_liability_rate,min,0.342759875986,0,Optimization terminated successfully. (HiGHS Status 7: Optimal),6.66133814775e-16,0,0,0,0,0,0,0.256148366835,0,0.0868252768522,1.38777878078e-17,0,2.5.3,1.18.1,highs-ds,MODEL_CONTINGENT_RANK_TRANSPORT_BUDGET,False,False,False
rank_bridge_lp_v3,rank_transport_budget,epsilon_star_frontier,2,20,0.0868252768522,decile,8,transported_nta_positive_liability_rate,max,0.342759875986,0,Optimization terminated successfully. (HiGHS Status 7: Optimal),0,0,0,1.38777878078e-17,0,0,6.93889390391e-18,0.266919661885,0,0.0868252768522,1.38777878078e-17,0,2.5.3,1.18.1,highs-ds,MODEL_CONTINGENT_RANK_TRANSPORT_BUDGET,False,False,False
rank_bridge_lp_v3,rank_transport_budget,epsilon_star_frontier,2,20,0.0868252768522,decile,9,taxable_income_weighted_mean_MTR,min,0.179002869923,0,Optimization terminated successfully. (HiGHS Status 7: Optimal),4.4408920985e-16,0,0,0,0,0,6.93889390391e-18,0.22500852054,0,0.0868252768522,1.2490009027e-16,0,2.5.3,1.18.1,highs-ds,MODEL_CONTINGENT_RANK_TRANSPORT_BUDGET,False,False,False
rank_bridge_lp_v3,rank_transport_budget,epsilon_star_frontier,2,20,0.0868252768522,decile,9,taxable_income_weighted_mean_MTR,max,0.179002869923,0,Optimization terminated successfully. (HiGHS Status 7: Optimal),2.6645352591e-15,0,0,0,0,0,6.93889390391e-18,0.22500852054,0,0.0868252768522,1.38777878078e-17,0,2.5.3,1.18.1,highs-ds,MODEL_CONTINGENT_RANK_TRANSPORT_BUDGET,False,False,False
rank_bridge_lp_v3,rank_transport_budget,epsilon_star_frontier,2,20,0.0868252768522,decile,9,income_tax_liability_weighted_mean_MTR,min,0.196428390668,0,Optimization terminated successfully. (HiGHS Status 7: Optimal),3.77475828373e-15,0,0,0,0,0,6.93889390391e-18,0.22500852054,0,0.0868252768522,1.38777878078e-17,0,2.5.3,1.18.1,highs-ds,MODEL_CONTINGENT_RANK_TRANSPORT_BUDGET,False,False,False
rank_bridge_lp_v3,rank_transport_budget,epsilon_star_frontier,2,20,0.0868252768522,decile,9,income_tax_liability_weighted_mean_MTR,max,0.196428390668,0,Optimization terminated successfully. (HiGHS Status 7: Optimal),4.4408920985e-16,0,0,0,0,0,6.93889390391e-18,0.22500852054,0,0.0868252768522,1.2490009027e-16,0,2.5.3,1.18.1,highs-ds,MODEL_CONTINGENT_RANK_TRANSPORT_BUDGET,False,False,False
rank_bridge_lp_v3,rank_transport_budget,epsilon_star_frontier,2,20,0.0868252768522,decile,9,pseudo_filer_positive_tax_share,min,0.633608815427,0,Optimization terminated successfully. (HiGHS Status 7: Optimal),4.4408920985e-16,0,0,0,0,0,0,0.22500852054,0,0.0868252768522,1.38777878078e-17,0,2.5.3,1.18.1,highs-ds,MODEL_CONTINGENT_RANK_TRANSPORT_BUDGET,False,False,False
rank_bridge_lp_v3,rank_transport_budget,epsilon_star_frontier,2,20,0.0868252768522,decile,9,pseudo_filer_positive_tax_share,max,0.633608815427,0,Optimization terminated successfully. (HiGHS Status 7: Optimal),1.7763568394e-15,0,0,0,0,0,6.93889390391e-18,0.22500852054,0,0.0868252768522,1.38777878078e-17,0,2.5.3,1.18.1,highs-ds,MODEL_CONTINGENT_RANK_TRANSPORT_BUDGET,False,False,False
rank_bridge_lp_v3,rank_transport_budget,epsilon_star_frontier,2,20,0.0868252768522,decile,9,transported_nta_positive_liability_rate,min,0.546783538575,0,Optimization terminated successfully. (HiGHS Status 7: Optimal),6.66133814775e-16,0,0,0,0,0,0,0.386608015952,0,0.0868252768522,1.38777878078e-17,0,2.5.3,1.18.1,highs-ds,MODEL_CONTINGENT_RANK_TRANSPORT_BUDGET,False,False,False
rank_bridge_lp_v3,rank_transport_budget,epsilon_star_frontier,2,20,0.0868252768522,decile,9,transported_nta_positive_liability_rate,max,0.546783538575,0,Optimization terminated successfully. (HiGHS Status 7: Optimal),8.881784197e-16,0,0,1.38777878078e-17,1.38777878078e-17,0,0,0.336378575579,0,0.0868252768522,1.38777878078e-17,0,2.5.3,1.18.1,highs-ds,MODEL_CONTINGENT_RANK_TRANSPORT_BUDGET,False,False,False
rank_bridge_lp_v3,rank_transport_budget,epsilon_star_frontier,2,20,0.0868252768522,decile,10,taxable_income_weighted_mean_MTR,min,0.242809967122,0,Optimization terminated successfully. (HiGHS Status 7: Optimal),2.22044604925e-16,0,0,1.38777878078e-17,0,0,6.93889390391e-18,0.22500852054,0,0.0868252768522,1.38777878078e-17,0,2.5.3,1.18.1,highs-ds,MODEL_CONTINGENT_RANK_TRANSPORT_BUDGET,False,False,False
rank_bridge_lp_v3,rank_transport_budget,epsilon_star_frontier,2,20,0.0868252768522,decile,10,taxable_income_weighted_mean_MTR,max,0.242809967122,0,Optimization terminated successfully. (HiGHS Status 7: Optimal),2.22044604925e-16,0,0,1.38777878078e-17,0,0,6.93889390391e-18,0.22500852054,0,0.0868252768522,1.38777878078e-17,0,2.5.3,1.18.1,highs-ds,MODEL_CONTINGENT_RANK_TRANSPORT_BUDGET,False,False,False
rank_bridge_lp_v3,rank_transport_budget,epsilon_star_frontier,2,20,0.0868252768522,decile,10,income_tax_liability_weighted_mean_MTR,min,0.267186538276,0,Optimization terminated successfully. (HiGHS Status 7: Optimal),2.22044604925e-16,0,0,1.38777878078e-17,0,0,6.93889390391e-18,0.22500852054,0,0.0868252768522,1.38777878078e-17,0,2.5.3,1.18.1,highs-ds,MODEL_CONTINGENT_RANK_TRANSPORT_BUDGET,False,False,False
rank_bridge_lp_v3,rank_transport_budget,epsilon_star_frontier,2,20,0.0868252768522,decile,10,income_tax_liability_weighted_mean_MTR,max,0.267186538276,0,Optimization terminated successfully. (HiGHS Status 7: Optimal),2.22044604925e-16,0,0,1.38777878078e-17,0,0,6.93889390391e-18,0.22500852054,0,0.0868252768522,1.38777878078e-17,0,2.5.3,1.18.1,highs-ds,MODEL_CONTINGENT_RANK_TRANSPORT_BUDGET,False,False,False
rank_bridge_lp_v3,rank_transport_budget,epsilon_star_frontier,2,20,0.0868252768522,decile,10,pseudo_filer_positive_tax_share,min,0.668781725888,0,Optimization terminated successfully. (HiGHS Status 7: Optimal),4.4408920985e-16,0,0,0,0,0,0,0.22500852054,0,0.0868252768522,1.38777878078e-17,0,2.5.3,1.18.1,highs-ds,MODEL_CONTINGENT_RANK_TRANSPORT_BUDGET,False,False,False
rank_bridge_lp_v3,rank_transport_budget,epsilon_star_frontier,2,20,0.0868252768522,decile,10,pseudo_filer_positive_tax_share,max,0.668781725888,0,Optimization terminated successfully. (HiGHS Status 7: Optimal),2.22044604925e-16,0,0,1.38777878078e-17,0,0,6.93889390391e-18,0.22500852054,0,0.0868252768522,1.38777878078e-17,0,2.5.3,1.18.1,highs-ds,MODEL_CONTINGENT_RANK_TRANSPORT_BUDGET,False,False,False
rank_bridge_lp_v3,rank_transport_budget,epsilon_star_frontier,2,20,0.0868252768522,decile,10,transported_nta_positive_liability_rate,min,0.581956449036,0,Optimization terminated successfully. (HiGHS Status 7: Optimal),4.4408920985e-16,0,0,0,0,0,0,0.22500852054,0,0.0868252768522,1.38777878078e-17,0,2.5.3,1.18.1,highs-ds,MODEL_CONTINGENT_RANK_TRANSPORT_BUDGET,False,False,False
rank_bridge_lp_v3,rank_transport_budget,epsilon_star_frontier,2,20,0.0868252768522,decile,10,transported_nta_positive_liability_rate,max,0.581956449036,0,Optimization terminated successfully. (HiGHS Status 7: Optimal),2.22044604925e-16,0,0,0,1.38777878078e-17,0,3.46944695195e-18,0.486927122563,0,0.0868252768522,6.93889390391e-17,0,2.5.3,1.18.1,highs-ds,MODEL_CONTINGENT_RANK_TRANSPORT_BUDGET,False,False,False
rank_bridge_lp_v3,rank_transport_budget,epsilon_star_frontier,2,20,0.0868252768522,overall,,taxable_income_weighted_mean_MTR,min,0.108892198911,0,Optimization terminated successfully. (HiGHS Status 7: Optimal),8.881784197e-16,0,0,0,0,0,6.93889390391e-18,0.195097496772,0,0.0868252768522,1.38777878078e-17,0,2.5.3,1.18.1,highs-ds,MODEL_CONTINGENT_RANK_TRANSPORT_BUDGET,False,False,False
rank_bridge_lp_v3,rank_transport_budget,epsilon_star_frontier,2,20,0.0868252768522,overall,,taxable_income_weighted_mean_MTR,max,0.108892198911,0,Optimization terminated successfully. (HiGHS Status 7: Optimal),4.4408920985e-16,0,0,1.38777878078e-17,0,0,6.93889390391e-18,0.195097496772,0,0.0868252768522,1.38777878078e-17,0,2.5.3,1.18.1,highs-ds,MODEL_CONTINGENT_RANK_TRANSPORT_BUDGET,False,False,False
rank_bridge_lp_v3,rank_transport_budget,epsilon_star_frontier,2,20,0.0868252768522,overall,,income_tax_liability_weighted_mean_MTR,min,0.117712893177,0,Optimization terminated successfully. (HiGHS Status 7: Optimal),8.881784197e-16,0,0,0,0,0,6.93889390391e-18,0.195097496772,0,0.0868252768522,1.38777878078e-17,0,2.5.3,1.18.1,highs-ds,MODEL_CONTINGENT_RANK_TRANSPORT_BUDGET,False,False,False
rank_bridge_lp_v3,rank_transport_budget,epsilon_star_frontier,2,20,0.0868252768522,overall,,income_tax_liability_weighted_mean_MTR,max,0.117712893177,0,Optimization terminated successfully. (HiGHS Status 7: Optimal),4.4408920985e-16,0,0,1.38777878078e-17,0,0,6.93889390391e-18,0.195097496772,0,0.0868252768522,1.38777878078e-17,0,2.5.3,1.18.1,highs-ds,MODEL_CONTINGENT_RANK_TRANSPORT_BUDGET,False,False,False
rank_bridge_lp_v3,rank_transport_budget,epsilon_star_frontier,3,30,0.0868252768522,decile,1,taxable_income_weighted_mean_MTR,min,0.05,0,Optimization terminated successfully. (HiGHS Status 7: Optimal),4.4408920985e-16,0,0,0,0,0,0,0.22500852054,0,0.0868252768522,1.38777878078e-17,0,2.5.3,1.18.1,highs-ds,MODEL_CONTINGENT_RANK_TRANSPORT_BUDGET,False,False,False
rank_bridge_lp_v3,rank_transport_budget,epsilon_star_frontier,3,30,0.0868252768522,decile,1,taxable_income_weighted_mean_MTR,max,0.05,0,Optimization terminated successfully. (HiGHS Status 7: Optimal),4.4408920985e-16,0,0,0,0,0,0,0.22500852054,0,0.0868252768522,1.38777878078e-17,0,2.5.3,1.18.1,highs-ds,MODEL_CONTINGENT_RANK_TRANSPORT_BUDGET,False,False,False
rank_bridge_lp_v3,rank_transport_budget,epsilon_star_frontier,3,30,0.0868252768522,decile,1,income_tax_liability_weighted_mean_MTR,min,0.05,0,Optimization terminated successfully. (HiGHS Status 7: Optimal),4.4408920985e-16,0,0,0,0,0,0,0.22500852054,0,0.0868252768522,1.38777878078e-17,0,2.5.3,1.18.1,highs-ds,MODEL_CONTINGENT_RANK_TRANSPORT_BUDGET,False,False,False
rank_bridge_lp_v3,rank_transport_budget,epsilon_star_frontier,3,30,0.0868252768522,decile,1,income_tax_liability_weighted_mean_MTR,max,0.05,0,Optimization terminated successfully. (HiGHS Status 7: Optimal),4.4408920985e-16,0,0,0,0,0,0,0.22500852054,0,0.0868252768522,1.38777878078e-17,0,2.5.3,1.18.1,highs-ds,MODEL_CONTINGENT_RANK_TRANSPORT_BUDGET,False,False,False
rank_bridge_lp_v3,rank_transport_budget,epsilon_star_frontier,3,30,0.0868252768522,decile,1,pseudo_filer_positive_tax_share,min,0.0854779411765,0,Optimization terminated successfully. (HiGHS Status 7: Optimal),4.4408920985e-16,0,0,0,0,0,0,0.22500852054,0,0.0868252768522,1.38777878078e-17,0,2.5.3,1.18.1,highs-ds,MODEL_CONTINGENT_RANK_TRANSPORT_BUDGET,False,False,False
rank_bridge_lp_v3,rank_transport_budget,epsilon_star_frontier,3,30,0.0868252768522,decile,1,pseudo_filer_positive_tax_share,max,0.0868252768522,0,Optimization terminated successfully. (HiGHS Status 7: Optimal),0,0,0,0,1.38777878078e-17,0,1.73472347598e-17,0.22500852054,0,0.0868252768522,1.38777878078e-17,0,2.5.3,1.18.1,highs-ds,MODEL_CONTINGENT_RANK_TRANSPORT_BUDGET,False,False,False
rank_bridge_lp_v3,rank_transport_budget,epsilon_star_frontier,3,30,0.0868252768522,decile,1,transported_nta_positive_liability_rate,min,0,0,Optimization terminated successfully. (HiGHS Status 7: Optimal),4.4408920985e-16,0,0,0,0,0,0,0.22500852054,0,0.0868252768522,1.38777878078e-17,0,2.5.3,1.18.1,highs-ds,MODEL_CONTINGENT_RANK_TRANSPORT_BUDGET,False,False,False
rank_bridge_lp_v3,rank_transport_budget,epsilon_star_frontier,3,30,0.0868252768522,decile,1,transported_nta_positive_liability_rate,max,0,0,Optimization terminated successfully. (HiGHS Status 7: Optimal),0,0,0,0,0,0,1.72388145425e-17,0.22500852054,0,0.0868252768522,1.38777878078e-17,0,2.5.3,1.18.1,highs-ds,MODEL_CONTINGENT_RANK_TRANSPORT_BUDGET,False,False,False
rank_bridge_lp_v3,rank_transport_budget,epsilon_star_frontier,3,30,0.0868252768522,decile,2,taxable_income_weighted_mean_MTR,min,0.05,0,Optimization terminated successfully. (HiGHS Status 7: Optimal),4.4408920985e-16,0,0,0,1.38777878078e-17,0,0,0.231930390516,0,0.0868252768522,1.38777878078e-17,0,2.5.3,1.18.1,highs-ds,MODEL_CONTINGENT_RANK_TRANSPORT_BUDGET,False,False,False
rank_bridge_lp_v3,rank_transport_budget,epsilon_star_frontier,3,30,0.0868252768522,decile,2,taxable_income_weighted_mean_MTR,max,0.05,0,Optimization terminated successfully. (HiGHS Status 7: Optimal),4.4408920985e-16,0,0,0,1.38777878078e-17,0,0,0.231930390516,0,0.0868252768522,1.38777878078e-17,0,2.5.3,1.18.1,highs-ds,MODEL_CONTINGENT_RANK_TRANSPORT_BUDGET,False,False,False
rank_bridge_lp_v3,rank_transport_budget,epsilon_star_frontier,3,30,0.0868252768522,decile,2,income_tax_liability_weighted_mean_MTR,min,0.05,0,Optimization terminated successfully. (HiGHS Status 7: Optimal),4.4408920985e-16,0,0,0,1.38777878078e-17,0,0,0.231930390516,0,0.0868252768522,1.38777878078e-17,0,2.5.3,1.18.1,highs-ds,MODEL_CONTINGENT_RANK_TRANSPORT_BUDGET,False,False,False
rank_bridge_lp_v3,rank_transport_budget,epsilon_star_frontier,3,30,0.0868252768522,decile,2,income_tax_liability_weighted_mean_MTR,max,0.05,0,Optimization terminated successfully. (HiGHS Status 7: Optimal),4.4408920985e-16,0,0,0,1.38777878078e-17,0,0,0.231930390516,0,0.0868252768522,1.38777878078e-17,0,2.5.3,1.18.1,highs-ds,MODEL_CONTINGENT_RANK_TRANSPORT_BUDGET,False,False,False
rank_bridge_lp_v3,rank_transport_budget,epsilon_star_frontier,3,30,0.0868252768522,decile,2,pseudo_filer_positive_tax_share,min,0.14409221902,0,Optimization terminated successfully. (HiGHS Status 7: Optimal),4.4408920985e-16,0,0,0,0,0,0,0.22500852054,0,0.0868252768522,1.38777878078e-17,0,2.5.3,1.18.1,highs-ds,MODEL_CONTINGENT_RANK_TRANSPORT_BUDGET,False,False,False
rank_bridge_lp_v3,rank_transport_budget,epsilon_star_frontier,3,30,0.0868252768522,decile,2,pseudo_filer_positive_tax_share,max,0.14409221902,0,Optimization terminated successfully. (HiGHS Status 7: Optimal),7.77156117238e-16,0,0,0,0,0,0,0.22500852054,0,0.0868252768522,1.38777878078e-17,0,2.5.3,1.18.1,highs-ds,MODEL_CONTINGENT_RANK_TRANSPORT_BUDGET,False,False,False
rank_bridge_lp_v3,rank_transport_budget,epsilon_star_frontier,3,30,0.0868252768522,decile,2,transported_nta_positive_liability_rate,min,0.0572669421678,0,Optimization terminated successfully. (HiGHS Status 7: Optimal),4.4408920985e-16,0,0,0,0,0,0,0.22500852054,0,0.0868252768522,1.38777878078e-17,0,2.5.3,1.18.1,highs-ds,MODEL_CONTINGENT_RANK_TRANSPORT_BUDGET,False,False,False
rank_bridge_lp_v3,rank_transport_budget,epsilon_star_frontier,3,30,0.0868252768522,decile,2,transported_nta_positive_liability_rate,max,0.0572669421678,0,Optimization terminated successfully. (HiGHS Status 7: Optimal),0,0,0,0,0,0,0,0.178177724872,0,0.0868252768522,1.38777878078e-17,0,2.5.3,1.18.1,highs-ds,MODEL_CONTINGENT_RANK_TRANSPORT_BUDGET,False,False,False
rank_bridge_lp_v3,rank_transport_budget,epsilon_star_frontier,3,30,0.0868252768522,decile,3,taxable_income_weighted_mean_MTR,min,0.05,0,Optimization terminated successfully. (HiGHS Status 7: Optimal),4.4408920985e-16,0,0,0,0,0,0,0.22500852054,0,0.0868252768522,1.38777878078e-17,0,2.5.3,1.18.1,highs-ds,MODEL_CONTINGENT_RANK_TRANSPORT_BUDGET,False,False,False
rank_bridge_lp_v3,rank_transport_budget,epsilon_star_frontier,3,30,0.0868252768522,decile,3,taxable_income_weighted_mean_MTR,max,0.05,0,Optimization terminated successfully. (HiGHS Status 7: Optimal),4.4408920985e-16,0,0,0,0,0,0,0.22500852054,0,0.0868252768522,1.38777878078e-17,0,2.5.3,1.18.1,highs-ds,MODEL_CONTINGENT_RANK_TRANSPORT_BUDGET,False,False,False
rank_bridge_lp_v3,rank_transport_budget,epsilon_star_frontier,3,30,0.0868252768522,decile,3,income_tax_liability_weighted_mean_MTR,min,0.05,0,Optimization terminated successfully. (HiGHS Status 7: Optimal),4.4408920985e-16,0,0,0,0,0,0,0.22500852054,0,0.0868252768522,1.38777878078e-17,0,2.5.3,1.18.1,highs-ds,MODEL_CONTINGENT_RANK_TRANSPORT_BUDGET,False,False,False
rank_bridge_lp_v3,rank_transport_budget,epsilon_star_frontier,3,30,0.0868252768522,decile,3,income_tax_liability_weighted_mean_MTR,max,0.05,0,Optimization terminated successfully. (HiGHS Status 7: Optimal),4.4408920985e-16,0,0,0,0,0,0,0.22500852054,0,0.0868252768522,1.38777878078e-17,0,2.5.3,1.18.1,highs-ds,MODEL_CONTINGENT_RANK_TRANSPORT_BUDGET,False,False,False
rank_bridge_lp_v3,rank_transport_budget,epsilon_star_frontier,3,30,0.0868252768522,decile,3,pseudo_filer_positive_tax_share,min,0.156598513011,0,Optimization terminated successfully. (HiGHS Status 7: Optimal),4.4408920985e-16,0,0,0,0,0,0,0.22500852054,0,0.0868252768522,1.38777878078e-17,0,2.5.3,1.18.1,highs-ds,MODEL_CONTINGENT_RANK_TRANSPORT_BUDGET,False,False,False
rank_bridge_lp_v3,rank_transport_budget,epsilon_star_frontier,3,30,0.0868252768522,decile,3,pseudo_filer_positive_tax_share,max,0.156598513011,0,Optimization terminated successfully. (HiGHS Status 7: Optimal),3.33066907388e-16,0,0,0,1.38777878078e-17,0,6.93889390391e-18,0.22500852054,0,0.0868252768522,1.38777878078e-17,0,2.5.3,1.18.1,highs-ds,MODEL_CONTINGENT_RANK_TRANSPORT_BUDGET,False,False,False
rank_bridge_lp_v3,rank_transport_budget,epsilon_star_frontier,3,30,0.0868252768522,decile,3,transported_nta_positive_liability_rate,min,0.0697732361588,0,Optimization terminated successfully. (HiGHS Status 7: Optimal),6.66133814775e-16,0,0,0,0,0,0,0.227997473168,0,0.0868252768522,1.38777878078e-17,0,2.5.3,1.18.1,highs-ds,MODEL_CONTINGENT_RANK_TRANSPORT_BUDGET,False,False,False
rank_bridge_lp_v3,rank_transport_budget,epsilon_star_frontier,3,30,0.0868252768522,decile,3,transported_nta_positive_liability_rate,max,0.0697732361588,0,Optimization terminated successfully. (HiGHS Status 7: Optimal),0,0,0,0,0,0,6.93889390391e-18,0.221956036372,0,0.0868252768522,1.38777878078e-17,0,2.5.3,1.18.1,highs-ds,MODEL_CONTINGENT_RANK_TRANSPORT_BUDGET,False,False,False
rank_bridge_lp_v3,rank_transport_budget,epsilon_star_frontier,3,30,0.0868252768522,decile,4,taxable_income_weighted_mean_MTR,min,0.05,0,Optimization terminated successfully. (HiGHS Status 7: Optimal),4.4408920985e-16,0,0,0,0,0,0,0.22500852054,0,0.0868252768522,1.38777878078e-17,0,2.5.3,1.18.1,highs-ds,MODEL_CONTINGENT_RANK_TRANSPORT_BUDGET,False,False,False
rank_bridge_lp_v3,rank_transport_budget,epsilon_star_frontier,3,30,0.0868252768522,decile,4,taxable_income_weighted_mean_MTR,max,0.05,0,Optimization terminated successfully. (HiGHS Status 7: Optimal),1.11022302463e-15,0,0,0,1.38777878078e-17,0,6.93889390391e-18,0.22500852054,0,0.0868252768522,4.16333634234e-17,0,2.5.3,1.18.1,highs-ds,MODEL_CONTINGENT_RANK_TRANSPORT_BUDGET,False,False,False
rank_bridge_lp_v3,rank_transport_budget,epsilon_star_frontier,3,30,0.0868252768522,decile,4,income_tax_liability_weighted_mean_MTR,min,0.05,0,Optimization terminated successfully. (HiGHS Status 7: Optimal),4.4408920985e-16,0,0,0,0,0,0,0.22500852054,0,0.0868252768522,1.38777878078e-17,0,2.5.3,1.18.1,highs-ds,MODEL_CONTINGENT_RANK_TRANSPORT_BUDGET,False,False,False
rank_bridge_lp_v3,rank_transport_budget,epsilon_star_frontier,3,30,0.0868252768522,decile,4,income_tax_liability_weighted_mean_MTR,max,0.05,0,Optimization terminated successfully. (HiGHS Status 7: Optimal),1.11022302463e-15,0,0,0,1.38777878078e-17,0,6.93889390391e-18,0.22500852054,0,0.0868252768522,4.16333634234e-17,0,2.5.3,1.18.1,highs-ds,MODEL_CONTINGENT_RANK_TRANSPORT_BUDGET,False,False,False
rank_bridge_lp_v3,rank_transport_budget,epsilon_star_frontier,3,30,0.0868252768522,decile,4,pseudo_filer_positive_tax_share,min,0.190499272904,0,Optimization terminated successfully. (HiGHS Status 7: Optimal),4.4408920985e-16,0,0,0,0,0,0,0.22500852054,0,0.0868252768522,1.38777878078e-17,0,2.5.3,1.18.1,highs-ds,MODEL_CONTINGENT_RANK_TRANSPORT_BUDGET,False,False,False
rank_bridge_lp_v3,rank_transport_budget,epsilon_star_frontier,3,30,0.0868252768522,decile,4,pseudo_filer_positive_tax_share,max,0.190499272904,0,Optimization terminated successfully. (HiGHS Status 7: Optimal),5.55111512313e-16,0,0,0,1.38777878078e-17,0,6.93889390391e-18,0.22500852054,0,0.0868252768522,1.38777878078e-17,0,2.5.3,1.18.1,highs-ds,MODEL_CONTINGENT_RANK_TRANSPORT_BUDGET,False,False,False
rank_bridge_lp_v3,rank_transport_budget,epsilon_star_frontier,3,30,0.0868252768522,decile,4,transported_nta_positive_liability_rate,min,0.103673996052,0,Optimization terminated successfully. (HiGHS Status 7: Optimal),6.66133814775e-16,0,0,0,0,0,0,0.227997473168,0,0.0868252768522,1.38777878078e-17,0,2.5.3,1.18.1,highs-ds,MODEL_CONTINGENT_RANK_TRANSPORT_BUDGET,False,False,False
rank_bridge_lp_v3,rank_transport_budget,epsilon_star_frontier,3,30,0.0868252768522,decile,4,transported_nta_positive_liability_rate,max,0.103673996052,0,Optimization terminated successfully. (HiGHS Status 7: Optimal),0,0,0,0,0,0,0,0.276300684998,0,0.0868252768522,1.38777878078e-17,0,2.5.3,1.18.1,highs-ds,MODEL_CONTINGENT_RANK_TRANSPORT_BUDGET,False,False,False
rank_bridge_lp_v3,rank_transport_budget,epsilon_star_frontier,3,30,0.0868252768522,decile,5,taxable_income_weighted_mean_MTR,min,0.059849071214,0,Optimization terminated successfully. (HiGHS Status 7: Optimal),2.22044604925e-15,0,0,0,0,0,0,0.254762090214,0,0.0868252768522,1.38777878078e-17,0,2.5.3,1.18.1,highs-ds,MODEL_CONTINGENT_RANK_TRANSPORT_BUDGET,False,False,False
rank_bridge_lp_v3,rank_transport_budget,epsilon_star_frontier,3,30,0.0868252768522,decile,5,taxable_income_weighted_mean_MTR,max,0.059849071214,0,Optimization terminated successfully. (HiGHS Status 7: Optimal),1.11022302463e-15,0,0,0,0,0,0,0.254762090214,0,0.0868252768522,1.38777878078e-17,0,2.5.3,1.18.1,highs-ds,MODEL_CONTINGENT_RANK_TRANSPORT_BUDGET,False,False,False
rank_bridge_lp_v3,rank_transport_budget,epsilon_star_frontier,3,30,0.0868252768522,decile,5,income_tax_liability_weighted_mean_MTR,min,0.0620640347482,0,Optimization terminated successfully. (HiGHS Status 7: Optimal),2.22044604925e-15,0,0,0,0,0,0,0.254762090214,0,0.0868252768522,1.38777878078e-17,0,2.5.3,1.18.1,highs-ds,MODEL_CONTINGENT_RANK_TRANSPORT_BUDGET,False,False,False
rank_bridge_lp_v3,rank_transport_budget,epsilon_star_frontier,3,30,0.0868252768522,decile,5,income_tax_liability_weighted_mean_MTR,max,0.0620640347482,0,Optimization terminated successfully. (HiGHS Status 7: Optimal),1.11022302463e-15,0,0,0,0,0,0,0.254762090214,0,0.0868252768522,1.38777878078e-17,0,2.5.3,1.18.1,highs-ds,MODEL_CONTINGENT_RANK_TRANSPORT_BUDGET,False,False,False
rank_bridge_lp_v3,rank_transport_budget,epsilon_star_frontier,3,30,0.0868252768522,decile,5,pseudo_filer_positive_tax_share,min,0.213769860376,0,Optimization terminated successfully. (HiGHS Status 7: Optimal),4.4408920985e-16,0,0,0,0,0,0,0.22500852054,0,0.0868252768522,1.38777878078e-17,0,2.5.3,1.18.1,highs-ds,MODEL_CONTINGENT_RANK_TRANSPORT_BUDGET,False,False,False
rank_bridge_lp_v3,rank_transport_budget,epsilon_star_frontier,3,30,0.0868252768522,decile,5,pseudo_filer_positive_tax_share,max,0.213769860376,0,Optimization terminated successfully. (HiGHS Status 7: Optimal),8.881784197e-16,0,0,0,0,0,6.93889390391e-18,0.22500852054,0,0.0868252768522,4.16333634234e-17,0,2.5.3,1.18.1,highs-ds,MODEL_CONTINGENT_RANK_TRANSPORT_BUDGET,False,False,False
rank_bridge_lp_v3,rank_transport_budget,epsilon_star_frontier,3,30,0.0868252768522,decile,5,transported_nta_positive_liability_rate,min,0.126944583524,0,Optimization terminated successfully. (HiGHS Status 7: Optimal),6.66133814775e-16,0,0,0,1.38777878078e-17,0,0,0.295375727255,0,0.0868252768522,1.38777878078e-17,0,2.5.3,1.18.1,highs-ds,MODEL_CONTINGENT_RANK_TRANSPORT_BUDGET,False,False,False
rank_bridge_lp_v3,rank_transport_budget,epsilon_star_frontier,3,30,0.0868252768522,decile,5,transported_nta_positive_liability_rate,max,0.126944583524,0,Optimization terminated successfully. (HiGHS Status 7: Optimal),0,0,0,2.77555756156e-17,1.38777878078e-17,0,8.67361737988e-19,0.262381163594,0,0.0868252768522,1.38777878078e-17,0,2.5.3,1.18.1,highs-ds,MODEL_CONTINGENT_RANK_TRANSPORT_BUDGET,False,False,False
rank_bridge_lp_v3,rank_transport_budget,epsilon_star_frontier,3,30,0.0868252768522,decile,6,taxable_income_weighted_mean_MTR,min,0.102954442372,0,Optimization terminated successfully. (HiGHS Status 7: Optimal),1.66533453694e-15,0,0,0,0,0,6.93889390391e-18,0.22500852054,0,0.0868252768522,1.38777878078e-17,0,2.5.3,1.18.1,highs-ds,MODEL_CONTINGENT_RANK_TRANSPORT_BUDGET,False,False,False
rank_bridge_lp_v3,rank_transport_budget,epsilon_star_frontier,3,30,0.0868252768522,decile,6,taxable_income_weighted_mean_MTR,max,0.102954442372,0,Optimization terminated successfully. (HiGHS Status 7: Optimal),6.66133814775e-16,0,0,0,0,0,6.93889390391e-18,0.22500852054,0,0.0868252768522,1.38777878078e-17,0,2.5.3,1.18.1,highs-ds,MODEL_CONTINGENT_RANK_TRANSPORT_BUDGET,False,False,False
rank_bridge_lp_v3,rank_transport_budget,epsilon_star_frontier,3,30,0.0868252768522,decile,6,income_tax_liability_weighted_mean_MTR,min,0.115616413308,0,Optimization terminated successfully. (HiGHS Status 7: Optimal),1.66533453694e-15,0,0,0,0,0,6.93889390391e-18,0.22500852054,0,0.0868252768522,1.38777878078e-17,0,2.5.3,1.18.1,highs-ds,MODEL_CONTINGENT_RANK_TRANSPORT_BUDGET,False,False,False
rank_bridge_lp_v3,rank_transport_budget,epsilon_star_frontier,3,30,0.0868252768522,decile,6,income_tax_liability_weighted_mean_MTR,max,0.115616413308,0,Optimization terminated successfully. (HiGHS Status 7: Optimal),6.66133814775e-16,0,0,0,0,0,6.93889390391e-18,0.22500852054,0,0.0868252768522,1.38777878078e-17,0,2.5.3,1.18.1,highs-ds,MODEL_CONTINGENT_RANK_TRANSPORT_BUDGET,False,False,False
rank_bridge_lp_v3,rank_transport_budget,epsilon_star_frontier,3,30,0.0868252768522,decile,6,pseudo_filer_positive_tax_share,min,0.235387045814,0,Optimization terminated successfully. (HiGHS Status 7: Optimal),4.4408920985e-16,0,0,0,0,0,0,0.22500852054,0,0.0868252768522,1.38777878078e-17,0,2.5.3,1.18.1,highs-ds,MODEL_CONTINGENT_RANK_TRANSPORT_BUDGET,False,False,False
rank_bridge_lp_v3,rank_transport_budget,epsilon_star_frontier,3,30,0.0868252768522,decile,6,pseudo_filer_positive_tax_share,max,0.235387045814,0,Optimization terminated successfully. (HiGHS Status 7: Optimal),1.22124532709e-15,0,0,0,0,0,6.93889390391e-18,0.22500852054,0,0.0868252768522,1.38777878078e-17,0,2.5.3,1.18.1,highs-ds,MODEL_CONTINGENT_RANK_TRANSPORT_BUDGET,False,False,False
rank_bridge_lp_v3,rank_transport_budget,epsilon_star_frontier,3,30,0.0868252768522,decile,6,transported_nta_positive_liability_rate,min,0.148561768962,0,Optimization terminated successfully. (HiGHS Status 7: Optimal),8.881784197e-16,0,0,2.77555756156e-17,2.77555756156e-17,0,8.67361737988e-19,0.240012225175,0,0.0868252768522,1.38777878078e-17,0,2.5.3,1.18.1,highs-ds,MODEL_CONTINGENT_RANK_TRANSPORT_BUDGET,False,False,False
rank_bridge_lp_v3,rank_transport_budget,epsilon_star_frontier,3,30,0.0868252768522,decile,6,transported_nta_positive_liability_rate,max,0.148561768962,0,Optimization terminated successfully. (HiGHS Status 7: Optimal),0,0,0,0,0,0,6.93889390391e-18,0.227997473168,0,0.0868252768522,1.38777878078e-17,0,2.5.3,1.18.1,highs-ds,MODEL_CONTINGENT_RANK_TRANSPORT_BUDGET,False,False,False
rank_bridge_lp_v3,rank_transport_budget,epsilon_star_frontier,3,30,0.0868252768522,decile,7,taxable_income_weighted_mean_MTR,min,0.155146869469,0,Optimization terminated successfully. (HiGHS Status 7: Optimal),4.4408920985e-16,0,0,0,0,0,0,0.22500852054,0,0.0868252768522,1.38777878078e-17,0,2.5.3,1.18.1,highs-ds,MODEL_CONTINGENT_RANK_TRANSPORT_BUDGET,False,False,False
rank_bridge_lp_v3,rank_transport_budget,epsilon_star_frontier,3,30,0.0868252768522,decile,7,taxable_income_weighted_mean_MTR,max,0.155146869469,0,Optimization terminated successfully. (HiGHS Status 7: Optimal),4.4408920985e-16,0,0,0,0,0,0,0.22500852054,0,0.0868252768522,1.38777878078e-17,0,2.5.3,1.18.1,highs-ds,MODEL_CONTINGENT_RANK_TRANSPORT_BUDGET,False,False,False
rank_bridge_lp_v3,rank_transport_budget,epsilon_star_frontier,3,30,0.0868252768522,decile,7,income_tax_liability_weighted_mean_MTR,min,0.167464852583,0,Optimization terminated successfully. (HiGHS Status 7: Optimal),4.4408920985e-16,0,0,0,0,0,0,0.22500852054,0,0.0868252768522,1.38777878078e-17,0,2.5.3,1.18.1,highs-ds,MODEL_CONTINGENT_RANK_TRANSPORT_BUDGET,False,False,False
rank_bridge_lp_v3,rank_transport_budget,epsilon_star_frontier,3,30,0.0868252768522,decile,7,income_tax_liability_weighted_mean_MTR,max,0.167464852583,0,Optimization terminated successfully. (HiGHS Status 7: Optimal),4.4408920985e-16,0,0,0,0,0,0,0.22500852054,0,0.0868252768522,1.38777878078e-17,0,2.5.3,1.18.1,highs-ds,MODEL_CONTINGENT_RANK_TRANSPORT_BUDGET,False,False,False
rank_bridge_lp_v3,rank_transport_budget,epsilon_star_frontier,3,30,0.0868252768522,decile,7,pseudo_filer_positive_tax_share,min,0.317057704502,0,Optimization terminated successfully. (HiGHS Status 7: Optimal),2.22044604925e-16,0,0,1.38777878078e-17,0,0,6.93889390391e-18,0.22500852054,0,0.0868252768522,1.38777878078e-17,0,2.5.3,1.18.1,highs-ds,MODEL_CONTINGENT_RANK_TRANSPORT_BUDGET,False,False,False
rank_bridge_lp_v3,rank_transport_budget,epsilon_star_frontier,3,30,0.0868252768522,decile,7,pseudo_filer_positive_tax_share,max,0.317057704502,0,Optimization terminated successfully. (HiGHS Status 7: Optimal),4.4408920985e-16,0,0,0,0,0,0,0.22500852054,0,0.0868252768522,1.38777878078e-17,0,2.5.3,1.18.1,highs-ds,MODEL_CONTINGENT_RANK_TRANSPORT_BUDGET,False,False,False
rank_bridge_lp_v3,rank_transport_budget,epsilon_star_frontier,3,30,0.0868252768522,decile,7,transported_nta_positive_liability_rate,min,0.23023242765,0,Optimization terminated successfully. (HiGHS Status 7: Optimal),4.4408920985e-16,0,0,0,0,0,0,0.227997473168,0,0.0868252768522,6.93889390391e-17,0,2.5.3,1.18.1,highs-ds,MODEL_CONTINGENT_RANK_TRANSPORT_BUDGET,False,False,False
rank_bridge_lp_v3,rank_transport_budget,epsilon_star_frontier,3,30,0.0868252768522,decile,7,transported_nta_positive_liability_rate,max,0.23023242765,0,Optimization terminated successfully. (HiGHS Status 7: Optimal),4.4408920985e-16,0,0,0,0,0,0,0.22500852054,0,0.0868252768522,1.38777878078e-17,0,2.5.3,1.18.1,highs-ds,MODEL_CONTINGENT_RANK_TRANSPORT_BUDGET,False,False,False
rank_bridge_lp_v3,rank_transport_budget,epsilon_star_frontier,3,30,0.0868252768522,decile,8,taxable_income_weighted_mean_MTR,min,0.149158769008,0,Optimization terminated successfully. (HiGHS Status 7: Optimal),5.55111512313e-16,0,0,0,0,0,6.93889390391e-18,0.22500852054,0,0.0868252768522,1.38777878078e-17,0,2.5.3,1.18.1,highs-ds,MODEL_CONTINGENT_RANK_TRANSPORT_BUDGET,False,False,False
rank_bridge_lp_v3,rank_transport_budget,epsilon_star_frontier,3,30,0.0868252768522,decile,8,taxable_income_weighted_mean_MTR,max,0.149158769008,0,Optimization terminated successfully. (HiGHS Status 7: Optimal),4.4408920985e-16,0,0,0,0,0,6.93889390391e-18,0.22500852054,0,0.0868252768522,1.38777878078e-17,0,2.5.3,1.18.1,highs-ds,MODEL_CONTINGENT_RANK_TRANSPORT_BUDGET,False,False,False
rank_bridge_lp_v3,rank_transport_budget,epsilon_star_frontier,3,30,0.0868252768522,decile,8,income_tax_liability_weighted_mean_MTR,min,0.168368702182,0,Optimization terminated successfully. (HiGHS Status 7: Optimal),5.55111512313e-16,0,0,0,0,0,6.93889390391e-18,0.22500852054,0,0.0868252768522,1.38777878078e-17,0,2.5.3,1.18.1,highs-ds,MODEL_CONTINGENT_RANK_TRANSPORT_BUDGET,False,False,False
rank_bridge_lp_v3,rank_transport_budget,epsilon_star_frontier,3,30,0.0868252768522,decile,8,income_tax_liability_weighted_mean_MTR,max,0.168368702182,0,Optimization terminated successfully. (HiGHS Status 7: Optimal),4.4408920985e-16,0,0,0,0,0,6.93889390391e-18,0.22500852054,0,0.0868252768522,1.38777878078e-17,0,2.5.3,1.18.1,highs-ds,MODEL_CONTINGENT_RANK_TRANSPORT_BUDGET,False,False,False
rank_bridge_lp_v3,rank_transport_budget,epsilon_star_frontier,3,30,0.0868252768522,decile,8,pseudo_filer_positive_tax_share,min,0.429585152838,0,Optimization terminated successfully. (HiGHS Status 7: Optimal),4.4408920985e-16,0,0,0,0,0,0,0.22500852054,0,0.0868252768522,1.38777878078e-17,0,2.5.3,1.18.1,highs-ds,MODEL_CONTINGENT_RANK_TRANSPORT_BUDGET,False,False,False
rank_bridge_lp_v3,rank_transport_budget,epsilon_star_frontier,3,30,0.0868252768522,decile,8,pseudo_filer_positive_tax_share,max,0.429585152838,0,Optimization terminated successfully. (HiGHS Status 7: Optimal),5.55111512313e-16,0,0,0,0,0,6.93889390391e-18,0.22500852054,0,0.0868252768522,1.38777878078e-17,0,2.5.3,1.18.1,highs-ds,MODEL_CONTINGENT_RANK_TRANSPORT_BUDGET,False,False,False
rank_bridge_lp_v3,rank_transport_budget,epsilon_star_frontier,3,30,0.0868252768522,decile,8,transported_nta_positive_liability_rate,min,0.342759875986,0,Optimization terminated successfully. (HiGHS Status 7: Optimal),6.66133814775e-16,0,0,0,0,0,0,0.256148366835,0,0.0868252768522,1.38777878078e-17,0,2.5.3,1.18.1,highs-ds,MODEL_CONTINGENT_RANK_TRANSPORT_BUDGET,False,False,False
rank_bridge_lp_v3,rank_transport_budget,epsilon_star_frontier,3,30,0.0868252768522,decile,8,transported_nta_positive_liability_rate,max,0.342759875986,0,Optimization terminated successfully. (HiGHS Status 7: Optimal),0,0,0,1.38777878078e-17,0,0,6.93889390391e-18,0.266919661885,0,0.0868252768522,1.38777878078e-17,0,2.5.3,1.18.1,highs-ds,MODEL_CONTINGENT_RANK_TRANSPORT_BUDGET,False,False,False
rank_bridge_lp_v3,rank_transport_budget,epsilon_star_frontier,3,30,0.0868252768522,decile,9,taxable_income_weighted_mean_MTR,min,0.179002869923,0,Optimization terminated successfully. (HiGHS Status 7: Optimal),4.4408920985e-16,0,0,0,0,0,6.93889390391e-18,0.22500852054,0,0.0868252768522,1.2490009027e-16,0,2.5.3,1.18.1,highs-ds,MODEL_CONTINGENT_RANK_TRANSPORT_BUDGET,False,False,False
rank_bridge_lp_v3,rank_transport_budget,epsilon_star_frontier,3,30,0.0868252768522,decile,9,taxable_income_weighted_mean_MTR,max,0.179002869923,0,Optimization terminated successfully. (HiGHS Status 7: Optimal),2.6645352591e-15,0,0,0,0,0,6.93889390391e-18,0.22500852054,0,0.0868252768522,1.38777878078e-17,0,2.5.3,1.18.1,highs-ds,MODEL_CONTINGENT_RANK_TRANSPORT_BUDGET,False,False,False
rank_bridge_lp_v3,rank_transport_budget,epsilon_star_frontier,3,30,0.0868252768522,decile,9,income_tax_liability_weighted_mean_MTR,min,0.196428390668,0,Optimization terminated successfully. (HiGHS Status 7: Optimal),3.77475828373e-15,0,0,0,0,0,6.93889390391e-18,0.22500852054,0,0.0868252768522,1.38777878078e-17,0,2.5.3,1.18.1,highs-ds,MODEL_CONTINGENT_RANK_TRANSPORT_BUDGET,False,False,False
rank_bridge_lp_v3,rank_transport_budget,epsilon_star_frontier,3,30,0.0868252768522,decile,9,income_tax_liability_weighted_mean_MTR,max,0.196428390668,0,Optimization terminated successfully. (HiGHS Status 7: Optimal),4.4408920985e-16,0,0,0,0,0,6.93889390391e-18,0.22500852054,0,0.0868252768522,1.2490009027e-16,0,2.5.3,1.18.1,highs-ds,MODEL_CONTINGENT_RANK_TRANSPORT_BUDGET,False,False,False
rank_bridge_lp_v3,rank_transport_budget,epsilon_star_frontier,3,30,0.0868252768522,decile,9,pseudo_filer_positive_tax_share,min,0.633608815427,0,Optimization terminated successfully. (HiGHS Status 7: Optimal),4.4408920985e-16,0,0,0,0,0,0,0.22500852054,0,0.0868252768522,1.38777878078e-17,0,2.5.3,1.18.1,highs-ds,MODEL_CONTINGENT_RANK_TRANSPORT_BUDGET,False,False,False
rank_bridge_lp_v3,rank_transport_budget,epsilon_star_frontier,3,30,0.0868252768522,decile,9,pseudo_filer_positive_tax_share,max,0.633608815427,0,Optimization terminated successfully. (HiGHS Status 7: Optimal),1.7763568394e-15,0,0,0,0,0,6.93889390391e-18,0.22500852054,0,0.0868252768522,1.38777878078e-17,0,2.5.3,1.18.1,highs-ds,MODEL_CONTINGENT_RANK_TRANSPORT_BUDGET,False,False,False
rank_bridge_lp_v3,rank_transport_budget,epsilon_star_frontier,3,30,0.0868252768522,decile,9,transported_nta_positive_liability_rate,min,0.546783538575,0,Optimization terminated successfully. (HiGHS Status 7: Optimal),6.66133814775e-16,0,0,0,0,0,0,0.386608015952,0,0.0868252768522,1.38777878078e-17,0,2.5.3,1.18.1,highs-ds,MODEL_CONTINGENT_RANK_TRANSPORT_BUDGET,False,False,False
rank_bridge_lp_v3,rank_transport_budget,epsilon_star_frontier,3,30,0.0868252768522,decile,9,transported_nta_positive_liability_rate,max,0.546783538575,0,Optimization terminated successfully. (HiGHS Status 7: Optimal),8.881784197e-16,0,0,1.38777878078e-17,1.38777878078e-17,0,0,0.336378575579,0,0.0868252768522,1.38777878078e-17,0,2.5.3,1.18.1,highs-ds,MODEL_CONTINGENT_RANK_TRANSPORT_BUDGET,False,False,False
rank_bridge_lp_v3,rank_transport_budget,epsilon_star_frontier,3,30,0.0868252768522,decile,10,taxable_income_weighted_mean_MTR,min,0.242809967122,0,Optimization terminated successfully. (HiGHS Status 7: Optimal),2.22044604925e-16,0,0,1.38777878078e-17,0,0,6.93889390391e-18,0.22500852054,0,0.0868252768522,1.38777878078e-17,0,2.5.3,1.18.1,highs-ds,MODEL_CONTINGENT_RANK_TRANSPORT_BUDGET,False,False,False
rank_bridge_lp_v3,rank_transport_budget,epsilon_star_frontier,3,30,0.0868252768522,decile,10,taxable_income_weighted_mean_MTR,max,0.242809967122,0,Optimization terminated successfully. (HiGHS Status 7: Optimal),2.22044604925e-16,0,0,1.38777878078e-17,0,0,6.93889390391e-18,0.22500852054,0,0.0868252768522,1.38777878078e-17,0,2.5.3,1.18.1,highs-ds,MODEL_CONTINGENT_RANK_TRANSPORT_BUDGET,False,False,False
rank_bridge_lp_v3,rank_transport_budget,epsilon_star_frontier,3,30,0.0868252768522,decile,10,income_tax_liability_weighted_mean_MTR,min,0.267186538276,0,Optimization terminated successfully. (HiGHS Status 7: Optimal),2.22044604925e-16,0,0,1.38777878078e-17,0,0,6.93889390391e-18,0.22500852054,0,0.0868252768522,1.38777878078e-17,0,2.5.3,1.18.1,highs-ds,MODEL_CONTINGENT_RANK_TRANSPORT_BUDGET,False,False,False
rank_bridge_lp_v3,rank_transport_budget,epsilon_star_frontier,3,30,0.0868252768522,decile,10,income_tax_liability_weighted_mean_MTR,max,0.267186538276,0,Optimization terminated successfully. (HiGHS Status 7: Optimal),2.22044604925e-16,0,0,1.38777878078e-17,0,0,6.93889390391e-18,0.22500852054,0,0.0868252768522,1.38777878078e-17,0,2.5.3,1.18.1,highs-ds,MODEL_CONTINGENT_RANK_TRANSPORT_BUDGET,False,False,False
rank_bridge_lp_v3,rank_transport_budget,epsilon_star_frontier,3,30,0.0868252768522,decile,10,pseudo_filer_positive_tax_share,min,0.668781725888,0,Optimization terminated successfully. (HiGHS Status 7: Optimal),4.4408920985e-16,0,0,0,0,0,0,0.22500852054,0,0.0868252768522,1.38777878078e-17,0,2.5.3,1.18.1,highs-ds,MODEL_CONTINGENT_RANK_TRANSPORT_BUDGET,False,False,False
rank_bridge_lp_v3,rank_transport_budget,epsilon_star_frontier,3,30,0.0868252768522,decile,10,pseudo_filer_positive_tax_share,max,0.668781725888,0,Optimization terminated successfully. (HiGHS Status 7: Optimal),2.22044604925e-16,0,0,1.38777878078e-17,0,0,6.93889390391e-18,0.22500852054,0,0.0868252768522,1.38777878078e-17,0,2.5.3,1.18.1,highs-ds,MODEL_CONTINGENT_RANK_TRANSPORT_BUDGET,False,False,False
rank_bridge_lp_v3,rank_transport_budget,epsilon_star_frontier,3,30,0.0868252768522,decile,10,transported_nta_positive_liability_rate,min,0.581956449036,0,Optimization terminated successfully. (HiGHS Status 7: Optimal),4.4408920985e-16,0,0,0,0,0,0,0.22500852054,0,0.0868252768522,1.38777878078e-17,0,2.5.3,1.18.1,highs-ds,MODEL_CONTINGENT_RANK_TRANSPORT_BUDGET,False,False,False
rank_bridge_lp_v3,rank_transport_budget,epsilon_star_frontier,3,30,0.0868252768522,decile,10,transported_nta_positive_liability_rate,max,0.581956449036,0,Optimization terminated successfully. (HiGHS Status 7: Optimal),2.22044604925e-16,0,0,0,1.38777878078e-17,0,3.46944695195e-18,0.486927122563,0,0.0868252768522,6.93889390391e-17,0,2.5.3,1.18.1,highs-ds,MODEL_CONTINGENT_RANK_TRANSPORT_BUDGET,False,False,False
rank_bridge_lp_v3,rank_transport_budget,epsilon_star_frontier,3,30,0.0868252768522,overall,,taxable_income_weighted_mean_MTR,min,0.108892198911,0,Optimization terminated successfully. (HiGHS Status 7: Optimal),8.881784197e-16,0,0,0,0,0,6.93889390391e-18,0.195097496772,0,0.0868252768522,1.38777878078e-17,0,2.5.3,1.18.1,highs-ds,MODEL_CONTINGENT_RANK_TRANSPORT_BUDGET,False,False,False
rank_bridge_lp_v3,rank_transport_budget,epsilon_star_frontier,3,30,0.0868252768522,overall,,taxable_income_weighted_mean_MTR,max,0.108892198911,0,Optimization terminated successfully. (HiGHS Status 7: Optimal),4.4408920985e-16,0,0,1.38777878078e-17,0,0,6.93889390391e-18,0.195097496772,0,0.0868252768522,1.38777878078e-17,0,2.5.3,1.18.1,highs-ds,MODEL_CONTINGENT_RANK_TRANSPORT_BUDGET,False,False,False
rank_bridge_lp_v3,rank_transport_budget,epsilon_star_frontier,3,30,0.0868252768522,overall,,income_tax_liability_weighted_mean_MTR,min,0.117712893177,0,Optimization terminated successfully. (HiGHS Status 7: Optimal),8.881784197e-16,0,0,0,0,0,6.93889390391e-18,0.195097496772,0,0.0868252768522,1.38777878078e-17,0,2.5.3,1.18.1,highs-ds,MODEL_CONTINGENT_RANK_TRANSPORT_BUDGET,False,False,False
rank_bridge_lp_v3,rank_transport_budget,epsilon_star_frontier,3,30,0.0868252768522,overall,,income_tax_liability_weighted_mean_MTR,max,0.117712893177,0,Optimization terminated successfully. (HiGHS Status 7: Optimal),4.4408920985e-16,0,0,1.38777878078e-17,0,0,6.93889390391e-18,0.195097496772,0,0.0868252768522,1.38777878078e-17,0,2.5.3,1.18.1,highs-ds,MODEL_CONTINGENT_RANK_TRANSPORT_BUDGET,False,False,False
rank_bridge_lp_v3,rank_transport_budget,epsilon_star_frontier,4,40,0.0868252768522,decile,1,taxable_income_weighted_mean_MTR,min,0.05,0,Optimization terminated successfully. (HiGHS Status 7: Optimal),4.4408920985e-16,0,0,0,0,0,0,0.22500852054,0,0.0868252768522,1.38777878078e-17,0,2.5.3,1.18.1,highs-ds,MODEL_CONTINGENT_RANK_TRANSPORT_BUDGET,False,False,False
rank_bridge_lp_v3,rank_transport_budget,epsilon_star_frontier,4,40,0.0868252768522,decile,1,taxable_income_weighted_mean_MTR,max,0.05,0,Optimization terminated successfully. (HiGHS Status 7: Optimal),4.4408920985e-16,0,0,0,0,0,0,0.22500852054,0,0.0868252768522,1.38777878078e-17,0,2.5.3,1.18.1,highs-ds,MODEL_CONTINGENT_RANK_TRANSPORT_BUDGET,False,False,False
rank_bridge_lp_v3,rank_transport_budget,epsilon_star_frontier,4,40,0.0868252768522,decile,1,income_tax_liability_weighted_mean_MTR,min,0.05,0,Optimization terminated successfully. (HiGHS Status 7: Optimal),4.4408920985e-16,0,0,0,0,0,0,0.22500852054,0,0.0868252768522,1.38777878078e-17,0,2.5.3,1.18.1,highs-ds,MODEL_CONTINGENT_RANK_TRANSPORT_BUDGET,False,False,False
rank_bridge_lp_v3,rank_transport_budget,epsilon_star_frontier,4,40,0.0868252768522,decile,1,income_tax_liability_weighted_mean_MTR,max,0.05,0,Optimization terminated successfully. (HiGHS Status 7: Optimal),4.4408920985e-16,0,0,0,0,0,0,0.22500852054,0,0.0868252768522,1.38777878078e-17,0,2.5.3,1.18.1,highs-ds,MODEL_CONTINGENT_RANK_TRANSPORT_BUDGET,False,False,False
rank_bridge_lp_v3,rank_transport_budget,epsilon_star_frontier,4,40,0.0868252768522,decile,1,pseudo_filer_positive_tax_share,min,0.0854779411765,0,Optimization terminated successfully. (HiGHS Status 7: Optimal),4.4408920985e-16,0,0,0,0,0,0,0.22500852054,0,0.0868252768522,1.38777878078e-17,0,2.5.3,1.18.1,highs-ds,MODEL_CONTINGENT_RANK_TRANSPORT_BUDGET,False,False,False
rank_bridge_lp_v3,rank_transport_budget,epsilon_star_frontier,4,40,0.0868252768522,decile,1,pseudo_filer_positive_tax_share,max,0.0868252768522,0,Optimization terminated successfully. (HiGHS Status 7: Optimal),0,0,0,0,1.38777878078e-17,0,1.73472347598e-17,0.22500852054,0,0.0868252768522,1.38777878078e-17,0,2.5.3,1.18.1,highs-ds,MODEL_CONTINGENT_RANK_TRANSPORT_BUDGET,False,False,False
rank_bridge_lp_v3,rank_transport_budget,epsilon_star_frontier,4,40,0.0868252768522,decile,1,transported_nta_positive_liability_rate,min,0,0,Optimization terminated successfully. (HiGHS Status 7: Optimal),4.4408920985e-16,0,0,0,0,0,0,0.22500852054,0,0.0868252768522,1.38777878078e-17,0,2.5.3,1.18.1,highs-ds,MODEL_CONTINGENT_RANK_TRANSPORT_BUDGET,False,False,False
rank_bridge_lp_v3,rank_transport_budget,epsilon_star_frontier,4,40,0.0868252768522,decile,1,transported_nta_positive_liability_rate,max,0,0,Optimization terminated successfully. (HiGHS Status 7: Optimal),0,0,0,0,0,0,1.72388145425e-17,0.22500852054,0,0.0868252768522,1.38777878078e-17,0,2.5.3,1.18.1,highs-ds,MODEL_CONTINGENT_RANK_TRANSPORT_BUDGET,False,False,False
rank_bridge_lp_v3,rank_transport_budget,epsilon_star_frontier,4,40,0.0868252768522,decile,2,taxable_income_weighted_mean_MTR,min,0.05,0,Optimization terminated successfully. (HiGHS Status 7: Optimal),4.4408920985e-16,0,0,0,1.38777878078e-17,0,0,0.231930390516,0,0.0868252768522,1.38777878078e-17,0,2.5.3,1.18.1,highs-ds,MODEL_CONTINGENT_RANK_TRANSPORT_BUDGET,False,False,False
rank_bridge_lp_v3,rank_transport_budget,epsilon_star_frontier,4,40,0.0868252768522,decile,2,taxable_income_weighted_mean_MTR,max,0.05,0,Optimization terminated successfully. (HiGHS Status 7: Optimal),4.4408920985e-16,0,0,0,1.38777878078e-17,0,0,0.231930390516,0,0.0868252768522,1.38777878078e-17,0,2.5.3,1.18.1,highs-ds,MODEL_CONTINGENT_RANK_TRANSPORT_BUDGET,False,False,False
rank_bridge_lp_v3,rank_transport_budget,epsilon_star_frontier,4,40,0.0868252768522,decile,2,income_tax_liability_weighted_mean_MTR,min,0.05,0,Optimization terminated successfully. (HiGHS Status 7: Optimal),4.4408920985e-16,0,0,0,1.38777878078e-17,0,0,0.231930390516,0,0.0868252768522,1.38777878078e-17,0,2.5.3,1.18.1,highs-ds,MODEL_CONTINGENT_RANK_TRANSPORT_BUDGET,False,False,False
rank_bridge_lp_v3,rank_transport_budget,epsilon_star_frontier,4,40,0.0868252768522,decile,2,income_tax_liability_weighted_mean_MTR,max,0.05,0,Optimization terminated successfully. (HiGHS Status 7: Optimal),4.4408920985e-16,0,0,0,1.38777878078e-17,0,0,0.231930390516,0,0.0868252768522,1.38777878078e-17,0,2.5.3,1.18.1,highs-ds,MODEL_CONTINGENT_RANK_TRANSPORT_BUDGET,False,False,False
rank_bridge_lp_v3,rank_transport_budget,epsilon_star_frontier,4,40,0.0868252768522,decile,2,pseudo_filer_positive_tax_share,min,0.14409221902,0,Optimization terminated successfully. (HiGHS Status 7: Optimal),4.4408920985e-16,0,0,0,0,0,0,0.22500852054,0,0.0868252768522,1.38777878078e-17,0,2.5.3,1.18.1,highs-ds,MODEL_CONTINGENT_RANK_TRANSPORT_BUDGET,False,False,False
rank_bridge_lp_v3,rank_transport_budget,epsilon_star_frontier,4,40,0.0868252768522,decile,2,pseudo_filer_positive_tax_share,max,0.14409221902,0,Optimization terminated successfully. (HiGHS Status 7: Optimal),7.77156117238e-16,0,0,0,0,0,0,0.22500852054,0,0.0868252768522,1.38777878078e-17,0,2.5.3,1.18.1,highs-ds,MODEL_CONTINGENT_RANK_TRANSPORT_BUDGET,False,False,False
rank_bridge_lp_v3,rank_transport_budget,epsilon_star_frontier,4,40,0.0868252768522,decile,2,transported_nta_positive_liability_rate,min,0.0572669421678,0,Optimization terminated successfully. (HiGHS Status 7: Optimal),4.4408920985e-16,0,0,0,0,0,0,0.22500852054,0,0.0868252768522,1.38777878078e-17,0,2.5.3,1.18.1,highs-ds,MODEL_CONTINGENT_RANK_TRANSPORT_BUDGET,False,False,False
rank_bridge_lp_v3,rank_transport_budget,epsilon_star_frontier,4,40,0.0868252768522,decile,2,transported_nta_positive_liability_rate,max,0.0572669421678,0,Optimization terminated successfully. (HiGHS Status 7: Optimal),0,0,0,0,0,0,0,0.178177724872,0,0.0868252768522,1.38777878078e-17,0,2.5.3,1.18.1,highs-ds,MODEL_CONTINGENT_RANK_TRANSPORT_BUDGET,False,False,False
rank_bridge_lp_v3,rank_transport_budget,epsilon_star_frontier,4,40,0.0868252768522,decile,3,taxable_income_weighted_mean_MTR,min,0.05,0,Optimization terminated successfully. (HiGHS Status 7: Optimal),4.4408920985e-16,0,0,0,0,0,0,0.22500852054,0,0.0868252768522,1.38777878078e-17,0,2.5.3,1.18.1,highs-ds,MODEL_CONTINGENT_RANK_TRANSPORT_BUDGET,False,False,False
rank_bridge_lp_v3,rank_transport_budget,epsilon_star_frontier,4,40,0.0868252768522,decile,3,taxable_income_weighted_mean_MTR,max,0.05,0,Optimization terminated successfully. (HiGHS Status 7: Optimal),4.4408920985e-16,0,0,0,0,0,0,0.22500852054,0,0.0868252768522,1.38777878078e-17,0,2.5.3,1.18.1,highs-ds,MODEL_CONTINGENT_RANK_TRANSPORT_BUDGET,False,False,False
rank_bridge_lp_v3,rank_transport_budget,epsilon_star_frontier,4,40,0.0868252768522,decile,3,income_tax_liability_weighted_mean_MTR,min,0.05,0,Optimization terminated successfully. (HiGHS Status 7: Optimal),4.4408920985e-16,0,0,0,0,0,0,0.22500852054,0,0.0868252768522,1.38777878078e-17,0,2.5.3,1.18.1,highs-ds,MODEL_CONTINGENT_RANK_TRANSPORT_BUDGET,False,False,False
rank_bridge_lp_v3,rank_transport_budget,epsilon_star_frontier,4,40,0.0868252768522,decile,3,income_tax_liability_weighted_mean_MTR,max,0.05,0,Optimization terminated successfully. (HiGHS Status 7: Optimal),4.4408920985e-16,0,0,0,0,0,0,0.22500852054,0,0.0868252768522,1.38777878078e-17,0,2.5.3,1.18.1,highs-ds,MODEL_CONTINGENT_RANK_TRANSPORT_BUDGET,False,False,False
rank_bridge_lp_v3,rank_transport_budget,epsilon_star_frontier,4,40,0.0868252768522,decile,3,pseudo_filer_positive_tax_share,min,0.156598513011,0,Optimization terminated successfully. (HiGHS Status 7: Optimal),4.4408920985e-16,0,0,0,0,0,0,0.22500852054,0,0.0868252768522,1.38777878078e-17,0,2.5.3,1.18.1,highs-ds,MODEL_CONTINGENT_RANK_TRANSPORT_BUDGET,False,False,False
rank_bridge_lp_v3,rank_transport_budget,epsilon_star_frontier,4,40,0.0868252768522,decile,3,pseudo_filer_positive_tax_share,max,0.156598513011,0,Optimization terminated successfully. (HiGHS Status 7: Optimal),3.33066907388e-16,0,0,0,1.38777878078e-17,0,6.93889390391e-18,0.22500852054,0,0.0868252768522,1.38777878078e-17,0,2.5.3,1.18.1,highs-ds,MODEL_CONTINGENT_RANK_TRANSPORT_BUDGET,False,False,False
rank_bridge_lp_v3,rank_transport_budget,epsilon_star_frontier,4,40,0.0868252768522,decile,3,transported_nta_positive_liability_rate,min,0.0697732361588,0,Optimization terminated successfully. (HiGHS Status 7: Optimal),6.66133814775e-16,0,0,0,0,0,0,0.227997473168,0,0.0868252768522,1.38777878078e-17,0,2.5.3,1.18.1,highs-ds,MODEL_CONTINGENT_RANK_TRANSPORT_BUDGET,False,False,False
rank_bridge_lp_v3,rank_transport_budget,epsilon_star_frontier,4,40,0.0868252768522,decile,3,transported_nta_positive_liability_rate,max,0.0697732361588,0,Optimization terminated successfully. (HiGHS Status 7: Optimal),0,0,0,0,0,0,6.93889390391e-18,0.221956036372,0,0.0868252768522,1.38777878078e-17,0,2.5.3,1.18.1,highs-ds,MODEL_CONTINGENT_RANK_TRANSPORT_BUDGET,False,False,False
rank_bridge_lp_v3,rank_transport_budget,epsilon_star_frontier,4,40,0.0868252768522,decile,4,taxable_income_weighted_mean_MTR,min,0.05,0,Optimization terminated successfully. (HiGHS Status 7: Optimal),4.4408920985e-16,0,0,0,0,0,0,0.22500852054,0,0.0868252768522,1.38777878078e-17,0,2.5.3,1.18.1,highs-ds,MODEL_CONTINGENT_RANK_TRANSPORT_BUDGET,False,False,False
rank_bridge_lp_v3,rank_transport_budget,epsilon_star_frontier,4,40,0.0868252768522,decile,4,taxable_income_weighted_mean_MTR,max,0.05,0,Optimization terminated successfully. (HiGHS Status 7: Optimal),1.11022302463e-15,0,0,0,1.38777878078e-17,0,6.93889390391e-18,0.22500852054,0,0.0868252768522,4.16333634234e-17,0,2.5.3,1.18.1,highs-ds,MODEL_CONTINGENT_RANK_TRANSPORT_BUDGET,False,False,False
rank_bridge_lp_v3,rank_transport_budget,epsilon_star_frontier,4,40,0.0868252768522,decile,4,income_tax_liability_weighted_mean_MTR,min,0.05,0,Optimization terminated successfully. (HiGHS Status 7: Optimal),4.4408920985e-16,0,0,0,0,0,0,0.22500852054,0,0.0868252768522,1.38777878078e-17,0,2.5.3,1.18.1,highs-ds,MODEL_CONTINGENT_RANK_TRANSPORT_BUDGET,False,False,False
rank_bridge_lp_v3,rank_transport_budget,epsilon_star_frontier,4,40,0.0868252768522,decile,4,income_tax_liability_weighted_mean_MTR,max,0.05,0,Optimization terminated successfully. (HiGHS Status 7: Optimal),1.11022302463e-15,0,0,0,1.38777878078e-17,0,6.93889390391e-18,0.22500852054,0,0.0868252768522,4.16333634234e-17,0,2.5.3,1.18.1,highs-ds,MODEL_CONTINGENT_RANK_TRANSPORT_BUDGET,False,False,False
rank_bridge_lp_v3,rank_transport_budget,epsilon_star_frontier,4,40,0.0868252768522,decile,4,pseudo_filer_positive_tax_share,min,0.190499272904,0,Optimization terminated successfully. (HiGHS Status 7: Optimal),4.4408920985e-16,0,0,0,0,0,0,0.22500852054,0,0.0868252768522,1.38777878078e-17,0,2.5.3,1.18.1,highs-ds,MODEL_CONTINGENT_RANK_TRANSPORT_BUDGET,False,False,False
rank_bridge_lp_v3,rank_transport_budget,epsilon_star_frontier,4,40,0.0868252768522,decile,4,pseudo_filer_positive_tax_share,max,0.190499272904,0,Optimization terminated successfully. (HiGHS Status 7: Optimal),5.55111512313e-16,0,0,0,1.38777878078e-17,0,6.93889390391e-18,0.22500852054,0,0.0868252768522,1.38777878078e-17,0,2.5.3,1.18.1,highs-ds,MODEL_CONTINGENT_RANK_TRANSPORT_BUDGET,False,False,False
rank_bridge_lp_v3,rank_transport_budget,epsilon_star_frontier,4,40,0.0868252768522,decile,4,transported_nta_positive_liability_rate,min,0.103673996052,0,Optimization terminated successfully. (HiGHS Status 7: Optimal),6.66133814775e-16,0,0,0,0,0,0,0.227997473168,0,0.0868252768522,1.38777878078e-17,0,2.5.3,1.18.1,highs-ds,MODEL_CONTINGENT_RANK_TRANSPORT_BUDGET,False,False,False
rank_bridge_lp_v3,rank_transport_budget,epsilon_star_frontier,4,40,0.0868252768522,decile,4,transported_nta_positive_liability_rate,max,0.103673996052,0,Optimization terminated successfully. (HiGHS Status 7: Optimal),0,0,0,0,0,0,0,0.276300684998,0,0.0868252768522,1.38777878078e-17,0,2.5.3,1.18.1,highs-ds,MODEL_CONTINGENT_RANK_TRANSPORT_BUDGET,False,False,False
rank_bridge_lp_v3,rank_transport_budget,epsilon_star_frontier,4,40,0.0868252768522,decile,5,taxable_income_weighted_mean_MTR,min,0.059849071214,0,Optimization terminated successfully. (HiGHS Status 7: Optimal),2.22044604925e-15,0,0,0,0,0,0,0.254762090214,0,0.0868252768522,1.38777878078e-17,0,2.5.3,1.18.1,highs-ds,MODEL_CONTINGENT_RANK_TRANSPORT_BUDGET,False,False,False
rank_bridge_lp_v3,rank_transport_budget,epsilon_star_frontier,4,40,0.0868252768522,decile,5,taxable_income_weighted_mean_MTR,max,0.059849071214,0,Optimization terminated successfully. (HiGHS Status 7: Optimal),1.11022302463e-15,0,0,0,0,0,0,0.254762090214,0,0.0868252768522,1.38777878078e-17,0,2.5.3,1.18.1,highs-ds,MODEL_CONTINGENT_RANK_TRANSPORT_BUDGET,False,False,False
rank_bridge_lp_v3,rank_transport_budget,epsilon_star_frontier,4,40,0.0868252768522,decile,5,income_tax_liability_weighted_mean_MTR,min,0.0620640347482,0,Optimization terminated successfully. (HiGHS Status 7: Optimal),2.22044604925e-15,0,0,0,0,0,0,0.254762090214,0,0.0868252768522,1.38777878078e-17,0,2.5.3,1.18.1,highs-ds,MODEL_CONTINGENT_RANK_TRANSPORT_BUDGET,False,False,False
rank_bridge_lp_v3,rank_transport_budget,epsilon_star_frontier,4,40,0.0868252768522,decile,5,income_tax_liability_weighted_mean_MTR,max,0.0620640347482,0,Optimization terminated successfully. (HiGHS Status 7: Optimal),1.11022302463e-15,0,0,0,0,0,0,0.254762090214,0,0.0868252768522,1.38777878078e-17,0,2.5.3,1.18.1,highs-ds,MODEL_CONTINGENT_RANK_TRANSPORT_BUDGET,False,False,False
rank_bridge_lp_v3,rank_transport_budget,epsilon_star_frontier,4,40,0.0868252768522,decile,5,pseudo_filer_positive_tax_share,min,0.213769860376,0,Optimization terminated successfully. (HiGHS Status 7: Optimal),4.4408920985e-16,0,0,0,0,0,0,0.22500852054,0,0.0868252768522,1.38777878078e-17,0,2.5.3,1.18.1,highs-ds,MODEL_CONTINGENT_RANK_TRANSPORT_BUDGET,False,False,False
rank_bridge_lp_v3,rank_transport_budget,epsilon_star_frontier,4,40,0.0868252768522,decile,5,pseudo_filer_positive_tax_share,max,0.213769860376,0,Optimization terminated successfully. (HiGHS Status 7: Optimal),8.881784197e-16,0,0,0,0,0,6.93889390391e-18,0.22500852054,0,0.0868252768522,4.16333634234e-17,0,2.5.3,1.18.1,highs-ds,MODEL_CONTINGENT_RANK_TRANSPORT_BUDGET,False,False,False
rank_bridge_lp_v3,rank_transport_budget,epsilon_star_frontier,4,40,0.0868252768522,decile,5,transported_nta_positive_liability_rate,min,0.126944583524,0,Optimization terminated successfully. (HiGHS Status 7: Optimal),6.66133814775e-16,0,0,0,1.38777878078e-17,0,0,0.295375727255,0,0.0868252768522,1.38777878078e-17,0,2.5.3,1.18.1,highs-ds,MODEL_CONTINGENT_RANK_TRANSPORT_BUDGET,False,False,False
rank_bridge_lp_v3,rank_transport_budget,epsilon_star_frontier,4,40,0.0868252768522,decile,5,transported_nta_positive_liability_rate,max,0.126944583524,0,Optimization terminated successfully. (HiGHS Status 7: Optimal),0,0,0,2.77555756156e-17,1.38777878078e-17,0,8.67361737988e-19,0.262381163594,0,0.0868252768522,1.38777878078e-17,0,2.5.3,1.18.1,highs-ds,MODEL_CONTINGENT_RANK_TRANSPORT_BUDGET,False,False,False
rank_bridge_lp_v3,rank_transport_budget,epsilon_star_frontier,4,40,0.0868252768522,decile,6,taxable_income_weighted_mean_MTR,min,0.102954442372,0,Optimization terminated successfully. (HiGHS Status 7: Optimal),1.66533453694e-15,0,0,0,0,0,6.93889390391e-18,0.22500852054,0,0.0868252768522,1.38777878078e-17,0,2.5.3,1.18.1,highs-ds,MODEL_CONTINGENT_RANK_TRANSPORT_BUDGET,False,False,False
rank_bridge_lp_v3,rank_transport_budget,epsilon_star_frontier,4,40,0.0868252768522,decile,6,taxable_income_weighted_mean_MTR,max,0.102954442372,0,Optimization terminated successfully. (HiGHS Status 7: Optimal),6.66133814775e-16,0,0,0,0,0,6.93889390391e-18,0.22500852054,0,0.0868252768522,1.38777878078e-17,0,2.5.3,1.18.1,highs-ds,MODEL_CONTINGENT_RANK_TRANSPORT_BUDGET,False,False,False
rank_bridge_lp_v3,rank_transport_budget,epsilon_star_frontier,4,40,0.0868252768522,decile,6,income_tax_liability_weighted_mean_MTR,min,0.115616413308,0,Optimization terminated successfully. (HiGHS Status 7: Optimal),1.66533453694e-15,0,0,0,0,0,6.93889390391e-18,0.22500852054,0,0.0868252768522,1.38777878078e-17,0,2.5.3,1.18.1,highs-ds,MODEL_CONTINGENT_RANK_TRANSPORT_BUDGET,False,False,False
rank_bridge_lp_v3,rank_transport_budget,epsilon_star_frontier,4,40,0.0868252768522,decile,6,income_tax_liability_weighted_mean_MTR,max,0.115616413308,0,Optimization terminated successfully. (HiGHS Status 7: Optimal),6.66133814775e-16,0,0,0,0,0,6.93889390391e-18,0.22500852054,0,0.0868252768522,1.38777878078e-17,0,2.5.3,1.18.1,highs-ds,MODEL_CONTINGENT_RANK_TRANSPORT_BUDGET,False,False,False
rank_bridge_lp_v3,rank_transport_budget,epsilon_star_frontier,4,40,0.0868252768522,decile,6,pseudo_filer_positive_tax_share,min,0.235387045814,0,Optimization terminated successfully. (HiGHS Status 7: Optimal),4.4408920985e-16,0,0,0,0,0,0,0.22500852054,0,0.0868252768522,1.38777878078e-17,0,2.5.3,1.18.1,highs-ds,MODEL_CONTINGENT_RANK_TRANSPORT_BUDGET,False,False,False
rank_bridge_lp_v3,rank_transport_budget,epsilon_star_frontier,4,40,0.0868252768522,decile,6,pseudo_filer_positive_tax_share,max,0.235387045814,0,Optimization terminated successfully. (HiGHS Status 7: Optimal),1.22124532709e-15,0,0,0,0,0,6.93889390391e-18,0.22500852054,0,0.0868252768522,1.38777878078e-17,0,2.5.3,1.18.1,highs-ds,MODEL_CONTINGENT_RANK_TRANSPORT_BUDGET,False,False,False
rank_bridge_lp_v3,rank_transport_budget,epsilon_star_frontier,4,40,0.0868252768522,decile,6,transported_nta_positive_liability_rate,min,0.148561768962,0,Optimization terminated successfully. (HiGHS Status 7: Optimal),8.881784197e-16,0,0,2.77555756156e-17,2.77555756156e-17,0,8.67361737988e-19,0.240012225175,0,0.0868252768522,1.38777878078e-17,0,2.5.3,1.18.1,highs-ds,MODEL_CONTINGENT_RANK_TRANSPORT_BUDGET,False,False,False
rank_bridge_lp_v3,rank_transport_budget,epsilon_star_frontier,4,40,0.0868252768522,decile,6,transported_nta_positive_liability_rate,max,0.148561768962,0,Optimization terminated successfully. (HiGHS Status 7: Optimal),0,0,0,0,0,0,6.93889390391e-18,0.227997473168,0,0.0868252768522,1.38777878078e-17,0,2.5.3,1.18.1,highs-ds,MODEL_CONTINGENT_RANK_TRANSPORT_BUDGET,False,False,False
rank_bridge_lp_v3,rank_transport_budget,epsilon_star_frontier,4,40,0.0868252768522,decile,7,taxable_income_weighted_mean_MTR,min,0.155146869469,0,Optimization terminated successfully. (HiGHS Status 7: Optimal),4.4408920985e-16,0,0,0,0,0,0,0.22500852054,0,0.0868252768522,1.38777878078e-17,0,2.5.3,1.18.1,highs-ds,MODEL_CONTINGENT_RANK_TRANSPORT_BUDGET,False,False,False
rank_bridge_lp_v3,rank_transport_budget,epsilon_star_frontier,4,40,0.0868252768522,decile,7,taxable_income_weighted_mean_MTR,max,0.155146869469,0,Optimization terminated successfully. (HiGHS Status 7: Optimal),4.4408920985e-16,0,0,0,0,0,0,0.22500852054,0,0.0868252768522,1.38777878078e-17,0,2.5.3,1.18.1,highs-ds,MODEL_CONTINGENT_RANK_TRANSPORT_BUDGET,False,False,False
rank_bridge_lp_v3,rank_transport_budget,epsilon_star_frontier,4,40,0.0868252768522,decile,7,income_tax_liability_weighted_mean_MTR,min,0.167464852583,0,Optimization terminated successfully. (HiGHS Status 7: Optimal),4.4408920985e-16,0,0,0,0,0,0,0.22500852054,0,0.0868252768522,1.38777878078e-17,0,2.5.3,1.18.1,highs-ds,MODEL_CONTINGENT_RANK_TRANSPORT_BUDGET,False,False,False
rank_bridge_lp_v3,rank_transport_budget,epsilon_star_frontier,4,40,0.0868252768522,decile,7,income_tax_liability_weighted_mean_MTR,max,0.167464852583,0,Optimization terminated successfully. (HiGHS Status 7: Optimal),4.4408920985e-16,0,0,0,0,0,0,0.22500852054,0,0.0868252768522,1.38777878078e-17,0,2.5.3,1.18.1,highs-ds,MODEL_CONTINGENT_RANK_TRANSPORT_BUDGET,False,False,False
rank_bridge_lp_v3,rank_transport_budget,epsilon_star_frontier,4,40,0.0868252768522,decile,7,pseudo_filer_positive_tax_share,min,0.317057704502,0,Optimization terminated successfully. (HiGHS Status 7: Optimal),2.22044604925e-16,0,0,1.38777878078e-17,0,0,6.93889390391e-18,0.22500852054,0,0.0868252768522,1.38777878078e-17,0,2.5.3,1.18.1,highs-ds,MODEL_CONTINGENT_RANK_TRANSPORT_BUDGET,False,False,False
rank_bridge_lp_v3,rank_transport_budget,epsilon_star_frontier,4,40,0.0868252768522,decile,7,pseudo_filer_positive_tax_share,max,0.317057704502,0,Optimization terminated successfully. (HiGHS Status 7: Optimal),4.4408920985e-16,0,0,0,0,0,0,0.22500852054,0,0.0868252768522,1.38777878078e-17,0,2.5.3,1.18.1,highs-ds,MODEL_CONTINGENT_RANK_TRANSPORT_BUDGET,False,False,False
rank_bridge_lp_v3,rank_transport_budget,epsilon_star_frontier,4,40,0.0868252768522,decile,7,transported_nta_positive_liability_rate,min,0.23023242765,0,Optimization terminated successfully. (HiGHS Status 7: Optimal),4.4408920985e-16,0,0,0,0,0,0,0.227997473168,0,0.0868252768522,6.93889390391e-17,0,2.5.3,1.18.1,highs-ds,MODEL_CONTINGENT_RANK_TRANSPORT_BUDGET,False,False,False
rank_bridge_lp_v3,rank_transport_budget,epsilon_star_frontier,4,40,0.0868252768522,decile,7,transported_nta_positive_liability_rate,max,0.23023242765,0,Optimization terminated successfully. (HiGHS Status 7: Optimal),4.4408920985e-16,0,0,0,0,0,0,0.22500852054,0,0.0868252768522,1.38777878078e-17,0,2.5.3,1.18.1,highs-ds,MODEL_CONTINGENT_RANK_TRANSPORT_BUDGET,False,False,False
rank_bridge_lp_v3,rank_transport_budget,epsilon_star_frontier,4,40,0.0868252768522,decile,8,taxable_income_weighted_mean_MTR,min,0.149158769008,0,Optimization terminated successfully. (HiGHS Status 7: Optimal),5.55111512313e-16,0,0,0,0,0,6.93889390391e-18,0.22500852054,0,0.0868252768522,1.38777878078e-17,0,2.5.3,1.18.1,highs-ds,MODEL_CONTINGENT_RANK_TRANSPORT_BUDGET,False,False,False
rank_bridge_lp_v3,rank_transport_budget,epsilon_star_frontier,4,40,0.0868252768522,decile,8,taxable_income_weighted_mean_MTR,max,0.149158769008,0,Optimization terminated successfully. (HiGHS Status 7: Optimal),4.4408920985e-16,0,0,0,0,0,6.93889390391e-18,0.22500852054,0,0.0868252768522,1.38777878078e-17,0,2.5.3,1.18.1,highs-ds,MODEL_CONTINGENT_RANK_TRANSPORT_BUDGET,False,False,False
rank_bridge_lp_v3,rank_transport_budget,epsilon_star_frontier,4,40,0.0868252768522,decile,8,income_tax_liability_weighted_mean_MTR,min,0.168368702182,0,Optimization terminated successfully. (HiGHS Status 7: Optimal),5.55111512313e-16,0,0,0,0,0,6.93889390391e-18,0.22500852054,0,0.0868252768522,1.38777878078e-17,0,2.5.3,1.18.1,highs-ds,MODEL_CONTINGENT_RANK_TRANSPORT_BUDGET,False,False,False
rank_bridge_lp_v3,rank_transport_budget,epsilon_star_frontier,4,40,0.0868252768522,decile,8,income_tax_liability_weighted_mean_MTR,max,0.168368702182,0,Optimization terminated successfully. (HiGHS Status 7: Optimal),4.4408920985e-16,0,0,0,0,0,6.93889390391e-18,0.22500852054,0,0.0868252768522,1.38777878078e-17,0,2.5.3,1.18.1,highs-ds,MODEL_CONTINGENT_RANK_TRANSPORT_BUDGET,False,False,False
rank_bridge_lp_v3,rank_transport_budget,epsilon_star_frontier,4,40,0.0868252768522,decile,8,pseudo_filer_positive_tax_share,min,0.429585152838,0,Optimization terminated successfully. (HiGHS Status 7: Optimal),4.4408920985e-16,0,0,0,0,0,0,0.22500852054,0,0.0868252768522,1.38777878078e-17,0,2.5.3,1.18.1,highs-ds,MODEL_CONTINGENT_RANK_TRANSPORT_BUDGET,False,False,False
rank_bridge_lp_v3,rank_transport_budget,epsilon_star_frontier,4,40,0.0868252768522,decile,8,pseudo_filer_positive_tax_share,max,0.429585152838,0,Optimization terminated successfully. (HiGHS Status 7: Optimal),5.55111512313e-16,0,0,0,0,0,6.93889390391e-18,0.22500852054,0,0.0868252768522,1.38777878078e-17,0,2.5.3,1.18.1,highs-ds,MODEL_CONTINGENT_RANK_TRANSPORT_BUDGET,False,False,False
rank_bridge_lp_v3,rank_transport_budget,epsilon_star_frontier,4,40,0.0868252768522,decile,8,transported_nta_positive_liability_rate,min,0.342759875986,0,Optimization terminated successfully. (HiGHS Status 7: Optimal),6.66133814775e-16,0,0,0,0,0,0,0.256148366835,0,0.0868252768522,1.38777878078e-17,0,2.5.3,1.18.1,highs-ds,MODEL_CONTINGENT_RANK_TRANSPORT_BUDGET,False,False,False
rank_bridge_lp_v3,rank_transport_budget,epsilon_star_frontier,4,40,0.0868252768522,decile,8,transported_nta_positive_liability_rate,max,0.342759875986,0,Optimization terminated successfully. (HiGHS Status 7: Optimal),0,0,0,1.38777878078e-17,0,0,6.93889390391e-18,0.266919661885,0,0.0868252768522,1.38777878078e-17,0,2.5.3,1.18.1,highs-ds,MODEL_CONTINGENT_RANK_TRANSPORT_BUDGET,False,False,False
rank_bridge_lp_v3,rank_transport_budget,epsilon_star_frontier,4,40,0.0868252768522,decile,9,taxable_income_weighted_mean_MTR,min,0.179002869923,0,Optimization terminated successfully. (HiGHS Status 7: Optimal),4.4408920985e-16,0,0,0,0,0,6.93889390391e-18,0.22500852054,0,0.0868252768522,1.2490009027e-16,0,2.5.3,1.18.1,highs-ds,MODEL_CONTINGENT_RANK_TRANSPORT_BUDGET,False,False,False
rank_bridge_lp_v3,rank_transport_budget,epsilon_star_frontier,4,40,0.0868252768522,decile,9,taxable_income_weighted_mean_MTR,max,0.179002869923,0,Optimization terminated successfully. (HiGHS Status 7: Optimal),2.6645352591e-15,0,0,0,0,0,6.93889390391e-18,0.22500852054,0,0.0868252768522,1.38777878078e-17,0,2.5.3,1.18.1,highs-ds,MODEL_CONTINGENT_RANK_TRANSPORT_BUDGET,False,False,False
rank_bridge_lp_v3,rank_transport_budget,epsilon_star_frontier,4,40,0.0868252768522,decile,9,income_tax_liability_weighted_mean_MTR,min,0.196428390668,0,Optimization terminated successfully. (HiGHS Status 7: Optimal),3.77475828373e-15,0,0,0,0,0,6.93889390391e-18,0.22500852054,0,0.0868252768522,1.38777878078e-17,0,2.5.3,1.18.1,highs-ds,MODEL_CONTINGENT_RANK_TRANSPORT_BUDGET,False,False,False
rank_bridge_lp_v3,rank_transport_budget,epsilon_star_frontier,4,40,0.0868252768522,decile,9,income_tax_liability_weighted_mean_MTR,max,0.196428390668,0,Optimization terminated successfully. (HiGHS Status 7: Optimal),4.4408920985e-16,0,0,0,0,0,6.93889390391e-18,0.22500852054,0,0.0868252768522,1.2490009027e-16,0,2.5.3,1.18.1,highs-ds,MODEL_CONTINGENT_RANK_TRANSPORT_BUDGET,False,False,False
rank_bridge_lp_v3,rank_transport_budget,epsilon_star_frontier,4,40,0.0868252768522,decile,9,pseudo_filer_positive_tax_share,min,0.633608815427,0,Optimization terminated successfully. (HiGHS Status 7: Optimal),4.4408920985e-16,0,0,0,0,0,0,0.22500852054,0,0.0868252768522,1.38777878078e-17,0,2.5.3,1.18.1,highs-ds,MODEL_CONTINGENT_RANK_TRANSPORT_BUDGET,False,False,False
rank_bridge_lp_v3,rank_transport_budget,epsilon_star_frontier,4,40,0.0868252768522,decile,9,pseudo_filer_positive_tax_share,max,0.633608815427,0,Optimization terminated successfully. (HiGHS Status 7: Optimal),1.7763568394e-15,0,0,0,0,0,6.93889390391e-18,0.22500852054,0,0.0868252768522,1.38777878078e-17,0,2.5.3,1.18.1,highs-ds,MODEL_CONTINGENT_RANK_TRANSPORT_BUDGET,False,False,False
rank_bridge_lp_v3,rank_transport_budget,epsilon_star_frontier,4,40,0.0868252768522,decile,9,transported_nta_positive_liability_rate,min,0.546783538575,0,Optimization terminated successfully. (HiGHS Status 7: Optimal),6.66133814775e-16,0,0,0,0,0,0,0.386608015952,0,0.0868252768522,1.38777878078e-17,0,2.5.3,1.18.1,highs-ds,MODEL_CONTINGENT_RANK_TRANSPORT_BUDGET,False,False,False
rank_bridge_lp_v3,rank_transport_budget,epsilon_star_frontier,4,40,0.0868252768522,decile,9,transported_nta_positive_liability_rate,max,0.546783538575,0,Optimization terminated successfully. (HiGHS Status 7: Optimal),8.881784197e-16,0,0,1.38777878078e-17,1.38777878078e-17,0,0,0.336378575579,0,0.0868252768522,1.38777878078e-17,0,2.5.3,1.18.1,highs-ds,MODEL_CONTINGENT_RANK_TRANSPORT_BUDGET,False,False,False
rank_bridge_lp_v3,rank_transport_budget,epsilon_star_frontier,4,40,0.0868252768522,decile,10,taxable_income_weighted_mean_MTR,min,0.242809967122,0,Optimization terminated successfully. (HiGHS Status 7: Optimal),2.22044604925e-16,0,0,1.38777878078e-17,0,0,6.93889390391e-18,0.22500852054,0,0.0868252768522,1.38777878078e-17,0,2.5.3,1.18.1,highs-ds,MODEL_CONTINGENT_RANK_TRANSPORT_BUDGET,False,False,False
rank_bridge_lp_v3,rank_transport_budget,epsilon_star_frontier,4,40,0.0868252768522,decile,10,taxable_income_weighted_mean_MTR,max,0.242809967122,0,Optimization terminated successfully. (HiGHS Status 7: Optimal),2.22044604925e-16,0,0,1.38777878078e-17,0,0,6.93889390391e-18,0.22500852054,0,0.0868252768522,1.38777878078e-17,0,2.5.3,1.18.1,highs-ds,MODEL_CONTINGENT_RANK_TRANSPORT_BUDGET,False,False,False
rank_bridge_lp_v3,rank_transport_budget,epsilon_star_frontier,4,40,0.0868252768522,decile,10,income_tax_liability_weighted_mean_MTR,min,0.267186538276,0,Optimization terminated successfully. (HiGHS Status 7: Optimal),2.22044604925e-16,0,0,1.38777878078e-17,0,0,6.93889390391e-18,0.22500852054,0,0.0868252768522,1.38777878078e-17,0,2.5.3,1.18.1,highs-ds,MODEL_CONTINGENT_RANK_TRANSPORT_BUDGET,False,False,False
rank_bridge_lp_v3,rank_transport_budget,epsilon_star_frontier,4,40,0.0868252768522,decile,10,income_tax_liability_weighted_mean_MTR,max,0.267186538276,0,Optimization terminated successfully. (HiGHS Status 7: Optimal),2.22044604925e-16,0,0,1.38777878078e-17,0,0,6.93889390391e-18,0.22500852054,0,0.0868252768522,1.38777878078e-17,0,2.5.3,1.18.1,highs-ds,MODEL_CONTINGENT_RANK_TRANSPORT_BUDGET,False,False,False
rank_bridge_lp_v3,rank_transport_budget,epsilon_star_frontier,4,40,0.0868252768522,decile,10,pseudo_filer_positive_tax_share,min,0.668781725888,0,Optimization terminated successfully. (HiGHS Status 7: Optimal),4.4408920985e-16,0,0,0,0,0,0,0.22500852054,0,0.0868252768522,1.38777878078e-17,0,2.5.3,1.18.1,highs-ds,MODEL_CONTINGENT_RANK_TRANSPORT_BUDGET,False,False,False
rank_bridge_lp_v3,rank_transport_budget,epsilon_star_frontier,4,40,0.0868252768522,decile,10,pseudo_filer_positive_tax_share,max,0.668781725888,0,Optimization terminated successfully. (HiGHS Status 7: Optimal),2.22044604925e-16,0,0,1.38777878078e-17,0,0,6.93889390391e-18,0.22500852054,0,0.0868252768522,1.38777878078e-17,0,2.5.3,1.18.1,highs-ds,MODEL_CONTINGENT_RANK_TRANSPORT_BUDGET,False,False,False
rank_bridge_lp_v3,rank_transport_budget,epsilon_star_frontier,4,40,0.0868252768522,decile,10,transported_nta_positive_liability_rate,min,0.581956449036,0,Optimization terminated successfully. (HiGHS Status 7: Optimal),4.4408920985e-16,0,0,0,0,0,0,0.22500852054,0,0.0868252768522,1.38777878078e-17,0,2.5.3,1.18.1,highs-ds,MODEL_CONTINGENT_RANK_TRANSPORT_BUDGET,False,False,False
rank_bridge_lp_v3,rank_transport_budget,epsilon_star_frontier,4,40,0.0868252768522,decile,10,transported_nta_positive_liability_rate,max,0.581956449036,0,Optimization terminated successfully. (HiGHS Status 7: Optimal),2.22044604925e-16,0,0,0,1.38777878078e-17,0,3.46944695195e-18,0.486927122563,0,0.0868252768522,6.93889390391e-17,0,2.5.3,1.18.1,highs-ds,MODEL_CONTINGENT_RANK_TRANSPORT_BUDGET,False,False,False
rank_bridge_lp_v3,rank_transport_budget,epsilon_star_frontier,4,40,0.0868252768522,overall,,taxable_income_weighted_mean_MTR,min,0.108892198911,0,Optimization terminated successfully. (HiGHS Status 7: Optimal),8.881784197e-16,0,0,0,0,0,6.93889390391e-18,0.195097496772,0,0.0868252768522,1.38777878078e-17,0,2.5.3,1.18.1,highs-ds,MODEL_CONTINGENT_RANK_TRANSPORT_BUDGET,False,False,False
rank_bridge_lp_v3,rank_transport_budget,epsilon_star_frontier,4,40,0.0868252768522,overall,,taxable_income_weighted_mean_MTR,max,0.108892198911,0,Optimization terminated successfully. (HiGHS Status 7: Optimal),4.4408920985e-16,0,0,1.38777878078e-17,0,0,6.93889390391e-18,0.195097496772,0,0.0868252768522,1.38777878078e-17,0,2.5.3,1.18.1,highs-ds,MODEL_CONTINGENT_RANK_TRANSPORT_BUDGET,False,False,False
rank_bridge_lp_v3,rank_transport_budget,epsilon_star_frontier,4,40,0.0868252768522,overall,,income_tax_liability_weighted_mean_MTR,min,0.117712893177,0,Optimization terminated successfully. (HiGHS Status 7: Optimal),8.881784197e-16,0,0,0,0,0,6.93889390391e-18,0.195097496772,0,0.0868252768522,1.38777878078e-17,0,2.5.3,1.18.1,highs-ds,MODEL_CONTINGENT_RANK_TRANSPORT_BUDGET,False,False,False
rank_bridge_lp_v3,rank_transport_budget,epsilon_star_frontier,4,40,0.0868252768522,overall,,income_tax_liability_weighted_mean_MTR,max,0.117712893177,0,Optimization terminated successfully. (HiGHS Status 7: Optimal),4.4408920985e-16,0,0,1.38777878078e-17,0,0,6.93889390391e-18,0.195097496772,0,0.0868252768522,1.38777878078e-17,0,2.5.3,1.18.1,highs-ds,MODEL_CONTINGENT_RANK_TRANSPORT_BUDGET,False,False,False
rank_bridge_lp_v3,rank_transport_budget,epsilon_star_frontier,5,50,0.0868252768522,decile,1,taxable_income_weighted_mean_MTR,min,0.05,0,Optimization terminated successfully. (HiGHS Status 7: Optimal),4.4408920985e-16,0,0,0,0,0,0,0.22500852054,0,0.0868252768522,1.38777878078e-17,0,2.5.3,1.18.1,highs-ds,MODEL_CONTINGENT_RANK_TRANSPORT_BUDGET,False,False,False
rank_bridge_lp_v3,rank_transport_budget,epsilon_star_frontier,5,50,0.0868252768522,decile,1,taxable_income_weighted_mean_MTR,max,0.05,0,Optimization terminated successfully. (HiGHS Status 7: Optimal),4.4408920985e-16,0,0,0,0,0,0,0.22500852054,0,0.0868252768522,1.38777878078e-17,0,2.5.3,1.18.1,highs-ds,MODEL_CONTINGENT_RANK_TRANSPORT_BUDGET,False,False,False
rank_bridge_lp_v3,rank_transport_budget,epsilon_star_frontier,5,50,0.0868252768522,decile,1,income_tax_liability_weighted_mean_MTR,min,0.05,0,Optimization terminated successfully. (HiGHS Status 7: Optimal),4.4408920985e-16,0,0,0,0,0,0,0.22500852054,0,0.0868252768522,1.38777878078e-17,0,2.5.3,1.18.1,highs-ds,MODEL_CONTINGENT_RANK_TRANSPORT_BUDGET,False,False,False
rank_bridge_lp_v3,rank_transport_budget,epsilon_star_frontier,5,50,0.0868252768522,decile,1,income_tax_liability_weighted_mean_MTR,max,0.05,0,Optimization terminated successfully. (HiGHS Status 7: Optimal),4.4408920985e-16,0,0,0,0,0,0,0.22500852054,0,0.0868252768522,1.38777878078e-17,0,2.5.3,1.18.1,highs-ds,MODEL_CONTINGENT_RANK_TRANSPORT_BUDGET,False,False,False
rank_bridge_lp_v3,rank_transport_budget,epsilon_star_frontier,5,50,0.0868252768522,decile,1,pseudo_filer_positive_tax_share,min,0.0854779411765,0,Optimization terminated successfully. (HiGHS Status 7: Optimal),4.4408920985e-16,0,0,0,0,0,0,0.22500852054,0,0.0868252768522,1.38777878078e-17,0,2.5.3,1.18.1,highs-ds,MODEL_CONTINGENT_RANK_TRANSPORT_BUDGET,False,False,False
rank_bridge_lp_v3,rank_transport_budget,epsilon_star_frontier,5,50,0.0868252768522,decile,1,pseudo_filer_positive_tax_share,max,0.0868252768522,0,Optimization terminated successfully. (HiGHS Status 7: Optimal),0,0,0,0,1.38777878078e-17,0,1.73472347598e-17,0.22500852054,0,0.0868252768522,1.38777878078e-17,0,2.5.3,1.18.1,highs-ds,MODEL_CONTINGENT_RANK_TRANSPORT_BUDGET,False,False,False
rank_bridge_lp_v3,rank_transport_budget,epsilon_star_frontier,5,50,0.0868252768522,decile,1,transported_nta_positive_liability_rate,min,0,0,Optimization terminated successfully. (HiGHS Status 7: Optimal),4.4408920985e-16,0,0,0,0,0,0,0.22500852054,0,0.0868252768522,1.38777878078e-17,0,2.5.3,1.18.1,highs-ds,MODEL_CONTINGENT_RANK_TRANSPORT_BUDGET,False,False,False
rank_bridge_lp_v3,rank_transport_budget,epsilon_star_frontier,5,50,0.0868252768522,decile,1,transported_nta_positive_liability_rate,max,0,0,Optimization terminated successfully. (HiGHS Status 7: Optimal),0,0,0,0,0,0,1.72388145425e-17,0.22500852054,0,0.0868252768522,1.38777878078e-17,0,2.5.3,1.18.1,highs-ds,MODEL_CONTINGENT_RANK_TRANSPORT_BUDGET,False,False,False
rank_bridge_lp_v3,rank_transport_budget,epsilon_star_frontier,5,50,0.0868252768522,decile,2,taxable_income_weighted_mean_MTR,min,0.05,0,Optimization terminated successfully. (HiGHS Status 7: Optimal),4.4408920985e-16,0,0,0,1.38777878078e-17,0,0,0.231930390516,0,0.0868252768522,1.38777878078e-17,0,2.5.3,1.18.1,highs-ds,MODEL_CONTINGENT_RANK_TRANSPORT_BUDGET,False,False,False
rank_bridge_lp_v3,rank_transport_budget,epsilon_star_frontier,5,50,0.0868252768522,decile,2,taxable_income_weighted_mean_MTR,max,0.05,0,Optimization terminated successfully. (HiGHS Status 7: Optimal),4.4408920985e-16,0,0,0,1.38777878078e-17,0,0,0.231930390516,0,0.0868252768522,1.38777878078e-17,0,2.5.3,1.18.1,highs-ds,MODEL_CONTINGENT_RANK_TRANSPORT_BUDGET,False,False,False
rank_bridge_lp_v3,rank_transport_budget,epsilon_star_frontier,5,50,0.0868252768522,decile,2,income_tax_liability_weighted_mean_MTR,min,0.05,0,Optimization terminated successfully. (HiGHS Status 7: Optimal),4.4408920985e-16,0,0,0,1.38777878078e-17,0,0,0.231930390516,0,0.0868252768522,1.38777878078e-17,0,2.5.3,1.18.1,highs-ds,MODEL_CONTINGENT_RANK_TRANSPORT_BUDGET,False,False,False
rank_bridge_lp_v3,rank_transport_budget,epsilon_star_frontier,5,50,0.0868252768522,decile,2,income_tax_liability_weighted_mean_MTR,max,0.05,0,Optimization terminated successfully. (HiGHS Status 7: Optimal),4.4408920985e-16,0,0,0,1.38777878078e-17,0,0,0.231930390516,0,0.0868252768522,1.38777878078e-17,0,2.5.3,1.18.1,highs-ds,MODEL_CONTINGENT_RANK_TRANSPORT_BUDGET,False,False,False
rank_bridge_lp_v3,rank_transport_budget,epsilon_star_frontier,5,50,0.0868252768522,decile,2,pseudo_filer_positive_tax_share,min,0.14409221902,0,Optimization terminated successfully. (HiGHS Status 7: Optimal),4.4408920985e-16,0,0,0,0,0,0,0.22500852054,0,0.0868252768522,1.38777878078e-17,0,2.5.3,1.18.1,highs-ds,MODEL_CONTINGENT_RANK_TRANSPORT_BUDGET,False,False,False
rank_bridge_lp_v3,rank_transport_budget,epsilon_star_frontier,5,50,0.0868252768522,decile,2,pseudo_filer_positive_tax_share,max,0.14409221902,0,Optimization terminated successfully. (HiGHS Status 7: Optimal),7.77156117238e-16,0,0,0,0,0,0,0.22500852054,0,0.0868252768522,1.38777878078e-17,0,2.5.3,1.18.1,highs-ds,MODEL_CONTINGENT_RANK_TRANSPORT_BUDGET,False,False,False
rank_bridge_lp_v3,rank_transport_budget,epsilon_star_frontier,5,50,0.0868252768522,decile,2,transported_nta_positive_liability_rate,min,0.0572669421678,0,Optimization terminated successfully. (HiGHS Status 7: Optimal),4.4408920985e-16,0,0,0,0,0,0,0.22500852054,0,0.0868252768522,1.38777878078e-17,0,2.5.3,1.18.1,highs-ds,MODEL_CONTINGENT_RANK_TRANSPORT_BUDGET,False,False,False
rank_bridge_lp_v3,rank_transport_budget,epsilon_star_frontier,5,50,0.0868252768522,decile,2,transported_nta_positive_liability_rate,max,0.0572669421678,0,Optimization terminated successfully. (HiGHS Status 7: Optimal),0,0,0,0,0,0,0,0.178177724872,0,0.0868252768522,1.38777878078e-17,0,2.5.3,1.18.1,highs-ds,MODEL_CONTINGENT_RANK_TRANSPORT_BUDGET,False,False,False
rank_bridge_lp_v3,rank_transport_budget,epsilon_star_frontier,5,50,0.0868252768522,decile,3,taxable_income_weighted_mean_MTR,min,0.05,0,Optimization terminated successfully. (HiGHS Status 7: Optimal),4.4408920985e-16,0,0,0,0,0,0,0.22500852054,0,0.0868252768522,1.38777878078e-17,0,2.5.3,1.18.1,highs-ds,MODEL_CONTINGENT_RANK_TRANSPORT_BUDGET,False,False,False
rank_bridge_lp_v3,rank_transport_budget,epsilon_star_frontier,5,50,0.0868252768522,decile,3,taxable_income_weighted_mean_MTR,max,0.05,0,Optimization terminated successfully. (HiGHS Status 7: Optimal),4.4408920985e-16,0,0,0,0,0,0,0.22500852054,0,0.0868252768522,1.38777878078e-17,0,2.5.3,1.18.1,highs-ds,MODEL_CONTINGENT_RANK_TRANSPORT_BUDGET,False,False,False
rank_bridge_lp_v3,rank_transport_budget,epsilon_star_frontier,5,50,0.0868252768522,decile,3,income_tax_liability_weighted_mean_MTR,min,0.05,0,Optimization terminated successfully. (HiGHS Status 7: Optimal),4.4408920985e-16,0,0,0,0,0,0,0.22500852054,0,0.0868252768522,1.38777878078e-17,0,2.5.3,1.18.1,highs-ds,MODEL_CONTINGENT_RANK_TRANSPORT_BUDGET,False,False,False
rank_bridge_lp_v3,rank_transport_budget,epsilon_star_frontier,5,50,0.0868252768522,decile,3,income_tax_liability_weighted_mean_MTR,max,0.05,0,Optimization terminated successfully. (HiGHS Status 7: Optimal),4.4408920985e-16,0,0,0,0,0,0,0.22500852054,0,0.0868252768522,1.38777878078e-17,0,2.5.3,1.18.1,highs-ds,MODEL_CONTINGENT_RANK_TRANSPORT_BUDGET,False,False,False
rank_bridge_lp_v3,rank_transport_budget,epsilon_star_frontier,5,50,0.0868252768522,decile,3,pseudo_filer_positive_tax_share,min,0.156598513011,0,Optimization terminated successfully. (HiGHS Status 7: Optimal),4.4408920985e-16,0,0,0,0,0,0,0.22500852054,0,0.0868252768522,1.38777878078e-17,0,2.5.3,1.18.1,highs-ds,MODEL_CONTINGENT_RANK_TRANSPORT_BUDGET,False,False,False
rank_bridge_lp_v3,rank_transport_budget,epsilon_star_frontier,5,50,0.0868252768522,decile,3,pseudo_filer_positive_tax_share,max,0.156598513011,0,Optimization terminated successfully. (HiGHS Status 7: Optimal),3.33066907388e-16,0,0,0,1.38777878078e-17,0,6.93889390391e-18,0.22500852054,0,0.0868252768522,1.38777878078e-17,0,2.5.3,1.18.1,highs-ds,MODEL_CONTINGENT_RANK_TRANSPORT_BUDGET,False,False,False
rank_bridge_lp_v3,rank_transport_budget,epsilon_star_frontier,5,50,0.0868252768522,decile,3,transported_nta_positive_liability_rate,min,0.0697732361588,0,Optimization terminated successfully. (HiGHS Status 7: Optimal),6.66133814775e-16,0,0,0,0,0,0,0.227997473168,0,0.0868252768522,1.38777878078e-17,0,2.5.3,1.18.1,highs-ds,MODEL_CONTINGENT_RANK_TRANSPORT_BUDGET,False,False,False
rank_bridge_lp_v3,rank_transport_budget,epsilon_star_frontier,5,50,0.0868252768522,decile,3,transported_nta_positive_liability_rate,max,0.0697732361588,0,Optimization terminated successfully. (HiGHS Status 7: Optimal),0,0,0,0,0,0,6.93889390391e-18,0.221956036372,0,0.0868252768522,1.38777878078e-17,0,2.5.3,1.18.1,highs-ds,MODEL_CONTINGENT_RANK_TRANSPORT_BUDGET,False,False,False
rank_bridge_lp_v3,rank_transport_budget,epsilon_star_frontier,5,50,0.0868252768522,decile,4,taxable_income_weighted_mean_MTR,min,0.05,0,Optimization terminated successfully. (HiGHS Status 7: Optimal),4.4408920985e-16,0,0,0,0,0,0,0.22500852054,0,0.0868252768522,1.38777878078e-17,0,2.5.3,1.18.1,highs-ds,MODEL_CONTINGENT_RANK_TRANSPORT_BUDGET,False,False,False
rank_bridge_lp_v3,rank_transport_budget,epsilon_star_frontier,5,50,0.0868252768522,decile,4,taxable_income_weighted_mean_MTR,max,0.05,0,Optimization terminated successfully. (HiGHS Status 7: Optimal),1.11022302463e-15,0,0,0,1.38777878078e-17,0,6.93889390391e-18,0.22500852054,0,0.0868252768522,4.16333634234e-17,0,2.5.3,1.18.1,highs-ds,MODEL_CONTINGENT_RANK_TRANSPORT_BUDGET,False,False,False
rank_bridge_lp_v3,rank_transport_budget,epsilon_star_frontier,5,50,0.0868252768522,decile,4,income_tax_liability_weighted_mean_MTR,min,0.05,0,Optimization terminated successfully. (HiGHS Status 7: Optimal),4.4408920985e-16,0,0,0,0,0,0,0.22500852054,0,0.0868252768522,1.38777878078e-17,0,2.5.3,1.18.1,highs-ds,MODEL_CONTINGENT_RANK_TRANSPORT_BUDGET,False,False,False
rank_bridge_lp_v3,rank_transport_budget,epsilon_star_frontier,5,50,0.0868252768522,decile,4,income_tax_liability_weighted_mean_MTR,max,0.05,0,Optimization terminated successfully. (HiGHS Status 7: Optimal),1.11022302463e-15,0,0,0,1.38777878078e-17,0,6.93889390391e-18,0.22500852054,0,0.0868252768522,4.16333634234e-17,0,2.5.3,1.18.1,highs-ds,MODEL_CONTINGENT_RANK_TRANSPORT_BUDGET,False,False,False
rank_bridge_lp_v3,rank_transport_budget,epsilon_star_frontier,5,50,0.0868252768522,decile,4,pseudo_filer_positive_tax_share,min,0.190499272904,0,Optimization terminated successfully. (HiGHS Status 7: Optimal),4.4408920985e-16,0,0,0,0,0,0,0.22500852054,0,0.0868252768522,1.38777878078e-17,0,2.5.3,1.18.1,highs-ds,MODEL_CONTINGENT_RANK_TRANSPORT_BUDGET,False,False,False
rank_bridge_lp_v3,rank_transport_budget,epsilon_star_frontier,5,50,0.0868252768522,decile,4,pseudo_filer_positive_tax_share,max,0.190499272904,0,Optimization terminated successfully. (HiGHS Status 7: Optimal),5.55111512313e-16,0,0,0,1.38777878078e-17,0,6.93889390391e-18,0.22500852054,0,0.0868252768522,1.38777878078e-17,0,2.5.3,1.18.1,highs-ds,MODEL_CONTINGENT_RANK_TRANSPORT_BUDGET,False,False,False
rank_bridge_lp_v3,rank_transport_budget,epsilon_star_frontier,5,50,0.0868252768522,decile,4,transported_nta_positive_liability_rate,min,0.103673996052,0,Optimization terminated successfully. (HiGHS Status 7: Optimal),6.66133814775e-16,0,0,0,0,0,0,0.227997473168,0,0.0868252768522,1.38777878078e-17,0,2.5.3,1.18.1,highs-ds,MODEL_CONTINGENT_RANK_TRANSPORT_BUDGET,False,False,False
rank_bridge_lp_v3,rank_transport_budget,epsilon_star_frontier,5,50,0.0868252768522,decile,4,transported_nta_positive_liability_rate,max,0.103673996052,0,Optimization terminated successfully. (HiGHS Status 7: Optimal),0,0,0,0,0,0,0,0.276300684998,0,0.0868252768522,1.38777878078e-17,0,2.5.3,1.18.1,highs-ds,MODEL_CONTINGENT_RANK_TRANSPORT_BUDGET,False,False,False
rank_bridge_lp_v3,rank_transport_budget,epsilon_star_frontier,5,50,0.0868252768522,decile,5,taxable_income_weighted_mean_MTR,min,0.059849071214,0,Optimization terminated successfully. (HiGHS Status 7: Optimal),2.22044604925e-15,0,0,0,0,0,0,0.254762090214,0,0.0868252768522,1.38777878078e-17,0,2.5.3,1.18.1,highs-ds,MODEL_CONTINGENT_RANK_TRANSPORT_BUDGET,False,False,False
rank_bridge_lp_v3,rank_transport_budget,epsilon_star_frontier,5,50,0.0868252768522,decile,5,taxable_income_weighted_mean_MTR,max,0.059849071214,0,Optimization terminated successfully. (HiGHS Status 7: Optimal),1.11022302463e-15,0,0,0,0,0,0,0.254762090214,0,0.0868252768522,1.38777878078e-17,0,2.5.3,1.18.1,highs-ds,MODEL_CONTINGENT_RANK_TRANSPORT_BUDGET,False,False,False
rank_bridge_lp_v3,rank_transport_budget,epsilon_star_frontier,5,50,0.0868252768522,decile,5,income_tax_liability_weighted_mean_MTR,min,0.0620640347482,0,Optimization terminated successfully. (HiGHS Status 7: Optimal),2.22044604925e-15,0,0,0,0,0,0,0.254762090214,0,0.0868252768522,1.38777878078e-17,0,2.5.3,1.18.1,highs-ds,MODEL_CONTINGENT_RANK_TRANSPORT_BUDGET,False,False,False
rank_bridge_lp_v3,rank_transport_budget,epsilon_star_frontier,5,50,0.0868252768522,decile,5,income_tax_liability_weighted_mean_MTR,max,0.0620640347482,0,Optimization terminated successfully. (HiGHS Status 7: Optimal),1.11022302463e-15,0,0,0,0,0,0,0.254762090214,0,0.0868252768522,1.38777878078e-17,0,2.5.3,1.18.1,highs-ds,MODEL_CONTINGENT_RANK_TRANSPORT_BUDGET,False,False,False
rank_bridge_lp_v3,rank_transport_budget,epsilon_star_frontier,5,50,0.0868252768522,decile,5,pseudo_filer_positive_tax_share,min,0.213769860376,0,Optimization terminated successfully. (HiGHS Status 7: Optimal),4.4408920985e-16,0,0,0,0,0,0,0.22500852054,0,0.0868252768522,1.38777878078e-17,0,2.5.3,1.18.1,highs-ds,MODEL_CONTINGENT_RANK_TRANSPORT_BUDGET,False,False,False
rank_bridge_lp_v3,rank_transport_budget,epsilon_star_frontier,5,50,0.0868252768522,decile,5,pseudo_filer_positive_tax_share,max,0.213769860376,0,Optimization terminated successfully. (HiGHS Status 7: Optimal),8.881784197e-16,0,0,0,0,0,6.93889390391e-18,0.22500852054,0,0.0868252768522,4.16333634234e-17,0,2.5.3,1.18.1,highs-ds,MODEL_CONTINGENT_RANK_TRANSPORT_BUDGET,False,False,False
rank_bridge_lp_v3,rank_transport_budget,epsilon_star_frontier,5,50,0.0868252768522,decile,5,transported_nta_positive_liability_rate,min,0.126944583524,0,Optimization terminated successfully. (HiGHS Status 7: Optimal),6.66133814775e-16,0,0,0,1.38777878078e-17,0,0,0.295375727255,0,0.0868252768522,1.38777878078e-17,0,2.5.3,1.18.1,highs-ds,MODEL_CONTINGENT_RANK_TRANSPORT_BUDGET,False,False,False
rank_bridge_lp_v3,rank_transport_budget,epsilon_star_frontier,5,50,0.0868252768522,decile,5,transported_nta_positive_liability_rate,max,0.126944583524,0,Optimization terminated successfully. (HiGHS Status 7: Optimal),0,0,0,2.77555756156e-17,1.38777878078e-17,0,8.67361737988e-19,0.262381163594,0,0.0868252768522,1.38777878078e-17,0,2.5.3,1.18.1,highs-ds,MODEL_CONTINGENT_RANK_TRANSPORT_BUDGET,False,False,False
rank_bridge_lp_v3,rank_transport_budget,epsilon_star_frontier,5,50,0.0868252768522,decile,6,taxable_income_weighted_mean_MTR,min,0.102954442372,0,Optimization terminated successfully. (HiGHS Status 7: Optimal),1.66533453694e-15,0,0,0,0,0,6.93889390391e-18,0.22500852054,0,0.0868252768522,1.38777878078e-17,0,2.5.3,1.18.1,highs-ds,MODEL_CONTINGENT_RANK_TRANSPORT_BUDGET,False,False,False
rank_bridge_lp_v3,rank_transport_budget,epsilon_star_frontier,5,50,0.0868252768522,decile,6,taxable_income_weighted_mean_MTR,max,0.102954442372,0,Optimization terminated successfully. (HiGHS Status 7: Optimal),6.66133814775e-16,0,0,0,0,0,6.93889390391e-18,0.22500852054,0,0.0868252768522,1.38777878078e-17,0,2.5.3,1.18.1,highs-ds,MODEL_CONTINGENT_RANK_TRANSPORT_BUDGET,False,False,False
rank_bridge_lp_v3,rank_transport_budget,epsilon_star_frontier,5,50,0.0868252768522,decile,6,income_tax_liability_weighted_mean_MTR,min,0.115616413308,0,Optimization terminated successfully. (HiGHS Status 7: Optimal),1.66533453694e-15,0,0,0,0,0,6.93889390391e-18,0.22500852054,0,0.0868252768522,1.38777878078e-17,0,2.5.3,1.18.1,highs-ds,MODEL_CONTINGENT_RANK_TRANSPORT_BUDGET,False,False,False
rank_bridge_lp_v3,rank_transport_budget,epsilon_star_frontier,5,50,0.0868252768522,decile,6,income_tax_liability_weighted_mean_MTR,max,0.115616413308,0,Optimization terminated successfully. (HiGHS Status 7: Optimal),6.66133814775e-16,0,0,0,0,0,6.93889390391e-18,0.22500852054,0,0.0868252768522,1.38777878078e-17,0,2.5.3,1.18.1,highs-ds,MODEL_CONTINGENT_RANK_TRANSPORT_BUDGET,False,False,False
rank_bridge_lp_v3,rank_transport_budget,epsilon_star_frontier,5,50,0.0868252768522,decile,6,pseudo_filer_positive_tax_share,min,0.235387045814,0,Optimization terminated successfully. (HiGHS Status 7: Optimal),4.4408920985e-16,0,0,0,0,0,0,0.22500852054,0,0.0868252768522,1.38777878078e-17,0,2.5.3,1.18.1,highs-ds,MODEL_CONTINGENT_RANK_TRANSPORT_BUDGET,False,False,False
rank_bridge_lp_v3,rank_transport_budget,epsilon_star_frontier,5,50,0.0868252768522,decile,6,pseudo_filer_positive_tax_share,max,0.235387045814,0,Optimization terminated successfully. (HiGHS Status 7: Optimal),1.22124532709e-15,0,0,0,0,0,6.93889390391e-18,0.22500852054,0,0.0868252768522,1.38777878078e-17,0,2.5.3,1.18.1,highs-ds,MODEL_CONTINGENT_RANK_TRANSPORT_BUDGET,False,False,False
rank_bridge_lp_v3,rank_transport_budget,epsilon_star_frontier,5,50,0.0868252768522,decile,6,transported_nta_positive_liability_rate,min,0.148561768962,0,Optimization terminated successfully. (HiGHS Status 7: Optimal),8.881784197e-16,0,0,2.77555756156e-17,2.77555756156e-17,0,8.67361737988e-19,0.240012225175,0,0.0868252768522,1.38777878078e-17,0,2.5.3,1.18.1,highs-ds,MODEL_CONTINGENT_RANK_TRANSPORT_BUDGET,False,False,False
rank_bridge_lp_v3,rank_transport_budget,epsilon_star_frontier,5,50,0.0868252768522,decile,6,transported_nta_positive_liability_rate,max,0.148561768962,0,Optimization terminated successfully. (HiGHS Status 7: Optimal),0,0,0,0,0,0,6.93889390391e-18,0.227997473168,0,0.0868252768522,1.38777878078e-17,0,2.5.3,1.18.1,highs-ds,MODEL_CONTINGENT_RANK_TRANSPORT_BUDGET,False,False,False
rank_bridge_lp_v3,rank_transport_budget,epsilon_star_frontier,5,50,0.0868252768522,decile,7,taxable_income_weighted_mean_MTR,min,0.155146869469,0,Optimization terminated successfully. (HiGHS Status 7: Optimal),4.4408920985e-16,0,0,0,0,0,0,0.22500852054,0,0.0868252768522,1.38777878078e-17,0,2.5.3,1.18.1,highs-ds,MODEL_CONTINGENT_RANK_TRANSPORT_BUDGET,False,False,False
rank_bridge_lp_v3,rank_transport_budget,epsilon_star_frontier,5,50,0.0868252768522,decile,7,taxable_income_weighted_mean_MTR,max,0.155146869469,0,Optimization terminated successfully. (HiGHS Status 7: Optimal),4.4408920985e-16,0,0,0,0,0,0,0.22500852054,0,0.0868252768522,1.38777878078e-17,0,2.5.3,1.18.1,highs-ds,MODEL_CONTINGENT_RANK_TRANSPORT_BUDGET,False,False,False
rank_bridge_lp_v3,rank_transport_budget,epsilon_star_frontier,5,50,0.0868252768522,decile,7,income_tax_liability_weighted_mean_MTR,min,0.167464852583,0,Optimization terminated successfully. (HiGHS Status 7: Optimal),4.4408920985e-16,0,0,0,0,0,0,0.22500852054,0,0.0868252768522,1.38777878078e-17,0,2.5.3,1.18.1,highs-ds,MODEL_CONTINGENT_RANK_TRANSPORT_BUDGET,False,False,False
rank_bridge_lp_v3,rank_transport_budget,epsilon_star_frontier,5,50,0.0868252768522,decile,7,income_tax_liability_weighted_mean_MTR,max,0.167464852583,0,Optimization terminated successfully. (HiGHS Status 7: Optimal),4.4408920985e-16,0,0,0,0,0,0,0.22500852054,0,0.0868252768522,1.38777878078e-17,0,2.5.3,1.18.1,highs-ds,MODEL_CONTINGENT_RANK_TRANSPORT_BUDGET,False,False,False
rank_bridge_lp_v3,rank_transport_budget,epsilon_star_frontier,5,50,0.0868252768522,decile,7,pseudo_filer_positive_tax_share,min,0.317057704502,0,Optimization terminated successfully. (HiGHS Status 7: Optimal),2.22044604925e-16,0,0,1.38777878078e-17,0,0,6.93889390391e-18,0.22500852054,0,0.0868252768522,1.38777878078e-17,0,2.5.3,1.18.1,highs-ds,MODEL_CONTINGENT_RANK_TRANSPORT_BUDGET,False,False,False
rank_bridge_lp_v3,rank_transport_budget,epsilon_star_frontier,5,50,0.0868252768522,decile,7,pseudo_filer_positive_tax_share,max,0.317057704502,0,Optimization terminated successfully. (HiGHS Status 7: Optimal),4.4408920985e-16,0,0,0,0,0,0,0.22500852054,0,0.0868252768522,1.38777878078e-17,0,2.5.3,1.18.1,highs-ds,MODEL_CONTINGENT_RANK_TRANSPORT_BUDGET,False,False,False
rank_bridge_lp_v3,rank_transport_budget,epsilon_star_frontier,5,50,0.0868252768522,decile,7,transported_nta_positive_liability_rate,min,0.23023242765,0,Optimization terminated successfully. (HiGHS Status 7: Optimal),4.4408920985e-16,0,0,0,0,0,0,0.227997473168,0,0.0868252768522,6.93889390391e-17,0,2.5.3,1.18.1,highs-ds,MODEL_CONTINGENT_RANK_TRANSPORT_BUDGET,False,False,False
rank_bridge_lp_v3,rank_transport_budget,epsilon_star_frontier,5,50,0.0868252768522,decile,7,transported_nta_positive_liability_rate,max,0.23023242765,0,Optimization terminated successfully. (HiGHS Status 7: Optimal),4.4408920985e-16,0,0,0,0,0,0,0.22500852054,0,0.0868252768522,1.38777878078e-17,0,2.5.3,1.18.1,highs-ds,MODEL_CONTINGENT_RANK_TRANSPORT_BUDGET,False,False,False
rank_bridge_lp_v3,rank_transport_budget,epsilon_star_frontier,5,50,0.0868252768522,decile,8,taxable_income_weighted_mean_MTR,min,0.149158769008,0,Optimization terminated successfully. (HiGHS Status 7: Optimal),5.55111512313e-16,0,0,0,0,0,6.93889390391e-18,0.22500852054,0,0.0868252768522,1.38777878078e-17,0,2.5.3,1.18.1,highs-ds,MODEL_CONTINGENT_RANK_TRANSPORT_BUDGET,False,False,False
rank_bridge_lp_v3,rank_transport_budget,epsilon_star_frontier,5,50,0.0868252768522,decile,8,taxable_income_weighted_mean_MTR,max,0.149158769008,0,Optimization terminated successfully. (HiGHS Status 7: Optimal),4.4408920985e-16,0,0,0,0,0,6.93889390391e-18,0.22500852054,0,0.0868252768522,1.38777878078e-17,0,2.5.3,1.18.1,highs-ds,MODEL_CONTINGENT_RANK_TRANSPORT_BUDGET,False,False,False
rank_bridge_lp_v3,rank_transport_budget,epsilon_star_frontier,5,50,0.0868252768522,decile,8,income_tax_liability_weighted_mean_MTR,min,0.168368702182,0,Optimization terminated successfully. (HiGHS Status 7: Optimal),5.55111512313e-16,0,0,0,0,0,6.93889390391e-18,0.22500852054,0,0.0868252768522,1.38777878078e-17,0,2.5.3,1.18.1,highs-ds,MODEL_CONTINGENT_RANK_TRANSPORT_BUDGET,False,False,False
rank_bridge_lp_v3,rank_transport_budget,epsilon_star_frontier,5,50,0.0868252768522,decile,8,income_tax_liability_weighted_mean_MTR,max,0.168368702182,0,Optimization terminated successfully. (HiGHS Status 7: Optimal),4.4408920985e-16,0,0,0,0,0,6.93889390391e-18,0.22500852054,0,0.0868252768522,1.38777878078e-17,0,2.5.3,1.18.1,highs-ds,MODEL_CONTINGENT_RANK_TRANSPORT_BUDGET,False,False,False
rank_bridge_lp_v3,rank_transport_budget,epsilon_star_frontier,5,50,0.0868252768522,decile,8,pseudo_filer_positive_tax_share,min,0.429585152838,0,Optimization terminated successfully. (HiGHS Status 7: Optimal),4.4408920985e-16,0,0,0,0,0,0,0.22500852054,0,0.0868252768522,1.38777878078e-17,0,2.5.3,1.18.1,highs-ds,MODEL_CONTINGENT_RANK_TRANSPORT_BUDGET,False,False,False
rank_bridge_lp_v3,rank_transport_budget,epsilon_star_frontier,5,50,0.0868252768522,decile,8,pseudo_filer_positive_tax_share,max,0.429585152838,0,Optimization terminated successfully. (HiGHS Status 7: Optimal),5.55111512313e-16,0,0,0,0,0,6.93889390391e-18,0.22500852054,0,0.0868252768522,1.38777878078e-17,0,2.5.3,1.18.1,highs-ds,MODEL_CONTINGENT_RANK_TRANSPORT_BUDGET,False,False,False
rank_bridge_lp_v3,rank_transport_budget,epsilon_star_frontier,5,50,0.0868252768522,decile,8,transported_nta_positive_liability_rate,min,0.342759875986,0,Optimization terminated successfully. (HiGHS Status 7: Optimal),6.66133814775e-16,0,0,0,0,0,0,0.256148366835,0,0.0868252768522,1.38777878078e-17,0,2.5.3,1.18.1,highs-ds,MODEL_CONTINGENT_RANK_TRANSPORT_BUDGET,False,False,False
rank_bridge_lp_v3,rank_transport_budget,epsilon_star_frontier,5,50,0.0868252768522,decile,8,transported_nta_positive_liability_rate,max,0.342759875986,0,Optimization terminated successfully. (HiGHS Status 7: Optimal),0,0,0,1.38777878078e-17,0,0,6.93889390391e-18,0.266919661885,0,0.0868252768522,1.38777878078e-17,0,2.5.3,1.18.1,highs-ds,MODEL_CONTINGENT_RANK_TRANSPORT_BUDGET,False,False,False
rank_bridge_lp_v3,rank_transport_budget,epsilon_star_frontier,5,50,0.0868252768522,decile,9,taxable_income_weighted_mean_MTR,min,0.179002869923,0,Optimization terminated successfully. (HiGHS Status 7: Optimal),4.4408920985e-16,0,0,0,0,0,6.93889390391e-18,0.22500852054,0,0.0868252768522,1.2490009027e-16,0,2.5.3,1.18.1,highs-ds,MODEL_CONTINGENT_RANK_TRANSPORT_BUDGET,False,False,False
rank_bridge_lp_v3,rank_transport_budget,epsilon_star_frontier,5,50,0.0868252768522,decile,9,taxable_income_weighted_mean_MTR,max,0.179002869923,0,Optimization terminated successfully. (HiGHS Status 7: Optimal),2.6645352591e-15,0,0,0,0,0,6.93889390391e-18,0.22500852054,0,0.0868252768522,1.38777878078e-17,0,2.5.3,1.18.1,highs-ds,MODEL_CONTINGENT_RANK_TRANSPORT_BUDGET,False,False,False
rank_bridge_lp_v3,rank_transport_budget,epsilon_star_frontier,5,50,0.0868252768522,decile,9,income_tax_liability_weighted_mean_MTR,min,0.196428390668,0,Optimization terminated successfully. (HiGHS Status 7: Optimal),3.77475828373e-15,0,0,0,0,0,6.93889390391e-18,0.22500852054,0,0.0868252768522,1.38777878078e-17,0,2.5.3,1.18.1,highs-ds,MODEL_CONTINGENT_RANK_TRANSPORT_BUDGET,False,False,False
rank_bridge_lp_v3,rank_transport_budget,epsilon_star_frontier,5,50,0.0868252768522,decile,9,income_tax_liability_weighted_mean_MTR,max,0.196428390668,0,Optimization terminated successfully. (HiGHS Status 7: Optimal),4.4408920985e-16,0,0,0,0,0,6.93889390391e-18,0.22500852054,0,0.0868252768522,1.2490009027e-16,0,2.5.3,1.18.1,highs-ds,MODEL_CONTINGENT_RANK_TRANSPORT_BUDGET,False,False,False
rank_bridge_lp_v3,rank_transport_budget,epsilon_star_frontier,5,50,0.0868252768522,decile,9,pseudo_filer_positive_tax_share,min,0.633608815427,0,Optimization terminated successfully. (HiGHS Status 7: Optimal),4.4408920985e-16,0,0,0,0,0,0,0.22500852054,0,0.0868252768522,1.38777878078e-17,0,2.5.3,1.18.1,highs-ds,MODEL_CONTINGENT_RANK_TRANSPORT_BUDGET,False,False,False
rank_bridge_lp_v3,rank_transport_budget,epsilon_star_frontier,5,50,0.0868252768522,decile,9,pseudo_filer_positive_tax_share,max,0.633608815427,0,Optimization terminated successfully. (HiGHS Status 7: Optimal),1.7763568394e-15,0,0,0,0,0,6.93889390391e-18,0.22500852054,0,0.0868252768522,1.38777878078e-17,0,2.5.3,1.18.1,highs-ds,MODEL_CONTINGENT_RANK_TRANSPORT_BUDGET,False,False,False
rank_bridge_lp_v3,rank_transport_budget,epsilon_star_frontier,5,50,0.0868252768522,decile,9,transported_nta_positive_liability_rate,min,0.546783538575,0,Optimization terminated successfully. (HiGHS Status 7: Optimal),6.66133814775e-16,0,0,0,0,0,0,0.386608015952,0,0.0868252768522,1.38777878078e-17,0,2.5.3,1.18.1,highs-ds,MODEL_CONTINGENT_RANK_TRANSPORT_BUDGET,False,False,False
rank_bridge_lp_v3,rank_transport_budget,epsilon_star_frontier,5,50,0.0868252768522,decile,9,transported_nta_positive_liability_rate,max,0.546783538575,0,Optimization terminated successfully. (HiGHS Status 7: Optimal),8.881784197e-16,0,0,1.38777878078e-17,1.38777878078e-17,0,0,0.336378575579,0,0.0868252768522,1.38777878078e-17,0,2.5.3,1.18.1,highs-ds,MODEL_CONTINGENT_RANK_TRANSPORT_BUDGET,False,False,False
rank_bridge_lp_v3,rank_transport_budget,epsilon_star_frontier,5,50,0.0868252768522,decile,10,taxable_income_weighted_mean_MTR,min,0.242809967122,0,Optimization terminated successfully. (HiGHS Status 7: Optimal),2.22044604925e-16,0,0,1.38777878078e-17,0,0,6.93889390391e-18,0.22500852054,0,0.0868252768522,1.38777878078e-17,0,2.5.3,1.18.1,highs-ds,MODEL_CONTINGENT_RANK_TRANSPORT_BUDGET,False,False,False
rank_bridge_lp_v3,rank_transport_budget,epsilon_star_frontier,5,50,0.0868252768522,decile,10,taxable_income_weighted_mean_MTR,max,0.242809967122,0,Optimization terminated successfully. (HiGHS Status 7: Optimal),2.22044604925e-16,0,0,1.38777878078e-17,0,0,6.93889390391e-18,0.22500852054,0,0.0868252768522,1.38777878078e-17,0,2.5.3,1.18.1,highs-ds,MODEL_CONTINGENT_RANK_TRANSPORT_BUDGET,False,False,False
rank_bridge_lp_v3,rank_transport_budget,epsilon_star_frontier,5,50,0.0868252768522,decile,10,income_tax_liability_weighted_mean_MTR,min,0.267186538276,0,Optimization terminated successfully. (HiGHS Status 7: Optimal),2.22044604925e-16,0,0,1.38777878078e-17,0,0,6.93889390391e-18,0.22500852054,0,0.0868252768522,1.38777878078e-17,0,2.5.3,1.18.1,highs-ds,MODEL_CONTINGENT_RANK_TRANSPORT_BUDGET,False,False,False
rank_bridge_lp_v3,rank_transport_budget,epsilon_star_frontier,5,50,0.0868252768522,decile,10,income_tax_liability_weighted_mean_MTR,max,0.267186538276,0,Optimization terminated successfully. (HiGHS Status 7: Optimal),2.22044604925e-16,0,0,1.38777878078e-17,0,0,6.93889390391e-18,0.22500852054,0,0.0868252768522,1.38777878078e-17,0,2.5.3,1.18.1,highs-ds,MODEL_CONTINGENT_RANK_TRANSPORT_BUDGET,False,False,False
rank_bridge_lp_v3,rank_transport_budget,epsilon_star_frontier,5,50,0.0868252768522,decile,10,pseudo_filer_positive_tax_share,min,0.668781725888,0,Optimization terminated successfully. (HiGHS Status 7: Optimal),4.4408920985e-16,0,0,0,0,0,0,0.22500852054,0,0.0868252768522,1.38777878078e-17,0,2.5.3,1.18.1,highs-ds,MODEL_CONTINGENT_RANK_TRANSPORT_BUDGET,False,False,False
rank_bridge_lp_v3,rank_transport_budget,epsilon_star_frontier,5,50,0.0868252768522,decile,10,pseudo_filer_positive_tax_share,max,0.668781725888,0,Optimization terminated successfully. (HiGHS Status 7: Optimal),2.22044604925e-16,0,0,1.38777878078e-17,0,0,6.93889390391e-18,0.22500852054,0,0.0868252768522,1.38777878078e-17,0,2.5.3,1.18.1,highs-ds,MODEL_CONTINGENT_RANK_TRANSPORT_BUDGET,False,False,False
rank_bridge_lp_v3,rank_transport_budget,epsilon_star_frontier,5,50,0.0868252768522,decile,10,transported_nta_positive_liability_rate,min,0.581956449036,0,Optimization terminated successfully. (HiGHS Status 7: Optimal),4.4408920985e-16,0,0,0,0,0,0,0.22500852054,0,0.0868252768522,1.38777878078e-17,0,2.5.3,1.18.1,highs-ds,MODEL_CONTINGENT_RANK_TRANSPORT_BUDGET,False,False,False
rank_bridge_lp_v3,rank_transport_budget,epsilon_star_frontier,5,50,0.0868252768522,decile,10,transported_nta_positive_liability_rate,max,0.581956449036,0,Optimization terminated successfully. (HiGHS Status 7: Optimal),2.22044604925e-16,0,0,0,1.38777878078e-17,0,3.46944695195e-18,0.486927122563,0,0.0868252768522,6.93889390391e-17,0,2.5.3,1.18.1,highs-ds,MODEL_CONTINGENT_RANK_TRANSPORT_BUDGET,False,False,False
rank_bridge_lp_v3,rank_transport_budget,epsilon_star_frontier,5,50,0.0868252768522,overall,,taxable_income_weighted_mean_MTR,min,0.108892198911,0,Optimization terminated successfully. (HiGHS Status 7: Optimal),8.881784197e-16,0,0,0,0,0,6.93889390391e-18,0.195097496772,0,0.0868252768522,1.38777878078e-17,0,2.5.3,1.18.1,highs-ds,MODEL_CONTINGENT_RANK_TRANSPORT_BUDGET,False,False,False
rank_bridge_lp_v3,rank_transport_budget,epsilon_star_frontier,5,50,0.0868252768522,overall,,taxable_income_weighted_mean_MTR,max,0.108892198911,0,Optimization terminated successfully. (HiGHS Status 7: Optimal),4.4408920985e-16,0,0,1.38777878078e-17,0,0,6.93889390391e-18,0.195097496772,0,0.0868252768522,1.38777878078e-17,0,2.5.3,1.18.1,highs-ds,MODEL_CONTINGENT_RANK_TRANSPORT_BUDGET,False,False,False
rank_bridge_lp_v3,rank_transport_budget,epsilon_star_frontier,5,50,0.0868252768522,overall,,income_tax_liability_weighted_mean_MTR,min,0.117712893177,0,Optimization terminated successfully. (HiGHS Status 7: Optimal),8.881784197e-16,0,0,0,0,0,6.93889390391e-18,0.195097496772,0,0.0868252768522,1.38777878078e-17,0,2.5.3,1.18.1,highs-ds,MODEL_CONTINGENT_RANK_TRANSPORT_BUDGET,False,False,False
rank_bridge_lp_v3,rank_transport_budget,epsilon_star_frontier,5,50,0.0868252768522,overall,,income_tax_liability_weighted_mean_MTR,max,0.117712893177,0,Optimization terminated successfully. (HiGHS Status 7: Optimal),4.4408920985e-16,0,0,1.38777878078e-17,0,0,6.93889390391e-18,0.195097496772,0,0.0868252768522,1.38777878078e-17,0,2.5.3,1.18.1,highs-ds,MODEL_CONTINGENT_RANK_TRANSPORT_BUDGET,False,False,False
