spec_version,bridge_scheme,epsilon_source,epsilon,scope,decile,metric,bound,endpoint_value,solver_status_code,solver_message,max_scenario_sum_residual,max_class_positive_mass_residual,max_overlap_capacity_excess,max_rank_bridge_gap,max_rank_bridge_inequality_excess,minimum_decision_variable,numpy_version,scipy_version,solver_method,scientific_status,historical_v6_restricted_lp_reproduced,p1c13_v1_modified
rank_bridge_lp_v2,same_rank_decile,pre_specified_grid,0.15,decile,1,taxable_income_weighted_mean_MTR,min,0.05,0,Optimization terminated successfully. (HiGHS Status 7: Optimal),0,0,0,0.15,8.32667268469e-17,0,2.5.3,1.18.1,highs-ds,MODEL_CONTINGENT_RANK_BRIDGE_RELAXATION,False,False
rank_bridge_lp_v2,same_rank_decile,pre_specified_grid,0.15,decile,1,taxable_income_weighted_mean_MTR,max,0.05,0,Optimization terminated successfully. (HiGHS Status 7: Optimal),0,0,0,0.15,8.32667268469e-17,0,2.5.3,1.18.1,highs-ds,MODEL_CONTINGENT_RANK_BRIDGE_RELAXATION,False,False
rank_bridge_lp_v2,same_rank_decile,pre_specified_grid,0.15,decile,1,income_tax_liability_weighted_mean_MTR,min,0.05,0,Optimization terminated successfully. (HiGHS Status 7: Optimal),0,0,0,0.15,8.32667268469e-17,0,2.5.3,1.18.1,highs-ds,MODEL_CONTINGENT_RANK_BRIDGE_RELAXATION,False,False
rank_bridge_lp_v2,same_rank_decile,pre_specified_grid,0.15,decile,1,income_tax_liability_weighted_mean_MTR,max,0.05,0,Optimization terminated successfully. (HiGHS Status 7: Optimal),0,0,0,0.15,8.32667268469e-17,0,2.5.3,1.18.1,highs-ds,MODEL_CONTINGENT_RANK_BRIDGE_RELAXATION,False,False
rank_bridge_lp_v2,same_rank_decile,pre_specified_grid,0.15,decile,1,pseudo_filer_positive_tax_share,min,0.0854779411765,0,Optimization terminated successfully. (HiGHS Status 7: Optimal),0,0,0,0.15,8.32667268469e-17,0,2.5.3,1.18.1,highs-ds,MODEL_CONTINGENT_RANK_BRIDGE_RELAXATION,False,False
rank_bridge_lp_v2,same_rank_decile,pre_specified_grid,0.15,decile,1,pseudo_filer_positive_tax_share,max,0.156921869976,0,Optimization terminated successfully. (HiGHS Status 7: Optimal),0,0,0,0.15,8.32667268469e-17,0,2.5.3,1.18.1,highs-ds,MODEL_CONTINGENT_RANK_BRIDGE_RELAXATION,False,False
rank_bridge_lp_v2,same_rank_decile,pre_specified_grid,0.15,decile,1,nta_rank_positive_liability_rate,min,0,0,Optimization terminated successfully. (HiGHS Status 7: Optimal),0,0,0,0.15,8.32667268469e-17,0,2.5.3,1.18.1,highs-ds,MODEL_CONTINGENT_RANK_BRIDGE_RELAXATION,False,False
rank_bridge_lp_v2,same_rank_decile,pre_specified_grid,0.15,decile,1,nta_rank_positive_liability_rate,max,0.00692186997585,0,Optimization terminated successfully. (HiGHS Status 7: Optimal),0,0,0,0.15,8.32667268469e-17,0,2.5.3,1.18.1,highs-ds,MODEL_CONTINGENT_RANK_BRIDGE_RELAXATION,False,False
rank_bridge_lp_v2,same_rank_decile,pre_specified_grid,0.15,decile,2,taxable_income_weighted_mean_MTR,min,0.05,0,Optimization terminated successfully. (HiGHS Status 7: Optimal),0,0,0,0.15,8.32667268469e-17,0,2.5.3,1.18.1,highs-ds,MODEL_CONTINGENT_RANK_BRIDGE_RELAXATION,False,False
rank_bridge_lp_v2,same_rank_decile,pre_specified_grid,0.15,decile,2,taxable_income_weighted_mean_MTR,max,0.05,0,Optimization terminated successfully. (HiGHS Status 7: Optimal),0,0,0,0.15,8.32667268469e-17,0,2.5.3,1.18.1,highs-ds,MODEL_CONTINGENT_RANK_BRIDGE_RELAXATION,False,False
rank_bridge_lp_v2,same_rank_decile,pre_specified_grid,0.15,decile,2,income_tax_liability_weighted_mean_MTR,min,0.05,0,Optimization terminated successfully. (HiGHS Status 7: Optimal),0,0,0,0.15,8.32667268469e-17,0,2.5.3,1.18.1,highs-ds,MODEL_CONTINGENT_RANK_BRIDGE_RELAXATION,False,False
rank_bridge_lp_v2,same_rank_decile,pre_specified_grid,0.15,decile,2,income_tax_liability_weighted_mean_MTR,max,0.05,0,Optimization terminated successfully. (HiGHS Status 7: Optimal),0,0,0,0.15,8.32667268469e-17,0,2.5.3,1.18.1,highs-ds,MODEL_CONTINGENT_RANK_BRIDGE_RELAXATION,False,False
rank_bridge_lp_v2,same_rank_decile,pre_specified_grid,0.15,decile,2,pseudo_filer_positive_tax_share,min,0.14409221902,0,Optimization terminated successfully. (HiGHS Status 7: Optimal),0,0,0,0.15,8.32667268469e-17,0,2.5.3,1.18.1,highs-ds,MODEL_CONTINGENT_RANK_BRIDGE_RELAXATION,False,False
rank_bridge_lp_v2,same_rank_decile,pre_specified_grid,0.15,decile,2,pseudo_filer_positive_tax_share,max,0.162721413375,0,Optimization terminated successfully. (HiGHS Status 7: Optimal),0,0,0,0.15,8.32667268469e-17,0,2.5.3,1.18.1,highs-ds,MODEL_CONTINGENT_RANK_BRIDGE_RELAXATION,False,False
rank_bridge_lp_v2,same_rank_decile,pre_specified_grid,0.15,decile,2,nta_rank_positive_liability_rate,min,0,0,Optimization terminated successfully. (HiGHS Status 7: Optimal),0,0,0,0.15,8.32667268469e-17,0,2.5.3,1.18.1,highs-ds,MODEL_CONTINGENT_RANK_BRIDGE_RELAXATION,False,False
rank_bridge_lp_v2,same_rank_decile,pre_specified_grid,0.15,decile,2,nta_rank_positive_liability_rate,max,0.0127214133747,0,Optimization terminated successfully. (HiGHS Status 7: Optimal),0,0,0,0.15,8.32667268469e-17,0,2.5.3,1.18.1,highs-ds,MODEL_CONTINGENT_RANK_BRIDGE_RELAXATION,False,False
rank_bridge_lp_v2,same_rank_decile,pre_specified_grid,0.15,decile,3,taxable_income_weighted_mean_MTR,min,0.05,0,Optimization terminated successfully. (HiGHS Status 7: Optimal),0,0,0,0.15,8.32667268469e-17,0,2.5.3,1.18.1,highs-ds,MODEL_CONTINGENT_RANK_BRIDGE_RELAXATION,False,False
rank_bridge_lp_v2,same_rank_decile,pre_specified_grid,0.15,decile,3,taxable_income_weighted_mean_MTR,max,0.05,0,Optimization terminated successfully. (HiGHS Status 7: Optimal),0,0,0,0.15,8.32667268469e-17,0,2.5.3,1.18.1,highs-ds,MODEL_CONTINGENT_RANK_BRIDGE_RELAXATION,False,False
rank_bridge_lp_v2,same_rank_decile,pre_specified_grid,0.15,decile,3,income_tax_liability_weighted_mean_MTR,min,0.05,0,Optimization terminated successfully. (HiGHS Status 7: Optimal),0,0,0,0.15,8.32667268469e-17,0,2.5.3,1.18.1,highs-ds,MODEL_CONTINGENT_RANK_BRIDGE_RELAXATION,False,False
rank_bridge_lp_v2,same_rank_decile,pre_specified_grid,0.15,decile,3,income_tax_liability_weighted_mean_MTR,max,0.05,0,Optimization terminated successfully. (HiGHS Status 7: Optimal),0,0,0,0.15,8.32667268469e-17,0,2.5.3,1.18.1,highs-ds,MODEL_CONTINGENT_RANK_BRIDGE_RELAXATION,False,False
rank_bridge_lp_v2,same_rank_decile,pre_specified_grid,0.15,decile,3,pseudo_filer_positive_tax_share,min,0.156598513011,0,Optimization terminated successfully. (HiGHS Status 7: Optimal),0,0,0,0.15,8.32667268469e-17,0,2.5.3,1.18.1,highs-ds,MODEL_CONTINGENT_RANK_BRIDGE_RELAXATION,False,False
rank_bridge_lp_v2,same_rank_decile,pre_specified_grid,0.15,decile,3,pseudo_filer_positive_tax_share,max,0.210859892209,0,Optimization terminated successfully. (HiGHS Status 7: Optimal),1.11022302463e-16,0,0,0.15,8.32667268469e-17,0,2.5.3,1.18.1,highs-ds,MODEL_CONTINGENT_RANK_BRIDGE_RELAXATION,False,False
rank_bridge_lp_v2,same_rank_decile,pre_specified_grid,0.15,decile,3,nta_rank_positive_liability_rate,min,0.006598513011,0,Optimization terminated successfully. (HiGHS Status 7: Optimal),0,0,0,0.15,8.32667268469e-17,0,2.5.3,1.18.1,highs-ds,MODEL_CONTINGENT_RANK_BRIDGE_RELAXATION,False,False
rank_bridge_lp_v2,same_rank_decile,pre_specified_grid,0.15,decile,3,nta_rank_positive_liability_rate,max,0.0608598922087,0,Optimization terminated successfully. (HiGHS Status 7: Optimal),0,0,0,0.15,8.32667268469e-17,0,2.5.3,1.18.1,highs-ds,MODEL_CONTINGENT_RANK_BRIDGE_RELAXATION,False,False
rank_bridge_lp_v2,same_rank_decile,pre_specified_grid,0.15,decile,4,taxable_income_weighted_mean_MTR,min,0.05,0,Optimization terminated successfully. (HiGHS Status 7: Optimal),0,0,0,0.15,8.32667268469e-17,0,2.5.3,1.18.1,highs-ds,MODEL_CONTINGENT_RANK_BRIDGE_RELAXATION,False,False
rank_bridge_lp_v2,same_rank_decile,pre_specified_grid,0.15,decile,4,taxable_income_weighted_mean_MTR,max,0.058968460929,0,Optimization terminated successfully. (HiGHS Status 7: Optimal),0,0,0,0.15,8.32667268469e-17,0,2.5.3,1.18.1,highs-ds,MODEL_CONTINGENT_RANK_BRIDGE_RELAXATION,False,False
rank_bridge_lp_v2,same_rank_decile,pre_specified_grid,0.15,decile,4,income_tax_liability_weighted_mean_MTR,min,0.05,0,Optimization terminated successfully. (HiGHS Status 7: Optimal),0,0,0,0.15,8.32667268469e-17,0,2.5.3,1.18.1,highs-ds,MODEL_CONTINGENT_RANK_BRIDGE_RELAXATION,False,False
rank_bridge_lp_v2,same_rank_decile,pre_specified_grid,0.15,decile,4,income_tax_liability_weighted_mean_MTR,max,0.0602889317796,0,Optimization terminated successfully. (HiGHS Status 7: Optimal),0,0,0,0.15,8.32667268469e-17,0,2.5.3,1.18.1,highs-ds,MODEL_CONTINGENT_RANK_BRIDGE_RELAXATION,False,False
rank_bridge_lp_v2,same_rank_decile,pre_specified_grid,0.15,decile,4,pseudo_filer_positive_tax_share,min,0.190499272904,0,Optimization terminated successfully. (HiGHS Status 7: Optimal),0,0,0,0.15,8.32667268469e-17,0,2.5.3,1.18.1,highs-ds,MODEL_CONTINGENT_RANK_BRIDGE_RELAXATION,False,False
rank_bridge_lp_v2,same_rank_decile,pre_specified_grid,0.15,decile,4,pseudo_filer_positive_tax_share,max,0.367336458137,0,Optimization terminated successfully. (HiGHS Status 7: Optimal),0,0,0,0.15,8.32667268469e-17,0,2.5.3,1.18.1,highs-ds,MODEL_CONTINGENT_RANK_BRIDGE_RELAXATION,False,False
rank_bridge_lp_v2,same_rank_decile,pre_specified_grid,0.15,decile,4,nta_rank_positive_liability_rate,min,0.040499272904,0,Optimization terminated successfully. (HiGHS Status 7: Optimal),0,0,0,0.15,8.32667268469e-17,0,2.5.3,1.18.1,highs-ds,MODEL_CONTINGENT_RANK_BRIDGE_RELAXATION,False,False
rank_bridge_lp_v2,same_rank_decile,pre_specified_grid,0.15,decile,4,nta_rank_positive_liability_rate,max,0.217336458137,0,Optimization terminated successfully. (HiGHS Status 7: Optimal),0,0,0,0.15,8.32667268469e-17,0,2.5.3,1.18.1,highs-ds,MODEL_CONTINGENT_RANK_BRIDGE_RELAXATION,False,False
rank_bridge_lp_v2,same_rank_decile,pre_specified_grid,0.15,decile,5,taxable_income_weighted_mean_MTR,min,0.0576693463576,0,Optimization terminated successfully. (HiGHS Status 7: Optimal),0,0,0,0.15,8.32667268469e-17,0,2.5.3,1.18.1,highs-ds,MODEL_CONTINGENT_RANK_BRIDGE_RELAXATION,False,False
rank_bridge_lp_v2,same_rank_decile,pre_specified_grid,0.15,decile,5,taxable_income_weighted_mean_MTR,max,0.103241125426,0,Optimization terminated successfully. (HiGHS Status 7: Optimal),0,0,0,0.15,8.32667268469e-17,0,2.5.3,1.18.1,highs-ds,MODEL_CONTINGENT_RANK_BRIDGE_RELAXATION,False,False
rank_bridge_lp_v2,same_rank_decile,pre_specified_grid,0.15,decile,5,income_tax_liability_weighted_mean_MTR,min,0.0588339010965,0,Optimization terminated successfully. (HiGHS Status 7: Optimal),0,0,0,0.15,8.32667268469e-17,0,2.5.3,1.18.1,highs-ds,MODEL_CONTINGENT_RANK_BRIDGE_RELAXATION,False,False
rank_bridge_lp_v2,same_rank_decile,pre_specified_grid,0.15,decile,5,income_tax_liability_weighted_mean_MTR,max,0.113729890589,0,Optimization terminated successfully. (HiGHS Status 7: Optimal),0,0,0,0.15,8.32667268469e-17,0,2.5.3,1.18.1,highs-ds,MODEL_CONTINGENT_RANK_BRIDGE_RELAXATION,False,False
rank_bridge_lp_v2,same_rank_decile,pre_specified_grid,0.15,decile,5,pseudo_filer_positive_tax_share,min,0.213769860376,0,Optimization terminated successfully. (HiGHS Status 7: Optimal),0,0,0,0.15,8.32667268469e-17,0,2.5.3,1.18.1,highs-ds,MODEL_CONTINGENT_RANK_BRIDGE_RELAXATION,False,False
rank_bridge_lp_v2,same_rank_decile,pre_specified_grid,0.15,decile,5,pseudo_filer_positive_tax_share,max,0.499111196111,0,Optimization terminated successfully. (HiGHS Status 7: Optimal),0,0,0,0.15,8.32667268469e-17,0,2.5.3,1.18.1,highs-ds,MODEL_CONTINGENT_RANK_BRIDGE_RELAXATION,False,False
rank_bridge_lp_v2,same_rank_decile,pre_specified_grid,0.15,decile,5,nta_rank_positive_liability_rate,min,0.063769860376,0,Optimization terminated successfully. (HiGHS Status 7: Optimal),0,0,0,0.15,8.32667268469e-17,0,2.5.3,1.18.1,highs-ds,MODEL_CONTINGENT_RANK_BRIDGE_RELAXATION,False,False
rank_bridge_lp_v2,same_rank_decile,pre_specified_grid,0.15,decile,5,nta_rank_positive_liability_rate,max,0.349111196111,0,Optimization terminated successfully. (HiGHS Status 7: Optimal),0,0,0,0.15,8.32667268469e-17,0,2.5.3,1.18.1,highs-ds,MODEL_CONTINGENT_RANK_BRIDGE_RELAXATION,False,False
rank_bridge_lp_v2,same_rank_decile,pre_specified_grid,0.15,decile,6,taxable_income_weighted_mean_MTR,min,0.0947458313517,0,Optimization terminated successfully. (HiGHS Status 7: Optimal),0,0,0,0.15,8.32667268469e-17,0,2.5.3,1.18.1,highs-ds,MODEL_CONTINGENT_RANK_BRIDGE_RELAXATION,False,False
rank_bridge_lp_v2,same_rank_decile,pre_specified_grid,0.15,decile,6,taxable_income_weighted_mean_MTR,max,0.153348627649,0,Optimization terminated successfully. (HiGHS Status 7: Optimal),0,0,0,0.15,8.32667268469e-17,0,2.5.3,1.18.1,highs-ds,MODEL_CONTINGENT_RANK_BRIDGE_RELAXATION,False,False
rank_bridge_lp_v2,same_rank_decile,pre_specified_grid,0.15,decile,6,income_tax_liability_weighted_mean_MTR,min,0.104955480351,0,Optimization terminated successfully. (HiGHS Status 7: Optimal),0,0,0,0.15,8.32667268469e-17,0,2.5.3,1.18.1,highs-ds,MODEL_CONTINGENT_RANK_BRIDGE_RELAXATION,False,False
rank_bridge_lp_v2,same_rank_decile,pre_specified_grid,0.15,decile,6,income_tax_liability_weighted_mean_MTR,max,0.166077223997,0,Optimization terminated successfully. (HiGHS Status 7: Optimal),0,0,0,0.15,8.32667268469e-17,0,2.5.3,1.18.1,highs-ds,MODEL_CONTINGENT_RANK_BRIDGE_RELAXATION,False,False
rank_bridge_lp_v2,same_rank_decile,pre_specified_grid,0.15,decile,6,pseudo_filer_positive_tax_share,min,0.235387045814,0,Optimization terminated successfully. (HiGHS Status 7: Optimal),0,0,0,0.15,8.32667268469e-17,0,2.5.3,1.18.1,highs-ds,MODEL_CONTINGENT_RANK_BRIDGE_RELAXATION,False,False
rank_bridge_lp_v2,same_rank_decile,pre_specified_grid,0.15,decile,6,pseudo_filer_positive_tax_share,max,0.522626120914,0,Optimization terminated successfully. (HiGHS Status 7: Optimal),0,0,0,0.15,8.32667268469e-17,0,2.5.3,1.18.1,highs-ds,MODEL_CONTINGENT_RANK_BRIDGE_RELAXATION,False,False
rank_bridge_lp_v2,same_rank_decile,pre_specified_grid,0.15,decile,6,nta_rank_positive_liability_rate,min,0.177223328093,0,Optimization terminated successfully. (HiGHS Status 7: Optimal),0,0,0,0.15,8.32667268469e-17,0,2.5.3,1.18.1,highs-ds,MODEL_CONTINGENT_RANK_BRIDGE_RELAXATION,False,False
rank_bridge_lp_v2,same_rank_decile,pre_specified_grid,0.15,decile,6,nta_rank_positive_liability_rate,max,0.372626120914,0,Optimization terminated successfully. (HiGHS Status 7: Optimal),0,0,0,0.15,8.32667268469e-17,0,2.5.3,1.18.1,highs-ds,MODEL_CONTINGENT_RANK_BRIDGE_RELAXATION,False,False
rank_bridge_lp_v2,same_rank_decile,pre_specified_grid,0.15,decile,7,taxable_income_weighted_mean_MTR,min,0.108719480415,0,Optimization terminated successfully. (HiGHS Status 7: Optimal),0,0,0,0.15,8.32667268469e-17,0,2.5.3,1.18.1,highs-ds,MODEL_CONTINGENT_RANK_BRIDGE_RELAXATION,False,False
rank_bridge_lp_v2,same_rank_decile,pre_specified_grid,0.15,decile,7,taxable_income_weighted_mean_MTR,max,0.16173039445,0,Optimization terminated successfully. (HiGHS Status 7: Optimal),0,0,0,0.15,8.32667268469e-17,0,2.5.3,1.18.1,highs-ds,MODEL_CONTINGENT_RANK_BRIDGE_RELAXATION,False,False
rank_bridge_lp_v2,same_rank_decile,pre_specified_grid,0.15,decile,7,income_tax_liability_weighted_mean_MTR,min,0.121863474463,0,Optimization terminated successfully. (HiGHS Status 7: Optimal),0,0,0,0.15,8.32667268469e-17,0,2.5.3,1.18.1,highs-ds,MODEL_CONTINGENT_RANK_BRIDGE_RELAXATION,False,False
rank_bridge_lp_v2,same_rank_decile,pre_specified_grid,0.15,decile,7,income_tax_liability_weighted_mean_MTR,max,0.173865037242,0,Optimization terminated successfully. (HiGHS Status 7: Optimal),0,0,0,0.15,8.32667268469e-17,0,2.5.3,1.18.1,highs-ds,MODEL_CONTINGENT_RANK_BRIDGE_RELAXATION,False,False
rank_bridge_lp_v2,same_rank_decile,pre_specified_grid,0.15,decile,7,pseudo_filer_positive_tax_share,min,0.317057704502,0,Optimization terminated successfully. (HiGHS Status 7: Optimal),0,0,0,0.15,8.32667268469e-17,0,2.5.3,1.18.1,highs-ds,MODEL_CONTINGENT_RANK_BRIDGE_RELAXATION,False,False
rank_bridge_lp_v2,same_rank_decile,pre_specified_grid,0.15,decile,7,pseudo_filer_positive_tax_share,max,0.481860837569,0,Optimization terminated successfully. (HiGHS Status 7: Optimal),0,0,0,0.15,8.32667268469e-17,0,2.5.3,1.18.1,highs-ds,MODEL_CONTINGENT_RANK_BRIDGE_RELAXATION,False,False
rank_bridge_lp_v2,same_rank_decile,pre_specified_grid,0.15,decile,7,nta_rank_positive_liability_rate,min,0.319230342506,0,Optimization terminated successfully. (HiGHS Status 7: Optimal),0,0,0,0.15,8.32667268469e-17,0,2.5.3,1.18.1,highs-ds,MODEL_CONTINGENT_RANK_BRIDGE_RELAXATION,False,False
rank_bridge_lp_v2,same_rank_decile,pre_specified_grid,0.15,decile,7,nta_rank_positive_liability_rate,max,0.331860837569,0,Optimization terminated successfully. (HiGHS Status 7: Optimal),0,0,0,0.15,8.32667268469e-17,0,2.5.3,1.18.1,highs-ds,MODEL_CONTINGENT_RANK_BRIDGE_RELAXATION,False,False
rank_bridge_lp_v2,same_rank_decile,pre_specified_grid,0.15,decile,8,taxable_income_weighted_mean_MTR,min,0.149102781981,0,Optimization terminated successfully. (HiGHS Status 7: Optimal),0,0,0,0.15,8.32667268469e-17,0,2.5.3,1.18.1,highs-ds,MODEL_CONTINGENT_RANK_BRIDGE_RELAXATION,False,False
rank_bridge_lp_v2,same_rank_decile,pre_specified_grid,0.15,decile,8,taxable_income_weighted_mean_MTR,max,0.149529215962,0,Optimization terminated successfully. (HiGHS Status 7: Optimal),1.11022302463e-16,0,0,0.15,8.32667268469e-17,0,2.5.3,1.18.1,highs-ds,MODEL_CONTINGENT_RANK_BRIDGE_RELAXATION,False,False
rank_bridge_lp_v2,same_rank_decile,pre_specified_grid,0.15,decile,8,income_tax_liability_weighted_mean_MTR,min,0.168312202145,0,Optimization terminated successfully. (HiGHS Status 7: Optimal),0,0,0,0.15,8.32667268469e-17,0,2.5.3,1.18.1,highs-ds,MODEL_CONTINGENT_RANK_BRIDGE_RELAXATION,False,False
rank_bridge_lp_v2,same_rank_decile,pre_specified_grid,0.15,decile,8,income_tax_liability_weighted_mean_MTR,max,0.168661336392,0,Optimization terminated successfully. (HiGHS Status 7: Optimal),1.11022302463e-16,0,0,0.15,8.32667268469e-17,0,2.5.3,1.18.1,highs-ds,MODEL_CONTINGENT_RANK_BRIDGE_RELAXATION,False,False
rank_bridge_lp_v2,same_rank_decile,pre_specified_grid,0.15,decile,8,pseudo_filer_positive_tax_share,min,0.429585152838,0,Optimization terminated successfully. (HiGHS Status 7: Optimal),0,0,0,0.15,8.32667268469e-17,0,2.5.3,1.18.1,highs-ds,MODEL_CONTINGENT_RANK_BRIDGE_RELAXATION,False,False
rank_bridge_lp_v2,same_rank_decile,pre_specified_grid,0.15,decile,8,pseudo_filer_positive_tax_share,max,0.432848972251,0,Optimization terminated successfully. (HiGHS Status 7: Optimal),0,0,0,0.15,8.32667268469e-17,0,2.5.3,1.18.1,highs-ds,MODEL_CONTINGENT_RANK_BRIDGE_RELAXATION,False,False
rank_bridge_lp_v2,same_rank_decile,pre_specified_grid,0.15,decile,8,nta_rank_positive_liability_rate,min,0.279585152838,0,Optimization terminated successfully. (HiGHS Status 7: Optimal),0,0,0,0.15,8.32667268469e-17,0,2.5.3,1.18.1,highs-ds,MODEL_CONTINGENT_RANK_BRIDGE_RELAXATION,False,False
rank_bridge_lp_v2,same_rank_decile,pre_specified_grid,0.15,decile,8,nta_rank_positive_liability_rate,max,0.282848972251,0,Optimization terminated successfully. (HiGHS Status 7: Optimal),0,0,0,0.15,8.32667268469e-17,0,2.5.3,1.18.1,highs-ds,MODEL_CONTINGENT_RANK_BRIDGE_RELAXATION,False,False
rank_bridge_lp_v2,same_rank_decile,pre_specified_grid,0.15,decile,9,taxable_income_weighted_mean_MTR,min,0.178905856654,0,Optimization terminated successfully. (HiGHS Status 7: Optimal),2.22044604925e-16,0,0,0.15,8.32667268469e-17,0,2.5.3,1.18.1,highs-ds,MODEL_CONTINGENT_RANK_BRIDGE_RELAXATION,False,False
rank_bridge_lp_v2,same_rank_decile,pre_specified_grid,0.15,decile,9,taxable_income_weighted_mean_MTR,max,0.179021851056,0,Optimization terminated successfully. (HiGHS Status 7: Optimal),0,0,0,0.15,8.32667268469e-17,0,2.5.3,1.18.1,highs-ds,MODEL_CONTINGENT_RANK_BRIDGE_RELAXATION,False,False
rank_bridge_lp_v2,same_rank_decile,pre_specified_grid,0.15,decile,9,income_tax_liability_weighted_mean_MTR,min,0.196307836876,0,Optimization terminated successfully. (HiGHS Status 7: Optimal),0,0,0,0.15,8.32667268469e-17,0,2.5.3,1.18.1,highs-ds,MODEL_CONTINGENT_RANK_BRIDGE_RELAXATION,False,False
rank_bridge_lp_v2,same_rank_decile,pre_specified_grid,0.15,decile,9,income_tax_liability_weighted_mean_MTR,max,0.196438904429,0,Optimization terminated successfully. (HiGHS Status 7: Optimal),2.22044604925e-16,0,0,0.15,8.32667268469e-17,0,2.5.3,1.18.1,highs-ds,MODEL_CONTINGENT_RANK_BRIDGE_RELAXATION,False,False
rank_bridge_lp_v2,same_rank_decile,pre_specified_grid,0.15,decile,9,pseudo_filer_positive_tax_share,min,0.633608815427,0,Optimization terminated successfully. (HiGHS Status 7: Optimal),0,0,0,0.15,8.32667268469e-17,0,2.5.3,1.18.1,highs-ds,MODEL_CONTINGENT_RANK_BRIDGE_RELAXATION,False,False
rank_bridge_lp_v2,same_rank_decile,pre_specified_grid,0.15,decile,9,pseudo_filer_positive_tax_share,max,0.63557685634,0,Optimization terminated successfully. (HiGHS Status 7: Optimal),0,0,0,0.15,8.32667268469e-17,0,2.5.3,1.18.1,highs-ds,MODEL_CONTINGENT_RANK_BRIDGE_RELAXATION,False,False
rank_bridge_lp_v2,same_rank_decile,pre_specified_grid,0.15,decile,9,nta_rank_positive_liability_rate,min,0.483608815427,0,Optimization terminated successfully. (HiGHS Status 7: Optimal),0,0,0,0.15,8.32667268469e-17,0,2.5.3,1.18.1,highs-ds,MODEL_CONTINGENT_RANK_BRIDGE_RELAXATION,False,False
rank_bridge_lp_v2,same_rank_decile,pre_specified_grid,0.15,decile,9,nta_rank_positive_liability_rate,max,0.48557685634,0,Optimization terminated successfully. (HiGHS Status 7: Optimal),0,0,0,0.15,8.32667268469e-17,0,2.5.3,1.18.1,highs-ds,MODEL_CONTINGENT_RANK_BRIDGE_RELAXATION,False,False
rank_bridge_lp_v2,same_rank_decile,pre_specified_grid,0.15,decile,10,taxable_income_weighted_mean_MTR,min,0.242703282104,0,Optimization terminated successfully. (HiGHS Status 7: Optimal),2.22044604925e-16,0,0,0.15,8.32667268469e-17,0,2.5.3,1.18.1,highs-ds,MODEL_CONTINGENT_RANK_BRIDGE_RELAXATION,False,False
rank_bridge_lp_v2,same_rank_decile,pre_specified_grid,0.15,decile,10,taxable_income_weighted_mean_MTR,max,0.244781467944,0,Optimization terminated successfully. (HiGHS Status 7: Optimal),1.11022302463e-16,0,0,0.15,8.32667268469e-17,0,2.5.3,1.18.1,highs-ds,MODEL_CONTINGENT_RANK_BRIDGE_RELAXATION,False,False
rank_bridge_lp_v2,same_rank_decile,pre_specified_grid,0.15,decile,10,income_tax_liability_weighted_mean_MTR,min,0.266995930021,0,Optimization terminated successfully. (HiGHS Status 7: Optimal),2.22044604925e-16,0,0,0.15,8.32667268469e-17,0,2.5.3,1.18.1,highs-ds,MODEL_CONTINGENT_RANK_BRIDGE_RELAXATION,False,False
rank_bridge_lp_v2,same_rank_decile,pre_specified_grid,0.15,decile,10,income_tax_liability_weighted_mean_MTR,max,0.269150416472,0,Optimization terminated successfully. (HiGHS Status 7: Optimal),1.11022302463e-16,0,0,0.15,8.32667268469e-17,0,2.5.3,1.18.1,highs-ds,MODEL_CONTINGENT_RANK_BRIDGE_RELAXATION,False,False
rank_bridge_lp_v2,same_rank_decile,pre_specified_grid,0.15,decile,10,pseudo_filer_positive_tax_share,min,0.668781725888,0,Optimization terminated successfully. (HiGHS Status 7: Optimal),0,0,0,0.15,8.32667268469e-17,0,2.5.3,1.18.1,highs-ds,MODEL_CONTINGENT_RANK_BRIDGE_RELAXATION,False,False
rank_bridge_lp_v2,same_rank_decile,pre_specified_grid,0.15,decile,10,pseudo_filer_positive_tax_share,max,0.670749766801,0,Optimization terminated successfully. (HiGHS Status 7: Optimal),0,0,0,0.15,8.32667268469e-17,0,2.5.3,1.18.1,highs-ds,MODEL_CONTINGENT_RANK_BRIDGE_RELAXATION,False,False
rank_bridge_lp_v2,same_rank_decile,pre_specified_grid,0.15,decile,10,nta_rank_positive_liability_rate,min,0.518781725888,0,Optimization terminated successfully. (HiGHS Status 7: Optimal),0,0,0,0.15,8.32667268469e-17,0,2.5.3,1.18.1,highs-ds,MODEL_CONTINGENT_RANK_BRIDGE_RELAXATION,False,False
rank_bridge_lp_v2,same_rank_decile,pre_specified_grid,0.15,decile,10,nta_rank_positive_liability_rate,max,0.520749766801,0,Optimization terminated successfully. (HiGHS Status 7: Optimal),0,0,0,0.15,8.32667268469e-17,0,2.5.3,1.18.1,highs-ds,MODEL_CONTINGENT_RANK_BRIDGE_RELAXATION,False,False
rank_bridge_lp_v2,same_rank_decile,pre_specified_grid,0.15,overall,,taxable_income_weighted_mean_MTR,min,0.103274801594,0,Optimization terminated successfully. (HiGHS Status 7: Optimal),0,0,0,0.15,8.32667268469e-17,0,2.5.3,1.18.1,highs-ds,MODEL_CONTINGENT_RANK_BRIDGE_RELAXATION,False,False
rank_bridge_lp_v2,same_rank_decile,pre_specified_grid,0.15,overall,,taxable_income_weighted_mean_MTR,max,0.120030320355,0,Optimization terminated successfully. (HiGHS Status 7: Optimal),1.11022302463e-16,0,0,0.15,8.32667268469e-17,0,2.5.3,1.18.1,highs-ds,MODEL_CONTINGENT_RANK_BRIDGE_RELAXATION,False,False
rank_bridge_lp_v2,same_rank_decile,pre_specified_grid,0.15,overall,,income_tax_liability_weighted_mean_MTR,min,0.111855545732,0,Optimization terminated successfully. (HiGHS Status 7: Optimal),0,0,0,0.15,8.32667268469e-17,0,2.5.3,1.18.1,highs-ds,MODEL_CONTINGENT_RANK_BRIDGE_RELAXATION,False,False
rank_bridge_lp_v2,same_rank_decile,pre_specified_grid,0.15,overall,,income_tax_liability_weighted_mean_MTR,max,0.129793232711,0,Optimization terminated successfully. (HiGHS Status 7: Optimal),1.11022302463e-16,0,0,0.15,8.32667268469e-17,0,2.5.3,1.18.1,highs-ds,MODEL_CONTINGENT_RANK_BRIDGE_RELAXATION,False,False
rank_bridge_lp_v2,same_rank_decile,pre_specified_grid,0.175,decile,1,taxable_income_weighted_mean_MTR,min,0.05,0,Optimization terminated successfully. (HiGHS Status 7: Optimal),2.22044604925e-16,0,0,0.175,0,0,2.5.3,1.18.1,highs-ds,MODEL_CONTINGENT_RANK_BRIDGE_RELAXATION,False,False
rank_bridge_lp_v2,same_rank_decile,pre_specified_grid,0.175,decile,1,taxable_income_weighted_mean_MTR,max,0.05,0,Optimization terminated successfully. (HiGHS Status 7: Optimal),2.22044604925e-16,0,0,0.175,0,0,2.5.3,1.18.1,highs-ds,MODEL_CONTINGENT_RANK_BRIDGE_RELAXATION,False,False
rank_bridge_lp_v2,same_rank_decile,pre_specified_grid,0.175,decile,1,income_tax_liability_weighted_mean_MTR,min,0.05,0,Optimization terminated successfully. (HiGHS Status 7: Optimal),2.22044604925e-16,0,0,0.175,0,0,2.5.3,1.18.1,highs-ds,MODEL_CONTINGENT_RANK_BRIDGE_RELAXATION,False,False
rank_bridge_lp_v2,same_rank_decile,pre_specified_grid,0.175,decile,1,income_tax_liability_weighted_mean_MTR,max,0.05,0,Optimization terminated successfully. (HiGHS Status 7: Optimal),2.22044604925e-16,0,0,0.175,0,0,2.5.3,1.18.1,highs-ds,MODEL_CONTINGENT_RANK_BRIDGE_RELAXATION,False,False
rank_bridge_lp_v2,same_rank_decile,pre_specified_grid,0.175,decile,1,pseudo_filer_positive_tax_share,min,0.0854779411765,0,Optimization terminated successfully. (HiGHS Status 7: Optimal),2.22044604925e-16,0,0,0.175,0,0,2.5.3,1.18.1,highs-ds,MODEL_CONTINGENT_RANK_BRIDGE_RELAXATION,False,False
rank_bridge_lp_v2,same_rank_decile,pre_specified_grid,0.175,decile,1,pseudo_filer_positive_tax_share,max,0.181921869976,0,Optimization terminated successfully. (HiGHS Status 7: Optimal),2.22044604925e-16,0,0,0.175,0,0,2.5.3,1.18.1,highs-ds,MODEL_CONTINGENT_RANK_BRIDGE_RELAXATION,False,False
rank_bridge_lp_v2,same_rank_decile,pre_specified_grid,0.175,decile,1,nta_rank_positive_liability_rate,min,0,0,Optimization terminated successfully. (HiGHS Status 7: Optimal),2.22044604925e-16,0,0,0.175,0,0,2.5.3,1.18.1,highs-ds,MODEL_CONTINGENT_RANK_BRIDGE_RELAXATION,False,False
rank_bridge_lp_v2,same_rank_decile,pre_specified_grid,0.175,decile,1,nta_rank_positive_liability_rate,max,0.00692186997585,0,Optimization terminated successfully. (HiGHS Status 7: Optimal),2.22044604925e-16,0,0,0.175,0,0,2.5.3,1.18.1,highs-ds,MODEL_CONTINGENT_RANK_BRIDGE_RELAXATION,False,False
rank_bridge_lp_v2,same_rank_decile,pre_specified_grid,0.175,decile,2,taxable_income_weighted_mean_MTR,min,0.05,0,Optimization terminated successfully. (HiGHS Status 7: Optimal),2.22044604925e-16,0,0,0.175,0,0,2.5.3,1.18.1,highs-ds,MODEL_CONTINGENT_RANK_BRIDGE_RELAXATION,False,False
rank_bridge_lp_v2,same_rank_decile,pre_specified_grid,0.175,decile,2,taxable_income_weighted_mean_MTR,max,0.05,0,Optimization terminated successfully. (HiGHS Status 7: Optimal),2.22044604925e-16,0,0,0.175,0,0,2.5.3,1.18.1,highs-ds,MODEL_CONTINGENT_RANK_BRIDGE_RELAXATION,False,False
rank_bridge_lp_v2,same_rank_decile,pre_specified_grid,0.175,decile,2,income_tax_liability_weighted_mean_MTR,min,0.05,0,Optimization terminated successfully. (HiGHS Status 7: Optimal),2.22044604925e-16,0,0,0.175,0,0,2.5.3,1.18.1,highs-ds,MODEL_CONTINGENT_RANK_BRIDGE_RELAXATION,False,False
rank_bridge_lp_v2,same_rank_decile,pre_specified_grid,0.175,decile,2,income_tax_liability_weighted_mean_MTR,max,0.05,0,Optimization terminated successfully. (HiGHS Status 7: Optimal),2.22044604925e-16,0,0,0.175,0,0,2.5.3,1.18.1,highs-ds,MODEL_CONTINGENT_RANK_BRIDGE_RELAXATION,False,False
rank_bridge_lp_v2,same_rank_decile,pre_specified_grid,0.175,decile,2,pseudo_filer_positive_tax_share,min,0.14409221902,0,Optimization terminated successfully. (HiGHS Status 7: Optimal),2.22044604925e-16,0,0,0.175,0,0,2.5.3,1.18.1,highs-ds,MODEL_CONTINGENT_RANK_BRIDGE_RELAXATION,False,False
rank_bridge_lp_v2,same_rank_decile,pre_specified_grid,0.175,decile,2,pseudo_filer_positive_tax_share,max,0.187721413375,0,Optimization terminated successfully. (HiGHS Status 7: Optimal),2.22044604925e-16,0,0,0.175,0,0,2.5.3,1.18.1,highs-ds,MODEL_CONTINGENT_RANK_BRIDGE_RELAXATION,False,False
rank_bridge_lp_v2,same_rank_decile,pre_specified_grid,0.175,decile,2,nta_rank_positive_liability_rate,min,0,0,Optimization terminated successfully. (HiGHS Status 7: Optimal),2.22044604925e-16,0,0,0.175,0,0,2.5.3,1.18.1,highs-ds,MODEL_CONTINGENT_RANK_BRIDGE_RELAXATION,False,False
rank_bridge_lp_v2,same_rank_decile,pre_specified_grid,0.175,decile,2,nta_rank_positive_liability_rate,max,0.0127214133747,0,Optimization terminated successfully. (HiGHS Status 7: Optimal),2.22044604925e-16,0,0,0.175,0,0,2.5.3,1.18.1,highs-ds,MODEL_CONTINGENT_RANK_BRIDGE_RELAXATION,False,False
rank_bridge_lp_v2,same_rank_decile,pre_specified_grid,0.175,decile,3,taxable_income_weighted_mean_MTR,min,0.05,0,Optimization terminated successfully. (HiGHS Status 7: Optimal),2.22044604925e-16,0,0,0.175,0,0,2.5.3,1.18.1,highs-ds,MODEL_CONTINGENT_RANK_BRIDGE_RELAXATION,False,False
rank_bridge_lp_v2,same_rank_decile,pre_specified_grid,0.175,decile,3,taxable_income_weighted_mean_MTR,max,0.05,0,Optimization terminated successfully. (HiGHS Status 7: Optimal),2.22044604925e-16,0,0,0.175,0,0,2.5.3,1.18.1,highs-ds,MODEL_CONTINGENT_RANK_BRIDGE_RELAXATION,False,False
rank_bridge_lp_v2,same_rank_decile,pre_specified_grid,0.175,decile,3,income_tax_liability_weighted_mean_MTR,min,0.05,0,Optimization terminated successfully. (HiGHS Status 7: Optimal),2.22044604925e-16,0,0,0.175,0,0,2.5.3,1.18.1,highs-ds,MODEL_CONTINGENT_RANK_BRIDGE_RELAXATION,False,False
rank_bridge_lp_v2,same_rank_decile,pre_specified_grid,0.175,decile,3,income_tax_liability_weighted_mean_MTR,max,0.05,0,Optimization terminated successfully. (HiGHS Status 7: Optimal),2.22044604925e-16,0,0,0.175,0,0,2.5.3,1.18.1,highs-ds,MODEL_CONTINGENT_RANK_BRIDGE_RELAXATION,False,False
rank_bridge_lp_v2,same_rank_decile,pre_specified_grid,0.175,decile,3,pseudo_filer_positive_tax_share,min,0.156598513011,0,Optimization terminated successfully. (HiGHS Status 7: Optimal),2.22044604925e-16,0,0,0.175,0,0,2.5.3,1.18.1,highs-ds,MODEL_CONTINGENT_RANK_BRIDGE_RELAXATION,False,False
rank_bridge_lp_v2,same_rank_decile,pre_specified_grid,0.175,decile,3,pseudo_filer_positive_tax_share,max,0.235859892209,0,Optimization terminated successfully. (HiGHS Status 7: Optimal),2.22044604925e-16,0,0,0.175,2.77555756156e-17,0,2.5.3,1.18.1,highs-ds,MODEL_CONTINGENT_RANK_BRIDGE_RELAXATION,False,False
rank_bridge_lp_v2,same_rank_decile,pre_specified_grid,0.175,decile,3,nta_rank_positive_liability_rate,min,0,0,Optimization terminated successfully. (HiGHS Status 7: Optimal),0,0,0,0.175,0,0,2.5.3,1.18.1,highs-ds,MODEL_CONTINGENT_RANK_BRIDGE_RELAXATION,False,False
rank_bridge_lp_v2,same_rank_decile,pre_specified_grid,0.175,decile,3,nta_rank_positive_liability_rate,max,0.0608598922087,0,Optimization terminated successfully. (HiGHS Status 7: Optimal),2.22044604925e-16,0,0,0.175,0,0,2.5.3,1.18.1,highs-ds,MODEL_CONTINGENT_RANK_BRIDGE_RELAXATION,False,False
rank_bridge_lp_v2,same_rank_decile,pre_specified_grid,0.175,decile,4,taxable_income_weighted_mean_MTR,min,0.05,0,Optimization terminated successfully. (HiGHS Status 7: Optimal),2.22044604925e-16,0,0,0.175,0,0,2.5.3,1.18.1,highs-ds,MODEL_CONTINGENT_RANK_BRIDGE_RELAXATION,False,False
rank_bridge_lp_v2,same_rank_decile,pre_specified_grid,0.175,decile,4,taxable_income_weighted_mean_MTR,max,0.058968460929,0,Optimization terminated successfully. (HiGHS Status 7: Optimal),0,0,0,0.175,0,0,2.5.3,1.18.1,highs-ds,MODEL_CONTINGENT_RANK_BRIDGE_RELAXATION,False,False
rank_bridge_lp_v2,same_rank_decile,pre_specified_grid,0.175,decile,4,income_tax_liability_weighted_mean_MTR,min,0.05,0,Optimization terminated successfully. (HiGHS Status 7: Optimal),2.22044604925e-16,0,0,0.175,0,0,2.5.3,1.18.1,highs-ds,MODEL_CONTINGENT_RANK_BRIDGE_RELAXATION,False,False
rank_bridge_lp_v2,same_rank_decile,pre_specified_grid,0.175,decile,4,income_tax_liability_weighted_mean_MTR,max,0.0602889317796,0,Optimization terminated successfully. (HiGHS Status 7: Optimal),0,0,0,0.175,0,0,2.5.3,1.18.1,highs-ds,MODEL_CONTINGENT_RANK_BRIDGE_RELAXATION,False,False
rank_bridge_lp_v2,same_rank_decile,pre_specified_grid,0.175,decile,4,pseudo_filer_positive_tax_share,min,0.190499272904,0,Optimization terminated successfully. (HiGHS Status 7: Optimal),0,0,0,0.175,0,0,2.5.3,1.18.1,highs-ds,MODEL_CONTINGENT_RANK_BRIDGE_RELAXATION,False,False
rank_bridge_lp_v2,same_rank_decile,pre_specified_grid,0.175,decile,4,pseudo_filer_positive_tax_share,max,0.393135427749,0,Optimization terminated successfully. (HiGHS Status 7: Optimal),0,0,0,0.175,0,0,2.5.3,1.18.1,highs-ds,MODEL_CONTINGENT_RANK_BRIDGE_RELAXATION,False,False
rank_bridge_lp_v2,same_rank_decile,pre_specified_grid,0.175,decile,4,nta_rank_positive_liability_rate,min,0.015499272904,0,Optimization terminated successfully. (HiGHS Status 7: Optimal),0,0,0,0.175,0,0,2.5.3,1.18.1,highs-ds,MODEL_CONTINGENT_RANK_BRIDGE_RELAXATION,False,False
rank_bridge_lp_v2,same_rank_decile,pre_specified_grid,0.175,decile,4,nta_rank_positive_liability_rate,max,0.218135427749,0,Optimization terminated successfully. (HiGHS Status 7: Optimal),0,0,0,0.175,0,0,2.5.3,1.18.1,highs-ds,MODEL_CONTINGENT_RANK_BRIDGE_RELAXATION,False,False
rank_bridge_lp_v2,same_rank_decile,pre_specified_grid,0.175,decile,5,taxable_income_weighted_mean_MTR,min,0.0576423427731,0,Optimization terminated successfully. (HiGHS Status 7: Optimal),0,0,0,0.175,0,0,2.5.3,1.18.1,highs-ds,MODEL_CONTINGENT_RANK_BRIDGE_RELAXATION,False,False
rank_bridge_lp_v2,same_rank_decile,pre_specified_grid,0.175,decile,5,taxable_income_weighted_mean_MTR,max,0.103241125426,0,Optimization terminated successfully. (HiGHS Status 7: Optimal),0,0,0,0.175,0,0,2.5.3,1.18.1,highs-ds,MODEL_CONTINGENT_RANK_BRIDGE_RELAXATION,False,False
rank_bridge_lp_v2,same_rank_decile,pre_specified_grid,0.175,decile,5,income_tax_liability_weighted_mean_MTR,min,0.0587873450675,0,Optimization terminated successfully. (HiGHS Status 7: Optimal),0,0,0,0.175,0,0,2.5.3,1.18.1,highs-ds,MODEL_CONTINGENT_RANK_BRIDGE_RELAXATION,False,False
rank_bridge_lp_v2,same_rank_decile,pre_specified_grid,0.175,decile,5,income_tax_liability_weighted_mean_MTR,max,0.113729890589,0,Optimization terminated successfully. (HiGHS Status 7: Optimal),0,0,0,0.175,0,0,2.5.3,1.18.1,highs-ds,MODEL_CONTINGENT_RANK_BRIDGE_RELAXATION,False,False
rank_bridge_lp_v2,same_rank_decile,pre_specified_grid,0.175,decile,5,pseudo_filer_positive_tax_share,min,0.213769860376,0,Optimization terminated successfully. (HiGHS Status 7: Optimal),2.22044604925e-16,0,0,0.175,0,0,2.5.3,1.18.1,highs-ds,MODEL_CONTINGENT_RANK_BRIDGE_RELAXATION,False,False
rank_bridge_lp_v2,same_rank_decile,pre_specified_grid,0.175,decile,5,pseudo_filer_positive_tax_share,max,0.524111196111,0,Optimization terminated successfully. (HiGHS Status 7: Optimal),0,0,0,0.175,0,0,2.5.3,1.18.1,highs-ds,MODEL_CONTINGENT_RANK_BRIDGE_RELAXATION,False,False
rank_bridge_lp_v2,same_rank_decile,pre_specified_grid,0.175,decile,5,nta_rank_positive_liability_rate,min,0.038769860376,0,Optimization terminated successfully. (HiGHS Status 7: Optimal),0,0,0,0.175,0,0,2.5.3,1.18.1,highs-ds,MODEL_CONTINGENT_RANK_BRIDGE_RELAXATION,False,False
rank_bridge_lp_v2,same_rank_decile,pre_specified_grid,0.175,decile,5,nta_rank_positive_liability_rate,max,0.349111196111,0,Optimization terminated successfully. (HiGHS Status 7: Optimal),0,0,0,0.175,0,0,2.5.3,1.18.1,highs-ds,MODEL_CONTINGENT_RANK_BRIDGE_RELAXATION,False,False
rank_bridge_lp_v2,same_rank_decile,pre_specified_grid,0.175,decile,6,taxable_income_weighted_mean_MTR,min,0.0945551847046,0,Optimization terminated successfully. (HiGHS Status 7: Optimal),0,0,0,0.175,0,0,2.5.3,1.18.1,highs-ds,MODEL_CONTINGENT_RANK_BRIDGE_RELAXATION,False,False
rank_bridge_lp_v2,same_rank_decile,pre_specified_grid,0.175,decile,6,taxable_income_weighted_mean_MTR,max,0.153348627649,0,Optimization terminated successfully. (HiGHS Status 7: Optimal),2.22044604925e-16,0,0,0.175,0,0,2.5.3,1.18.1,highs-ds,MODEL_CONTINGENT_RANK_BRIDGE_RELAXATION,False,False
rank_bridge_lp_v2,same_rank_decile,pre_specified_grid,0.175,decile,6,income_tax_liability_weighted_mean_MTR,min,0.104721210072,0,Optimization terminated successfully. (HiGHS Status 7: Optimal),0,0,0,0.175,0,0,2.5.3,1.18.1,highs-ds,MODEL_CONTINGENT_RANK_BRIDGE_RELAXATION,False,False
rank_bridge_lp_v2,same_rank_decile,pre_specified_grid,0.175,decile,6,income_tax_liability_weighted_mean_MTR,max,0.166077223997,0,Optimization terminated successfully. (HiGHS Status 7: Optimal),2.22044604925e-16,0,0,0.175,0,0,2.5.3,1.18.1,highs-ds,MODEL_CONTINGENT_RANK_BRIDGE_RELAXATION,False,False
rank_bridge_lp_v2,same_rank_decile,pre_specified_grid,0.175,decile,6,pseudo_filer_positive_tax_share,min,0.235387045814,0,Optimization terminated successfully. (HiGHS Status 7: Optimal),2.22044604925e-16,0,0,0.175,0,0,2.5.3,1.18.1,highs-ds,MODEL_CONTINGENT_RANK_BRIDGE_RELAXATION,False,False
rank_bridge_lp_v2,same_rank_decile,pre_specified_grid,0.175,decile,6,pseudo_filer_positive_tax_share,max,0.532498042287,0,Optimization terminated successfully. (HiGHS Status 7: Optimal),0,0,0,0.175,0,0,2.5.3,1.18.1,highs-ds,MODEL_CONTINGENT_RANK_BRIDGE_RELAXATION,False,False
rank_bridge_lp_v2,same_rank_decile,pre_specified_grid,0.175,decile,6,nta_rank_positive_liability_rate,min,0.177223328093,0,Optimization terminated successfully. (HiGHS Status 7: Optimal),2.22044604925e-16,0,0,0.175,0,0,2.5.3,1.18.1,highs-ds,MODEL_CONTINGENT_RANK_BRIDGE_RELAXATION,False,False
rank_bridge_lp_v2,same_rank_decile,pre_specified_grid,0.175,decile,6,nta_rank_positive_liability_rate,max,0.372626120914,0,Optimization terminated successfully. (HiGHS Status 7: Optimal),0,0,0,0.175,0,0,2.5.3,1.18.1,highs-ds,MODEL_CONTINGENT_RANK_BRIDGE_RELAXATION,False,False
rank_bridge_lp_v2,same_rank_decile,pre_specified_grid,0.175,decile,7,taxable_income_weighted_mean_MTR,min,0.101040597253,0,Optimization terminated successfully. (HiGHS Status 7: Optimal),2.22044604925e-16,0,0,0.175,0,0,2.5.3,1.18.1,highs-ds,MODEL_CONTINGENT_RANK_BRIDGE_RELAXATION,False,False
rank_bridge_lp_v2,same_rank_decile,pre_specified_grid,0.175,decile,7,taxable_income_weighted_mean_MTR,max,0.162773024964,0,Optimization terminated successfully. (HiGHS Status 7: Optimal),2.22044604925e-16,0,0,0.175,0,0,2.5.3,1.18.1,highs-ds,MODEL_CONTINGENT_RANK_BRIDGE_RELAXATION,False,False
rank_bridge_lp_v2,same_rank_decile,pre_specified_grid,0.175,decile,7,income_tax_liability_weighted_mean_MTR,min,0.114321209827,0,Optimization terminated successfully. (HiGHS Status 7: Optimal),2.22044604925e-16,0,0,0.175,0,0,2.5.3,1.18.1,highs-ds,MODEL_CONTINGENT_RANK_BRIDGE_RELAXATION,False,False
rank_bridge_lp_v2,same_rank_decile,pre_specified_grid,0.175,decile,7,income_tax_liability_weighted_mean_MTR,max,0.175140258919,0,Optimization terminated successfully. (HiGHS Status 7: Optimal),2.22044604925e-16,0,0,0.175,0,0,2.5.3,1.18.1,highs-ds,MODEL_CONTINGENT_RANK_BRIDGE_RELAXATION,False,False
rank_bridge_lp_v2,same_rank_decile,pre_specified_grid,0.175,decile,7,pseudo_filer_positive_tax_share,min,0.317057704502,0,Optimization terminated successfully. (HiGHS Status 7: Optimal),2.22044604925e-16,0,0,0.175,0,0,2.5.3,1.18.1,highs-ds,MODEL_CONTINGENT_RANK_BRIDGE_RELAXATION,False,False
rank_bridge_lp_v2,same_rank_decile,pre_specified_grid,0.175,decile,7,pseudo_filer_positive_tax_share,max,0.526883026005,0,Optimization terminated successfully. (HiGHS Status 7: Optimal),2.22044604925e-16,0,0,0.175,0,0,2.5.3,1.18.1,highs-ds,MODEL_CONTINGENT_RANK_BRIDGE_RELAXATION,False,False
rank_bridge_lp_v2,same_rank_decile,pre_specified_grid,0.175,decile,7,nta_rank_positive_liability_rate,min,0.319230342506,0,Optimization terminated successfully. (HiGHS Status 7: Optimal),2.22044604925e-16,0,0,0.175,0,0,2.5.3,1.18.1,highs-ds,MODEL_CONTINGENT_RANK_BRIDGE_RELAXATION,False,False
rank_bridge_lp_v2,same_rank_decile,pre_specified_grid,0.175,decile,7,nta_rank_positive_liability_rate,max,0.351883026005,0,Optimization terminated successfully. (HiGHS Status 7: Optimal),2.22044604925e-16,0,0,0.175,0,0,2.5.3,1.18.1,highs-ds,MODEL_CONTINGENT_RANK_BRIDGE_RELAXATION,False,False
rank_bridge_lp_v2,same_rank_decile,pre_specified_grid,0.175,decile,8,taxable_income_weighted_mean_MTR,min,0.147816244192,0,Optimization terminated successfully. (HiGHS Status 7: Optimal),2.22044604925e-16,1.73472347598e-18,0,0.175,0,0,2.5.3,1.18.1,highs-ds,MODEL_CONTINGENT_RANK_BRIDGE_RELAXATION,False,False
rank_bridge_lp_v2,same_rank_decile,pre_specified_grid,0.175,decile,8,taxable_income_weighted_mean_MTR,max,0.158041795267,0,Optimization terminated successfully. (HiGHS Status 7: Optimal),2.22044604925e-16,1.73472347598e-18,0,0.175,0,0,2.5.3,1.18.1,highs-ds,MODEL_CONTINGENT_RANK_BRIDGE_RELAXATION,False,False
rank_bridge_lp_v2,same_rank_decile,pre_specified_grid,0.175,decile,8,income_tax_liability_weighted_mean_MTR,min,0.167013875795,0,Optimization terminated successfully. (HiGHS Status 7: Optimal),2.22044604925e-16,1.73472347598e-18,0,0.175,0,0,2.5.3,1.18.1,highs-ds,MODEL_CONTINGENT_RANK_BRIDGE_RELAXATION,False,False
rank_bridge_lp_v2,same_rank_decile,pre_specified_grid,0.175,decile,8,income_tax_liability_weighted_mean_MTR,max,0.175385840091,0,Optimization terminated successfully. (HiGHS Status 7: Optimal),2.22044604925e-16,1.73472347598e-18,0,0.175,0,0,2.5.3,1.18.1,highs-ds,MODEL_CONTINGENT_RANK_BRIDGE_RELAXATION,False,False
rank_bridge_lp_v2,same_rank_decile,pre_specified_grid,0.175,decile,8,pseudo_filer_positive_tax_share,min,0.429585152838,0,Optimization terminated successfully. (HiGHS Status 7: Optimal),2.22044604925e-16,0,0,0.175,0,0,2.5.3,1.18.1,highs-ds,MODEL_CONTINGENT_RANK_BRIDGE_RELAXATION,False,False
rank_bridge_lp_v2,same_rank_decile,pre_specified_grid,0.175,decile,8,pseudo_filer_positive_tax_share,max,0.507848972251,0,Optimization terminated successfully. (HiGHS Status 7: Optimal),2.22044604925e-16,1.73472347598e-18,0,0.175,0,0,2.5.3,1.18.1,highs-ds,MODEL_CONTINGENT_RANK_BRIDGE_RELAXATION,False,False
rank_bridge_lp_v2,same_rank_decile,pre_specified_grid,0.175,decile,8,nta_rank_positive_liability_rate,min,0.257594923488,0,Optimization terminated successfully. (HiGHS Status 7: Optimal),2.22044604925e-16,0,0,0.175,0,0,2.5.3,1.18.1,highs-ds,MODEL_CONTINGENT_RANK_BRIDGE_RELAXATION,False,False
rank_bridge_lp_v2,same_rank_decile,pre_specified_grid,0.175,decile,8,nta_rank_positive_liability_rate,max,0.332848972251,0,Optimization terminated successfully. (HiGHS Status 7: Optimal),2.22044604925e-16,0,0,0.175,0,0,2.5.3,1.18.1,highs-ds,MODEL_CONTINGENT_RANK_BRIDGE_RELAXATION,False,False
rank_bridge_lp_v2,same_rank_decile,pre_specified_grid,0.175,decile,9,taxable_income_weighted_mean_MTR,min,0.176441139871,0,Optimization terminated successfully. (HiGHS Status 7: Optimal),2.22044604925e-16,1.73472347598e-18,0,0.175,0,0,2.5.3,1.18.1,highs-ds,MODEL_CONTINGENT_RANK_BRIDGE_RELAXATION,False,False
rank_bridge_lp_v2,same_rank_decile,pre_specified_grid,0.175,decile,9,taxable_income_weighted_mean_MTR,max,0.17950408527,0,Optimization terminated successfully. (HiGHS Status 7: Optimal),2.22044604925e-16,1.73472347598e-18,0,0.175,0,0,2.5.3,1.18.1,highs-ds,MODEL_CONTINGENT_RANK_BRIDGE_RELAXATION,False,False
rank_bridge_lp_v2,same_rank_decile,pre_specified_grid,0.175,decile,9,income_tax_liability_weighted_mean_MTR,min,0.193245050151,0,Optimization terminated successfully. (HiGHS Status 7: Optimal),2.22044604925e-16,1.73472347598e-18,0,0.175,0,0,2.5.3,1.18.1,highs-ds,MODEL_CONTINGENT_RANK_BRIDGE_RELAXATION,False,False
rank_bridge_lp_v2,same_rank_decile,pre_specified_grid,0.175,decile,9,income_tax_liability_weighted_mean_MTR,max,0.196706016777,0,Optimization terminated successfully. (HiGHS Status 7: Optimal),2.22044604925e-16,1.73472347598e-18,0,0.175,0,0,2.5.3,1.18.1,highs-ds,MODEL_CONTINGENT_RANK_BRIDGE_RELAXATION,False,False
rank_bridge_lp_v2,same_rank_decile,pre_specified_grid,0.175,decile,9,pseudo_filer_positive_tax_share,min,0.633608815427,0,Optimization terminated successfully. (HiGHS Status 7: Optimal),2.22044604925e-16,0,0,0.175,5.55111512313e-17,0,2.5.3,1.18.1,highs-ds,MODEL_CONTINGENT_RANK_BRIDGE_RELAXATION,False,False
rank_bridge_lp_v2,same_rank_decile,pre_specified_grid,0.175,decile,9,pseudo_filer_positive_tax_share,max,0.68557685634,0,Optimization terminated successfully. (HiGHS Status 7: Optimal),2.22044604925e-16,1.73472347598e-18,0,0.175,0,0,2.5.3,1.18.1,highs-ds,MODEL_CONTINGENT_RANK_BRIDGE_RELAXATION,False,False
rank_bridge_lp_v2,same_rank_decile,pre_specified_grid,0.175,decile,9,nta_rank_positive_liability_rate,min,0.458608815427,0,Optimization terminated successfully. (HiGHS Status 7: Optimal),2.22044604925e-16,0,0,0.175,5.55111512313e-17,0,2.5.3,1.18.1,highs-ds,MODEL_CONTINGENT_RANK_BRIDGE_RELAXATION,False,False
rank_bridge_lp_v2,same_rank_decile,pre_specified_grid,0.175,decile,9,nta_rank_positive_liability_rate,max,0.51057685634,0,Optimization terminated successfully. (HiGHS Status 7: Optimal),2.22044604925e-16,1.73472347598e-18,0,0.175,0,0,2.5.3,1.18.1,highs-ds,MODEL_CONTINGENT_RANK_BRIDGE_RELAXATION,False,False
rank_bridge_lp_v2,same_rank_decile,pre_specified_grid,0.175,decile,10,taxable_income_weighted_mean_MTR,min,0.239992845109,0,Optimization terminated successfully. (HiGHS Status 7: Optimal),2.22044604925e-16,0,0,0.175,5.55111512313e-17,0,2.5.3,1.18.1,highs-ds,MODEL_CONTINGENT_RANK_BRIDGE_RELAXATION,False,False
rank_bridge_lp_v2,same_rank_decile,pre_specified_grid,0.175,decile,10,taxable_income_weighted_mean_MTR,max,0.294869370302,0,Optimization terminated successfully. (HiGHS Status 7: Optimal),2.22044604925e-16,0,0,0.175,5.55111512313e-17,0,2.5.3,1.18.1,highs-ds,MODEL_CONTINGENT_RANK_BRIDGE_RELAXATION,False,False
rank_bridge_lp_v2,same_rank_decile,pre_specified_grid,0.175,decile,10,income_tax_liability_weighted_mean_MTR,min,0.26215334128,0,Optimization terminated successfully. (HiGHS Status 7: Optimal),2.22044604925e-16,0,0,0.175,5.55111512313e-17,0,2.5.3,1.18.1,highs-ds,MODEL_CONTINGENT_RANK_BRIDGE_RELAXATION,False,False
rank_bridge_lp_v2,same_rank_decile,pre_specified_grid,0.175,decile,10,income_tax_liability_weighted_mean_MTR,max,0.319044658565,0,Optimization terminated successfully. (HiGHS Status 7: Optimal),2.22044604925e-16,0,0,0.175,5.55111512313e-17,0,2.5.3,1.18.1,highs-ds,MODEL_CONTINGENT_RANK_BRIDGE_RELAXATION,False,False
rank_bridge_lp_v2,same_rank_decile,pre_specified_grid,0.175,decile,10,pseudo_filer_positive_tax_share,min,0.668781725888,0,Optimization terminated successfully. (HiGHS Status 7: Optimal),2.22044604925e-16,1.73472347598e-18,0,0.175,0,0,2.5.3,1.18.1,highs-ds,MODEL_CONTINGENT_RANK_BRIDGE_RELAXATION,False,False
rank_bridge_lp_v2,same_rank_decile,pre_specified_grid,0.175,decile,10,pseudo_filer_positive_tax_share,max,0.720749766801,0,Optimization terminated successfully. (HiGHS Status 7: Optimal),2.22044604925e-16,0,0,0.175,5.55111512313e-17,0,2.5.3,1.18.1,highs-ds,MODEL_CONTINGENT_RANK_BRIDGE_RELAXATION,False,False
rank_bridge_lp_v2,same_rank_decile,pre_specified_grid,0.175,decile,10,nta_rank_positive_liability_rate,min,0.493781725888,0,Optimization terminated successfully. (HiGHS Status 7: Optimal),2.22044604925e-16,1.73472347598e-18,0,0.175,0,0,2.5.3,1.18.1,highs-ds,MODEL_CONTINGENT_RANK_BRIDGE_RELAXATION,False,False
rank_bridge_lp_v2,same_rank_decile,pre_specified_grid,0.175,decile,10,nta_rank_positive_liability_rate,max,0.545749766801,0,Optimization terminated successfully. (HiGHS Status 7: Optimal),2.22044604925e-16,0,0,0.175,5.55111512313e-17,0,2.5.3,1.18.1,highs-ds,MODEL_CONTINGENT_RANK_BRIDGE_RELAXATION,False,False
rank_bridge_lp_v2,same_rank_decile,pre_specified_grid,0.175,overall,,taxable_income_weighted_mean_MTR,min,0.102123097311,0,Optimization terminated successfully. (HiGHS Status 7: Optimal),2.22044604925e-16,0,0,0.175,5.55111512313e-17,0,2.5.3,1.18.1,highs-ds,MODEL_CONTINGENT_RANK_BRIDGE_RELAXATION,False,False
rank_bridge_lp_v2,same_rank_decile,pre_specified_grid,0.175,overall,,taxable_income_weighted_mean_MTR,max,0.125380758604,0,Optimization terminated successfully. (HiGHS Status 7: Optimal),2.22044604925e-16,0,0,0.175,5.55111512313e-17,0,2.5.3,1.18.1,highs-ds,MODEL_CONTINGENT_RANK_BRIDGE_RELAXATION,False,False
rank_bridge_lp_v2,same_rank_decile,pre_specified_grid,0.175,overall,,income_tax_liability_weighted_mean_MTR,min,0.110475629058,0,Optimization terminated successfully. (HiGHS Status 7: Optimal),2.22044604925e-16,0,0,0.175,5.55111512313e-17,0,2.5.3,1.18.1,highs-ds,MODEL_CONTINGENT_RANK_BRIDGE_RELAXATION,False,False
rank_bridge_lp_v2,same_rank_decile,pre_specified_grid,0.175,overall,,income_tax_liability_weighted_mean_MTR,max,0.135077617778,0,Optimization terminated successfully. (HiGHS Status 7: Optimal),2.22044604925e-16,0,0,0.175,5.55111512313e-17,0,2.5.3,1.18.1,highs-ds,MODEL_CONTINGENT_RANK_BRIDGE_RELAXATION,False,False
rank_bridge_lp_v2,same_rank_decile,pre_specified_grid,0.2,decile,1,taxable_income_weighted_mean_MTR,min,0.05,0,Optimization terminated successfully. (HiGHS Status 7: Optimal),1.11022302463e-16,1.73472347598e-18,0,0.2,1.66533453694e-16,0,2.5.3,1.18.1,highs-ds,MODEL_CONTINGENT_RANK_BRIDGE_RELAXATION,False,False
rank_bridge_lp_v2,same_rank_decile,pre_specified_grid,0.2,decile,1,taxable_income_weighted_mean_MTR,max,0.05,0,Optimization terminated successfully. (HiGHS Status 7: Optimal),1.11022302463e-16,1.73472347598e-18,0,0.2,1.66533453694e-16,0,2.5.3,1.18.1,highs-ds,MODEL_CONTINGENT_RANK_BRIDGE_RELAXATION,False,False
rank_bridge_lp_v2,same_rank_decile,pre_specified_grid,0.2,decile,1,income_tax_liability_weighted_mean_MTR,min,0.05,0,Optimization terminated successfully. (HiGHS Status 7: Optimal),1.11022302463e-16,1.73472347598e-18,0,0.2,1.66533453694e-16,0,2.5.3,1.18.1,highs-ds,MODEL_CONTINGENT_RANK_BRIDGE_RELAXATION,False,False
rank_bridge_lp_v2,same_rank_decile,pre_specified_grid,0.2,decile,1,income_tax_liability_weighted_mean_MTR,max,0.05,0,Optimization terminated successfully. (HiGHS Status 7: Optimal),1.11022302463e-16,1.73472347598e-18,0,0.2,1.66533453694e-16,0,2.5.3,1.18.1,highs-ds,MODEL_CONTINGENT_RANK_BRIDGE_RELAXATION,False,False
rank_bridge_lp_v2,same_rank_decile,pre_specified_grid,0.2,decile,1,pseudo_filer_positive_tax_share,min,0.0854779411765,0,Optimization terminated successfully. (HiGHS Status 7: Optimal),1.11022302463e-16,1.73472347598e-18,0,0.2,1.66533453694e-16,0,2.5.3,1.18.1,highs-ds,MODEL_CONTINGENT_RANK_BRIDGE_RELAXATION,False,False
rank_bridge_lp_v2,same_rank_decile,pre_specified_grid,0.2,decile,1,pseudo_filer_positive_tax_share,max,0.195828505214,0,Optimization terminated successfully. (HiGHS Status 7: Optimal),1.11022302463e-16,1.73472347598e-18,0,0.2,1.66533453694e-16,0,2.5.3,1.18.1,highs-ds,MODEL_CONTINGENT_RANK_BRIDGE_RELAXATION,False,False
rank_bridge_lp_v2,same_rank_decile,pre_specified_grid,0.2,decile,1,nta_rank_positive_liability_rate,min,0,0,Optimization terminated successfully. (HiGHS Status 7: Optimal),1.11022302463e-16,1.73472347598e-18,0,0.2,1.66533453694e-16,0,2.5.3,1.18.1,highs-ds,MODEL_CONTINGENT_RANK_BRIDGE_RELAXATION,False,False
rank_bridge_lp_v2,same_rank_decile,pre_specified_grid,0.2,decile,1,nta_rank_positive_liability_rate,max,0.00692186997585,0,Optimization terminated successfully. (HiGHS Status 7: Optimal),1.11022302463e-16,1.73472347598e-18,0,0.2,1.66533453694e-16,0,2.5.3,1.18.1,highs-ds,MODEL_CONTINGENT_RANK_BRIDGE_RELAXATION,False,False
rank_bridge_lp_v2,same_rank_decile,pre_specified_grid,0.2,decile,2,taxable_income_weighted_mean_MTR,min,0.05,0,Optimization terminated successfully. (HiGHS Status 7: Optimal),1.11022302463e-16,1.73472347598e-18,0,0.2,1.66533453694e-16,0,2.5.3,1.18.1,highs-ds,MODEL_CONTINGENT_RANK_BRIDGE_RELAXATION,False,False
rank_bridge_lp_v2,same_rank_decile,pre_specified_grid,0.2,decile,2,taxable_income_weighted_mean_MTR,max,0.05,0,Optimization terminated successfully. (HiGHS Status 7: Optimal),1.11022302463e-16,1.73472347598e-18,0,0.2,1.66533453694e-16,0,2.5.3,1.18.1,highs-ds,MODEL_CONTINGENT_RANK_BRIDGE_RELAXATION,False,False
rank_bridge_lp_v2,same_rank_decile,pre_specified_grid,0.2,decile,2,income_tax_liability_weighted_mean_MTR,min,0.05,0,Optimization terminated successfully. (HiGHS Status 7: Optimal),1.11022302463e-16,1.73472347598e-18,0,0.2,1.66533453694e-16,0,2.5.3,1.18.1,highs-ds,MODEL_CONTINGENT_RANK_BRIDGE_RELAXATION,False,False
rank_bridge_lp_v2,same_rank_decile,pre_specified_grid,0.2,decile,2,income_tax_liability_weighted_mean_MTR,max,0.05,0,Optimization terminated successfully. (HiGHS Status 7: Optimal),1.11022302463e-16,1.73472347598e-18,0,0.2,1.66533453694e-16,0,2.5.3,1.18.1,highs-ds,MODEL_CONTINGENT_RANK_BRIDGE_RELAXATION,False,False
rank_bridge_lp_v2,same_rank_decile,pre_specified_grid,0.2,decile,2,pseudo_filer_positive_tax_share,min,0.14409221902,0,Optimization terminated successfully. (HiGHS Status 7: Optimal),1.11022302463e-16,1.73472347598e-18,0,0.2,1.66533453694e-16,0,2.5.3,1.18.1,highs-ds,MODEL_CONTINGENT_RANK_BRIDGE_RELAXATION,False,False
rank_bridge_lp_v2,same_rank_decile,pre_specified_grid,0.2,decile,2,pseudo_filer_positive_tax_share,max,0.212721413375,0,Optimization terminated successfully. (HiGHS Status 7: Optimal),1.11022302463e-16,1.73472347598e-18,0,0.2,1.66533453694e-16,0,2.5.3,1.18.1,highs-ds,MODEL_CONTINGENT_RANK_BRIDGE_RELAXATION,False,False
rank_bridge_lp_v2,same_rank_decile,pre_specified_grid,0.2,decile,2,nta_rank_positive_liability_rate,min,0,0,Optimization terminated successfully. (HiGHS Status 7: Optimal),1.11022302463e-16,1.73472347598e-18,0,0.2,1.66533453694e-16,0,2.5.3,1.18.1,highs-ds,MODEL_CONTINGENT_RANK_BRIDGE_RELAXATION,False,False
rank_bridge_lp_v2,same_rank_decile,pre_specified_grid,0.2,decile,2,nta_rank_positive_liability_rate,max,0.0127214133747,0,Optimization terminated successfully. (HiGHS Status 7: Optimal),1.11022302463e-16,1.73472347598e-18,0,0.2,1.66533453694e-16,0,2.5.3,1.18.1,highs-ds,MODEL_CONTINGENT_RANK_BRIDGE_RELAXATION,False,False
rank_bridge_lp_v2,same_rank_decile,pre_specified_grid,0.2,decile,3,taxable_income_weighted_mean_MTR,min,0.05,0,Optimization terminated successfully. (HiGHS Status 7: Optimal),1.11022302463e-16,1.73472347598e-18,0,0.2,1.66533453694e-16,0,2.5.3,1.18.1,highs-ds,MODEL_CONTINGENT_RANK_BRIDGE_RELAXATION,False,False
rank_bridge_lp_v2,same_rank_decile,pre_specified_grid,0.2,decile,3,taxable_income_weighted_mean_MTR,max,0.05,0,Optimization terminated successfully. (HiGHS Status 7: Optimal),1.11022302463e-16,1.73472347598e-18,0,0.2,1.66533453694e-16,0,2.5.3,1.18.1,highs-ds,MODEL_CONTINGENT_RANK_BRIDGE_RELAXATION,False,False
rank_bridge_lp_v2,same_rank_decile,pre_specified_grid,0.2,decile,3,income_tax_liability_weighted_mean_MTR,min,0.05,0,Optimization terminated successfully. (HiGHS Status 7: Optimal),1.11022302463e-16,1.73472347598e-18,0,0.2,1.66533453694e-16,0,2.5.3,1.18.1,highs-ds,MODEL_CONTINGENT_RANK_BRIDGE_RELAXATION,False,False
rank_bridge_lp_v2,same_rank_decile,pre_specified_grid,0.2,decile,3,income_tax_liability_weighted_mean_MTR,max,0.05,0,Optimization terminated successfully. (HiGHS Status 7: Optimal),1.11022302463e-16,1.73472347598e-18,0,0.2,1.66533453694e-16,0,2.5.3,1.18.1,highs-ds,MODEL_CONTINGENT_RANK_BRIDGE_RELAXATION,False,False
rank_bridge_lp_v2,same_rank_decile,pre_specified_grid,0.2,decile,3,pseudo_filer_positive_tax_share,min,0.156598513011,0,Optimization terminated successfully. (HiGHS Status 7: Optimal),1.11022302463e-16,1.73472347598e-18,0,0.2,1.66533453694e-16,0,2.5.3,1.18.1,highs-ds,MODEL_CONTINGENT_RANK_BRIDGE_RELAXATION,False,False
rank_bridge_lp_v2,same_rank_decile,pre_specified_grid,0.2,decile,3,pseudo_filer_positive_tax_share,max,0.260859892209,0,Optimization terminated successfully. (HiGHS Status 7: Optimal),1.11022302463e-16,1.73472347598e-18,0,0.2,1.66533453694e-16,0,2.5.3,1.18.1,highs-ds,MODEL_CONTINGENT_RANK_BRIDGE_RELAXATION,False,False
rank_bridge_lp_v2,same_rank_decile,pre_specified_grid,0.2,decile,3,nta_rank_positive_liability_rate,min,0,0,Optimization terminated successfully. (HiGHS Status 7: Optimal),1.11022302463e-16,1.73472347598e-18,0,0.2,1.66533453694e-16,0,2.5.3,1.18.1,highs-ds,MODEL_CONTINGENT_RANK_BRIDGE_RELAXATION,False,False
rank_bridge_lp_v2,same_rank_decile,pre_specified_grid,0.2,decile,3,nta_rank_positive_liability_rate,max,0.0608598922087,0,Optimization terminated successfully. (HiGHS Status 7: Optimal),1.11022302463e-16,1.73472347598e-18,0,0.2,1.66533453694e-16,0,2.5.3,1.18.1,highs-ds,MODEL_CONTINGENT_RANK_BRIDGE_RELAXATION,False,False
rank_bridge_lp_v2,same_rank_decile,pre_specified_grid,0.2,decile,4,taxable_income_weighted_mean_MTR,min,0.05,0,Optimization terminated successfully. (HiGHS Status 7: Optimal),0,1.73472347598e-18,0,0.2,1.66533453694e-16,0,2.5.3,1.18.1,highs-ds,MODEL_CONTINGENT_RANK_BRIDGE_RELAXATION,False,False
rank_bridge_lp_v2,same_rank_decile,pre_specified_grid,0.2,decile,4,taxable_income_weighted_mean_MTR,max,0.058968460929,0,Optimization terminated successfully. (HiGHS Status 7: Optimal),0,1.73472347598e-18,0,0.2,1.66533453694e-16,0,2.5.3,1.18.1,highs-ds,MODEL_CONTINGENT_RANK_BRIDGE_RELAXATION,False,False
rank_bridge_lp_v2,same_rank_decile,pre_specified_grid,0.2,decile,4,income_tax_liability_weighted_mean_MTR,min,0.05,0,Optimization terminated successfully. (HiGHS Status 7: Optimal),0,1.73472347598e-18,0,0.2,1.66533453694e-16,0,2.5.3,1.18.1,highs-ds,MODEL_CONTINGENT_RANK_BRIDGE_RELAXATION,False,False
rank_bridge_lp_v2,same_rank_decile,pre_specified_grid,0.2,decile,4,income_tax_liability_weighted_mean_MTR,max,0.0602889317796,0,Optimization terminated successfully. (HiGHS Status 7: Optimal),0,1.73472347598e-18,0,0.2,1.66533453694e-16,0,2.5.3,1.18.1,highs-ds,MODEL_CONTINGENT_RANK_BRIDGE_RELAXATION,False,False
rank_bridge_lp_v2,same_rank_decile,pre_specified_grid,0.2,decile,4,pseudo_filer_positive_tax_share,min,0.190499272904,0,Optimization terminated successfully. (HiGHS Status 7: Optimal),1.11022302463e-16,1.73472347598e-18,0,0.2,1.66533453694e-16,0,2.5.3,1.18.1,highs-ds,MODEL_CONTINGENT_RANK_BRIDGE_RELAXATION,False,False
rank_bridge_lp_v2,same_rank_decile,pre_specified_grid,0.2,decile,4,pseudo_filer_positive_tax_share,max,0.418135427749,0,Optimization terminated successfully. (HiGHS Status 7: Optimal),2.22044604925e-16,1.73472347598e-18,0,0.2,1.66533453694e-16,0,2.5.3,1.18.1,highs-ds,MODEL_CONTINGENT_RANK_BRIDGE_RELAXATION,False,False
rank_bridge_lp_v2,same_rank_decile,pre_specified_grid,0.2,decile,4,nta_rank_positive_liability_rate,min,0,0,Optimization terminated successfully. (HiGHS Status 7: Optimal),0,1.73472347598e-18,0,0.2,1.66533453694e-16,0,2.5.3,1.18.1,highs-ds,MODEL_CONTINGENT_RANK_BRIDGE_RELAXATION,False,False
rank_bridge_lp_v2,same_rank_decile,pre_specified_grid,0.2,decile,4,nta_rank_positive_liability_rate,max,0.218135427749,0,Optimization terminated successfully. (HiGHS Status 7: Optimal),1.11022302463e-16,1.73472347598e-18,0,0.2,1.66533453694e-16,0,2.5.3,1.18.1,highs-ds,MODEL_CONTINGENT_RANK_BRIDGE_RELAXATION,False,False
rank_bridge_lp_v2,same_rank_decile,pre_specified_grid,0.2,decile,5,taxable_income_weighted_mean_MTR,min,0.0576153391886,0,Optimization terminated successfully. (HiGHS Status 7: Optimal),1.11022302463e-16,1.73472347598e-18,0,0.2,1.66533453694e-16,0,2.5.3,1.18.1,highs-ds,MODEL_CONTINGENT_RANK_BRIDGE_RELAXATION,False,False
rank_bridge_lp_v2,same_rank_decile,pre_specified_grid,0.2,decile,5,taxable_income_weighted_mean_MTR,max,0.103241125426,0,Optimization terminated successfully. (HiGHS Status 7: Optimal),0,1.73472347598e-18,0,0.2,1.66533453694e-16,0,2.5.3,1.18.1,highs-ds,MODEL_CONTINGENT_RANK_BRIDGE_RELAXATION,False,False
rank_bridge_lp_v2,same_rank_decile,pre_specified_grid,0.2,decile,5,income_tax_liability_weighted_mean_MTR,min,0.0587407890386,0,Optimization terminated successfully. (HiGHS Status 7: Optimal),1.11022302463e-16,1.73472347598e-18,0,0.2,1.66533453694e-16,0,2.5.3,1.18.1,highs-ds,MODEL_CONTINGENT_RANK_BRIDGE_RELAXATION,False,False
rank_bridge_lp_v2,same_rank_decile,pre_specified_grid,0.2,decile,5,income_tax_liability_weighted_mean_MTR,max,0.113729890589,0,Optimization terminated successfully. (HiGHS Status 7: Optimal),0,1.73472347598e-18,0,0.2,1.66533453694e-16,0,2.5.3,1.18.1,highs-ds,MODEL_CONTINGENT_RANK_BRIDGE_RELAXATION,False,False
rank_bridge_lp_v2,same_rank_decile,pre_specified_grid,0.2,decile,5,pseudo_filer_positive_tax_share,min,0.213769860376,0,Optimization terminated successfully. (HiGHS Status 7: Optimal),0,1.73472347598e-18,0,0.2,1.66533453694e-16,0,2.5.3,1.18.1,highs-ds,MODEL_CONTINGENT_RANK_BRIDGE_RELAXATION,False,False
rank_bridge_lp_v2,same_rank_decile,pre_specified_grid,0.2,decile,5,pseudo_filer_positive_tax_share,max,0.549111196111,0,Optimization terminated successfully. (HiGHS Status 7: Optimal),0,1.73472347598e-18,0,0.2,1.66533453694e-16,0,2.5.3,1.18.1,highs-ds,MODEL_CONTINGENT_RANK_BRIDGE_RELAXATION,False,False
rank_bridge_lp_v2,same_rank_decile,pre_specified_grid,0.2,decile,5,nta_rank_positive_liability_rate,min,0.013769860376,0,Optimization terminated successfully. (HiGHS Status 7: Optimal),0,1.73472347598e-18,0,0.2,1.66533453694e-16,0,2.5.3,1.18.1,highs-ds,MODEL_CONTINGENT_RANK_BRIDGE_RELAXATION,False,False
rank_bridge_lp_v2,same_rank_decile,pre_specified_grid,0.2,decile,5,nta_rank_positive_liability_rate,max,0.349111196111,0,Optimization terminated successfully. (HiGHS Status 7: Optimal),0,1.73472347598e-18,0,0.2,1.66533453694e-16,0,2.5.3,1.18.1,highs-ds,MODEL_CONTINGENT_RANK_BRIDGE_RELAXATION,False,False
rank_bridge_lp_v2,same_rank_decile,pre_specified_grid,0.2,decile,6,taxable_income_weighted_mean_MTR,min,0.0945551847046,0,Optimization terminated successfully. (HiGHS Status 7: Optimal),0,1.73472347598e-18,0,0.2,1.66533453694e-16,0,2.5.3,1.18.1,highs-ds,MODEL_CONTINGENT_RANK_BRIDGE_RELAXATION,False,False
rank_bridge_lp_v2,same_rank_decile,pre_specified_grid,0.2,decile,6,taxable_income_weighted_mean_MTR,max,0.153348627649,0,Optimization terminated successfully. (HiGHS Status 7: Optimal),1.11022302463e-16,1.73472347598e-18,0,0.2,1.66533453694e-16,0,2.5.3,1.18.1,highs-ds,MODEL_CONTINGENT_RANK_BRIDGE_RELAXATION,False,False
rank_bridge_lp_v2,same_rank_decile,pre_specified_grid,0.2,decile,6,income_tax_liability_weighted_mean_MTR,min,0.104721210072,0,Optimization terminated successfully. (HiGHS Status 7: Optimal),0,1.73472347598e-18,0,0.2,1.66533453694e-16,0,2.5.3,1.18.1,highs-ds,MODEL_CONTINGENT_RANK_BRIDGE_RELAXATION,False,False
rank_bridge_lp_v2,same_rank_decile,pre_specified_grid,0.2,decile,6,income_tax_liability_weighted_mean_MTR,max,0.166077223997,0,Optimization terminated successfully. (HiGHS Status 7: Optimal),1.11022302463e-16,1.73472347598e-18,0,0.2,1.66533453694e-16,0,2.5.3,1.18.1,highs-ds,MODEL_CONTINGENT_RANK_BRIDGE_RELAXATION,False,False
rank_bridge_lp_v2,same_rank_decile,pre_specified_grid,0.2,decile,6,pseudo_filer_positive_tax_share,min,0.235387045814,0,Optimization terminated successfully. (HiGHS Status 7: Optimal),1.11022302463e-16,1.73472347598e-18,0,0.2,1.66533453694e-16,0,2.5.3,1.18.1,highs-ds,MODEL_CONTINGENT_RANK_BRIDGE_RELAXATION,False,False
rank_bridge_lp_v2,same_rank_decile,pre_specified_grid,0.2,decile,6,pseudo_filer_positive_tax_share,max,0.532498042287,0,Optimization terminated successfully. (HiGHS Status 7: Optimal),0,1.73472347598e-18,0,0.2,1.66533453694e-16,0,2.5.3,1.18.1,highs-ds,MODEL_CONTINGENT_RANK_BRIDGE_RELAXATION,False,False
rank_bridge_lp_v2,same_rank_decile,pre_specified_grid,0.2,decile,6,nta_rank_positive_liability_rate,min,0.177223328093,0,Optimization terminated successfully. (HiGHS Status 7: Optimal),1.11022302463e-16,1.73472347598e-18,0,0.2,1.66533453694e-16,0,2.5.3,1.18.1,highs-ds,MODEL_CONTINGENT_RANK_BRIDGE_RELAXATION,False,False
rank_bridge_lp_v2,same_rank_decile,pre_specified_grid,0.2,decile,6,nta_rank_positive_liability_rate,max,0.372626120914,0,Optimization terminated successfully. (HiGHS Status 7: Optimal),0,1.73472347598e-18,0,0.2,1.66533453694e-16,0,2.5.3,1.18.1,highs-ds,MODEL_CONTINGENT_RANK_BRIDGE_RELAXATION,False,False
rank_bridge_lp_v2,same_rank_decile,pre_specified_grid,0.2,decile,7,taxable_income_weighted_mean_MTR,min,0.101040597253,0,Optimization terminated successfully. (HiGHS Status 7: Optimal),1.11022302463e-16,1.73472347598e-18,0,0.2,1.66533453694e-16,0,2.5.3,1.18.1,highs-ds,MODEL_CONTINGENT_RANK_BRIDGE_RELAXATION,False,False
rank_bridge_lp_v2,same_rank_decile,pre_specified_grid,0.2,decile,7,taxable_income_weighted_mean_MTR,max,0.16335197867,0,Optimization terminated successfully. (HiGHS Status 7: Optimal),1.11022302463e-16,1.73472347598e-18,0,0.2,1.66533453694e-16,0,2.5.3,1.18.1,highs-ds,MODEL_CONTINGENT_RANK_BRIDGE_RELAXATION,False,False
rank_bridge_lp_v2,same_rank_decile,pre_specified_grid,0.2,decile,7,income_tax_liability_weighted_mean_MTR,min,0.114321209827,0,Optimization terminated successfully. (HiGHS Status 7: Optimal),1.11022302463e-16,1.73472347598e-18,0,0.2,1.66533453694e-16,0,2.5.3,1.18.1,highs-ds,MODEL_CONTINGENT_RANK_BRIDGE_RELAXATION,False,False
rank_bridge_lp_v2,same_rank_decile,pre_specified_grid,0.2,decile,7,income_tax_liability_weighted_mean_MTR,max,0.175848366256,0,Optimization terminated successfully. (HiGHS Status 7: Optimal),1.11022302463e-16,1.73472347598e-18,0,0.2,1.66533453694e-16,0,2.5.3,1.18.1,highs-ds,MODEL_CONTINGENT_RANK_BRIDGE_RELAXATION,False,False
rank_bridge_lp_v2,same_rank_decile,pre_specified_grid,0.2,decile,7,pseudo_filer_positive_tax_share,min,0.317057704502,0,Optimization terminated successfully. (HiGHS Status 7: Optimal),1.11022302463e-16,1.73472347598e-18,0,0.2,1.66533453694e-16,0,2.5.3,1.18.1,highs-ds,MODEL_CONTINGENT_RANK_BRIDGE_RELAXATION,False,False
rank_bridge_lp_v2,same_rank_decile,pre_specified_grid,0.2,decile,7,pseudo_filer_positive_tax_share,max,0.551883026005,0,Optimization terminated successfully. (HiGHS Status 7: Optimal),1.11022302463e-16,1.73472347598e-18,0,0.2,1.66533453694e-16,0,2.5.3,1.18.1,highs-ds,MODEL_CONTINGENT_RANK_BRIDGE_RELAXATION,False,False
rank_bridge_lp_v2,same_rank_decile,pre_specified_grid,0.2,decile,7,nta_rank_positive_liability_rate,min,0.319230342506,0,Optimization terminated successfully. (HiGHS Status 7: Optimal),1.11022302463e-16,1.73472347598e-18,0,0.2,1.66533453694e-16,0,2.5.3,1.18.1,highs-ds,MODEL_CONTINGENT_RANK_BRIDGE_RELAXATION,False,False
rank_bridge_lp_v2,same_rank_decile,pre_specified_grid,0.2,decile,7,nta_rank_positive_liability_rate,max,0.351883026005,0,Optimization terminated successfully. (HiGHS Status 7: Optimal),1.11022302463e-16,1.73472347598e-18,0,0.2,1.66533453694e-16,0,2.5.3,1.18.1,highs-ds,MODEL_CONTINGENT_RANK_BRIDGE_RELAXATION,False,False
rank_bridge_lp_v2,same_rank_decile,pre_specified_grid,0.2,decile,8,taxable_income_weighted_mean_MTR,min,0.146529706403,0,Optimization terminated successfully. (HiGHS Status 7: Optimal),1.11022302463e-16,0,0,0.2,0,0,2.5.3,1.18.1,highs-ds,MODEL_CONTINGENT_RANK_BRIDGE_RELAXATION,False,False
rank_bridge_lp_v2,same_rank_decile,pre_specified_grid,0.2,decile,8,taxable_income_weighted_mean_MTR,max,0.166554374571,0,Optimization terminated successfully. (HiGHS Status 7: Optimal),1.11022302463e-16,0,0,0.2,0,0,2.5.3,1.18.1,highs-ds,MODEL_CONTINGENT_RANK_BRIDGE_RELAXATION,False,False
rank_bridge_lp_v2,same_rank_decile,pre_specified_grid,0.2,decile,8,income_tax_liability_weighted_mean_MTR,min,0.165715549444,0,Optimization terminated successfully. (HiGHS Status 7: Optimal),1.11022302463e-16,0,0,0.2,0,0,2.5.3,1.18.1,highs-ds,MODEL_CONTINGENT_RANK_BRIDGE_RELAXATION,False,False
rank_bridge_lp_v2,same_rank_decile,pre_specified_grid,0.2,decile,8,income_tax_liability_weighted_mean_MTR,max,0.182110343791,0,Optimization terminated successfully. (HiGHS Status 7: Optimal),1.11022302463e-16,0,0,0.2,0,0,2.5.3,1.18.1,highs-ds,MODEL_CONTINGENT_RANK_BRIDGE_RELAXATION,False,False
rank_bridge_lp_v2,same_rank_decile,pre_specified_grid,0.2,decile,8,pseudo_filer_positive_tax_share,min,0.429585152838,0,Optimization terminated successfully. (HiGHS Status 7: Optimal),1.11022302463e-16,1.73472347598e-18,0,0.2,1.66533453694e-16,0,2.5.3,1.18.1,highs-ds,MODEL_CONTINGENT_RANK_BRIDGE_RELAXATION,False,False
rank_bridge_lp_v2,same_rank_decile,pre_specified_grid,0.2,decile,8,pseudo_filer_positive_tax_share,max,0.582848972251,0,Optimization terminated successfully. (HiGHS Status 7: Optimal),1.11022302463e-16,0,0,0.2,0,0,2.5.3,1.18.1,highs-ds,MODEL_CONTINGENT_RANK_BRIDGE_RELAXATION,False,False
rank_bridge_lp_v2,same_rank_decile,pre_specified_grid,0.2,decile,8,nta_rank_positive_liability_rate,min,0.257594923488,0,Optimization terminated successfully. (HiGHS Status 7: Optimal),1.11022302463e-16,1.73472347598e-18,0,0.2,1.66533453694e-16,0,2.5.3,1.18.1,highs-ds,MODEL_CONTINGENT_RANK_BRIDGE_RELAXATION,False,False
rank_bridge_lp_v2,same_rank_decile,pre_specified_grid,0.2,decile,8,nta_rank_positive_liability_rate,max,0.382848972251,0,Optimization terminated successfully. (HiGHS Status 7: Optimal),1.11022302463e-16,0,0,0.2,0,0,2.5.3,1.18.1,highs-ds,MODEL_CONTINGENT_RANK_BRIDGE_RELAXATION,False,False
rank_bridge_lp_v2,same_rank_decile,pre_specified_grid,0.2,decile,9,taxable_income_weighted_mean_MTR,min,0.173976423089,0,Optimization terminated successfully. (HiGHS Status 7: Optimal),2.22044604925e-16,0,0,0.2,5.55111512313e-17,0,2.5.3,1.18.1,highs-ds,MODEL_CONTINGENT_RANK_BRIDGE_RELAXATION,False,False
rank_bridge_lp_v2,same_rank_decile,pre_specified_grid,0.2,decile,9,taxable_income_weighted_mean_MTR,max,0.179986319484,0,Optimization terminated successfully. (HiGHS Status 7: Optimal),1.11022302463e-16,0,0,0.2,5.55111512313e-17,0,2.5.3,1.18.1,highs-ds,MODEL_CONTINGENT_RANK_BRIDGE_RELAXATION,False,False
rank_bridge_lp_v2,same_rank_decile,pre_specified_grid,0.2,decile,9,income_tax_liability_weighted_mean_MTR,min,0.190182263425,0,Optimization terminated successfully. (HiGHS Status 7: Optimal),1.11022302463e-16,0,0,0.2,5.55111512313e-17,0,2.5.3,1.18.1,highs-ds,MODEL_CONTINGENT_RANK_BRIDGE_RELAXATION,False,False
rank_bridge_lp_v2,same_rank_decile,pre_specified_grid,0.2,decile,9,income_tax_liability_weighted_mean_MTR,max,0.196973129125,0,Optimization terminated successfully. (HiGHS Status 7: Optimal),2.22044604925e-16,0,0,0.2,5.55111512313e-17,0,2.5.3,1.18.1,highs-ds,MODEL_CONTINGENT_RANK_BRIDGE_RELAXATION,False,False
rank_bridge_lp_v2,same_rank_decile,pre_specified_grid,0.2,decile,9,pseudo_filer_positive_tax_share,min,0.633608815427,0,Optimization terminated successfully. (HiGHS Status 7: Optimal),1.11022302463e-16,0,0,0.2,0,0,2.5.3,1.18.1,highs-ds,MODEL_CONTINGENT_RANK_BRIDGE_RELAXATION,False,False
rank_bridge_lp_v2,same_rank_decile,pre_specified_grid,0.2,decile,9,pseudo_filer_positive_tax_share,max,0.73557685634,0,Optimization terminated successfully. (HiGHS Status 7: Optimal),1.11022302463e-16,0,0,0.2,5.55111512313e-17,0,2.5.3,1.18.1,highs-ds,MODEL_CONTINGENT_RANK_BRIDGE_RELAXATION,False,False
rank_bridge_lp_v2,same_rank_decile,pre_specified_grid,0.2,decile,9,nta_rank_positive_liability_rate,min,0.433608815427,0,Optimization terminated successfully. (HiGHS Status 7: Optimal),1.11022302463e-16,0,0,0.2,0,0,2.5.3,1.18.1,highs-ds,MODEL_CONTINGENT_RANK_BRIDGE_RELAXATION,False,False
rank_bridge_lp_v2,same_rank_decile,pre_specified_grid,0.2,decile,9,nta_rank_positive_liability_rate,max,0.53557685634,0,Optimization terminated successfully. (HiGHS Status 7: Optimal),1.11022302463e-16,0,0,0.2,5.55111512313e-17,0,2.5.3,1.18.1,highs-ds,MODEL_CONTINGENT_RANK_BRIDGE_RELAXATION,False,False
rank_bridge_lp_v2,same_rank_decile,pre_specified_grid,0.2,decile,10,taxable_income_weighted_mean_MTR,min,0.239324165474,0,Optimization terminated successfully. (HiGHS Status 7: Optimal),1.11022302463e-16,0,0,0.2,1.66533453694e-16,0,2.5.3,1.18.1,highs-ds,MODEL_CONTINGENT_RANK_BRIDGE_RELAXATION,False,False
rank_bridge_lp_v2,same_rank_decile,pre_specified_grid,0.2,decile,10,taxable_income_weighted_mean_MTR,max,0.296421496398,0,Optimization terminated successfully. (HiGHS Status 7: Optimal),1.11022302463e-16,0,0,0.2,1.11022302463e-16,0,2.5.3,1.18.1,highs-ds,MODEL_CONTINGENT_RANK_BRIDGE_RELAXATION,False,False
rank_bridge_lp_v2,same_rank_decile,pre_specified_grid,0.2,decile,10,income_tax_liability_weighted_mean_MTR,min,0.260468505645,0,Optimization terminated successfully. (HiGHS Status 7: Optimal),1.11022302463e-16,0,0,0.2,1.66533453694e-16,0,2.5.3,1.18.1,highs-ds,MODEL_CONTINGENT_RANK_BRIDGE_RELAXATION,False,False
rank_bridge_lp_v2,same_rank_decile,pre_specified_grid,0.2,decile,10,income_tax_liability_weighted_mean_MTR,max,0.320590783508,0,Optimization terminated successfully. (HiGHS Status 7: Optimal),1.11022302463e-16,0,0,0.2,1.11022302463e-16,0,2.5.3,1.18.1,highs-ds,MODEL_CONTINGENT_RANK_BRIDGE_RELAXATION,False,False
rank_bridge_lp_v2,same_rank_decile,pre_specified_grid,0.2,decile,10,pseudo_filer_positive_tax_share,min,0.668781725888,0,Optimization terminated successfully. (HiGHS Status 7: Optimal),1.11022302463e-16,0,0,0.2,5.55111512313e-17,0,2.5.3,1.18.1,highs-ds,MODEL_CONTINGENT_RANK_BRIDGE_RELAXATION,False,False
rank_bridge_lp_v2,same_rank_decile,pre_specified_grid,0.2,decile,10,pseudo_filer_positive_tax_share,max,0.738145789101,0,Optimization terminated successfully. (HiGHS Status 7: Optimal),1.11022302463e-16,0,0,0.2,1.66533453694e-16,0,2.5.3,1.18.1,highs-ds,MODEL_CONTINGENT_RANK_BRIDGE_RELAXATION,False,False
rank_bridge_lp_v2,same_rank_decile,pre_specified_grid,0.2,decile,10,nta_rank_positive_liability_rate,min,0.468781725888,0,Optimization terminated successfully. (HiGHS Status 7: Optimal),1.11022302463e-16,0,0,0.2,5.55111512313e-17,0,2.5.3,1.18.1,highs-ds,MODEL_CONTINGENT_RANK_BRIDGE_RELAXATION,False,False
rank_bridge_lp_v2,same_rank_decile,pre_specified_grid,0.2,decile,10,nta_rank_positive_liability_rate,max,0.570749766801,0,Optimization terminated successfully. (HiGHS Status 7: Optimal),1.11022302463e-16,0,0,0.2,5.55111512313e-17,0,2.5.3,1.18.1,highs-ds,MODEL_CONTINGENT_RANK_BRIDGE_RELAXATION,False,False
rank_bridge_lp_v2,same_rank_decile,pre_specified_grid,0.2,overall,,taxable_income_weighted_mean_MTR,min,0.101811795005,0,Optimization terminated successfully. (HiGHS Status 7: Optimal),1.11022302463e-16,0,0,0.2,1.66533453694e-16,0,2.5.3,1.18.1,highs-ds,MODEL_CONTINGENT_RANK_BRIDGE_RELAXATION,False,False
rank_bridge_lp_v2,same_rank_decile,pre_specified_grid,0.2,overall,,taxable_income_weighted_mean_MTR,max,0.126427538636,0,Optimization terminated successfully. (HiGHS Status 7: Optimal),1.11022302463e-16,0,0,0.2,5.55111512313e-17,0,2.5.3,1.18.1,highs-ds,MODEL_CONTINGENT_RANK_BRIDGE_RELAXATION,False,False
rank_bridge_lp_v2,same_rank_decile,pre_specified_grid,0.2,overall,,income_tax_liability_weighted_mean_MTR,min,0.110043536064,0,Optimization terminated successfully. (HiGHS Status 7: Optimal),1.11022302463e-16,0,0,0.2,1.66533453694e-16,0,2.5.3,1.18.1,highs-ds,MODEL_CONTINGENT_RANK_BRIDGE_RELAXATION,False,False
rank_bridge_lp_v2,same_rank_decile,pre_specified_grid,0.2,overall,,income_tax_liability_weighted_mean_MTR,max,0.135961599428,0,Optimization terminated successfully. (HiGHS Status 7: Optimal),1.11022302463e-16,0,0,0.2,5.55111512313e-17,0,2.5.3,1.18.1,highs-ds,MODEL_CONTINGENT_RANK_BRIDGE_RELAXATION,False,False
rank_bridge_lp_v2,same_rank_decile,pre_specified_grid,0.225,decile,1,taxable_income_weighted_mean_MTR,min,0.05,0,Optimization terminated successfully. (HiGHS Status 7: Optimal),2.22044604925e-16,1.73472347598e-18,0,0.225,8.32667268469e-17,0,2.5.3,1.18.1,highs-ds,MODEL_CONTINGENT_RANK_BRIDGE_RELAXATION,False,False
rank_bridge_lp_v2,same_rank_decile,pre_specified_grid,0.225,decile,1,taxable_income_weighted_mean_MTR,max,0.05,0,Optimization terminated successfully. (HiGHS Status 7: Optimal),2.22044604925e-16,1.73472347598e-18,0,0.225,8.32667268469e-17,0,2.5.3,1.18.1,highs-ds,MODEL_CONTINGENT_RANK_BRIDGE_RELAXATION,False,False
rank_bridge_lp_v2,same_rank_decile,pre_specified_grid,0.225,decile,1,income_tax_liability_weighted_mean_MTR,min,0.05,0,Optimization terminated successfully. (HiGHS Status 7: Optimal),2.22044604925e-16,1.73472347598e-18,0,0.225,8.32667268469e-17,0,2.5.3,1.18.1,highs-ds,MODEL_CONTINGENT_RANK_BRIDGE_RELAXATION,False,False
rank_bridge_lp_v2,same_rank_decile,pre_specified_grid,0.225,decile,1,income_tax_liability_weighted_mean_MTR,max,0.05,0,Optimization terminated successfully. (HiGHS Status 7: Optimal),2.22044604925e-16,1.73472347598e-18,0,0.225,8.32667268469e-17,0,2.5.3,1.18.1,highs-ds,MODEL_CONTINGENT_RANK_BRIDGE_RELAXATION,False,False
rank_bridge_lp_v2,same_rank_decile,pre_specified_grid,0.225,decile,1,pseudo_filer_positive_tax_share,min,0.0854779411765,0,Optimization terminated successfully. (HiGHS Status 7: Optimal),2.22044604925e-16,1.73472347598e-18,0,0.225,8.32667268469e-17,0,2.5.3,1.18.1,highs-ds,MODEL_CONTINGENT_RANK_BRIDGE_RELAXATION,False,False
rank_bridge_lp_v2,same_rank_decile,pre_specified_grid,0.225,decile,1,pseudo_filer_positive_tax_share,max,0.195828505214,0,Optimization terminated successfully. (HiGHS Status 7: Optimal),2.22044604925e-16,1.73472347598e-18,0,0.225,8.32667268469e-17,0,2.5.3,1.18.1,highs-ds,MODEL_CONTINGENT_RANK_BRIDGE_RELAXATION,False,False
rank_bridge_lp_v2,same_rank_decile,pre_specified_grid,0.225,decile,1,nta_rank_positive_liability_rate,min,0,0,Optimization terminated successfully. (HiGHS Status 7: Optimal),2.22044604925e-16,1.73472347598e-18,0,0.225,8.32667268469e-17,0,2.5.3,1.18.1,highs-ds,MODEL_CONTINGENT_RANK_BRIDGE_RELAXATION,False,False
rank_bridge_lp_v2,same_rank_decile,pre_specified_grid,0.225,decile,1,nta_rank_positive_liability_rate,max,0.00692186997585,0,Optimization terminated successfully. (HiGHS Status 7: Optimal),2.22044604925e-16,1.73472347598e-18,0,0.225,8.32667268469e-17,0,2.5.3,1.18.1,highs-ds,MODEL_CONTINGENT_RANK_BRIDGE_RELAXATION,False,False
rank_bridge_lp_v2,same_rank_decile,pre_specified_grid,0.225,decile,2,taxable_income_weighted_mean_MTR,min,0.05,0,Optimization terminated successfully. (HiGHS Status 7: Optimal),2.22044604925e-16,1.73472347598e-18,0,0.225,8.32667268469e-17,0,2.5.3,1.18.1,highs-ds,MODEL_CONTINGENT_RANK_BRIDGE_RELAXATION,False,False
rank_bridge_lp_v2,same_rank_decile,pre_specified_grid,0.225,decile,2,taxable_income_weighted_mean_MTR,max,0.05,0,Optimization terminated successfully. (HiGHS Status 7: Optimal),2.22044604925e-16,1.73472347598e-18,0,0.225,8.32667268469e-17,0,2.5.3,1.18.1,highs-ds,MODEL_CONTINGENT_RANK_BRIDGE_RELAXATION,False,False
rank_bridge_lp_v2,same_rank_decile,pre_specified_grid,0.225,decile,2,income_tax_liability_weighted_mean_MTR,min,0.05,0,Optimization terminated successfully. (HiGHS Status 7: Optimal),2.22044604925e-16,1.73472347598e-18,0,0.225,8.32667268469e-17,0,2.5.3,1.18.1,highs-ds,MODEL_CONTINGENT_RANK_BRIDGE_RELAXATION,False,False
rank_bridge_lp_v2,same_rank_decile,pre_specified_grid,0.225,decile,2,income_tax_liability_weighted_mean_MTR,max,0.05,0,Optimization terminated successfully. (HiGHS Status 7: Optimal),2.22044604925e-16,1.73472347598e-18,0,0.225,8.32667268469e-17,0,2.5.3,1.18.1,highs-ds,MODEL_CONTINGENT_RANK_BRIDGE_RELAXATION,False,False
rank_bridge_lp_v2,same_rank_decile,pre_specified_grid,0.225,decile,2,pseudo_filer_positive_tax_share,min,0.14409221902,0,Optimization terminated successfully. (HiGHS Status 7: Optimal),2.22044604925e-16,1.73472347598e-18,0,0.225,8.32667268469e-17,0,2.5.3,1.18.1,highs-ds,MODEL_CONTINGENT_RANK_BRIDGE_RELAXATION,False,False
rank_bridge_lp_v2,same_rank_decile,pre_specified_grid,0.225,decile,2,pseudo_filer_positive_tax_share,max,0.237721413375,0,Optimization terminated successfully. (HiGHS Status 7: Optimal),2.22044604925e-16,1.73472347598e-18,0,0.225,8.32667268469e-17,0,2.5.3,1.18.1,highs-ds,MODEL_CONTINGENT_RANK_BRIDGE_RELAXATION,False,False
rank_bridge_lp_v2,same_rank_decile,pre_specified_grid,0.225,decile,2,nta_rank_positive_liability_rate,min,0,0,Optimization terminated successfully. (HiGHS Status 7: Optimal),2.22044604925e-16,1.73472347598e-18,0,0.225,8.32667268469e-17,0,2.5.3,1.18.1,highs-ds,MODEL_CONTINGENT_RANK_BRIDGE_RELAXATION,False,False
rank_bridge_lp_v2,same_rank_decile,pre_specified_grid,0.225,decile,2,nta_rank_positive_liability_rate,max,0.0127214133747,0,Optimization terminated successfully. (HiGHS Status 7: Optimal),2.22044604925e-16,1.73472347598e-18,0,0.225,8.32667268469e-17,0,2.5.3,1.18.1,highs-ds,MODEL_CONTINGENT_RANK_BRIDGE_RELAXATION,False,False
rank_bridge_lp_v2,same_rank_decile,pre_specified_grid,0.225,decile,3,taxable_income_weighted_mean_MTR,min,0.05,0,Optimization terminated successfully. (HiGHS Status 7: Optimal),2.22044604925e-16,1.73472347598e-18,0,0.225,8.32667268469e-17,0,2.5.3,1.18.1,highs-ds,MODEL_CONTINGENT_RANK_BRIDGE_RELAXATION,False,False
rank_bridge_lp_v2,same_rank_decile,pre_specified_grid,0.225,decile,3,taxable_income_weighted_mean_MTR,max,0.05,0,Optimization terminated successfully. (HiGHS Status 7: Optimal),2.22044604925e-16,1.73472347598e-18,0,0.225,8.32667268469e-17,0,2.5.3,1.18.1,highs-ds,MODEL_CONTINGENT_RANK_BRIDGE_RELAXATION,False,False
rank_bridge_lp_v2,same_rank_decile,pre_specified_grid,0.225,decile,3,income_tax_liability_weighted_mean_MTR,min,0.05,0,Optimization terminated successfully. (HiGHS Status 7: Optimal),2.22044604925e-16,1.73472347598e-18,0,0.225,8.32667268469e-17,0,2.5.3,1.18.1,highs-ds,MODEL_CONTINGENT_RANK_BRIDGE_RELAXATION,False,False
rank_bridge_lp_v2,same_rank_decile,pre_specified_grid,0.225,decile,3,income_tax_liability_weighted_mean_MTR,max,0.05,0,Optimization terminated successfully. (HiGHS Status 7: Optimal),2.22044604925e-16,1.73472347598e-18,0,0.225,8.32667268469e-17,0,2.5.3,1.18.1,highs-ds,MODEL_CONTINGENT_RANK_BRIDGE_RELAXATION,False,False
rank_bridge_lp_v2,same_rank_decile,pre_specified_grid,0.225,decile,3,pseudo_filer_positive_tax_share,min,0.156598513011,0,Optimization terminated successfully. (HiGHS Status 7: Optimal),2.22044604925e-16,1.73472347598e-18,0,0.225,8.32667268469e-17,0,2.5.3,1.18.1,highs-ds,MODEL_CONTINGENT_RANK_BRIDGE_RELAXATION,False,False
rank_bridge_lp_v2,same_rank_decile,pre_specified_grid,0.225,decile,3,pseudo_filer_positive_tax_share,max,0.285859892209,0,Optimization terminated successfully. (HiGHS Status 7: Optimal),2.22044604925e-16,1.73472347598e-18,0,0.225,8.32667268469e-17,0,2.5.3,1.18.1,highs-ds,MODEL_CONTINGENT_RANK_BRIDGE_RELAXATION,False,False
rank_bridge_lp_v2,same_rank_decile,pre_specified_grid,0.225,decile,3,nta_rank_positive_liability_rate,min,0,0,Optimization terminated successfully. (HiGHS Status 7: Optimal),2.22044604925e-16,1.73472347598e-18,0,0.225,8.32667268469e-17,0,2.5.3,1.18.1,highs-ds,MODEL_CONTINGENT_RANK_BRIDGE_RELAXATION,False,False
rank_bridge_lp_v2,same_rank_decile,pre_specified_grid,0.225,decile,3,nta_rank_positive_liability_rate,max,0.0608598922087,0,Optimization terminated successfully. (HiGHS Status 7: Optimal),2.22044604925e-16,1.73472347598e-18,0,0.225,8.32667268469e-17,0,2.5.3,1.18.1,highs-ds,MODEL_CONTINGENT_RANK_BRIDGE_RELAXATION,False,False
rank_bridge_lp_v2,same_rank_decile,pre_specified_grid,0.225,decile,4,taxable_income_weighted_mean_MTR,min,0.05,0,Optimization terminated successfully. (HiGHS Status 7: Optimal),2.22044604925e-16,1.73472347598e-18,0,0.225,8.32667268469e-17,0,2.5.3,1.18.1,highs-ds,MODEL_CONTINGENT_RANK_BRIDGE_RELAXATION,False,False
rank_bridge_lp_v2,same_rank_decile,pre_specified_grid,0.225,decile,4,taxable_income_weighted_mean_MTR,max,0.058968460929,0,Optimization terminated successfully. (HiGHS Status 7: Optimal),2.22044604925e-16,1.73472347598e-18,0,0.225,8.32667268469e-17,0,2.5.3,1.18.1,highs-ds,MODEL_CONTINGENT_RANK_BRIDGE_RELAXATION,False,False
rank_bridge_lp_v2,same_rank_decile,pre_specified_grid,0.225,decile,4,income_tax_liability_weighted_mean_MTR,min,0.05,0,Optimization terminated successfully. (HiGHS Status 7: Optimal),2.22044604925e-16,1.73472347598e-18,0,0.225,8.32667268469e-17,0,2.5.3,1.18.1,highs-ds,MODEL_CONTINGENT_RANK_BRIDGE_RELAXATION,False,False
rank_bridge_lp_v2,same_rank_decile,pre_specified_grid,0.225,decile,4,income_tax_liability_weighted_mean_MTR,max,0.0602889317796,0,Optimization terminated successfully. (HiGHS Status 7: Optimal),2.22044604925e-16,1.73472347598e-18,0,0.225,8.32667268469e-17,0,2.5.3,1.18.1,highs-ds,MODEL_CONTINGENT_RANK_BRIDGE_RELAXATION,False,False
rank_bridge_lp_v2,same_rank_decile,pre_specified_grid,0.225,decile,4,pseudo_filer_positive_tax_share,min,0.190499272904,0,Optimization terminated successfully. (HiGHS Status 7: Optimal),2.22044604925e-16,1.73472347598e-18,0,0.225,8.32667268469e-17,0,2.5.3,1.18.1,highs-ds,MODEL_CONTINGENT_RANK_BRIDGE_RELAXATION,False,False
rank_bridge_lp_v2,same_rank_decile,pre_specified_grid,0.225,decile,4,pseudo_filer_positive_tax_share,max,0.443135427749,0,Optimization terminated successfully. (HiGHS Status 7: Optimal),2.22044604925e-16,1.73472347598e-18,0,0.225,8.32667268469e-17,0,2.5.3,1.18.1,highs-ds,MODEL_CONTINGENT_RANK_BRIDGE_RELAXATION,False,False
rank_bridge_lp_v2,same_rank_decile,pre_specified_grid,0.225,decile,4,nta_rank_positive_liability_rate,min,0,0,Optimization terminated successfully. (HiGHS Status 7: Optimal),2.22044604925e-16,1.73472347598e-18,0,0.225,8.32667268469e-17,0,2.5.3,1.18.1,highs-ds,MODEL_CONTINGENT_RANK_BRIDGE_RELAXATION,False,False
rank_bridge_lp_v2,same_rank_decile,pre_specified_grid,0.225,decile,4,nta_rank_positive_liability_rate,max,0.218135427749,0,Optimization terminated successfully. (HiGHS Status 7: Optimal),2.22044604925e-16,1.73472347598e-18,0,0.225,8.32667268469e-17,0,2.5.3,1.18.1,highs-ds,MODEL_CONTINGENT_RANK_BRIDGE_RELAXATION,False,False
rank_bridge_lp_v2,same_rank_decile,pre_specified_grid,0.225,decile,5,taxable_income_weighted_mean_MTR,min,0.057588335604,0,Optimization terminated successfully. (HiGHS Status 7: Optimal),2.22044604925e-16,1.73472347598e-18,0,0.225,8.32667268469e-17,0,2.5.3,1.18.1,highs-ds,MODEL_CONTINGENT_RANK_BRIDGE_RELAXATION,False,False
rank_bridge_lp_v2,same_rank_decile,pre_specified_grid,0.225,decile,5,taxable_income_weighted_mean_MTR,max,0.103241125426,0,Optimization terminated successfully. (HiGHS Status 7: Optimal),2.22044604925e-16,1.73472347598e-18,0,0.225,8.32667268469e-17,0,2.5.3,1.18.1,highs-ds,MODEL_CONTINGENT_RANK_BRIDGE_RELAXATION,False,False
rank_bridge_lp_v2,same_rank_decile,pre_specified_grid,0.225,decile,5,income_tax_liability_weighted_mean_MTR,min,0.0586942330096,0,Optimization terminated successfully. (HiGHS Status 7: Optimal),2.22044604925e-16,1.73472347598e-18,0,0.225,8.32667268469e-17,0,2.5.3,1.18.1,highs-ds,MODEL_CONTINGENT_RANK_BRIDGE_RELAXATION,False,False
rank_bridge_lp_v2,same_rank_decile,pre_specified_grid,0.225,decile,5,income_tax_liability_weighted_mean_MTR,max,0.113729890589,0,Optimization terminated successfully. (HiGHS Status 7: Optimal),2.22044604925e-16,1.73472347598e-18,0,0.225,8.32667268469e-17,0,2.5.3,1.18.1,highs-ds,MODEL_CONTINGENT_RANK_BRIDGE_RELAXATION,False,False
rank_bridge_lp_v2,same_rank_decile,pre_specified_grid,0.225,decile,5,pseudo_filer_positive_tax_share,min,0.213769860376,0,Optimization terminated successfully. (HiGHS Status 7: Optimal),2.22044604925e-16,1.73472347598e-18,0,0.225,8.32667268469e-17,0,2.5.3,1.18.1,highs-ds,MODEL_CONTINGENT_RANK_BRIDGE_RELAXATION,False,False
rank_bridge_lp_v2,same_rank_decile,pre_specified_grid,0.225,decile,5,pseudo_filer_positive_tax_share,max,0.574111196111,0,Optimization terminated successfully. (HiGHS Status 7: Optimal),2.22044604925e-16,1.73472347598e-18,0,0.225,8.32667268469e-17,0,2.5.3,1.18.1,highs-ds,MODEL_CONTINGENT_RANK_BRIDGE_RELAXATION,False,False
rank_bridge_lp_v2,same_rank_decile,pre_specified_grid,0.225,decile,5,nta_rank_positive_liability_rate,min,0,0,Optimization terminated successfully. (HiGHS Status 7: Optimal),2.22044604925e-16,1.73472347598e-18,0,0.225,8.32667268469e-17,0,2.5.3,1.18.1,highs-ds,MODEL_CONTINGENT_RANK_BRIDGE_RELAXATION,False,False
rank_bridge_lp_v2,same_rank_decile,pre_specified_grid,0.225,decile,5,nta_rank_positive_liability_rate,max,0.349111196111,0,Optimization terminated successfully. (HiGHS Status 7: Optimal),2.22044604925e-16,1.73472347598e-18,0,0.225,8.32667268469e-17,0,2.5.3,1.18.1,highs-ds,MODEL_CONTINGENT_RANK_BRIDGE_RELAXATION,False,False
rank_bridge_lp_v2,same_rank_decile,pre_specified_grid,0.225,decile,6,taxable_income_weighted_mean_MTR,min,0.0945551847046,0,Optimization terminated successfully. (HiGHS Status 7: Optimal),2.22044604925e-16,1.73472347598e-18,0,0.225,8.32667268469e-17,0,2.5.3,1.18.1,highs-ds,MODEL_CONTINGENT_RANK_BRIDGE_RELAXATION,False,False
rank_bridge_lp_v2,same_rank_decile,pre_specified_grid,0.225,decile,6,taxable_income_weighted_mean_MTR,max,0.153348627649,0,Optimization terminated successfully. (HiGHS Status 7: Optimal),2.22044604925e-16,1.73472347598e-18,0,0.225,8.32667268469e-17,0,2.5.3,1.18.1,highs-ds,MODEL_CONTINGENT_RANK_BRIDGE_RELAXATION,False,False
rank_bridge_lp_v2,same_rank_decile,pre_specified_grid,0.225,decile,6,income_tax_liability_weighted_mean_MTR,min,0.104721210072,0,Optimization terminated successfully. (HiGHS Status 7: Optimal),2.22044604925e-16,1.73472347598e-18,0,0.225,8.32667268469e-17,0,2.5.3,1.18.1,highs-ds,MODEL_CONTINGENT_RANK_BRIDGE_RELAXATION,False,False
rank_bridge_lp_v2,same_rank_decile,pre_specified_grid,0.225,decile,6,income_tax_liability_weighted_mean_MTR,max,0.166077223997,0,Optimization terminated successfully. (HiGHS Status 7: Optimal),2.22044604925e-16,1.73472347598e-18,0,0.225,8.32667268469e-17,0,2.5.3,1.18.1,highs-ds,MODEL_CONTINGENT_RANK_BRIDGE_RELAXATION,False,False
rank_bridge_lp_v2,same_rank_decile,pre_specified_grid,0.225,decile,6,pseudo_filer_positive_tax_share,min,0.235387045814,0,Optimization terminated successfully. (HiGHS Status 7: Optimal),2.22044604925e-16,1.73472347598e-18,0,0.225,8.32667268469e-17,0,2.5.3,1.18.1,highs-ds,MODEL_CONTINGENT_RANK_BRIDGE_RELAXATION,False,False
rank_bridge_lp_v2,same_rank_decile,pre_specified_grid,0.225,decile,6,pseudo_filer_positive_tax_share,max,0.532498042287,0,Optimization terminated successfully. (HiGHS Status 7: Optimal),2.22044604925e-16,1.73472347598e-18,0,0.225,8.32667268469e-17,0,2.5.3,1.18.1,highs-ds,MODEL_CONTINGENT_RANK_BRIDGE_RELAXATION,False,False
rank_bridge_lp_v2,same_rank_decile,pre_specified_grid,0.225,decile,6,nta_rank_positive_liability_rate,min,0.177223328093,0,Optimization terminated successfully. (HiGHS Status 7: Optimal),2.22044604925e-16,1.73472347598e-18,0,0.225,8.32667268469e-17,0,2.5.3,1.18.1,highs-ds,MODEL_CONTINGENT_RANK_BRIDGE_RELAXATION,False,False
rank_bridge_lp_v2,same_rank_decile,pre_specified_grid,0.225,decile,6,nta_rank_positive_liability_rate,max,0.372626120914,0,Optimization terminated successfully. (HiGHS Status 7: Optimal),2.22044604925e-16,1.73472347598e-18,0,0.225,8.32667268469e-17,0,2.5.3,1.18.1,highs-ds,MODEL_CONTINGENT_RANK_BRIDGE_RELAXATION,False,False
rank_bridge_lp_v2,same_rank_decile,pre_specified_grid,0.225,decile,7,taxable_income_weighted_mean_MTR,min,0.101040597253,0,Optimization terminated successfully. (HiGHS Status 7: Optimal),2.22044604925e-16,1.73472347598e-18,0,0.225,8.32667268469e-17,0,2.5.3,1.18.1,highs-ds,MODEL_CONTINGENT_RANK_BRIDGE_RELAXATION,False,False
rank_bridge_lp_v2,same_rank_decile,pre_specified_grid,0.225,decile,7,taxable_income_weighted_mean_MTR,max,0.163930932376,0,Optimization terminated successfully. (HiGHS Status 7: Optimal),2.22044604925e-16,1.73472347598e-18,0,0.225,8.32667268469e-17,0,2.5.3,1.18.1,highs-ds,MODEL_CONTINGENT_RANK_BRIDGE_RELAXATION,False,False
rank_bridge_lp_v2,same_rank_decile,pre_specified_grid,0.225,decile,7,income_tax_liability_weighted_mean_MTR,min,0.114321209827,0,Optimization terminated successfully. (HiGHS Status 7: Optimal),2.22044604925e-16,1.73472347598e-18,0,0.225,8.32667268469e-17,0,2.5.3,1.18.1,highs-ds,MODEL_CONTINGENT_RANK_BRIDGE_RELAXATION,False,False
rank_bridge_lp_v2,same_rank_decile,pre_specified_grid,0.225,decile,7,income_tax_liability_weighted_mean_MTR,max,0.176556473592,0,Optimization terminated successfully. (HiGHS Status 7: Optimal),2.22044604925e-16,1.73472347598e-18,0,0.225,8.32667268469e-17,0,2.5.3,1.18.1,highs-ds,MODEL_CONTINGENT_RANK_BRIDGE_RELAXATION,False,False
rank_bridge_lp_v2,same_rank_decile,pre_specified_grid,0.225,decile,7,pseudo_filer_positive_tax_share,min,0.317057704502,0,Optimization terminated successfully. (HiGHS Status 7: Optimal),2.22044604925e-16,1.73472347598e-18,0,0.225,8.32667268469e-17,0,2.5.3,1.18.1,highs-ds,MODEL_CONTINGENT_RANK_BRIDGE_RELAXATION,False,False
rank_bridge_lp_v2,same_rank_decile,pre_specified_grid,0.225,decile,7,pseudo_filer_positive_tax_share,max,0.576883026005,0,Optimization terminated successfully. (HiGHS Status 7: Optimal),2.22044604925e-16,1.73472347598e-18,0,0.225,8.32667268469e-17,0,2.5.3,1.18.1,highs-ds,MODEL_CONTINGENT_RANK_BRIDGE_RELAXATION,False,False
rank_bridge_lp_v2,same_rank_decile,pre_specified_grid,0.225,decile,7,nta_rank_positive_liability_rate,min,0.319230342506,0,Optimization terminated successfully. (HiGHS Status 7: Optimal),2.22044604925e-16,1.73472347598e-18,0,0.225,8.32667268469e-17,0,2.5.3,1.18.1,highs-ds,MODEL_CONTINGENT_RANK_BRIDGE_RELAXATION,False,False
rank_bridge_lp_v2,same_rank_decile,pre_specified_grid,0.225,decile,7,nta_rank_positive_liability_rate,max,0.351883026005,0,Optimization terminated successfully. (HiGHS Status 7: Optimal),2.22044604925e-16,1.73472347598e-18,0,0.225,8.32667268469e-17,0,2.5.3,1.18.1,highs-ds,MODEL_CONTINGENT_RANK_BRIDGE_RELAXATION,False,False
rank_bridge_lp_v2,same_rank_decile,pre_specified_grid,0.225,decile,8,taxable_income_weighted_mean_MTR,min,0.145265834867,0,Optimization terminated successfully. (HiGHS Status 7: Optimal),2.22044604925e-16,0,0,0.225,8.32667268469e-17,0,2.5.3,1.18.1,highs-ds,MODEL_CONTINGENT_RANK_BRIDGE_RELAXATION,False,False
rank_bridge_lp_v2,same_rank_decile,pre_specified_grid,0.225,decile,8,taxable_income_weighted_mean_MTR,max,0.174916979048,0,Optimization terminated successfully. (HiGHS Status 7: Optimal),2.22044604925e-16,0,0,0.225,8.32667268469e-17,0,2.5.3,1.18.1,highs-ds,MODEL_CONTINGENT_RANK_BRIDGE_RELAXATION,False,False
rank_bridge_lp_v2,same_rank_decile,pre_specified_grid,0.225,decile,8,income_tax_liability_weighted_mean_MTR,min,0.164440097038,0,Optimization terminated successfully. (HiGHS Status 7: Optimal),2.22044604925e-16,0,0,0.225,8.32667268469e-17,0,2.5.3,1.18.1,highs-ds,MODEL_CONTINGENT_RANK_BRIDGE_RELAXATION,False,False
rank_bridge_lp_v2,same_rank_decile,pre_specified_grid,0.225,decile,8,income_tax_liability_weighted_mean_MTR,max,0.188716375023,0,Optimization terminated successfully. (HiGHS Status 7: Optimal),2.22044604925e-16,0,0,0.225,8.32667268469e-17,0,2.5.3,1.18.1,highs-ds,MODEL_CONTINGENT_RANK_BRIDGE_RELAXATION,False,False
rank_bridge_lp_v2,same_rank_decile,pre_specified_grid,0.225,decile,8,pseudo_filer_positive_tax_share,min,0.429585152838,0,Optimization terminated successfully. (HiGHS Status 7: Optimal),2.22044604925e-16,1.73472347598e-18,0,0.225,8.32667268469e-17,0,2.5.3,1.18.1,highs-ds,MODEL_CONTINGENT_RANK_BRIDGE_RELAXATION,False,False
rank_bridge_lp_v2,same_rank_decile,pre_specified_grid,0.225,decile,8,pseudo_filer_positive_tax_share,max,0.656527620447,0,Optimization terminated successfully. (HiGHS Status 7: Optimal),2.22044604925e-16,0,0,0.225,8.32667268469e-17,0,2.5.3,1.18.1,highs-ds,MODEL_CONTINGENT_RANK_BRIDGE_RELAXATION,False,False
rank_bridge_lp_v2,same_rank_decile,pre_specified_grid,0.225,decile,8,nta_rank_positive_liability_rate,min,0.257594923488,0,Optimization terminated successfully. (HiGHS Status 7: Optimal),2.22044604925e-16,1.73472347598e-18,0,0.225,8.32667268469e-17,0,2.5.3,1.18.1,highs-ds,MODEL_CONTINGENT_RANK_BRIDGE_RELAXATION,False,False
rank_bridge_lp_v2,same_rank_decile,pre_specified_grid,0.225,decile,8,nta_rank_positive_liability_rate,max,0.431527620447,0,Optimization terminated successfully. (HiGHS Status 7: Optimal),2.22044604925e-16,0,0,0.225,2.77555756156e-17,0,2.5.3,1.18.1,highs-ds,MODEL_CONTINGENT_RANK_BRIDGE_RELAXATION,False,False
rank_bridge_lp_v2,same_rank_decile,pre_specified_grid,0.225,decile,9,taxable_income_weighted_mean_MTR,min,0.172873800946,0,Optimization terminated successfully. (HiGHS Status 7: Optimal),2.22044604925e-16,0,0,0.225,8.32667268469e-17,0,2.5.3,1.18.1,highs-ds,MODEL_CONTINGENT_RANK_BRIDGE_RELAXATION,False,False
rank_bridge_lp_v2,same_rank_decile,pre_specified_grid,0.225,decile,9,taxable_income_weighted_mean_MTR,max,0.180249262732,0,Optimization terminated successfully. (HiGHS Status 7: Optimal),2.22044604925e-16,0,0,0.225,2.77555756156e-17,0,2.5.3,1.18.1,highs-ds,MODEL_CONTINGENT_RANK_BRIDGE_RELAXATION,False,False
rank_bridge_lp_v2,same_rank_decile,pre_specified_grid,0.225,decile,9,income_tax_liability_weighted_mean_MTR,min,0.188377616828,0,Optimization terminated successfully. (HiGHS Status 7: Optimal),2.22044604925e-16,0,0,0.225,8.32667268469e-17,0,2.5.3,1.18.1,highs-ds,MODEL_CONTINGENT_RANK_BRIDGE_RELAXATION,False,False
rank_bridge_lp_v2,same_rank_decile,pre_specified_grid,0.225,decile,9,income_tax_liability_weighted_mean_MTR,max,0.19705018112,0,Optimization terminated successfully. (HiGHS Status 7: Optimal),2.22044604925e-16,1.73472347598e-18,0,0.225,8.32667268469e-17,0,2.5.3,1.18.1,highs-ds,MODEL_CONTINGENT_RANK_BRIDGE_RELAXATION,False,False
rank_bridge_lp_v2,same_rank_decile,pre_specified_grid,0.225,decile,9,pseudo_filer_positive_tax_share,min,0.633608815427,0,Optimization terminated successfully. (HiGHS Status 7: Optimal),0,0,0,0.225,2.77555756156e-17,0,2.5.3,1.18.1,highs-ds,MODEL_CONTINGENT_RANK_BRIDGE_RELAXATION,False,False
rank_bridge_lp_v2,same_rank_decile,pre_specified_grid,0.225,decile,9,pseudo_filer_positive_tax_share,max,0.784255504537,0,Optimization terminated successfully. (HiGHS Status 7: Optimal),2.22044604925e-16,0,0,0.225,8.32667268469e-17,0,2.5.3,1.18.1,highs-ds,MODEL_CONTINGENT_RANK_BRIDGE_RELAXATION,False,False
rank_bridge_lp_v2,same_rank_decile,pre_specified_grid,0.225,decile,9,nta_rank_positive_liability_rate,min,0.408608815427,0,Optimization terminated successfully. (HiGHS Status 7: Optimal),0,0,0,0.225,2.77555756156e-17,0,2.5.3,1.18.1,highs-ds,MODEL_CONTINGENT_RANK_BRIDGE_RELAXATION,False,False
rank_bridge_lp_v2,same_rank_decile,pre_specified_grid,0.225,decile,9,nta_rank_positive_liability_rate,max,0.559255504537,0,Optimization terminated successfully. (HiGHS Status 7: Optimal),2.22044604925e-16,0,0,0.225,2.77555756156e-17,0,2.5.3,1.18.1,highs-ds,MODEL_CONTINGENT_RANK_BRIDGE_RELAXATION,False,False
rank_bridge_lp_v2,same_rank_decile,pre_specified_grid,0.225,decile,10,taxable_income_weighted_mean_MTR,min,0.239324165474,0,Optimization terminated successfully. (HiGHS Status 7: Optimal),1.11022302463e-16,0,0,0.225,2.77555756156e-17,0,2.5.3,1.18.1,highs-ds,MODEL_CONTINGENT_RANK_BRIDGE_RELAXATION,False,False
rank_bridge_lp_v2,same_rank_decile,pre_specified_grid,0.225,decile,10,taxable_income_weighted_mean_MTR,max,0.296421496398,0,Optimization terminated successfully. (HiGHS Status 7: Optimal),0,1.73472347598e-18,0,0.225,2.77555756156e-17,0,2.5.3,1.18.1,highs-ds,MODEL_CONTINGENT_RANK_BRIDGE_RELAXATION,False,False
rank_bridge_lp_v2,same_rank_decile,pre_specified_grid,0.225,decile,10,income_tax_liability_weighted_mean_MTR,min,0.260468505645,0,Optimization terminated successfully. (HiGHS Status 7: Optimal),0,0,0,0.225,2.77555756156e-17,0,2.5.3,1.18.1,highs-ds,MODEL_CONTINGENT_RANK_BRIDGE_RELAXATION,False,False
rank_bridge_lp_v2,same_rank_decile,pre_specified_grid,0.225,decile,10,income_tax_liability_weighted_mean_MTR,max,0.320590783508,0,Optimization terminated successfully. (HiGHS Status 7: Optimal),0,1.73472347598e-18,0,0.225,2.77555756156e-17,0,2.5.3,1.18.1,highs-ds,MODEL_CONTINGENT_RANK_BRIDGE_RELAXATION,False,False
rank_bridge_lp_v2,same_rank_decile,pre_specified_grid,0.225,decile,10,pseudo_filer_positive_tax_share,min,0.668781725888,0,Optimization terminated successfully. (HiGHS Status 7: Optimal),0,0,0,0.225,2.77555756156e-17,0,2.5.3,1.18.1,highs-ds,MODEL_CONTINGENT_RANK_BRIDGE_RELAXATION,False,False
rank_bridge_lp_v2,same_rank_decile,pre_specified_grid,0.225,decile,10,pseudo_filer_positive_tax_share,max,0.738145789101,0,Optimization terminated successfully. (HiGHS Status 7: Optimal),0,0,0,0.225,2.77555756156e-17,0,2.5.3,1.18.1,highs-ds,MODEL_CONTINGENT_RANK_BRIDGE_RELAXATION,False,False
rank_bridge_lp_v2,same_rank_decile,pre_specified_grid,0.225,decile,10,nta_rank_positive_liability_rate,min,0.445103077692,0,Optimization terminated successfully. (HiGHS Status 7: Optimal),2.22044604925e-16,0,0,0.225,2.77555756156e-17,0,2.5.3,1.18.1,highs-ds,MODEL_CONTINGENT_RANK_BRIDGE_RELAXATION,False,False
rank_bridge_lp_v2,same_rank_decile,pre_specified_grid,0.225,decile,10,nta_rank_positive_liability_rate,max,0.583566159739,0,Optimization terminated successfully. (HiGHS Status 7: Optimal),0,0,0,0.225,2.77555756156e-17,0,2.5.3,1.18.1,highs-ds,MODEL_CONTINGENT_RANK_BRIDGE_RELAXATION,False,False
rank_bridge_lp_v2,same_rank_decile,pre_specified_grid,0.225,overall,,taxable_income_weighted_mean_MTR,min,0.101517038017,0,Optimization terminated successfully. (HiGHS Status 7: Optimal),0,0,0,0.225,2.77555756156e-17,0,2.5.3,1.18.1,highs-ds,MODEL_CONTINGENT_RANK_BRIDGE_RELAXATION,False,False
rank_bridge_lp_v2,same_rank_decile,pre_specified_grid,0.225,overall,,taxable_income_weighted_mean_MTR,max,0.127336691937,0,Optimization terminated successfully. (HiGHS Status 7: Optimal),0,1.73472347598e-18,0,0.225,0,0,2.5.3,1.18.1,highs-ds,MODEL_CONTINGENT_RANK_BRIDGE_RELAXATION,False,False
rank_bridge_lp_v2,same_rank_decile,pre_specified_grid,0.225,overall,,income_tax_liability_weighted_mean_MTR,min,0.109684668641,0,Optimization terminated successfully. (HiGHS Status 7: Optimal),0,0,0,0.225,2.77555756156e-17,0,2.5.3,1.18.1,highs-ds,MODEL_CONTINGENT_RANK_BRIDGE_RELAXATION,False,False
rank_bridge_lp_v2,same_rank_decile,pre_specified_grid,0.225,overall,,income_tax_liability_weighted_mean_MTR,max,0.136704860532,0,Optimization terminated successfully. (HiGHS Status 7: Optimal),0,1.73472347598e-18,0,0.225,0,0,2.5.3,1.18.1,highs-ds,MODEL_CONTINGENT_RANK_BRIDGE_RELAXATION,False,False
rank_bridge_lp_v2,same_rank_decile,pre_specified_grid,0.25,decile,1,taxable_income_weighted_mean_MTR,min,0.05,0,Optimization terminated successfully. (HiGHS Status 7: Optimal),0,0,0,0.25,5.55111512313e-17,0,2.5.3,1.18.1,highs-ds,MODEL_CONTINGENT_RANK_BRIDGE_RELAXATION,False,False
rank_bridge_lp_v2,same_rank_decile,pre_specified_grid,0.25,decile,1,taxable_income_weighted_mean_MTR,max,0.05,0,Optimization terminated successfully. (HiGHS Status 7: Optimal),0,0,0,0.25,5.55111512313e-17,0,2.5.3,1.18.1,highs-ds,MODEL_CONTINGENT_RANK_BRIDGE_RELAXATION,False,False
rank_bridge_lp_v2,same_rank_decile,pre_specified_grid,0.25,decile,1,income_tax_liability_weighted_mean_MTR,min,0.05,0,Optimization terminated successfully. (HiGHS Status 7: Optimal),0,0,0,0.25,5.55111512313e-17,0,2.5.3,1.18.1,highs-ds,MODEL_CONTINGENT_RANK_BRIDGE_RELAXATION,False,False
rank_bridge_lp_v2,same_rank_decile,pre_specified_grid,0.25,decile,1,income_tax_liability_weighted_mean_MTR,max,0.05,0,Optimization terminated successfully. (HiGHS Status 7: Optimal),0,0,0,0.25,5.55111512313e-17,0,2.5.3,1.18.1,highs-ds,MODEL_CONTINGENT_RANK_BRIDGE_RELAXATION,False,False
rank_bridge_lp_v2,same_rank_decile,pre_specified_grid,0.25,decile,1,pseudo_filer_positive_tax_share,min,0.0854779411765,0,Optimization terminated successfully. (HiGHS Status 7: Optimal),0,0,0,0.25,5.55111512313e-17,0,2.5.3,1.18.1,highs-ds,MODEL_CONTINGENT_RANK_BRIDGE_RELAXATION,False,False
rank_bridge_lp_v2,same_rank_decile,pre_specified_grid,0.25,decile,1,pseudo_filer_positive_tax_share,max,0.195828505214,0,Optimization terminated successfully. (HiGHS Status 7: Optimal),0,0,0,0.25,5.55111512313e-17,0,2.5.3,1.18.1,highs-ds,MODEL_CONTINGENT_RANK_BRIDGE_RELAXATION,False,False
rank_bridge_lp_v2,same_rank_decile,pre_specified_grid,0.25,decile,1,nta_rank_positive_liability_rate,min,0,0,Optimization terminated successfully. (HiGHS Status 7: Optimal),0,0,0,0.25,5.55111512313e-17,0,2.5.3,1.18.1,highs-ds,MODEL_CONTINGENT_RANK_BRIDGE_RELAXATION,False,False
rank_bridge_lp_v2,same_rank_decile,pre_specified_grid,0.25,decile,1,nta_rank_positive_liability_rate,max,0.00692186997585,0,Optimization terminated successfully. (HiGHS Status 7: Optimal),0,0,0,0.25,5.55111512313e-17,0,2.5.3,1.18.1,highs-ds,MODEL_CONTINGENT_RANK_BRIDGE_RELAXATION,False,False
rank_bridge_lp_v2,same_rank_decile,pre_specified_grid,0.25,decile,2,taxable_income_weighted_mean_MTR,min,0.05,0,Optimization terminated successfully. (HiGHS Status 7: Optimal),0,0,0,0.25,5.55111512313e-17,0,2.5.3,1.18.1,highs-ds,MODEL_CONTINGENT_RANK_BRIDGE_RELAXATION,False,False
rank_bridge_lp_v2,same_rank_decile,pre_specified_grid,0.25,decile,2,taxable_income_weighted_mean_MTR,max,0.05,0,Optimization terminated successfully. (HiGHS Status 7: Optimal),0,0,0,0.25,5.55111512313e-17,0,2.5.3,1.18.1,highs-ds,MODEL_CONTINGENT_RANK_BRIDGE_RELAXATION,False,False
rank_bridge_lp_v2,same_rank_decile,pre_specified_grid,0.25,decile,2,income_tax_liability_weighted_mean_MTR,min,0.05,0,Optimization terminated successfully. (HiGHS Status 7: Optimal),0,0,0,0.25,5.55111512313e-17,0,2.5.3,1.18.1,highs-ds,MODEL_CONTINGENT_RANK_BRIDGE_RELAXATION,False,False
rank_bridge_lp_v2,same_rank_decile,pre_specified_grid,0.25,decile,2,income_tax_liability_weighted_mean_MTR,max,0.05,0,Optimization terminated successfully. (HiGHS Status 7: Optimal),0,0,0,0.25,5.55111512313e-17,0,2.5.3,1.18.1,highs-ds,MODEL_CONTINGENT_RANK_BRIDGE_RELAXATION,False,False
rank_bridge_lp_v2,same_rank_decile,pre_specified_grid,0.25,decile,2,pseudo_filer_positive_tax_share,min,0.14409221902,0,Optimization terminated successfully. (HiGHS Status 7: Optimal),0,0,0,0.25,5.55111512313e-17,0,2.5.3,1.18.1,highs-ds,MODEL_CONTINGENT_RANK_BRIDGE_RELAXATION,False,False
rank_bridge_lp_v2,same_rank_decile,pre_specified_grid,0.25,decile,2,pseudo_filer_positive_tax_share,max,0.262721413375,0,Optimization terminated successfully. (HiGHS Status 7: Optimal),0,0,0,0.25,5.55111512313e-17,0,2.5.3,1.18.1,highs-ds,MODEL_CONTINGENT_RANK_BRIDGE_RELAXATION,False,False
rank_bridge_lp_v2,same_rank_decile,pre_specified_grid,0.25,decile,2,nta_rank_positive_liability_rate,min,0,0,Optimization terminated successfully. (HiGHS Status 7: Optimal),0,0,0,0.25,5.55111512313e-17,0,2.5.3,1.18.1,highs-ds,MODEL_CONTINGENT_RANK_BRIDGE_RELAXATION,False,False
rank_bridge_lp_v2,same_rank_decile,pre_specified_grid,0.25,decile,2,nta_rank_positive_liability_rate,max,0.0127214133747,0,Optimization terminated successfully. (HiGHS Status 7: Optimal),0,0,0,0.25,5.55111512313e-17,0,2.5.3,1.18.1,highs-ds,MODEL_CONTINGENT_RANK_BRIDGE_RELAXATION,False,False
rank_bridge_lp_v2,same_rank_decile,pre_specified_grid,0.25,decile,3,taxable_income_weighted_mean_MTR,min,0.05,0,Optimization terminated successfully. (HiGHS Status 7: Optimal),0,0,0,0.25,5.55111512313e-17,0,2.5.3,1.18.1,highs-ds,MODEL_CONTINGENT_RANK_BRIDGE_RELAXATION,False,False
rank_bridge_lp_v2,same_rank_decile,pre_specified_grid,0.25,decile,3,taxable_income_weighted_mean_MTR,max,0.05,0,Optimization terminated successfully. (HiGHS Status 7: Optimal),0,0,0,0.25,5.55111512313e-17,0,2.5.3,1.18.1,highs-ds,MODEL_CONTINGENT_RANK_BRIDGE_RELAXATION,False,False
rank_bridge_lp_v2,same_rank_decile,pre_specified_grid,0.25,decile,3,income_tax_liability_weighted_mean_MTR,min,0.05,0,Optimization terminated successfully. (HiGHS Status 7: Optimal),0,0,0,0.25,5.55111512313e-17,0,2.5.3,1.18.1,highs-ds,MODEL_CONTINGENT_RANK_BRIDGE_RELAXATION,False,False
rank_bridge_lp_v2,same_rank_decile,pre_specified_grid,0.25,decile,3,income_tax_liability_weighted_mean_MTR,max,0.05,0,Optimization terminated successfully. (HiGHS Status 7: Optimal),0,0,0,0.25,5.55111512313e-17,0,2.5.3,1.18.1,highs-ds,MODEL_CONTINGENT_RANK_BRIDGE_RELAXATION,False,False
rank_bridge_lp_v2,same_rank_decile,pre_specified_grid,0.25,decile,3,pseudo_filer_positive_tax_share,min,0.156598513011,0,Optimization terminated successfully. (HiGHS Status 7: Optimal),0,0,0,0.25,5.55111512313e-17,0,2.5.3,1.18.1,highs-ds,MODEL_CONTINGENT_RANK_BRIDGE_RELAXATION,False,False
rank_bridge_lp_v2,same_rank_decile,pre_specified_grid,0.25,decile,3,pseudo_filer_positive_tax_share,max,0.310859892209,0,Optimization terminated successfully. (HiGHS Status 7: Optimal),0,0,0,0.25,5.55111512313e-17,0,2.5.3,1.18.1,highs-ds,MODEL_CONTINGENT_RANK_BRIDGE_RELAXATION,False,False
rank_bridge_lp_v2,same_rank_decile,pre_specified_grid,0.25,decile,3,nta_rank_positive_liability_rate,min,0,0,Optimization terminated successfully. (HiGHS Status 7: Optimal),0,0,0,0.25,5.55111512313e-17,0,2.5.3,1.18.1,highs-ds,MODEL_CONTINGENT_RANK_BRIDGE_RELAXATION,False,False
rank_bridge_lp_v2,same_rank_decile,pre_specified_grid,0.25,decile,3,nta_rank_positive_liability_rate,max,0.0608598922087,0,Optimization terminated successfully. (HiGHS Status 7: Optimal),0,0,0,0.25,5.55111512313e-17,0,2.5.3,1.18.1,highs-ds,MODEL_CONTINGENT_RANK_BRIDGE_RELAXATION,False,False
rank_bridge_lp_v2,same_rank_decile,pre_specified_grid,0.25,decile,4,taxable_income_weighted_mean_MTR,min,0.05,0,Optimization terminated successfully. (HiGHS Status 7: Optimal),0,0,0,0.25,5.55111512313e-17,0,2.5.3,1.18.1,highs-ds,MODEL_CONTINGENT_RANK_BRIDGE_RELAXATION,False,False
rank_bridge_lp_v2,same_rank_decile,pre_specified_grid,0.25,decile,4,taxable_income_weighted_mean_MTR,max,0.058968460929,0,Optimization terminated successfully. (HiGHS Status 7: Optimal),0,0,0,0.25,5.55111512313e-17,0,2.5.3,1.18.1,highs-ds,MODEL_CONTINGENT_RANK_BRIDGE_RELAXATION,False,False
rank_bridge_lp_v2,same_rank_decile,pre_specified_grid,0.25,decile,4,income_tax_liability_weighted_mean_MTR,min,0.05,0,Optimization terminated successfully. (HiGHS Status 7: Optimal),0,0,0,0.25,5.55111512313e-17,0,2.5.3,1.18.1,highs-ds,MODEL_CONTINGENT_RANK_BRIDGE_RELAXATION,False,False
rank_bridge_lp_v2,same_rank_decile,pre_specified_grid,0.25,decile,4,income_tax_liability_weighted_mean_MTR,max,0.0602889317796,0,Optimization terminated successfully. (HiGHS Status 7: Optimal),0,0,0,0.25,5.55111512313e-17,0,2.5.3,1.18.1,highs-ds,MODEL_CONTINGENT_RANK_BRIDGE_RELAXATION,False,False
rank_bridge_lp_v2,same_rank_decile,pre_specified_grid,0.25,decile,4,pseudo_filer_positive_tax_share,min,0.190499272904,0,Optimization terminated successfully. (HiGHS Status 7: Optimal),0,0,0,0.25,5.55111512313e-17,0,2.5.3,1.18.1,highs-ds,MODEL_CONTINGENT_RANK_BRIDGE_RELAXATION,False,False
rank_bridge_lp_v2,same_rank_decile,pre_specified_grid,0.25,decile,4,pseudo_filer_positive_tax_share,max,0.468135427749,0,Optimization terminated successfully. (HiGHS Status 7: Optimal),0,0,0,0.25,5.55111512313e-17,0,2.5.3,1.18.1,highs-ds,MODEL_CONTINGENT_RANK_BRIDGE_RELAXATION,False,False
rank_bridge_lp_v2,same_rank_decile,pre_specified_grid,0.25,decile,4,nta_rank_positive_liability_rate,min,0,0,Optimization terminated successfully. (HiGHS Status 7: Optimal),0,0,0,0.25,5.55111512313e-17,0,2.5.3,1.18.1,highs-ds,MODEL_CONTINGENT_RANK_BRIDGE_RELAXATION,False,False
rank_bridge_lp_v2,same_rank_decile,pre_specified_grid,0.25,decile,4,nta_rank_positive_liability_rate,max,0.218135427749,0,Optimization terminated successfully. (HiGHS Status 7: Optimal),0,0,0,0.25,5.55111512313e-17,0,2.5.3,1.18.1,highs-ds,MODEL_CONTINGENT_RANK_BRIDGE_RELAXATION,False,False
rank_bridge_lp_v2,same_rank_decile,pre_specified_grid,0.25,decile,5,taxable_income_weighted_mean_MTR,min,0.0575744226295,0,Optimization terminated successfully. (HiGHS Status 7: Optimal),0,0,0,0.25,5.55111512313e-17,0,2.5.3,1.18.1,highs-ds,MODEL_CONTINGENT_RANK_BRIDGE_RELAXATION,False,False
rank_bridge_lp_v2,same_rank_decile,pre_specified_grid,0.25,decile,5,taxable_income_weighted_mean_MTR,max,0.103241125426,0,Optimization terminated successfully. (HiGHS Status 7: Optimal),0,0,0,0.25,5.55111512313e-17,0,2.5.3,1.18.1,highs-ds,MODEL_CONTINGENT_RANK_BRIDGE_RELAXATION,False,False
rank_bridge_lp_v2,same_rank_decile,pre_specified_grid,0.25,decile,5,income_tax_liability_weighted_mean_MTR,min,0.0586702460887,0,Optimization terminated successfully. (HiGHS Status 7: Optimal),0,0,0,0.25,5.55111512313e-17,0,2.5.3,1.18.1,highs-ds,MODEL_CONTINGENT_RANK_BRIDGE_RELAXATION,False,False
rank_bridge_lp_v2,same_rank_decile,pre_specified_grid,0.25,decile,5,income_tax_liability_weighted_mean_MTR,max,0.113729890589,0,Optimization terminated successfully. (HiGHS Status 7: Optimal),0,0,0,0.25,5.55111512313e-17,0,2.5.3,1.18.1,highs-ds,MODEL_CONTINGENT_RANK_BRIDGE_RELAXATION,False,False
rank_bridge_lp_v2,same_rank_decile,pre_specified_grid,0.25,decile,5,pseudo_filer_positive_tax_share,min,0.213769860376,0,Optimization terminated successfully. (HiGHS Status 7: Optimal),0,0,0,0.25,5.55111512313e-17,0,2.5.3,1.18.1,highs-ds,MODEL_CONTINGENT_RANK_BRIDGE_RELAXATION,False,False
rank_bridge_lp_v2,same_rank_decile,pre_specified_grid,0.25,decile,5,pseudo_filer_positive_tax_share,max,0.586991869919,0,Optimization terminated successfully. (HiGHS Status 7: Optimal),0,0,0,0.25,5.55111512313e-17,0,2.5.3,1.18.1,highs-ds,MODEL_CONTINGENT_RANK_BRIDGE_RELAXATION,False,False
rank_bridge_lp_v2,same_rank_decile,pre_specified_grid,0.25,decile,5,nta_rank_positive_liability_rate,min,0,0,Optimization terminated successfully. (HiGHS Status 7: Optimal),1.11022302463e-16,0,0,0.25,5.55111512313e-17,0,2.5.3,1.18.1,highs-ds,MODEL_CONTINGENT_RANK_BRIDGE_RELAXATION,False,False
rank_bridge_lp_v2,same_rank_decile,pre_specified_grid,0.25,decile,5,nta_rank_positive_liability_rate,max,0.349111196111,0,Optimization terminated successfully. (HiGHS Status 7: Optimal),0,0,0,0.25,5.55111512313e-17,0,2.5.3,1.18.1,highs-ds,MODEL_CONTINGENT_RANK_BRIDGE_RELAXATION,False,False
rank_bridge_lp_v2,same_rank_decile,pre_specified_grid,0.25,decile,6,taxable_income_weighted_mean_MTR,min,0.0945551847046,0,Optimization terminated successfully. (HiGHS Status 7: Optimal),0,0,0,0.25,5.55111512313e-17,0,2.5.3,1.18.1,highs-ds,MODEL_CONTINGENT_RANK_BRIDGE_RELAXATION,False,False
rank_bridge_lp_v2,same_rank_decile,pre_specified_grid,0.25,decile,6,taxable_income_weighted_mean_MTR,max,0.153348627649,0,Optimization terminated successfully. (HiGHS Status 7: Optimal),0,0,0,0.25,5.55111512313e-17,0,2.5.3,1.18.1,highs-ds,MODEL_CONTINGENT_RANK_BRIDGE_RELAXATION,False,False
rank_bridge_lp_v2,same_rank_decile,pre_specified_grid,0.25,decile,6,income_tax_liability_weighted_mean_MTR,min,0.104721210072,0,Optimization terminated successfully. (HiGHS Status 7: Optimal),0,0,0,0.25,5.55111512313e-17,0,2.5.3,1.18.1,highs-ds,MODEL_CONTINGENT_RANK_BRIDGE_RELAXATION,False,False
rank_bridge_lp_v2,same_rank_decile,pre_specified_grid,0.25,decile,6,income_tax_liability_weighted_mean_MTR,max,0.166077223997,0,Optimization terminated successfully. (HiGHS Status 7: Optimal),0,0,0,0.25,5.55111512313e-17,0,2.5.3,1.18.1,highs-ds,MODEL_CONTINGENT_RANK_BRIDGE_RELAXATION,False,False
rank_bridge_lp_v2,same_rank_decile,pre_specified_grid,0.25,decile,6,pseudo_filer_positive_tax_share,min,0.235387045814,0,Optimization terminated successfully. (HiGHS Status 7: Optimal),0,0,0,0.25,5.55111512313e-17,0,2.5.3,1.18.1,highs-ds,MODEL_CONTINGENT_RANK_BRIDGE_RELAXATION,False,False
rank_bridge_lp_v2,same_rank_decile,pre_specified_grid,0.25,decile,6,pseudo_filer_positive_tax_share,max,0.532498042287,0,Optimization terminated successfully. (HiGHS Status 7: Optimal),0,0,0,0.25,5.55111512313e-17,0,2.5.3,1.18.1,highs-ds,MODEL_CONTINGENT_RANK_BRIDGE_RELAXATION,False,False
rank_bridge_lp_v2,same_rank_decile,pre_specified_grid,0.25,decile,6,nta_rank_positive_liability_rate,min,0.177223328093,0,Optimization terminated successfully. (HiGHS Status 7: Optimal),0,0,0,0.25,5.55111512313e-17,0,2.5.3,1.18.1,highs-ds,MODEL_CONTINGENT_RANK_BRIDGE_RELAXATION,False,False
rank_bridge_lp_v2,same_rank_decile,pre_specified_grid,0.25,decile,6,nta_rank_positive_liability_rate,max,0.372626120914,0,Optimization terminated successfully. (HiGHS Status 7: Optimal),1.11022302463e-16,0,0,0.25,5.55111512313e-17,0,2.5.3,1.18.1,highs-ds,MODEL_CONTINGENT_RANK_BRIDGE_RELAXATION,False,False
rank_bridge_lp_v2,same_rank_decile,pre_specified_grid,0.25,decile,7,taxable_income_weighted_mean_MTR,min,0.101040597253,0,Optimization terminated successfully. (HiGHS Status 7: Optimal),0,0,0,0.25,5.55111512313e-17,0,2.5.3,1.18.1,highs-ds,MODEL_CONTINGENT_RANK_BRIDGE_RELAXATION,False,False
rank_bridge_lp_v2,same_rank_decile,pre_specified_grid,0.25,decile,7,taxable_income_weighted_mean_MTR,max,0.16445572026,0,Optimization terminated successfully. (HiGHS Status 7: Optimal),0,0,0,0.25,5.55111512313e-17,0,2.5.3,1.18.1,highs-ds,MODEL_CONTINGENT_RANK_BRIDGE_RELAXATION,False,False
rank_bridge_lp_v2,same_rank_decile,pre_specified_grid,0.25,decile,7,income_tax_liability_weighted_mean_MTR,min,0.114321209827,0,Optimization terminated successfully. (HiGHS Status 7: Optimal),0,0,0,0.25,5.55111512313e-17,0,2.5.3,1.18.1,highs-ds,MODEL_CONTINGENT_RANK_BRIDGE_RELAXATION,False,False
rank_bridge_lp_v2,same_rank_decile,pre_specified_grid,0.25,decile,7,income_tax_liability_weighted_mean_MTR,max,0.177198331736,0,Optimization terminated successfully. (HiGHS Status 7: Optimal),0,0,0,0.25,5.55111512313e-17,0,2.5.3,1.18.1,highs-ds,MODEL_CONTINGENT_RANK_BRIDGE_RELAXATION,False,False
rank_bridge_lp_v2,same_rank_decile,pre_specified_grid,0.25,decile,7,pseudo_filer_positive_tax_share,min,0.317057704502,0,Optimization terminated successfully. (HiGHS Status 7: Optimal),0,0,0,0.25,5.55111512313e-17,0,2.5.3,1.18.1,highs-ds,MODEL_CONTINGENT_RANK_BRIDGE_RELAXATION,False,False
rank_bridge_lp_v2,same_rank_decile,pre_specified_grid,0.25,decile,7,pseudo_filer_positive_tax_share,max,0.601883026005,0,Optimization terminated successfully. (HiGHS Status 7: Optimal),2.22044604925e-16,0,0,0.25,5.55111512313e-17,0,2.5.3,1.18.1,highs-ds,MODEL_CONTINGENT_RANK_BRIDGE_RELAXATION,False,False
rank_bridge_lp_v2,same_rank_decile,pre_specified_grid,0.25,decile,7,nta_rank_positive_liability_rate,min,0.319230342506,0,Optimization terminated successfully. (HiGHS Status 7: Optimal),0,0,0,0.25,5.55111512313e-17,0,2.5.3,1.18.1,highs-ds,MODEL_CONTINGENT_RANK_BRIDGE_RELAXATION,False,False
rank_bridge_lp_v2,same_rank_decile,pre_specified_grid,0.25,decile,7,nta_rank_positive_liability_rate,max,0.351883026005,0,Optimization terminated successfully. (HiGHS Status 7: Optimal),0,0,0,0.25,5.55111512313e-17,0,2.5.3,1.18.1,highs-ds,MODEL_CONTINGENT_RANK_BRIDGE_RELAXATION,False,False
rank_bridge_lp_v2,same_rank_decile,pre_specified_grid,0.25,decile,8,taxable_income_weighted_mean_MTR,min,0.144408143008,0,Optimization terminated successfully. (HiGHS Status 7: Optimal),0,0,0,0.25,1.11022302463e-16,0,2.5.3,1.18.1,highs-ds,MODEL_CONTINGENT_RANK_BRIDGE_RELAXATION,False,False
rank_bridge_lp_v2,same_rank_decile,pre_specified_grid,0.25,decile,8,taxable_income_weighted_mean_MTR,max,0.180112352624,0,Optimization terminated successfully. (HiGHS Status 7: Optimal),0,0,0,0.25,0,0,2.5.3,1.18.1,highs-ds,MODEL_CONTINGENT_RANK_BRIDGE_RELAXATION,False,False
rank_bridge_lp_v2,same_rank_decile,pre_specified_grid,0.25,decile,8,income_tax_liability_weighted_mean_MTR,min,0.163574546138,0,Optimization terminated successfully. (HiGHS Status 7: Optimal),0,0,0,0.25,1.11022302463e-16,0,2.5.3,1.18.1,highs-ds,MODEL_CONTINGENT_RANK_BRIDGE_RELAXATION,False,False
rank_bridge_lp_v2,same_rank_decile,pre_specified_grid,0.25,decile,8,income_tax_liability_weighted_mean_MTR,max,0.192820455301,0,Optimization terminated successfully. (HiGHS Status 7: Optimal),0,0,0,0.25,0,0,2.5.3,1.18.1,highs-ds,MODEL_CONTINGENT_RANK_BRIDGE_RELAXATION,False,False
rank_bridge_lp_v2,same_rank_decile,pre_specified_grid,0.25,decile,8,pseudo_filer_positive_tax_share,min,0.429585152838,0,Optimization terminated successfully. (HiGHS Status 7: Optimal),0,0,0,0.25,5.55111512313e-17,0,2.5.3,1.18.1,highs-ds,MODEL_CONTINGENT_RANK_BRIDGE_RELAXATION,False,False
rank_bridge_lp_v2,same_rank_decile,pre_specified_grid,0.25,decile,8,pseudo_filer_positive_tax_share,max,0.706527620447,0,Optimization terminated successfully. (HiGHS Status 7: Optimal),0,0,0,0.25,1.11022302463e-16,0,2.5.3,1.18.1,highs-ds,MODEL_CONTINGENT_RANK_BRIDGE_RELAXATION,False,False
rank_bridge_lp_v2,same_rank_decile,pre_specified_grid,0.25,decile,8,nta_rank_positive_liability_rate,min,0.257594923488,0,Optimization terminated successfully. (HiGHS Status 7: Optimal),0,0,0,0.25,5.55111512313e-17,0,2.5.3,1.18.1,highs-ds,MODEL_CONTINGENT_RANK_BRIDGE_RELAXATION,False,False
rank_bridge_lp_v2,same_rank_decile,pre_specified_grid,0.25,decile,8,nta_rank_positive_liability_rate,max,0.456527620447,0,Optimization terminated successfully. (HiGHS Status 7: Optimal),0,0,0,0.25,0,0,2.5.3,1.18.1,highs-ds,MODEL_CONTINGENT_RANK_BRIDGE_RELAXATION,False,False
rank_bridge_lp_v2,same_rank_decile,pre_specified_grid,0.25,decile,9,taxable_income_weighted_mean_MTR,min,0.172587976183,0,Optimization terminated successfully. (HiGHS Status 7: Optimal),0,0,0,0.25,0,0,2.5.3,1.18.1,highs-ds,MODEL_CONTINGENT_RANK_BRIDGE_RELAXATION,False,False
rank_bridge_lp_v2,same_rank_decile,pre_specified_grid,0.25,decile,9,taxable_income_weighted_mean_MTR,max,0.180249262732,0,Optimization terminated successfully. (HiGHS Status 7: Optimal),0,0,0,0.25,0,0,2.5.3,1.18.1,highs-ds,MODEL_CONTINGENT_RANK_BRIDGE_RELAXATION,False,False
rank_bridge_lp_v2,same_rank_decile,pre_specified_grid,0.25,decile,9,income_tax_liability_weighted_mean_MTR,min,0.187555269736,0,Optimization terminated successfully. (HiGHS Status 7: Optimal),0,0,0,0.25,0,0,2.5.3,1.18.1,highs-ds,MODEL_CONTINGENT_RANK_BRIDGE_RELAXATION,False,False
rank_bridge_lp_v2,same_rank_decile,pre_specified_grid,0.25,decile,9,income_tax_liability_weighted_mean_MTR,max,0.19705018112,0,Optimization terminated successfully. (HiGHS Status 7: Optimal),0,0,0,0.25,0,0,2.5.3,1.18.1,highs-ds,MODEL_CONTINGENT_RANK_BRIDGE_RELAXATION,False,False
rank_bridge_lp_v2,same_rank_decile,pre_specified_grid,0.25,decile,9,pseudo_filer_positive_tax_share,min,0.633608815427,0,Optimization terminated successfully. (HiGHS Status 7: Optimal),0,0,0,0.25,0,0,2.5.3,1.18.1,highs-ds,MODEL_CONTINGENT_RANK_BRIDGE_RELAXATION,False,False
rank_bridge_lp_v2,same_rank_decile,pre_specified_grid,0.25,decile,9,pseudo_filer_positive_tax_share,max,0.809255504537,0,Optimization terminated successfully. (HiGHS Status 7: Optimal),0,0,0,0.25,0,0,2.5.3,1.18.1,highs-ds,MODEL_CONTINGENT_RANK_BRIDGE_RELAXATION,False,False
rank_bridge_lp_v2,same_rank_decile,pre_specified_grid,0.25,decile,9,nta_rank_positive_liability_rate,min,0.383608815427,0,Optimization terminated successfully. (HiGHS Status 7: Optimal),0,0,0,0.25,0,0,2.5.3,1.18.1,highs-ds,MODEL_CONTINGENT_RANK_BRIDGE_RELAXATION,False,False
rank_bridge_lp_v2,same_rank_decile,pre_specified_grid,0.25,decile,9,nta_rank_positive_liability_rate,max,0.559255504537,0,Optimization terminated successfully. (HiGHS Status 7: Optimal),0,0,0,0.25,0,0,2.5.3,1.18.1,highs-ds,MODEL_CONTINGENT_RANK_BRIDGE_RELAXATION,False,False
rank_bridge_lp_v2,same_rank_decile,pre_specified_grid,0.25,decile,10,taxable_income_weighted_mean_MTR,min,0.239324165474,0,Optimization terminated successfully. (HiGHS Status 7: Optimal),0,0,0,0.25,5.55111512313e-17,0,2.5.3,1.18.1,highs-ds,MODEL_CONTINGENT_RANK_BRIDGE_RELAXATION,False,False
rank_bridge_lp_v2,same_rank_decile,pre_specified_grid,0.25,decile,10,taxable_income_weighted_mean_MTR,max,0.296421496398,0,Optimization terminated successfully. (HiGHS Status 7: Optimal),0,0,0,0.25,0,0,2.5.3,1.18.1,highs-ds,MODEL_CONTINGENT_RANK_BRIDGE_RELAXATION,False,False
rank_bridge_lp_v2,same_rank_decile,pre_specified_grid,0.25,decile,10,income_tax_liability_weighted_mean_MTR,min,0.260468505645,0,Optimization terminated successfully. (HiGHS Status 7: Optimal),0,0,0,0.25,5.55111512313e-17,0,2.5.3,1.18.1,highs-ds,MODEL_CONTINGENT_RANK_BRIDGE_RELAXATION,False,False
rank_bridge_lp_v2,same_rank_decile,pre_specified_grid,0.25,decile,10,income_tax_liability_weighted_mean_MTR,max,0.320590783508,0,Optimization terminated successfully. (HiGHS Status 7: Optimal),0,0,0,0.25,0,0,2.5.3,1.18.1,highs-ds,MODEL_CONTINGENT_RANK_BRIDGE_RELAXATION,False,False
rank_bridge_lp_v2,same_rank_decile,pre_specified_grid,0.25,decile,10,pseudo_filer_positive_tax_share,min,0.668781725888,0,Optimization terminated successfully. (HiGHS Status 7: Optimal),0,0,0,0.25,5.55111512313e-17,0,2.5.3,1.18.1,highs-ds,MODEL_CONTINGENT_RANK_BRIDGE_RELAXATION,False,False
rank_bridge_lp_v2,same_rank_decile,pre_specified_grid,0.25,decile,10,pseudo_filer_positive_tax_share,max,0.738145789101,0,Optimization terminated successfully. (HiGHS Status 7: Optimal),0,0,0,0.25,5.55111512313e-17,0,2.5.3,1.18.1,highs-ds,MODEL_CONTINGENT_RANK_BRIDGE_RELAXATION,False,False
rank_bridge_lp_v2,same_rank_decile,pre_specified_grid,0.25,decile,10,nta_rank_positive_liability_rate,min,0.445103077692,0,Optimization terminated successfully. (HiGHS Status 7: Optimal),0,0,0,0.25,5.55111512313e-17,0,2.5.3,1.18.1,highs-ds,MODEL_CONTINGENT_RANK_BRIDGE_RELAXATION,False,False
rank_bridge_lp_v2,same_rank_decile,pre_specified_grid,0.25,decile,10,nta_rank_positive_liability_rate,max,0.583566159739,0,Optimization terminated successfully. (HiGHS Status 7: Optimal),0,0,0,0.25,0,0,2.5.3,1.18.1,highs-ds,MODEL_CONTINGENT_RANK_BRIDGE_RELAXATION,False,False
rank_bridge_lp_v2,same_rank_decile,pre_specified_grid,0.25,overall,,taxable_income_weighted_mean_MTR,min,0.101290655253,0,Optimization terminated successfully. (HiGHS Status 7: Optimal),2.22044604925e-16,0,0,0.25,0,0,2.5.3,1.18.1,highs-ds,MODEL_CONTINGENT_RANK_BRIDGE_RELAXATION,False,False
rank_bridge_lp_v2,same_rank_decile,pre_specified_grid,0.25,overall,,taxable_income_weighted_mean_MTR,max,0.128245845238,0,Optimization terminated successfully. (HiGHS Status 7: Optimal),2.22044604925e-16,0,0,0.25,0,0,2.5.3,1.18.1,highs-ds,MODEL_CONTINGENT_RANK_BRIDGE_RELAXATION,False,False
rank_bridge_lp_v2,same_rank_decile,pre_specified_grid,0.25,overall,,income_tax_liability_weighted_mean_MTR,min,0.109392348724,0,Optimization terminated successfully. (HiGHS Status 7: Optimal),2.22044604925e-16,0,0,0.25,5.55111512313e-17,0,2.5.3,1.18.1,highs-ds,MODEL_CONTINGENT_RANK_BRIDGE_RELAXATION,False,False
rank_bridge_lp_v2,same_rank_decile,pre_specified_grid,0.25,overall,,income_tax_liability_weighted_mean_MTR,max,0.137448121635,0,Optimization terminated successfully. (HiGHS Status 7: Optimal),2.22044604925e-16,0,0,0.25,0,0,2.5.3,1.18.1,highs-ds,MODEL_CONTINGENT_RANK_BRIDGE_RELAXATION,False,False
rank_bridge_lp_v2,same_rank_decile,pre_specified_grid,0.275,decile,1,taxable_income_weighted_mean_MTR,min,0.05,0,Optimization terminated successfully. (HiGHS Status 7: Optimal),0,0,0,0.275,5.55111512313e-17,0,2.5.3,1.18.1,highs-ds,MODEL_CONTINGENT_RANK_BRIDGE_RELAXATION,False,False
rank_bridge_lp_v2,same_rank_decile,pre_specified_grid,0.275,decile,1,taxable_income_weighted_mean_MTR,max,0.05,0,Optimization terminated successfully. (HiGHS Status 7: Optimal),0,0,0,0.275,5.55111512313e-17,0,2.5.3,1.18.1,highs-ds,MODEL_CONTINGENT_RANK_BRIDGE_RELAXATION,False,False
rank_bridge_lp_v2,same_rank_decile,pre_specified_grid,0.275,decile,1,income_tax_liability_weighted_mean_MTR,min,0.05,0,Optimization terminated successfully. (HiGHS Status 7: Optimal),0,0,0,0.275,5.55111512313e-17,0,2.5.3,1.18.1,highs-ds,MODEL_CONTINGENT_RANK_BRIDGE_RELAXATION,False,False
rank_bridge_lp_v2,same_rank_decile,pre_specified_grid,0.275,decile,1,income_tax_liability_weighted_mean_MTR,max,0.05,0,Optimization terminated successfully. (HiGHS Status 7: Optimal),0,0,0,0.275,5.55111512313e-17,0,2.5.3,1.18.1,highs-ds,MODEL_CONTINGENT_RANK_BRIDGE_RELAXATION,False,False
rank_bridge_lp_v2,same_rank_decile,pre_specified_grid,0.275,decile,1,pseudo_filer_positive_tax_share,min,0.0854779411765,0,Optimization terminated successfully. (HiGHS Status 7: Optimal),0,0,0,0.275,5.55111512313e-17,0,2.5.3,1.18.1,highs-ds,MODEL_CONTINGENT_RANK_BRIDGE_RELAXATION,False,False
rank_bridge_lp_v2,same_rank_decile,pre_specified_grid,0.275,decile,1,pseudo_filer_positive_tax_share,max,0.195828505214,0,Optimization terminated successfully. (HiGHS Status 7: Optimal),0,0,0,0.275,5.55111512313e-17,0,2.5.3,1.18.1,highs-ds,MODEL_CONTINGENT_RANK_BRIDGE_RELAXATION,False,False
rank_bridge_lp_v2,same_rank_decile,pre_specified_grid,0.275,decile,1,nta_rank_positive_liability_rate,min,0,0,Optimization terminated successfully. (HiGHS Status 7: Optimal),0,0,0,0.275,5.55111512313e-17,0,2.5.3,1.18.1,highs-ds,MODEL_CONTINGENT_RANK_BRIDGE_RELAXATION,False,False
rank_bridge_lp_v2,same_rank_decile,pre_specified_grid,0.275,decile,1,nta_rank_positive_liability_rate,max,0.00692186997585,0,Optimization terminated successfully. (HiGHS Status 7: Optimal),0,0,0,0.275,5.55111512313e-17,0,2.5.3,1.18.1,highs-ds,MODEL_CONTINGENT_RANK_BRIDGE_RELAXATION,False,False
rank_bridge_lp_v2,same_rank_decile,pre_specified_grid,0.275,decile,2,taxable_income_weighted_mean_MTR,min,0.05,0,Optimization terminated successfully. (HiGHS Status 7: Optimal),0,0,0,0.275,5.55111512313e-17,0,2.5.3,1.18.1,highs-ds,MODEL_CONTINGENT_RANK_BRIDGE_RELAXATION,False,False
rank_bridge_lp_v2,same_rank_decile,pre_specified_grid,0.275,decile,2,taxable_income_weighted_mean_MTR,max,0.05,0,Optimization terminated successfully. (HiGHS Status 7: Optimal),0,0,0,0.275,5.55111512313e-17,0,2.5.3,1.18.1,highs-ds,MODEL_CONTINGENT_RANK_BRIDGE_RELAXATION,False,False
rank_bridge_lp_v2,same_rank_decile,pre_specified_grid,0.275,decile,2,income_tax_liability_weighted_mean_MTR,min,0.05,0,Optimization terminated successfully. (HiGHS Status 7: Optimal),0,0,0,0.275,5.55111512313e-17,0,2.5.3,1.18.1,highs-ds,MODEL_CONTINGENT_RANK_BRIDGE_RELAXATION,False,False
rank_bridge_lp_v2,same_rank_decile,pre_specified_grid,0.275,decile,2,income_tax_liability_weighted_mean_MTR,max,0.05,0,Optimization terminated successfully. (HiGHS Status 7: Optimal),0,0,0,0.275,5.55111512313e-17,0,2.5.3,1.18.1,highs-ds,MODEL_CONTINGENT_RANK_BRIDGE_RELAXATION,False,False
rank_bridge_lp_v2,same_rank_decile,pre_specified_grid,0.275,decile,2,pseudo_filer_positive_tax_share,min,0.14409221902,0,Optimization terminated successfully. (HiGHS Status 7: Optimal),0,0,0,0.275,5.55111512313e-17,0,2.5.3,1.18.1,highs-ds,MODEL_CONTINGENT_RANK_BRIDGE_RELAXATION,False,False
rank_bridge_lp_v2,same_rank_decile,pre_specified_grid,0.275,decile,2,pseudo_filer_positive_tax_share,max,0.287721413375,0,Optimization terminated successfully. (HiGHS Status 7: Optimal),0,0,0,0.275,5.55111512313e-17,0,2.5.3,1.18.1,highs-ds,MODEL_CONTINGENT_RANK_BRIDGE_RELAXATION,False,False
rank_bridge_lp_v2,same_rank_decile,pre_specified_grid,0.275,decile,2,nta_rank_positive_liability_rate,min,0,0,Optimization terminated successfully. (HiGHS Status 7: Optimal),0,0,0,0.275,5.55111512313e-17,0,2.5.3,1.18.1,highs-ds,MODEL_CONTINGENT_RANK_BRIDGE_RELAXATION,False,False
rank_bridge_lp_v2,same_rank_decile,pre_specified_grid,0.275,decile,2,nta_rank_positive_liability_rate,max,0.0127214133747,0,Optimization terminated successfully. (HiGHS Status 7: Optimal),0,0,0,0.275,5.55111512313e-17,0,2.5.3,1.18.1,highs-ds,MODEL_CONTINGENT_RANK_BRIDGE_RELAXATION,False,False
rank_bridge_lp_v2,same_rank_decile,pre_specified_grid,0.275,decile,3,taxable_income_weighted_mean_MTR,min,0.05,0,Optimization terminated successfully. (HiGHS Status 7: Optimal),0,0,0,0.275,5.55111512313e-17,0,2.5.3,1.18.1,highs-ds,MODEL_CONTINGENT_RANK_BRIDGE_RELAXATION,False,False
rank_bridge_lp_v2,same_rank_decile,pre_specified_grid,0.275,decile,3,taxable_income_weighted_mean_MTR,max,0.05,0,Optimization terminated successfully. (HiGHS Status 7: Optimal),0,0,0,0.275,5.55111512313e-17,0,2.5.3,1.18.1,highs-ds,MODEL_CONTINGENT_RANK_BRIDGE_RELAXATION,False,False
rank_bridge_lp_v2,same_rank_decile,pre_specified_grid,0.275,decile,3,income_tax_liability_weighted_mean_MTR,min,0.05,0,Optimization terminated successfully. (HiGHS Status 7: Optimal),0,0,0,0.275,5.55111512313e-17,0,2.5.3,1.18.1,highs-ds,MODEL_CONTINGENT_RANK_BRIDGE_RELAXATION,False,False
rank_bridge_lp_v2,same_rank_decile,pre_specified_grid,0.275,decile,3,income_tax_liability_weighted_mean_MTR,max,0.05,0,Optimization terminated successfully. (HiGHS Status 7: Optimal),0,0,0,0.275,5.55111512313e-17,0,2.5.3,1.18.1,highs-ds,MODEL_CONTINGENT_RANK_BRIDGE_RELAXATION,False,False
rank_bridge_lp_v2,same_rank_decile,pre_specified_grid,0.275,decile,3,pseudo_filer_positive_tax_share,min,0.156598513011,0,Optimization terminated successfully. (HiGHS Status 7: Optimal),0,0,0,0.275,5.55111512313e-17,0,2.5.3,1.18.1,highs-ds,MODEL_CONTINGENT_RANK_BRIDGE_RELAXATION,False,False
rank_bridge_lp_v2,same_rank_decile,pre_specified_grid,0.275,decile,3,pseudo_filer_positive_tax_share,max,0.335859892209,0,Optimization terminated successfully. (HiGHS Status 7: Optimal),0,0,0,0.275,5.55111512313e-17,0,2.5.3,1.18.1,highs-ds,MODEL_CONTINGENT_RANK_BRIDGE_RELAXATION,False,False
rank_bridge_lp_v2,same_rank_decile,pre_specified_grid,0.275,decile,3,nta_rank_positive_liability_rate,min,0,0,Optimization terminated successfully. (HiGHS Status 7: Optimal),0,0,0,0.275,5.55111512313e-17,0,2.5.3,1.18.1,highs-ds,MODEL_CONTINGENT_RANK_BRIDGE_RELAXATION,False,False
rank_bridge_lp_v2,same_rank_decile,pre_specified_grid,0.275,decile,3,nta_rank_positive_liability_rate,max,0.0608598922087,0,Optimization terminated successfully. (HiGHS Status 7: Optimal),0,0,0,0.275,5.55111512313e-17,0,2.5.3,1.18.1,highs-ds,MODEL_CONTINGENT_RANK_BRIDGE_RELAXATION,False,False
rank_bridge_lp_v2,same_rank_decile,pre_specified_grid,0.275,decile,4,taxable_income_weighted_mean_MTR,min,0.05,0,Optimization terminated successfully. (HiGHS Status 7: Optimal),0,0,0,0.275,5.55111512313e-17,0,2.5.3,1.18.1,highs-ds,MODEL_CONTINGENT_RANK_BRIDGE_RELAXATION,False,False
rank_bridge_lp_v2,same_rank_decile,pre_specified_grid,0.275,decile,4,taxable_income_weighted_mean_MTR,max,0.058968460929,0,Optimization terminated successfully. (HiGHS Status 7: Optimal),0,0,0,0.275,5.55111512313e-17,0,2.5.3,1.18.1,highs-ds,MODEL_CONTINGENT_RANK_BRIDGE_RELAXATION,False,False
rank_bridge_lp_v2,same_rank_decile,pre_specified_grid,0.275,decile,4,income_tax_liability_weighted_mean_MTR,min,0.05,0,Optimization terminated successfully. (HiGHS Status 7: Optimal),0,0,0,0.275,5.55111512313e-17,0,2.5.3,1.18.1,highs-ds,MODEL_CONTINGENT_RANK_BRIDGE_RELAXATION,False,False
rank_bridge_lp_v2,same_rank_decile,pre_specified_grid,0.275,decile,4,income_tax_liability_weighted_mean_MTR,max,0.0602889317796,0,Optimization terminated successfully. (HiGHS Status 7: Optimal),0,0,0,0.275,5.55111512313e-17,0,2.5.3,1.18.1,highs-ds,MODEL_CONTINGENT_RANK_BRIDGE_RELAXATION,False,False
rank_bridge_lp_v2,same_rank_decile,pre_specified_grid,0.275,decile,4,pseudo_filer_positive_tax_share,min,0.190499272904,0,Optimization terminated successfully. (HiGHS Status 7: Optimal),0,0,0,0.275,5.55111512313e-17,0,2.5.3,1.18.1,highs-ds,MODEL_CONTINGENT_RANK_BRIDGE_RELAXATION,False,False
rank_bridge_lp_v2,same_rank_decile,pre_specified_grid,0.275,decile,4,pseudo_filer_positive_tax_share,max,0.493135427749,0,Optimization terminated successfully. (HiGHS Status 7: Optimal),2.22044604925e-16,0,0,0.275,5.55111512313e-17,0,2.5.3,1.18.1,highs-ds,MODEL_CONTINGENT_RANK_BRIDGE_RELAXATION,False,False
rank_bridge_lp_v2,same_rank_decile,pre_specified_grid,0.275,decile,4,nta_rank_positive_liability_rate,min,0,0,Optimization terminated successfully. (HiGHS Status 7: Optimal),0,0,0,0.275,5.55111512313e-17,0,2.5.3,1.18.1,highs-ds,MODEL_CONTINGENT_RANK_BRIDGE_RELAXATION,False,False
rank_bridge_lp_v2,same_rank_decile,pre_specified_grid,0.275,decile,4,nta_rank_positive_liability_rate,max,0.218135427749,0,Optimization terminated successfully. (HiGHS Status 7: Optimal),0,0,0,0.275,5.55111512313e-17,0,2.5.3,1.18.1,highs-ds,MODEL_CONTINGENT_RANK_BRIDGE_RELAXATION,False,False
rank_bridge_lp_v2,same_rank_decile,pre_specified_grid,0.275,decile,5,taxable_income_weighted_mean_MTR,min,0.0575744226295,0,Optimization terminated successfully. (HiGHS Status 7: Optimal),0,0,0,0.275,5.55111512313e-17,0,2.5.3,1.18.1,highs-ds,MODEL_CONTINGENT_RANK_BRIDGE_RELAXATION,False,False
rank_bridge_lp_v2,same_rank_decile,pre_specified_grid,0.275,decile,5,taxable_income_weighted_mean_MTR,max,0.103241125426,0,Optimization terminated successfully. (HiGHS Status 7: Optimal),0,0,0,0.275,5.55111512313e-17,0,2.5.3,1.18.1,highs-ds,MODEL_CONTINGENT_RANK_BRIDGE_RELAXATION,False,False
rank_bridge_lp_v2,same_rank_decile,pre_specified_grid,0.275,decile,5,income_tax_liability_weighted_mean_MTR,min,0.0586702460887,0,Optimization terminated successfully. (HiGHS Status 7: Optimal),0,0,0,0.275,5.55111512313e-17,0,2.5.3,1.18.1,highs-ds,MODEL_CONTINGENT_RANK_BRIDGE_RELAXATION,False,False
rank_bridge_lp_v2,same_rank_decile,pre_specified_grid,0.275,decile,5,income_tax_liability_weighted_mean_MTR,max,0.113729890589,0,Optimization terminated successfully. (HiGHS Status 7: Optimal),0,0,0,0.275,5.55111512313e-17,0,2.5.3,1.18.1,highs-ds,MODEL_CONTINGENT_RANK_BRIDGE_RELAXATION,False,False
rank_bridge_lp_v2,same_rank_decile,pre_specified_grid,0.275,decile,5,pseudo_filer_positive_tax_share,min,0.213769860376,0,Optimization terminated successfully. (HiGHS Status 7: Optimal),0,0,0,0.275,5.55111512313e-17,0,2.5.3,1.18.1,highs-ds,MODEL_CONTINGENT_RANK_BRIDGE_RELAXATION,False,False
rank_bridge_lp_v2,same_rank_decile,pre_specified_grid,0.275,decile,5,pseudo_filer_positive_tax_share,max,0.586991869919,0,Optimization terminated successfully. (HiGHS Status 7: Optimal),0,0,0,0.275,5.55111512313e-17,0,2.5.3,1.18.1,highs-ds,MODEL_CONTINGENT_RANK_BRIDGE_RELAXATION,False,False
rank_bridge_lp_v2,same_rank_decile,pre_specified_grid,0.275,decile,5,nta_rank_positive_liability_rate,min,0,0,Optimization terminated successfully. (HiGHS Status 7: Optimal),0,0,0,0.275,5.55111512313e-17,0,2.5.3,1.18.1,highs-ds,MODEL_CONTINGENT_RANK_BRIDGE_RELAXATION,False,False
rank_bridge_lp_v2,same_rank_decile,pre_specified_grid,0.275,decile,5,nta_rank_positive_liability_rate,max,0.349111196111,0,Optimization terminated successfully. (HiGHS Status 7: Optimal),0,0,0,0.275,5.55111512313e-17,0,2.5.3,1.18.1,highs-ds,MODEL_CONTINGENT_RANK_BRIDGE_RELAXATION,False,False
rank_bridge_lp_v2,same_rank_decile,pre_specified_grid,0.275,decile,6,taxable_income_weighted_mean_MTR,min,0.0945551847046,0,Optimization terminated successfully. (HiGHS Status 7: Optimal),0,0,0,0.275,5.55111512313e-17,0,2.5.3,1.18.1,highs-ds,MODEL_CONTINGENT_RANK_BRIDGE_RELAXATION,False,False
rank_bridge_lp_v2,same_rank_decile,pre_specified_grid,0.275,decile,6,taxable_income_weighted_mean_MTR,max,0.153348627649,0,Optimization terminated successfully. (HiGHS Status 7: Optimal),0,0,0,0.275,5.55111512313e-17,0,2.5.3,1.18.1,highs-ds,MODEL_CONTINGENT_RANK_BRIDGE_RELAXATION,False,False
rank_bridge_lp_v2,same_rank_decile,pre_specified_grid,0.275,decile,6,income_tax_liability_weighted_mean_MTR,min,0.104721210072,0,Optimization terminated successfully. (HiGHS Status 7: Optimal),0,0,0,0.275,5.55111512313e-17,0,2.5.3,1.18.1,highs-ds,MODEL_CONTINGENT_RANK_BRIDGE_RELAXATION,False,False
rank_bridge_lp_v2,same_rank_decile,pre_specified_grid,0.275,decile,6,income_tax_liability_weighted_mean_MTR,max,0.166077223997,0,Optimization terminated successfully. (HiGHS Status 7: Optimal),0,0,0,0.275,5.55111512313e-17,0,2.5.3,1.18.1,highs-ds,MODEL_CONTINGENT_RANK_BRIDGE_RELAXATION,False,False
rank_bridge_lp_v2,same_rank_decile,pre_specified_grid,0.275,decile,6,pseudo_filer_positive_tax_share,min,0.235387045814,0,Optimization terminated successfully. (HiGHS Status 7: Optimal),0,0,0,0.275,5.55111512313e-17,0,2.5.3,1.18.1,highs-ds,MODEL_CONTINGENT_RANK_BRIDGE_RELAXATION,False,False
rank_bridge_lp_v2,same_rank_decile,pre_specified_grid,0.275,decile,6,pseudo_filer_positive_tax_share,max,0.532498042287,0,Optimization terminated successfully. (HiGHS Status 7: Optimal),0,0,0,0.275,5.55111512313e-17,0,2.5.3,1.18.1,highs-ds,MODEL_CONTINGENT_RANK_BRIDGE_RELAXATION,False,False
rank_bridge_lp_v2,same_rank_decile,pre_specified_grid,0.275,decile,6,nta_rank_positive_liability_rate,min,0.177223328093,0,Optimization terminated successfully. (HiGHS Status 7: Optimal),0,0,0,0.275,5.55111512313e-17,0,2.5.3,1.18.1,highs-ds,MODEL_CONTINGENT_RANK_BRIDGE_RELAXATION,False,False
rank_bridge_lp_v2,same_rank_decile,pre_specified_grid,0.275,decile,6,nta_rank_positive_liability_rate,max,0.372626120914,0,Optimization terminated successfully. (HiGHS Status 7: Optimal),0,0,0,0.275,5.55111512313e-17,0,2.5.3,1.18.1,highs-ds,MODEL_CONTINGENT_RANK_BRIDGE_RELAXATION,False,False
rank_bridge_lp_v2,same_rank_decile,pre_specified_grid,0.275,decile,7,taxable_income_weighted_mean_MTR,min,0.101040597253,0,Optimization terminated successfully. (HiGHS Status 7: Optimal),0,0,0,0.275,5.55111512313e-17,0,2.5.3,1.18.1,highs-ds,MODEL_CONTINGENT_RANK_BRIDGE_RELAXATION,False,False
rank_bridge_lp_v2,same_rank_decile,pre_specified_grid,0.275,decile,7,taxable_income_weighted_mean_MTR,max,0.16445572026,0,Optimization terminated successfully. (HiGHS Status 7: Optimal),0,0,0,0.275,5.55111512313e-17,0,2.5.3,1.18.1,highs-ds,MODEL_CONTINGENT_RANK_BRIDGE_RELAXATION,False,False
rank_bridge_lp_v2,same_rank_decile,pre_specified_grid,0.275,decile,7,income_tax_liability_weighted_mean_MTR,min,0.114321209827,0,Optimization terminated successfully. (HiGHS Status 7: Optimal),0,0,0,0.275,5.55111512313e-17,0,2.5.3,1.18.1,highs-ds,MODEL_CONTINGENT_RANK_BRIDGE_RELAXATION,False,False
rank_bridge_lp_v2,same_rank_decile,pre_specified_grid,0.275,decile,7,income_tax_liability_weighted_mean_MTR,max,0.177198331736,0,Optimization terminated successfully. (HiGHS Status 7: Optimal),0,0,0,0.275,5.55111512313e-17,0,2.5.3,1.18.1,highs-ds,MODEL_CONTINGENT_RANK_BRIDGE_RELAXATION,False,False
rank_bridge_lp_v2,same_rank_decile,pre_specified_grid,0.275,decile,7,pseudo_filer_positive_tax_share,min,0.317057704502,0,Optimization terminated successfully. (HiGHS Status 7: Optimal),0,0,0,0.275,5.55111512313e-17,0,2.5.3,1.18.1,highs-ds,MODEL_CONTINGENT_RANK_BRIDGE_RELAXATION,False,False
rank_bridge_lp_v2,same_rank_decile,pre_specified_grid,0.275,decile,7,pseudo_filer_positive_tax_share,max,0.626883026005,0,Optimization terminated successfully. (HiGHS Status 7: Optimal),0,0,0,0.275,5.55111512313e-17,0,2.5.3,1.18.1,highs-ds,MODEL_CONTINGENT_RANK_BRIDGE_RELAXATION,False,False
rank_bridge_lp_v2,same_rank_decile,pre_specified_grid,0.275,decile,7,nta_rank_positive_liability_rate,min,0.319230342506,0,Optimization terminated successfully. (HiGHS Status 7: Optimal),0,0,0,0.275,5.55111512313e-17,0,2.5.3,1.18.1,highs-ds,MODEL_CONTINGENT_RANK_BRIDGE_RELAXATION,False,False
rank_bridge_lp_v2,same_rank_decile,pre_specified_grid,0.275,decile,7,nta_rank_positive_liability_rate,max,0.351883026005,0,Optimization terminated successfully. (HiGHS Status 7: Optimal),0,0,0,0.275,5.55111512313e-17,0,2.5.3,1.18.1,highs-ds,MODEL_CONTINGENT_RANK_BRIDGE_RELAXATION,False,False
rank_bridge_lp_v2,same_rank_decile,pre_specified_grid,0.275,decile,8,taxable_income_weighted_mean_MTR,min,0.144073123661,0,Optimization terminated successfully. (HiGHS Status 7: Optimal),1.11022302463e-16,0,0,0.275,0,0,2.5.3,1.18.1,highs-ds,MODEL_CONTINGENT_RANK_BRIDGE_RELAXATION,False,False
rank_bridge_lp_v2,same_rank_decile,pre_specified_grid,0.275,decile,8,taxable_income_weighted_mean_MTR,max,0.180112352624,0,Optimization terminated successfully. (HiGHS Status 7: Optimal),1.11022302463e-16,0,0,0.275,0,0,2.5.3,1.18.1,highs-ds,MODEL_CONTINGENT_RANK_BRIDGE_RELAXATION,False,False
rank_bridge_lp_v2,same_rank_decile,pre_specified_grid,0.275,decile,8,income_tax_liability_weighted_mean_MTR,min,0.163236457005,0,Optimization terminated successfully. (HiGHS Status 7: Optimal),1.11022302463e-16,0,0,0.275,0,0,2.5.3,1.18.1,highs-ds,MODEL_CONTINGENT_RANK_BRIDGE_RELAXATION,False,False
rank_bridge_lp_v2,same_rank_decile,pre_specified_grid,0.275,decile,8,income_tax_liability_weighted_mean_MTR,max,0.192820455301,0,Optimization terminated successfully. (HiGHS Status 7: Optimal),1.11022302463e-16,0,0,0.275,0,0,2.5.3,1.18.1,highs-ds,MODEL_CONTINGENT_RANK_BRIDGE_RELAXATION,False,False
rank_bridge_lp_v2,same_rank_decile,pre_specified_grid,0.275,decile,8,pseudo_filer_positive_tax_share,min,0.429585152838,0,Optimization terminated successfully. (HiGHS Status 7: Optimal),0,0,0,0.275,5.55111512313e-17,0,2.5.3,1.18.1,highs-ds,MODEL_CONTINGENT_RANK_BRIDGE_RELAXATION,False,False
rank_bridge_lp_v2,same_rank_decile,pre_specified_grid,0.275,decile,8,pseudo_filer_positive_tax_share,max,0.726057906459,0,Optimization terminated successfully. (HiGHS Status 7: Optimal),1.11022302463e-16,0,0,0.275,0,0,2.5.3,1.18.1,highs-ds,MODEL_CONTINGENT_RANK_BRIDGE_RELAXATION,False,False
rank_bridge_lp_v2,same_rank_decile,pre_specified_grid,0.275,decile,8,nta_rank_positive_liability_rate,min,0.257594923488,0,Optimization terminated successfully. (HiGHS Status 7: Optimal),0,0,0,0.275,5.55111512313e-17,0,2.5.3,1.18.1,highs-ds,MODEL_CONTINGENT_RANK_BRIDGE_RELAXATION,False,False
rank_bridge_lp_v2,same_rank_decile,pre_specified_grid,0.275,decile,8,nta_rank_positive_liability_rate,max,0.462791578048,0,Optimization terminated successfully. (HiGHS Status 7: Optimal),1.11022302463e-16,0,0,0.275,0,0,2.5.3,1.18.1,highs-ds,MODEL_CONTINGENT_RANK_BRIDGE_RELAXATION,False,False
rank_bridge_lp_v2,same_rank_decile,pre_specified_grid,0.275,decile,9,taxable_income_weighted_mean_MTR,min,0.17230215142,0,Optimization terminated successfully. (HiGHS Status 7: Optimal),0,0,0,0.275,1.11022302463e-16,0,2.5.3,1.18.1,highs-ds,MODEL_CONTINGENT_RANK_BRIDGE_RELAXATION,False,False
rank_bridge_lp_v2,same_rank_decile,pre_specified_grid,0.275,decile,9,taxable_income_weighted_mean_MTR,max,0.180249262732,0,Optimization terminated successfully. (HiGHS Status 7: Optimal),0,0,0,0.275,0,0,2.5.3,1.18.1,highs-ds,MODEL_CONTINGENT_RANK_BRIDGE_RELAXATION,False,False
rank_bridge_lp_v2,same_rank_decile,pre_specified_grid,0.275,decile,9,income_tax_liability_weighted_mean_MTR,min,0.186732922645,0,Optimization terminated successfully. (HiGHS Status 7: Optimal),0,0,0,0.275,1.11022302463e-16,0,2.5.3,1.18.1,highs-ds,MODEL_CONTINGENT_RANK_BRIDGE_RELAXATION,False,False
rank_bridge_lp_v2,same_rank_decile,pre_specified_grid,0.275,decile,9,income_tax_liability_weighted_mean_MTR,max,0.19705018112,0,Optimization terminated successfully. (HiGHS Status 7: Optimal),0,0,0,0.275,5.55111512313e-17,0,2.5.3,1.18.1,highs-ds,MODEL_CONTINGENT_RANK_BRIDGE_RELAXATION,False,False
rank_bridge_lp_v2,same_rank_decile,pre_specified_grid,0.275,decile,9,pseudo_filer_positive_tax_share,min,0.633608815427,0,Optimization terminated successfully. (HiGHS Status 7: Optimal),0,1.73472347598e-18,0,0.275,0,0,2.5.3,1.18.1,highs-ds,MODEL_CONTINGENT_RANK_BRIDGE_RELAXATION,False,False
rank_bridge_lp_v2,same_rank_decile,pre_specified_grid,0.275,decile,9,pseudo_filer_positive_tax_share,max,0.834255504537,0,Optimization terminated successfully. (HiGHS Status 7: Optimal),0,0,0,0.275,1.11022302463e-16,0,2.5.3,1.18.1,highs-ds,MODEL_CONTINGENT_RANK_BRIDGE_RELAXATION,False,False
rank_bridge_lp_v2,same_rank_decile,pre_specified_grid,0.275,decile,9,nta_rank_positive_liability_rate,min,0.358608815427,0,Optimization terminated successfully. (HiGHS Status 7: Optimal),0,1.73472347598e-18,0,0.275,0,0,2.5.3,1.18.1,highs-ds,MODEL_CONTINGENT_RANK_BRIDGE_RELAXATION,False,False
rank_bridge_lp_v2,same_rank_decile,pre_specified_grid,0.275,decile,9,nta_rank_positive_liability_rate,max,0.559255504537,0,Optimization terminated successfully. (HiGHS Status 7: Optimal),0,0,0,0.275,0,0,2.5.3,1.18.1,highs-ds,MODEL_CONTINGENT_RANK_BRIDGE_RELAXATION,False,False
rank_bridge_lp_v2,same_rank_decile,pre_specified_grid,0.275,decile,10,taxable_income_weighted_mean_MTR,min,0.239324165474,0,Optimization terminated successfully. (HiGHS Status 7: Optimal),0,0,0,0.275,5.55111512313e-17,0,2.5.3,1.18.1,highs-ds,MODEL_CONTINGENT_RANK_BRIDGE_RELAXATION,False,False
rank_bridge_lp_v2,same_rank_decile,pre_specified_grid,0.275,decile,10,taxable_income_weighted_mean_MTR,max,0.296421496398,0,Optimization terminated successfully. (HiGHS Status 7: Optimal),0,0,0,0.275,0,0,2.5.3,1.18.1,highs-ds,MODEL_CONTINGENT_RANK_BRIDGE_RELAXATION,False,False
rank_bridge_lp_v2,same_rank_decile,pre_specified_grid,0.275,decile,10,income_tax_liability_weighted_mean_MTR,min,0.260468505645,0,Optimization terminated successfully. (HiGHS Status 7: Optimal),0,0,0,0.275,5.55111512313e-17,0,2.5.3,1.18.1,highs-ds,MODEL_CONTINGENT_RANK_BRIDGE_RELAXATION,False,False
rank_bridge_lp_v2,same_rank_decile,pre_specified_grid,0.275,decile,10,income_tax_liability_weighted_mean_MTR,max,0.320590783508,0,Optimization terminated successfully. (HiGHS Status 7: Optimal),0,0,0,0.275,0,0,2.5.3,1.18.1,highs-ds,MODEL_CONTINGENT_RANK_BRIDGE_RELAXATION,False,False
rank_bridge_lp_v2,same_rank_decile,pre_specified_grid,0.275,decile,10,pseudo_filer_positive_tax_share,min,0.668781725888,0,Optimization terminated successfully. (HiGHS Status 7: Optimal),0,0,0,0.275,5.55111512313e-17,0,2.5.3,1.18.1,highs-ds,MODEL_CONTINGENT_RANK_BRIDGE_RELAXATION,False,False
rank_bridge_lp_v2,same_rank_decile,pre_specified_grid,0.275,decile,10,pseudo_filer_positive_tax_share,max,0.738145789101,0,Optimization terminated successfully. (HiGHS Status 7: Optimal),0,0,0,0.275,5.55111512313e-17,0,2.5.3,1.18.1,highs-ds,MODEL_CONTINGENT_RANK_BRIDGE_RELAXATION,False,False
rank_bridge_lp_v2,same_rank_decile,pre_specified_grid,0.275,decile,10,nta_rank_positive_liability_rate,min,0.445103077692,0,Optimization terminated successfully. (HiGHS Status 7: Optimal),0,0,0,0.275,5.55111512313e-17,0,2.5.3,1.18.1,highs-ds,MODEL_CONTINGENT_RANK_BRIDGE_RELAXATION,False,False
rank_bridge_lp_v2,same_rank_decile,pre_specified_grid,0.275,decile,10,nta_rank_positive_liability_rate,max,0.583566159739,0,Optimization terminated successfully. (HiGHS Status 7: Optimal),0,0,0,0.275,5.55111512313e-17,0,2.5.3,1.18.1,highs-ds,MODEL_CONTINGENT_RANK_BRIDGE_RELAXATION,False,False
rank_bridge_lp_v2,same_rank_decile,pre_specified_grid,0.275,overall,,taxable_income_weighted_mean_MTR,min,0.101156600757,0,Optimization terminated successfully. (HiGHS Status 7: Optimal),1.11022302463e-16,0,0,0.275,0,0,2.5.3,1.18.1,highs-ds,MODEL_CONTINGENT_RANK_BRIDGE_RELAXATION,False,False
rank_bridge_lp_v2,same_rank_decile,pre_specified_grid,0.275,overall,,taxable_income_weighted_mean_MTR,max,0.128605246728,0,Optimization terminated successfully. (HiGHS Status 7: Optimal),0,0,0,0.275,0,0,2.5.3,1.18.1,highs-ds,MODEL_CONTINGENT_RANK_BRIDGE_RELAXATION,False,False
rank_bridge_lp_v2,same_rank_decile,pre_specified_grid,0.275,overall,,income_tax_liability_weighted_mean_MTR,min,0.109175290554,0,Optimization terminated successfully. (HiGHS Status 7: Optimal),2.22044604925e-16,0,0,0.275,0,0,2.5.3,1.18.1,highs-ds,MODEL_CONTINGENT_RANK_BRIDGE_RELAXATION,False,False
rank_bridge_lp_v2,same_rank_decile,pre_specified_grid,0.275,overall,,income_tax_liability_weighted_mean_MTR,max,0.137741196532,0,Optimization terminated successfully. (HiGHS Status 7: Optimal),0,0,0,0.275,0,0,2.5.3,1.18.1,highs-ds,MODEL_CONTINGENT_RANK_BRIDGE_RELAXATION,False,False
rank_bridge_lp_v2,same_rank_decile,pre_specified_grid,0.3,decile,1,taxable_income_weighted_mean_MTR,min,0.05,0,Optimization terminated successfully. (HiGHS Status 7: Optimal),0,0,0,0.3,5.55111512313e-17,0,2.5.3,1.18.1,highs-ds,MODEL_CONTINGENT_RANK_BRIDGE_RELAXATION,False,False
rank_bridge_lp_v2,same_rank_decile,pre_specified_grid,0.3,decile,1,taxable_income_weighted_mean_MTR,max,0.05,0,Optimization terminated successfully. (HiGHS Status 7: Optimal),0,0,0,0.3,5.55111512313e-17,0,2.5.3,1.18.1,highs-ds,MODEL_CONTINGENT_RANK_BRIDGE_RELAXATION,False,False
rank_bridge_lp_v2,same_rank_decile,pre_specified_grid,0.3,decile,1,income_tax_liability_weighted_mean_MTR,min,0.05,0,Optimization terminated successfully. (HiGHS Status 7: Optimal),0,0,0,0.3,5.55111512313e-17,0,2.5.3,1.18.1,highs-ds,MODEL_CONTINGENT_RANK_BRIDGE_RELAXATION,False,False
rank_bridge_lp_v2,same_rank_decile,pre_specified_grid,0.3,decile,1,income_tax_liability_weighted_mean_MTR,max,0.05,0,Optimization terminated successfully. (HiGHS Status 7: Optimal),0,0,0,0.3,5.55111512313e-17,0,2.5.3,1.18.1,highs-ds,MODEL_CONTINGENT_RANK_BRIDGE_RELAXATION,False,False
rank_bridge_lp_v2,same_rank_decile,pre_specified_grid,0.3,decile,1,pseudo_filer_positive_tax_share,min,0.0854779411765,0,Optimization terminated successfully. (HiGHS Status 7: Optimal),0,0,0,0.3,5.55111512313e-17,0,2.5.3,1.18.1,highs-ds,MODEL_CONTINGENT_RANK_BRIDGE_RELAXATION,False,False
rank_bridge_lp_v2,same_rank_decile,pre_specified_grid,0.3,decile,1,pseudo_filer_positive_tax_share,max,0.195828505214,0,Optimization terminated successfully. (HiGHS Status 7: Optimal),0,0,0,0.3,5.55111512313e-17,0,2.5.3,1.18.1,highs-ds,MODEL_CONTINGENT_RANK_BRIDGE_RELAXATION,False,False
rank_bridge_lp_v2,same_rank_decile,pre_specified_grid,0.3,decile,1,nta_rank_positive_liability_rate,min,0,0,Optimization terminated successfully. (HiGHS Status 7: Optimal),0,0,0,0.3,5.55111512313e-17,0,2.5.3,1.18.1,highs-ds,MODEL_CONTINGENT_RANK_BRIDGE_RELAXATION,False,False
rank_bridge_lp_v2,same_rank_decile,pre_specified_grid,0.3,decile,1,nta_rank_positive_liability_rate,max,0.00692186997585,0,Optimization terminated successfully. (HiGHS Status 7: Optimal),0,0,0,0.3,5.55111512313e-17,0,2.5.3,1.18.1,highs-ds,MODEL_CONTINGENT_RANK_BRIDGE_RELAXATION,False,False
rank_bridge_lp_v2,same_rank_decile,pre_specified_grid,0.3,decile,2,taxable_income_weighted_mean_MTR,min,0.05,0,Optimization terminated successfully. (HiGHS Status 7: Optimal),0,0,0,0.3,5.55111512313e-17,0,2.5.3,1.18.1,highs-ds,MODEL_CONTINGENT_RANK_BRIDGE_RELAXATION,False,False
rank_bridge_lp_v2,same_rank_decile,pre_specified_grid,0.3,decile,2,taxable_income_weighted_mean_MTR,max,0.05,0,Optimization terminated successfully. (HiGHS Status 7: Optimal),0,0,0,0.3,5.55111512313e-17,0,2.5.3,1.18.1,highs-ds,MODEL_CONTINGENT_RANK_BRIDGE_RELAXATION,False,False
rank_bridge_lp_v2,same_rank_decile,pre_specified_grid,0.3,decile,2,income_tax_liability_weighted_mean_MTR,min,0.05,0,Optimization terminated successfully. (HiGHS Status 7: Optimal),0,0,0,0.3,5.55111512313e-17,0,2.5.3,1.18.1,highs-ds,MODEL_CONTINGENT_RANK_BRIDGE_RELAXATION,False,False
rank_bridge_lp_v2,same_rank_decile,pre_specified_grid,0.3,decile,2,income_tax_liability_weighted_mean_MTR,max,0.05,0,Optimization terminated successfully. (HiGHS Status 7: Optimal),0,0,0,0.3,5.55111512313e-17,0,2.5.3,1.18.1,highs-ds,MODEL_CONTINGENT_RANK_BRIDGE_RELAXATION,False,False
rank_bridge_lp_v2,same_rank_decile,pre_specified_grid,0.3,decile,2,pseudo_filer_positive_tax_share,min,0.14409221902,0,Optimization terminated successfully. (HiGHS Status 7: Optimal),0,0,0,0.3,5.55111512313e-17,0,2.5.3,1.18.1,highs-ds,MODEL_CONTINGENT_RANK_BRIDGE_RELAXATION,False,False
rank_bridge_lp_v2,same_rank_decile,pre_specified_grid,0.3,decile,2,pseudo_filer_positive_tax_share,max,0.312721413375,0,Optimization terminated successfully. (HiGHS Status 7: Optimal),0,0,0,0.3,5.55111512313e-17,0,2.5.3,1.18.1,highs-ds,MODEL_CONTINGENT_RANK_BRIDGE_RELAXATION,False,False
rank_bridge_lp_v2,same_rank_decile,pre_specified_grid,0.3,decile,2,nta_rank_positive_liability_rate,min,0,0,Optimization terminated successfully. (HiGHS Status 7: Optimal),0,0,0,0.3,5.55111512313e-17,0,2.5.3,1.18.1,highs-ds,MODEL_CONTINGENT_RANK_BRIDGE_RELAXATION,False,False
rank_bridge_lp_v2,same_rank_decile,pre_specified_grid,0.3,decile,2,nta_rank_positive_liability_rate,max,0.0127214133747,0,Optimization terminated successfully. (HiGHS Status 7: Optimal),0,0,0,0.3,5.55111512313e-17,0,2.5.3,1.18.1,highs-ds,MODEL_CONTINGENT_RANK_BRIDGE_RELAXATION,False,False
rank_bridge_lp_v2,same_rank_decile,pre_specified_grid,0.3,decile,3,taxable_income_weighted_mean_MTR,min,0.05,0,Optimization terminated successfully. (HiGHS Status 7: Optimal),0,0,0,0.3,5.55111512313e-17,0,2.5.3,1.18.1,highs-ds,MODEL_CONTINGENT_RANK_BRIDGE_RELAXATION,False,False
rank_bridge_lp_v2,same_rank_decile,pre_specified_grid,0.3,decile,3,taxable_income_weighted_mean_MTR,max,0.05,0,Optimization terminated successfully. (HiGHS Status 7: Optimal),0,0,0,0.3,5.55111512313e-17,0,2.5.3,1.18.1,highs-ds,MODEL_CONTINGENT_RANK_BRIDGE_RELAXATION,False,False
rank_bridge_lp_v2,same_rank_decile,pre_specified_grid,0.3,decile,3,income_tax_liability_weighted_mean_MTR,min,0.05,0,Optimization terminated successfully. (HiGHS Status 7: Optimal),0,0,0,0.3,5.55111512313e-17,0,2.5.3,1.18.1,highs-ds,MODEL_CONTINGENT_RANK_BRIDGE_RELAXATION,False,False
rank_bridge_lp_v2,same_rank_decile,pre_specified_grid,0.3,decile,3,income_tax_liability_weighted_mean_MTR,max,0.05,0,Optimization terminated successfully. (HiGHS Status 7: Optimal),0,0,0,0.3,5.55111512313e-17,0,2.5.3,1.18.1,highs-ds,MODEL_CONTINGENT_RANK_BRIDGE_RELAXATION,False,False
rank_bridge_lp_v2,same_rank_decile,pre_specified_grid,0.3,decile,3,pseudo_filer_positive_tax_share,min,0.156598513011,0,Optimization terminated successfully. (HiGHS Status 7: Optimal),0,0,0,0.3,5.55111512313e-17,0,2.5.3,1.18.1,highs-ds,MODEL_CONTINGENT_RANK_BRIDGE_RELAXATION,False,False
rank_bridge_lp_v2,same_rank_decile,pre_specified_grid,0.3,decile,3,pseudo_filer_positive_tax_share,max,0.360859892209,0,Optimization terminated successfully. (HiGHS Status 7: Optimal),2.22044604925e-16,0,0,0.3,5.55111512313e-17,0,2.5.3,1.18.1,highs-ds,MODEL_CONTINGENT_RANK_BRIDGE_RELAXATION,False,False
rank_bridge_lp_v2,same_rank_decile,pre_specified_grid,0.3,decile,3,nta_rank_positive_liability_rate,min,0,0,Optimization terminated successfully. (HiGHS Status 7: Optimal),0,0,0,0.3,5.55111512313e-17,0,2.5.3,1.18.1,highs-ds,MODEL_CONTINGENT_RANK_BRIDGE_RELAXATION,False,False
rank_bridge_lp_v2,same_rank_decile,pre_specified_grid,0.3,decile,3,nta_rank_positive_liability_rate,max,0.0608598922087,0,Optimization terminated successfully. (HiGHS Status 7: Optimal),0,0,0,0.3,5.55111512313e-17,0,2.5.3,1.18.1,highs-ds,MODEL_CONTINGENT_RANK_BRIDGE_RELAXATION,False,False
rank_bridge_lp_v2,same_rank_decile,pre_specified_grid,0.3,decile,4,taxable_income_weighted_mean_MTR,min,0.05,0,Optimization terminated successfully. (HiGHS Status 7: Optimal),0,0,0,0.3,5.55111512313e-17,0,2.5.3,1.18.1,highs-ds,MODEL_CONTINGENT_RANK_BRIDGE_RELAXATION,False,False
rank_bridge_lp_v2,same_rank_decile,pre_specified_grid,0.3,decile,4,taxable_income_weighted_mean_MTR,max,0.058968460929,0,Optimization terminated successfully. (HiGHS Status 7: Optimal),0,0,0,0.3,5.55111512313e-17,0,2.5.3,1.18.1,highs-ds,MODEL_CONTINGENT_RANK_BRIDGE_RELAXATION,False,False
rank_bridge_lp_v2,same_rank_decile,pre_specified_grid,0.3,decile,4,income_tax_liability_weighted_mean_MTR,min,0.05,0,Optimization terminated successfully. (HiGHS Status 7: Optimal),0,0,0,0.3,5.55111512313e-17,0,2.5.3,1.18.1,highs-ds,MODEL_CONTINGENT_RANK_BRIDGE_RELAXATION,False,False
rank_bridge_lp_v2,same_rank_decile,pre_specified_grid,0.3,decile,4,income_tax_liability_weighted_mean_MTR,max,0.0602889317796,0,Optimization terminated successfully. (HiGHS Status 7: Optimal),0,0,0,0.3,5.55111512313e-17,0,2.5.3,1.18.1,highs-ds,MODEL_CONTINGENT_RANK_BRIDGE_RELAXATION,False,False
rank_bridge_lp_v2,same_rank_decile,pre_specified_grid,0.3,decile,4,pseudo_filer_positive_tax_share,min,0.190499272904,0,Optimization terminated successfully. (HiGHS Status 7: Optimal),0,0,0,0.3,5.55111512313e-17,0,2.5.3,1.18.1,highs-ds,MODEL_CONTINGENT_RANK_BRIDGE_RELAXATION,False,False
rank_bridge_lp_v2,same_rank_decile,pre_specified_grid,0.3,decile,4,pseudo_filer_positive_tax_share,max,0.504604051565,0,Optimization terminated successfully. (HiGHS Status 7: Optimal),0,0,0,0.3,5.55111512313e-17,0,2.5.3,1.18.1,highs-ds,MODEL_CONTINGENT_RANK_BRIDGE_RELAXATION,False,False
rank_bridge_lp_v2,same_rank_decile,pre_specified_grid,0.3,decile,4,nta_rank_positive_liability_rate,min,0,0,Optimization terminated successfully. (HiGHS Status 7: Optimal),0,0,0,0.3,5.55111512313e-17,0,2.5.3,1.18.1,highs-ds,MODEL_CONTINGENT_RANK_BRIDGE_RELAXATION,False,False
rank_bridge_lp_v2,same_rank_decile,pre_specified_grid,0.3,decile,4,nta_rank_positive_liability_rate,max,0.218135427749,0,Optimization terminated successfully. (HiGHS Status 7: Optimal),0,0,0,0.3,5.55111512313e-17,0,2.5.3,1.18.1,highs-ds,MODEL_CONTINGENT_RANK_BRIDGE_RELAXATION,False,False
rank_bridge_lp_v2,same_rank_decile,pre_specified_grid,0.3,decile,5,taxable_income_weighted_mean_MTR,min,0.0575744226295,0,Optimization terminated successfully. (HiGHS Status 7: Optimal),0,0,0,0.3,5.55111512313e-17,0,2.5.3,1.18.1,highs-ds,MODEL_CONTINGENT_RANK_BRIDGE_RELAXATION,False,False
rank_bridge_lp_v2,same_rank_decile,pre_specified_grid,0.3,decile,5,taxable_income_weighted_mean_MTR,max,0.103241125426,0,Optimization terminated successfully. (HiGHS Status 7: Optimal),0,0,0,0.3,5.55111512313e-17,0,2.5.3,1.18.1,highs-ds,MODEL_CONTINGENT_RANK_BRIDGE_RELAXATION,False,False
rank_bridge_lp_v2,same_rank_decile,pre_specified_grid,0.3,decile,5,income_tax_liability_weighted_mean_MTR,min,0.0586702460887,0,Optimization terminated successfully. (HiGHS Status 7: Optimal),0,0,0,0.3,5.55111512313e-17,0,2.5.3,1.18.1,highs-ds,MODEL_CONTINGENT_RANK_BRIDGE_RELAXATION,False,False
rank_bridge_lp_v2,same_rank_decile,pre_specified_grid,0.3,decile,5,income_tax_liability_weighted_mean_MTR,max,0.113729890589,0,Optimization terminated successfully. (HiGHS Status 7: Optimal),0,0,0,0.3,5.55111512313e-17,0,2.5.3,1.18.1,highs-ds,MODEL_CONTINGENT_RANK_BRIDGE_RELAXATION,False,False
rank_bridge_lp_v2,same_rank_decile,pre_specified_grid,0.3,decile,5,pseudo_filer_positive_tax_share,min,0.213769860376,0,Optimization terminated successfully. (HiGHS Status 7: Optimal),0,0,0,0.3,5.55111512313e-17,0,2.5.3,1.18.1,highs-ds,MODEL_CONTINGENT_RANK_BRIDGE_RELAXATION,False,False
rank_bridge_lp_v2,same_rank_decile,pre_specified_grid,0.3,decile,5,pseudo_filer_positive_tax_share,max,0.586991869919,0,Optimization terminated successfully. (HiGHS Status 7: Optimal),0,0,0,0.3,5.55111512313e-17,0,2.5.3,1.18.1,highs-ds,MODEL_CONTINGENT_RANK_BRIDGE_RELAXATION,False,False
rank_bridge_lp_v2,same_rank_decile,pre_specified_grid,0.3,decile,5,nta_rank_positive_liability_rate,min,0,0,Optimization terminated successfully. (HiGHS Status 7: Optimal),1.11022302463e-16,0,0,0.3,5.55111512313e-17,0,2.5.3,1.18.1,highs-ds,MODEL_CONTINGENT_RANK_BRIDGE_RELAXATION,False,False
rank_bridge_lp_v2,same_rank_decile,pre_specified_grid,0.3,decile,5,nta_rank_positive_liability_rate,max,0.349111196111,0,Optimization terminated successfully. (HiGHS Status 7: Optimal),0,0,0,0.3,5.55111512313e-17,0,2.5.3,1.18.1,highs-ds,MODEL_CONTINGENT_RANK_BRIDGE_RELAXATION,False,False
rank_bridge_lp_v2,same_rank_decile,pre_specified_grid,0.3,decile,6,taxable_income_weighted_mean_MTR,min,0.0945551847046,0,Optimization terminated successfully. (HiGHS Status 7: Optimal),0,0,0,0.3,5.55111512313e-17,0,2.5.3,1.18.1,highs-ds,MODEL_CONTINGENT_RANK_BRIDGE_RELAXATION,False,False
rank_bridge_lp_v2,same_rank_decile,pre_specified_grid,0.3,decile,6,taxable_income_weighted_mean_MTR,max,0.153348627649,0,Optimization terminated successfully. (HiGHS Status 7: Optimal),0,0,0,0.3,5.55111512313e-17,0,2.5.3,1.18.1,highs-ds,MODEL_CONTINGENT_RANK_BRIDGE_RELAXATION,False,False
rank_bridge_lp_v2,same_rank_decile,pre_specified_grid,0.3,decile,6,income_tax_liability_weighted_mean_MTR,min,0.104721210072,0,Optimization terminated successfully. (HiGHS Status 7: Optimal),0,0,0,0.3,5.55111512313e-17,0,2.5.3,1.18.1,highs-ds,MODEL_CONTINGENT_RANK_BRIDGE_RELAXATION,False,False
rank_bridge_lp_v2,same_rank_decile,pre_specified_grid,0.3,decile,6,income_tax_liability_weighted_mean_MTR,max,0.166077223997,0,Optimization terminated successfully. (HiGHS Status 7: Optimal),0,0,0,0.3,5.55111512313e-17,0,2.5.3,1.18.1,highs-ds,MODEL_CONTINGENT_RANK_BRIDGE_RELAXATION,False,False
rank_bridge_lp_v2,same_rank_decile,pre_specified_grid,0.3,decile,6,pseudo_filer_positive_tax_share,min,0.235387045814,0,Optimization terminated successfully. (HiGHS Status 7: Optimal),0,0,0,0.3,5.55111512313e-17,0,2.5.3,1.18.1,highs-ds,MODEL_CONTINGENT_RANK_BRIDGE_RELAXATION,False,False
rank_bridge_lp_v2,same_rank_decile,pre_specified_grid,0.3,decile,6,pseudo_filer_positive_tax_share,max,0.532498042287,0,Optimization terminated successfully. (HiGHS Status 7: Optimal),0,0,0,0.3,5.55111512313e-17,0,2.5.3,1.18.1,highs-ds,MODEL_CONTINGENT_RANK_BRIDGE_RELAXATION,False,False
rank_bridge_lp_v2,same_rank_decile,pre_specified_grid,0.3,decile,6,nta_rank_positive_liability_rate,min,0.177223328093,0,Optimization terminated successfully. (HiGHS Status 7: Optimal),0,0,0,0.3,5.55111512313e-17,0,2.5.3,1.18.1,highs-ds,MODEL_CONTINGENT_RANK_BRIDGE_RELAXATION,False,False
rank_bridge_lp_v2,same_rank_decile,pre_specified_grid,0.3,decile,6,nta_rank_positive_liability_rate,max,0.372626120914,0,Optimization terminated successfully. (HiGHS Status 7: Optimal),1.11022302463e-16,0,0,0.3,5.55111512313e-17,0,2.5.3,1.18.1,highs-ds,MODEL_CONTINGENT_RANK_BRIDGE_RELAXATION,False,False
rank_bridge_lp_v2,same_rank_decile,pre_specified_grid,0.3,decile,7,taxable_income_weighted_mean_MTR,min,0.101040597253,0,Optimization terminated successfully. (HiGHS Status 7: Optimal),0,0,0,0.3,5.55111512313e-17,0,2.5.3,1.18.1,highs-ds,MODEL_CONTINGENT_RANK_BRIDGE_RELAXATION,False,False
rank_bridge_lp_v2,same_rank_decile,pre_specified_grid,0.3,decile,7,taxable_income_weighted_mean_MTR,max,0.16445572026,0,Optimization terminated successfully. (HiGHS Status 7: Optimal),0,0,0,0.3,5.55111512313e-17,0,2.5.3,1.18.1,highs-ds,MODEL_CONTINGENT_RANK_BRIDGE_RELAXATION,False,False
rank_bridge_lp_v2,same_rank_decile,pre_specified_grid,0.3,decile,7,income_tax_liability_weighted_mean_MTR,min,0.114321209827,0,Optimization terminated successfully. (HiGHS Status 7: Optimal),0,0,0,0.3,5.55111512313e-17,0,2.5.3,1.18.1,highs-ds,MODEL_CONTINGENT_RANK_BRIDGE_RELAXATION,False,False
rank_bridge_lp_v2,same_rank_decile,pre_specified_grid,0.3,decile,7,income_tax_liability_weighted_mean_MTR,max,0.177198331736,0,Optimization terminated successfully. (HiGHS Status 7: Optimal),0,0,0,0.3,5.55111512313e-17,0,2.5.3,1.18.1,highs-ds,MODEL_CONTINGENT_RANK_BRIDGE_RELAXATION,False,False
rank_bridge_lp_v2,same_rank_decile,pre_specified_grid,0.3,decile,7,pseudo_filer_positive_tax_share,min,0.317057704502,0,Optimization terminated successfully. (HiGHS Status 7: Optimal),0,0,0,0.3,5.55111512313e-17,0,2.5.3,1.18.1,highs-ds,MODEL_CONTINGENT_RANK_BRIDGE_RELAXATION,False,False
rank_bridge_lp_v2,same_rank_decile,pre_specified_grid,0.3,decile,7,pseudo_filer_positive_tax_share,max,0.651883026005,0,Optimization terminated successfully. (HiGHS Status 7: Optimal),0,0,0,0.3,5.55111512313e-17,0,2.5.3,1.18.1,highs-ds,MODEL_CONTINGENT_RANK_BRIDGE_RELAXATION,False,False
rank_bridge_lp_v2,same_rank_decile,pre_specified_grid,0.3,decile,7,nta_rank_positive_liability_rate,min,0.319230342506,0,Optimization terminated successfully. (HiGHS Status 7: Optimal),0,0,0,0.3,5.55111512313e-17,0,2.5.3,1.18.1,highs-ds,MODEL_CONTINGENT_RANK_BRIDGE_RELAXATION,False,False
rank_bridge_lp_v2,same_rank_decile,pre_specified_grid,0.3,decile,7,nta_rank_positive_liability_rate,max,0.351883026005,0,Optimization terminated successfully. (HiGHS Status 7: Optimal),0,0,0,0.3,5.55111512313e-17,0,2.5.3,1.18.1,highs-ds,MODEL_CONTINGENT_RANK_BRIDGE_RELAXATION,False,False
rank_bridge_lp_v2,same_rank_decile,pre_specified_grid,0.3,decile,8,taxable_income_weighted_mean_MTR,min,0.144073123661,0,Optimization terminated successfully. (HiGHS Status 7: Optimal),0,3.46944695195e-18,0,0.3,1.11022302463e-16,0,2.5.3,1.18.1,highs-ds,MODEL_CONTINGENT_RANK_BRIDGE_RELAXATION,False,False
rank_bridge_lp_v2,same_rank_decile,pre_specified_grid,0.3,decile,8,taxable_income_weighted_mean_MTR,max,0.180112352624,0,Optimization terminated successfully. (HiGHS Status 7: Optimal),0,0,0,0.3,1.11022302463e-16,0,2.5.3,1.18.1,highs-ds,MODEL_CONTINGENT_RANK_BRIDGE_RELAXATION,False,False
rank_bridge_lp_v2,same_rank_decile,pre_specified_grid,0.3,decile,8,income_tax_liability_weighted_mean_MTR,min,0.163236457005,0,Optimization terminated successfully. (HiGHS Status 7: Optimal),0,3.46944695195e-18,0,0.3,1.11022302463e-16,0,2.5.3,1.18.1,highs-ds,MODEL_CONTINGENT_RANK_BRIDGE_RELAXATION,False,False
rank_bridge_lp_v2,same_rank_decile,pre_specified_grid,0.3,decile,8,income_tax_liability_weighted_mean_MTR,max,0.192820455301,0,Optimization terminated successfully. (HiGHS Status 7: Optimal),0,0,0,0.3,1.11022302463e-16,0,2.5.3,1.18.1,highs-ds,MODEL_CONTINGENT_RANK_BRIDGE_RELAXATION,False,False
rank_bridge_lp_v2,same_rank_decile,pre_specified_grid,0.3,decile,8,pseudo_filer_positive_tax_share,min,0.429585152838,0,Optimization terminated successfully. (HiGHS Status 7: Optimal),0,0,0,0.3,5.55111512313e-17,0,2.5.3,1.18.1,highs-ds,MODEL_CONTINGENT_RANK_BRIDGE_RELAXATION,False,False
rank_bridge_lp_v2,same_rank_decile,pre_specified_grid,0.3,decile,8,pseudo_filer_positive_tax_share,max,0.726057906459,0,Optimization terminated successfully. (HiGHS Status 7: Optimal),0,3.46944695195e-18,0,0.3,1.11022302463e-16,0,2.5.3,1.18.1,highs-ds,MODEL_CONTINGENT_RANK_BRIDGE_RELAXATION,False,False
rank_bridge_lp_v2,same_rank_decile,pre_specified_grid,0.3,decile,8,nta_rank_positive_liability_rate,min,0.257594923488,0,Optimization terminated successfully. (HiGHS Status 7: Optimal),0,0,0,0.3,1.11022302463e-16,0,2.5.3,1.18.1,highs-ds,MODEL_CONTINGENT_RANK_BRIDGE_RELAXATION,False,False
rank_bridge_lp_v2,same_rank_decile,pre_specified_grid,0.3,decile,8,nta_rank_positive_liability_rate,max,0.462791578048,0,Optimization terminated successfully. (HiGHS Status 7: Optimal),0,0,0,0.3,0,0,2.5.3,1.18.1,highs-ds,MODEL_CONTINGENT_RANK_BRIDGE_RELAXATION,False,False
rank_bridge_lp_v2,same_rank_decile,pre_specified_grid,0.3,decile,9,taxable_income_weighted_mean_MTR,min,0.172271804071,0,Optimization terminated successfully. (HiGHS Status 7: Optimal),0,0,0,0.3,5.55111512313e-17,0,2.5.3,1.18.1,highs-ds,MODEL_CONTINGENT_RANK_BRIDGE_RELAXATION,False,False
rank_bridge_lp_v2,same_rank_decile,pre_specified_grid,0.3,decile,9,taxable_income_weighted_mean_MTR,max,0.180249262732,0,Optimization terminated successfully. (HiGHS Status 7: Optimal),0,0,0,0.3,0,0,2.5.3,1.18.1,highs-ds,MODEL_CONTINGENT_RANK_BRIDGE_RELAXATION,False,False
rank_bridge_lp_v2,same_rank_decile,pre_specified_grid,0.3,decile,9,income_tax_liability_weighted_mean_MTR,min,0.186645610215,0,Optimization terminated successfully. (HiGHS Status 7: Optimal),0,0,0,0.3,5.55111512313e-17,0,2.5.3,1.18.1,highs-ds,MODEL_CONTINGENT_RANK_BRIDGE_RELAXATION,False,False
rank_bridge_lp_v2,same_rank_decile,pre_specified_grid,0.3,decile,9,income_tax_liability_weighted_mean_MTR,max,0.19705018112,0,Optimization terminated successfully. (HiGHS Status 7: Optimal),0,0,0,0.3,5.55111512313e-17,0,2.5.3,1.18.1,highs-ds,MODEL_CONTINGENT_RANK_BRIDGE_RELAXATION,False,False
rank_bridge_lp_v2,same_rank_decile,pre_specified_grid,0.3,decile,9,pseudo_filer_positive_tax_share,min,0.633608815427,0,Optimization terminated successfully. (HiGHS Status 7: Optimal),0,0,0,0.3,0,0,2.5.3,1.18.1,highs-ds,MODEL_CONTINGENT_RANK_BRIDGE_RELAXATION,False,False
rank_bridge_lp_v2,same_rank_decile,pre_specified_grid,0.3,decile,9,pseudo_filer_positive_tax_share,max,0.836909871245,0,Optimization terminated successfully. (HiGHS Status 7: Optimal),0,0,0,0.3,5.55111512313e-17,0,2.5.3,1.18.1,highs-ds,MODEL_CONTINGENT_RANK_BRIDGE_RELAXATION,False,False
rank_bridge_lp_v2,same_rank_decile,pre_specified_grid,0.3,decile,9,nta_rank_positive_liability_rate,min,0.333608815427,0,Optimization terminated successfully. (HiGHS Status 7: Optimal),0,0,0,0.3,0,0,2.5.3,1.18.1,highs-ds,MODEL_CONTINGENT_RANK_BRIDGE_RELAXATION,False,False
rank_bridge_lp_v2,same_rank_decile,pre_specified_grid,0.3,decile,9,nta_rank_positive_liability_rate,max,0.559255504537,0,Optimization terminated successfully. (HiGHS Status 7: Optimal),0,0,0,0.287981962656,0,0,2.5.3,1.18.1,highs-ds,MODEL_CONTINGENT_RANK_BRIDGE_RELAXATION,False,False
rank_bridge_lp_v2,same_rank_decile,pre_specified_grid,0.3,decile,10,taxable_income_weighted_mean_MTR,min,0.239324165474,0,Optimization terminated successfully. (HiGHS Status 7: Optimal),0,0,0,0.3,5.55111512313e-17,0,2.5.3,1.18.1,highs-ds,MODEL_CONTINGENT_RANK_BRIDGE_RELAXATION,False,False
rank_bridge_lp_v2,same_rank_decile,pre_specified_grid,0.3,decile,10,taxable_income_weighted_mean_MTR,max,0.296421496398,0,Optimization terminated successfully. (HiGHS Status 7: Optimal),0,0,0,0.3,5.55111512313e-17,0,2.5.3,1.18.1,highs-ds,MODEL_CONTINGENT_RANK_BRIDGE_RELAXATION,False,False
rank_bridge_lp_v2,same_rank_decile,pre_specified_grid,0.3,decile,10,income_tax_liability_weighted_mean_MTR,min,0.260468505645,0,Optimization terminated successfully. (HiGHS Status 7: Optimal),0,0,0,0.3,5.55111512313e-17,0,2.5.3,1.18.1,highs-ds,MODEL_CONTINGENT_RANK_BRIDGE_RELAXATION,False,False
rank_bridge_lp_v2,same_rank_decile,pre_specified_grid,0.3,decile,10,income_tax_liability_weighted_mean_MTR,max,0.320590783508,0,Optimization terminated successfully. (HiGHS Status 7: Optimal),0,0,0,0.3,5.55111512313e-17,0,2.5.3,1.18.1,highs-ds,MODEL_CONTINGENT_RANK_BRIDGE_RELAXATION,False,False
rank_bridge_lp_v2,same_rank_decile,pre_specified_grid,0.3,decile,10,pseudo_filer_positive_tax_share,min,0.668781725888,0,Optimization terminated successfully. (HiGHS Status 7: Optimal),0,0,0,0.3,5.55111512313e-17,0,2.5.3,1.18.1,highs-ds,MODEL_CONTINGENT_RANK_BRIDGE_RELAXATION,False,False
rank_bridge_lp_v2,same_rank_decile,pre_specified_grid,0.3,decile,10,pseudo_filer_positive_tax_share,max,0.738145789101,0,Optimization terminated successfully. (HiGHS Status 7: Optimal),0,0,0,0.3,5.55111512313e-17,0,2.5.3,1.18.1,highs-ds,MODEL_CONTINGENT_RANK_BRIDGE_RELAXATION,False,False
rank_bridge_lp_v2,same_rank_decile,pre_specified_grid,0.3,decile,10,nta_rank_positive_liability_rate,min,0.445103077692,0,Optimization terminated successfully. (HiGHS Status 7: Optimal),0,0,0,0.3,5.55111512313e-17,0,2.5.3,1.18.1,highs-ds,MODEL_CONTINGENT_RANK_BRIDGE_RELAXATION,False,False
rank_bridge_lp_v2,same_rank_decile,pre_specified_grid,0.3,decile,10,nta_rank_positive_liability_rate,max,0.583566159739,0,Optimization terminated successfully. (HiGHS Status 7: Optimal),0,0,0,0.3,0,0,2.5.3,1.18.1,highs-ds,MODEL_CONTINGENT_RANK_BRIDGE_RELAXATION,False,False
rank_bridge_lp_v2,same_rank_decile,pre_specified_grid,0.3,overall,,taxable_income_weighted_mean_MTR,min,0.101044912858,0,Optimization terminated successfully. (HiGHS Status 7: Optimal),0,0,0,0.3,5.55111512313e-17,0,2.5.3,1.18.1,highs-ds,MODEL_CONTINGENT_RANK_BRIDGE_RELAXATION,False,False
rank_bridge_lp_v2,same_rank_decile,pre_specified_grid,0.3,overall,,taxable_income_weighted_mean_MTR,max,0.12865558821,0,Optimization terminated successfully. (HiGHS Status 7: Optimal),0,0,0,0.3,1.11022302463e-16,0,2.5.3,1.18.1,highs-ds,MODEL_CONTINGENT_RANK_BRIDGE_RELAXATION,False,False
rank_bridge_lp_v2,same_rank_decile,pre_specified_grid,0.3,overall,,income_tax_liability_weighted_mean_MTR,min,0.109018957442,0,Optimization terminated successfully. (HiGHS Status 7: Optimal),0,0,0,0.3,5.55111512313e-17,0,2.5.3,1.18.1,highs-ds,MODEL_CONTINGENT_RANK_BRIDGE_RELAXATION,False,False
rank_bridge_lp_v2,same_rank_decile,pre_specified_grid,0.3,overall,,income_tax_liability_weighted_mean_MTR,max,0.137769080973,0,Optimization terminated successfully. (HiGHS Status 7: Optimal),0,0,0,0.3,1.11022302463e-16,0,2.5.3,1.18.1,highs-ds,MODEL_CONTINGENT_RANK_BRIDGE_RELAXATION,False,False
rank_bridge_lp_v2,same_rank_decile,epsilon_star,0.149015979543,decile,1,taxable_income_weighted_mean_MTR,min,0.05,0,Optimization terminated successfully. (HiGHS Status 7: Optimal),0,0,0,0.149015979543,8.32667268469e-17,0,2.5.3,1.18.1,highs-ds,MODEL_CONTINGENT_RANK_BRIDGE_RELAXATION,False,False
rank_bridge_lp_v2,same_rank_decile,epsilon_star,0.149015979543,decile,1,taxable_income_weighted_mean_MTR,max,0.05,0,Optimization terminated successfully. (HiGHS Status 7: Optimal),0,0,0,0.149015979543,8.32667268469e-17,0,2.5.3,1.18.1,highs-ds,MODEL_CONTINGENT_RANK_BRIDGE_RELAXATION,False,False
rank_bridge_lp_v2,same_rank_decile,epsilon_star,0.149015979543,decile,1,income_tax_liability_weighted_mean_MTR,min,0.05,0,Optimization terminated successfully. (HiGHS Status 7: Optimal),0,0,0,0.149015979543,8.32667268469e-17,0,2.5.3,1.18.1,highs-ds,MODEL_CONTINGENT_RANK_BRIDGE_RELAXATION,False,False
rank_bridge_lp_v2,same_rank_decile,epsilon_star,0.149015979543,decile,1,income_tax_liability_weighted_mean_MTR,max,0.05,0,Optimization terminated successfully. (HiGHS Status 7: Optimal),0,0,0,0.149015979543,8.32667268469e-17,0,2.5.3,1.18.1,highs-ds,MODEL_CONTINGENT_RANK_BRIDGE_RELAXATION,False,False
rank_bridge_lp_v2,same_rank_decile,epsilon_star,0.149015979543,decile,1,pseudo_filer_positive_tax_share,min,0.0854779411765,0,Optimization terminated successfully. (HiGHS Status 7: Optimal),0,0,0,0.149015979543,8.32667268469e-17,0,2.5.3,1.18.1,highs-ds,MODEL_CONTINGENT_RANK_BRIDGE_RELAXATION,False,False
rank_bridge_lp_v2,same_rank_decile,epsilon_star,0.149015979543,decile,1,pseudo_filer_positive_tax_share,max,0.155937849519,0,Optimization terminated successfully. (HiGHS Status 7: Optimal),0,0,0,0.149015979543,8.32667268469e-17,0,2.5.3,1.18.1,highs-ds,MODEL_CONTINGENT_RANK_BRIDGE_RELAXATION,False,False
rank_bridge_lp_v2,same_rank_decile,epsilon_star,0.149015979543,decile,1,nta_rank_positive_liability_rate,min,0,0,Optimization terminated successfully. (HiGHS Status 7: Optimal),0,0,0,0.149015979543,8.32667268469e-17,0,2.5.3,1.18.1,highs-ds,MODEL_CONTINGENT_RANK_BRIDGE_RELAXATION,False,False
rank_bridge_lp_v2,same_rank_decile,epsilon_star,0.149015979543,decile,1,nta_rank_positive_liability_rate,max,0.00692186997585,0,Optimization terminated successfully. (HiGHS Status 7: Optimal),0,0,0,0.149015979543,8.32667268469e-17,0,2.5.3,1.18.1,highs-ds,MODEL_CONTINGENT_RANK_BRIDGE_RELAXATION,False,False
rank_bridge_lp_v2,same_rank_decile,epsilon_star,0.149015979543,decile,2,taxable_income_weighted_mean_MTR,min,0.05,0,Optimization terminated successfully. (HiGHS Status 7: Optimal),0,0,0,0.149015979543,8.32667268469e-17,0,2.5.3,1.18.1,highs-ds,MODEL_CONTINGENT_RANK_BRIDGE_RELAXATION,False,False
rank_bridge_lp_v2,same_rank_decile,epsilon_star,0.149015979543,decile,2,taxable_income_weighted_mean_MTR,max,0.05,0,Optimization terminated successfully. (HiGHS Status 7: Optimal),0,0,0,0.149015979543,8.32667268469e-17,0,2.5.3,1.18.1,highs-ds,MODEL_CONTINGENT_RANK_BRIDGE_RELAXATION,False,False
rank_bridge_lp_v2,same_rank_decile,epsilon_star,0.149015979543,decile,2,income_tax_liability_weighted_mean_MTR,min,0.05,0,Optimization terminated successfully. (HiGHS Status 7: Optimal),0,0,0,0.149015979543,8.32667268469e-17,0,2.5.3,1.18.1,highs-ds,MODEL_CONTINGENT_RANK_BRIDGE_RELAXATION,False,False
rank_bridge_lp_v2,same_rank_decile,epsilon_star,0.149015979543,decile,2,income_tax_liability_weighted_mean_MTR,max,0.05,0,Optimization terminated successfully. (HiGHS Status 7: Optimal),0,0,0,0.149015979543,8.32667268469e-17,0,2.5.3,1.18.1,highs-ds,MODEL_CONTINGENT_RANK_BRIDGE_RELAXATION,False,False
rank_bridge_lp_v2,same_rank_decile,epsilon_star,0.149015979543,decile,2,pseudo_filer_positive_tax_share,min,0.14409221902,0,Optimization terminated successfully. (HiGHS Status 7: Optimal),0,0,0,0.149015979543,8.32667268469e-17,0,2.5.3,1.18.1,highs-ds,MODEL_CONTINGENT_RANK_BRIDGE_RELAXATION,False,False
rank_bridge_lp_v2,same_rank_decile,epsilon_star,0.149015979543,decile,2,pseudo_filer_positive_tax_share,max,0.161737392918,0,Optimization terminated successfully. (HiGHS Status 7: Optimal),0,0,0,0.149015979543,8.32667268469e-17,0,2.5.3,1.18.1,highs-ds,MODEL_CONTINGENT_RANK_BRIDGE_RELAXATION,False,False
rank_bridge_lp_v2,same_rank_decile,epsilon_star,0.149015979543,decile,2,nta_rank_positive_liability_rate,min,0,0,Optimization terminated successfully. (HiGHS Status 7: Optimal),0,0,0,0.149015979543,8.32667268469e-17,0,2.5.3,1.18.1,highs-ds,MODEL_CONTINGENT_RANK_BRIDGE_RELAXATION,False,False
rank_bridge_lp_v2,same_rank_decile,epsilon_star,0.149015979543,decile,2,nta_rank_positive_liability_rate,max,0.0127214133747,0,Optimization terminated successfully. (HiGHS Status 7: Optimal),0,0,0,0.149015979543,8.32667268469e-17,0,2.5.3,1.18.1,highs-ds,MODEL_CONTINGENT_RANK_BRIDGE_RELAXATION,False,False
rank_bridge_lp_v2,same_rank_decile,epsilon_star,0.149015979543,decile,3,taxable_income_weighted_mean_MTR,min,0.05,0,Optimization terminated successfully. (HiGHS Status 7: Optimal),0,0,0,0.149015979543,8.32667268469e-17,0,2.5.3,1.18.1,highs-ds,MODEL_CONTINGENT_RANK_BRIDGE_RELAXATION,False,False
rank_bridge_lp_v2,same_rank_decile,epsilon_star,0.149015979543,decile,3,taxable_income_weighted_mean_MTR,max,0.05,0,Optimization terminated successfully. (HiGHS Status 7: Optimal),0,0,0,0.149015979543,8.32667268469e-17,0,2.5.3,1.18.1,highs-ds,MODEL_CONTINGENT_RANK_BRIDGE_RELAXATION,False,False
rank_bridge_lp_v2,same_rank_decile,epsilon_star,0.149015979543,decile,3,income_tax_liability_weighted_mean_MTR,min,0.05,0,Optimization terminated successfully. (HiGHS Status 7: Optimal),0,0,0,0.149015979543,8.32667268469e-17,0,2.5.3,1.18.1,highs-ds,MODEL_CONTINGENT_RANK_BRIDGE_RELAXATION,False,False
rank_bridge_lp_v2,same_rank_decile,epsilon_star,0.149015979543,decile,3,income_tax_liability_weighted_mean_MTR,max,0.05,0,Optimization terminated successfully. (HiGHS Status 7: Optimal),0,0,0,0.149015979543,8.32667268469e-17,0,2.5.3,1.18.1,highs-ds,MODEL_CONTINGENT_RANK_BRIDGE_RELAXATION,False,False
rank_bridge_lp_v2,same_rank_decile,epsilon_star,0.149015979543,decile,3,pseudo_filer_positive_tax_share,min,0.156598513011,0,Optimization terminated successfully. (HiGHS Status 7: Optimal),0,0,0,0.149015979543,8.32667268469e-17,0,2.5.3,1.18.1,highs-ds,MODEL_CONTINGENT_RANK_BRIDGE_RELAXATION,False,False
rank_bridge_lp_v2,same_rank_decile,epsilon_star,0.149015979543,decile,3,pseudo_filer_positive_tax_share,max,0.209875871752,0,Optimization terminated successfully. (HiGHS Status 7: Optimal),0,0,0,0.149015979543,8.32667268469e-17,0,2.5.3,1.18.1,highs-ds,MODEL_CONTINGENT_RANK_BRIDGE_RELAXATION,False,False
rank_bridge_lp_v2,same_rank_decile,epsilon_star,0.149015979543,decile,3,nta_rank_positive_liability_rate,min,0.00758253346772,0,Optimization terminated successfully. (HiGHS Status 7: Optimal),2.22044604925e-16,0,0,0.149015979543,8.32667268469e-17,0,2.5.3,1.18.1,highs-ds,MODEL_CONTINGENT_RANK_BRIDGE_RELAXATION,False,False
rank_bridge_lp_v2,same_rank_decile,epsilon_star,0.149015979543,decile,3,nta_rank_positive_liability_rate,max,0.0608598922087,0,Optimization terminated successfully. (HiGHS Status 7: Optimal),0,0,0,0.149015979543,8.32667268469e-17,0,2.5.3,1.18.1,highs-ds,MODEL_CONTINGENT_RANK_BRIDGE_RELAXATION,False,False
rank_bridge_lp_v2,same_rank_decile,epsilon_star,0.149015979543,decile,4,taxable_income_weighted_mean_MTR,min,0.05,0,Optimization terminated successfully. (HiGHS Status 7: Optimal),0,0,0,0.149015979543,8.32667268469e-17,0,2.5.3,1.18.1,highs-ds,MODEL_CONTINGENT_RANK_BRIDGE_RELAXATION,False,False
rank_bridge_lp_v2,same_rank_decile,epsilon_star,0.149015979543,decile,4,taxable_income_weighted_mean_MTR,max,0.058968460929,0,Optimization terminated successfully. (HiGHS Status 7: Optimal),0,0,0,0.149015979543,8.32667268469e-17,0,2.5.3,1.18.1,highs-ds,MODEL_CONTINGENT_RANK_BRIDGE_RELAXATION,False,False
rank_bridge_lp_v2,same_rank_decile,epsilon_star,0.149015979543,decile,4,income_tax_liability_weighted_mean_MTR,min,0.05,0,Optimization terminated successfully. (HiGHS Status 7: Optimal),0,0,0,0.149015979543,8.32667268469e-17,0,2.5.3,1.18.1,highs-ds,MODEL_CONTINGENT_RANK_BRIDGE_RELAXATION,False,False
rank_bridge_lp_v2,same_rank_decile,epsilon_star,0.149015979543,decile,4,income_tax_liability_weighted_mean_MTR,max,0.0602889317796,0,Optimization terminated successfully. (HiGHS Status 7: Optimal),0,0,0,0.149015979543,8.32667268469e-17,0,2.5.3,1.18.1,highs-ds,MODEL_CONTINGENT_RANK_BRIDGE_RELAXATION,False,False
rank_bridge_lp_v2,same_rank_decile,epsilon_star,0.149015979543,decile,4,pseudo_filer_positive_tax_share,min,0.190499272904,0,Optimization terminated successfully. (HiGHS Status 7: Optimal),0,0,0,0.149015979543,8.32667268469e-17,0,2.5.3,1.18.1,highs-ds,MODEL_CONTINGENT_RANK_BRIDGE_RELAXATION,False,False
rank_bridge_lp_v2,same_rank_decile,epsilon_star,0.149015979543,decile,4,pseudo_filer_positive_tax_share,max,0.365368417224,0,Optimization terminated successfully. (HiGHS Status 7: Optimal),0,0,0,0.149015979543,8.32667268469e-17,0,2.5.3,1.18.1,highs-ds,MODEL_CONTINGENT_RANK_BRIDGE_RELAXATION,False,False
rank_bridge_lp_v2,same_rank_decile,epsilon_star,0.149015979543,decile,4,nta_rank_positive_liability_rate,min,0.0414832933607,0,Optimization terminated successfully. (HiGHS Status 7: Optimal),0,0,0,0.149015979543,8.32667268469e-17,0,2.5.3,1.18.1,highs-ds,MODEL_CONTINGENT_RANK_BRIDGE_RELAXATION,False,False
rank_bridge_lp_v2,same_rank_decile,epsilon_star,0.149015979543,decile,4,nta_rank_positive_liability_rate,max,0.216352437681,0,Optimization terminated successfully. (HiGHS Status 7: Optimal),0,0,0,0.149015979543,8.32667268469e-17,0,2.5.3,1.18.1,highs-ds,MODEL_CONTINGENT_RANK_BRIDGE_RELAXATION,False,False
rank_bridge_lp_v2,same_rank_decile,epsilon_star,0.149015979543,decile,5,taxable_income_weighted_mean_MTR,min,0.0576704092407,0,Optimization terminated successfully. (HiGHS Status 7: Optimal),1.11022302463e-16,0,0,0.149015979543,8.32667268469e-17,0,2.5.3,1.18.1,highs-ds,MODEL_CONTINGENT_RANK_BRIDGE_RELAXATION,False,False
rank_bridge_lp_v2,same_rank_decile,epsilon_star,0.149015979543,decile,5,taxable_income_weighted_mean_MTR,max,0.103241125426,0,Optimization terminated successfully. (HiGHS Status 7: Optimal),0,0,0,0.149015979543,8.32667268469e-17,0,2.5.3,1.18.1,highs-ds,MODEL_CONTINGENT_RANK_BRIDGE_RELAXATION,False,False
rank_bridge_lp_v2,same_rank_decile,epsilon_star,0.149015979543,decile,5,income_tax_liability_weighted_mean_MTR,min,0.0588357335799,0,Optimization terminated successfully. (HiGHS Status 7: Optimal),1.11022302463e-16,0,0,0.149015979543,8.32667268469e-17,0,2.5.3,1.18.1,highs-ds,MODEL_CONTINGENT_RANK_BRIDGE_RELAXATION,False,False
rank_bridge_lp_v2,same_rank_decile,epsilon_star,0.149015979543,decile,5,income_tax_liability_weighted_mean_MTR,max,0.113729890589,0,Optimization terminated successfully. (HiGHS Status 7: Optimal),0,0,0,0.149015979543,8.32667268469e-17,0,2.5.3,1.18.1,highs-ds,MODEL_CONTINGENT_RANK_BRIDGE_RELAXATION,False,False
rank_bridge_lp_v2,same_rank_decile,epsilon_star,0.149015979543,decile,5,pseudo_filer_positive_tax_share,min,0.213769860376,0,Optimization terminated successfully. (HiGHS Status 7: Optimal),0,0,0,0.149015979543,8.32667268469e-17,0,2.5.3,1.18.1,highs-ds,MODEL_CONTINGENT_RANK_BRIDGE_RELAXATION,False,False
rank_bridge_lp_v2,same_rank_decile,epsilon_star,0.149015979543,decile,5,pseudo_filer_positive_tax_share,max,0.498127175654,0,Optimization terminated successfully. (HiGHS Status 7: Optimal),0,0,0,0.149015979543,8.32667268469e-17,0,2.5.3,1.18.1,highs-ds,MODEL_CONTINGENT_RANK_BRIDGE_RELAXATION,False,False
rank_bridge_lp_v2,same_rank_decile,epsilon_star,0.149015979543,decile,5,nta_rank_positive_liability_rate,min,0.0647538808327,0,Optimization terminated successfully. (HiGHS Status 7: Optimal),0,0,0,0.149015979543,8.32667268469e-17,0,2.5.3,1.18.1,highs-ds,MODEL_CONTINGENT_RANK_BRIDGE_RELAXATION,False,False
rank_bridge_lp_v2,same_rank_decile,epsilon_star,0.149015979543,decile,5,nta_rank_positive_liability_rate,max,0.349111196111,0,Optimization terminated successfully. (HiGHS Status 7: Optimal),0,0,0,0.149015979543,8.32667268469e-17,0,2.5.3,1.18.1,highs-ds,MODEL_CONTINGENT_RANK_BRIDGE_RELAXATION,False,False
rank_bridge_lp_v2,same_rank_decile,epsilon_star,0.149015979543,decile,6,taxable_income_weighted_mean_MTR,min,0.0947648347649,0,Optimization terminated successfully. (HiGHS Status 7: Optimal),0,0,0,0.149015979543,8.32667268469e-17,0,2.5.3,1.18.1,highs-ds,MODEL_CONTINGENT_RANK_BRIDGE_RELAXATION,False,False
rank_bridge_lp_v2,same_rank_decile,epsilon_star,0.149015979543,decile,6,taxable_income_weighted_mean_MTR,max,0.153348627649,0,Optimization terminated successfully. (HiGHS Status 7: Optimal),0,0,0,0.149015979543,8.32667268469e-17,0,2.5.3,1.18.1,highs-ds,MODEL_CONTINGENT_RANK_BRIDGE_RELAXATION,False,False
rank_bridge_lp_v2,same_rank_decile,epsilon_star,0.149015979543,decile,6,income_tax_liability_weighted_mean_MTR,min,0.104978832112,0,Optimization terminated successfully. (HiGHS Status 7: Optimal),0,0,0,0.149015979543,8.32667268469e-17,0,2.5.3,1.18.1,highs-ds,MODEL_CONTINGENT_RANK_BRIDGE_RELAXATION,False,False
rank_bridge_lp_v2,same_rank_decile,epsilon_star,0.149015979543,decile,6,income_tax_liability_weighted_mean_MTR,max,0.166077223997,0,Optimization terminated successfully. (HiGHS Status 7: Optimal),0,0,0,0.149015979543,8.32667268469e-17,0,2.5.3,1.18.1,highs-ds,MODEL_CONTINGENT_RANK_BRIDGE_RELAXATION,False,False
rank_bridge_lp_v2,same_rank_decile,epsilon_star,0.149015979543,decile,6,pseudo_filer_positive_tax_share,min,0.235387045814,0,Optimization terminated successfully. (HiGHS Status 7: Optimal),0,0,0,0.149015979543,8.32667268469e-17,0,2.5.3,1.18.1,highs-ds,MODEL_CONTINGENT_RANK_BRIDGE_RELAXATION,False,False
rank_bridge_lp_v2,same_rank_decile,epsilon_star,0.149015979543,decile,6,pseudo_filer_positive_tax_share,max,0.521642100457,0,Optimization terminated successfully. (HiGHS Status 7: Optimal),0,0,0,0.149015979543,8.32667268469e-17,0,2.5.3,1.18.1,highs-ds,MODEL_CONTINGENT_RANK_BRIDGE_RELAXATION,False,False
rank_bridge_lp_v2,same_rank_decile,epsilon_star,0.149015979543,decile,6,nta_rank_positive_liability_rate,min,0.177223328093,0,Optimization terminated successfully. (HiGHS Status 7: Optimal),0,0,0,0.149015979543,8.32667268469e-17,0,2.5.3,1.18.1,highs-ds,MODEL_CONTINGENT_RANK_BRIDGE_RELAXATION,False,False
rank_bridge_lp_v2,same_rank_decile,epsilon_star,0.149015979543,decile,6,nta_rank_positive_liability_rate,max,0.372626120914,0,Optimization terminated successfully. (HiGHS Status 7: Optimal),0,0,0,0.149015979543,8.32667268469e-17,0,2.5.3,1.18.1,highs-ds,MODEL_CONTINGENT_RANK_BRIDGE_RELAXATION,False,False
rank_bridge_lp_v2,same_rank_decile,epsilon_star,0.149015979543,decile,7,taxable_income_weighted_mean_MTR,min,0.109828330707,0,Optimization terminated successfully. (HiGHS Status 7: Optimal),0,3.46944695195e-18,0,0.149015979543,8.32667268469e-17,0,2.5.3,1.18.1,highs-ds,MODEL_CONTINGENT_RANK_BRIDGE_RELAXATION,False,False
rank_bridge_lp_v2,same_rank_decile,epsilon_star,0.149015979543,decile,7,taxable_income_weighted_mean_MTR,max,0.161639242084,0,Optimization terminated successfully. (HiGHS Status 7: Optimal),2.22044604925e-16,3.46944695195e-18,0,0.149015979543,8.32667268469e-17,0,2.5.3,1.18.1,highs-ds,MODEL_CONTINGENT_RANK_BRIDGE_RELAXATION,False,False
rank_bridge_lp_v2,same_rank_decile,epsilon_star,0.149015979543,decile,7,income_tax_liability_weighted_mean_MTR,min,0.122952596692,0,Optimization terminated successfully. (HiGHS Status 7: Optimal),0,3.46944695195e-18,0,0.149015979543,8.32667268469e-17,0,2.5.3,1.18.1,highs-ds,MODEL_CONTINGENT_RANK_BRIDGE_RELAXATION,False,False
rank_bridge_lp_v2,same_rank_decile,epsilon_star,0.149015979543,decile,7,income_tax_liability_weighted_mean_MTR,max,0.173753550505,0,Optimization terminated successfully. (HiGHS Status 7: Optimal),2.22044604925e-16,3.46944695195e-18,0,0.149015979543,8.32667268469e-17,0,2.5.3,1.18.1,highs-ds,MODEL_CONTINGENT_RANK_BRIDGE_RELAXATION,False,False
rank_bridge_lp_v2,same_rank_decile,epsilon_star,0.149015979543,decile,7,pseudo_filer_positive_tax_share,min,0.317057704502,0,Optimization terminated successfully. (HiGHS Status 7: Optimal),0,0,0,0.149015979543,8.32667268469e-17,0,2.5.3,1.18.1,highs-ds,MODEL_CONTINGENT_RANK_BRIDGE_RELAXATION,False,False
rank_bridge_lp_v2,same_rank_decile,epsilon_star,0.149015979543,decile,7,pseudo_filer_positive_tax_share,max,0.477924755742,0,Optimization terminated successfully. (HiGHS Status 7: Optimal),0,3.46944695195e-18,0,0.149015979543,8.32667268469e-17,0,2.5.3,1.18.1,highs-ds,MODEL_CONTINGENT_RANK_BRIDGE_RELAXATION,False,False
rank_bridge_lp_v2,same_rank_decile,epsilon_star,0.149015979543,decile,7,nta_rank_positive_liability_rate,min,0.319230342506,0,Optimization terminated successfully. (HiGHS Status 7: Optimal),0,0,0,0.149015979543,8.32667268469e-17,0,2.5.3,1.18.1,highs-ds,MODEL_CONTINGENT_RANK_BRIDGE_RELAXATION,False,False
rank_bridge_lp_v2,same_rank_decile,epsilon_star,0.149015979543,decile,7,nta_rank_positive_liability_rate,max,0.328908776198,0,Optimization terminated successfully. (HiGHS Status 7: Optimal),0,2.42861286637e-17,0,0.149015979543,8.32667268469e-17,0,2.5.3,1.18.1,highs-ds,MODEL_CONTINGENT_RANK_BRIDGE_RELAXATION,False,False
rank_bridge_lp_v2,same_rank_decile,epsilon_star,0.149015979543,decile,8,taxable_income_weighted_mean_MTR,min,0.149153421161,0,Optimization terminated successfully. (HiGHS Status 7: Optimal),0,3.46944695195e-18,0,0.149015979543,8.32667268469e-17,0,2.5.3,1.18.1,highs-ds,MODEL_CONTINGENT_RANK_BRIDGE_RELAXATION,False,False
rank_bridge_lp_v2,same_rank_decile,epsilon_star,0.149015979543,decile,8,taxable_income_weighted_mean_MTR,max,0.149194153876,0,Optimization terminated successfully. (HiGHS Status 7: Optimal),0,3.46944695195e-18,0,0.149015979543,8.32667268469e-17,0,2.5.3,1.18.1,highs-ds,MODEL_CONTINGENT_RANK_BRIDGE_RELAXATION,False,False
rank_bridge_lp_v2,same_rank_decile,epsilon_star,0.149015979543,decile,8,income_tax_liability_weighted_mean_MTR,min,0.168363305333,0,Optimization terminated successfully. (HiGHS Status 7: Optimal),0,3.46944695195e-18,0,0.149015979543,8.32667268469e-17,0,2.5.3,1.18.1,highs-ds,MODEL_CONTINGENT_RANK_BRIDGE_RELAXATION,False,False
rank_bridge_lp_v2,same_rank_decile,epsilon_star,0.149015979543,decile,8,income_tax_liability_weighted_mean_MTR,max,0.168396654424,0,Optimization terminated successfully. (HiGHS Status 7: Optimal),0,3.46944695195e-18,0,0.149015979543,8.32667268469e-17,0,2.5.3,1.18.1,highs-ds,MODEL_CONTINGENT_RANK_BRIDGE_RELAXATION,False,False
rank_bridge_lp_v2,same_rank_decile,epsilon_star,0.149015979543,decile,8,pseudo_filer_positive_tax_share,min,0.429585152838,0,Optimization terminated successfully. (HiGHS Status 7: Optimal),0,0,0,0.149015979543,8.32667268469e-17,0,2.5.3,1.18.1,highs-ds,MODEL_CONTINGENT_RANK_BRIDGE_RELAXATION,False,False
rank_bridge_lp_v2,same_rank_decile,epsilon_star,0.149015979543,decile,8,pseudo_filer_positive_tax_share,max,0.429896910881,0,Optimization terminated successfully. (HiGHS Status 7: Optimal),0,3.46944695195e-18,0,0.149015979543,8.32667268469e-17,0,2.5.3,1.18.1,highs-ds,MODEL_CONTINGENT_RANK_BRIDGE_RELAXATION,False,False
rank_bridge_lp_v2,same_rank_decile,epsilon_star,0.149015979543,decile,8,nta_rank_positive_liability_rate,min,0.280569173295,0,Optimization terminated successfully. (HiGHS Status 7: Optimal),0,0,0,0.149015979543,8.32667268469e-17,0,2.5.3,1.18.1,highs-ds,MODEL_CONTINGENT_RANK_BRIDGE_RELAXATION,False,False
rank_bridge_lp_v2,same_rank_decile,epsilon_star,0.149015979543,decile,8,nta_rank_positive_liability_rate,max,0.280880931338,0,Optimization terminated successfully. (HiGHS Status 7: Optimal),0,2.42861286637e-17,0,0.149015979543,8.32667268469e-17,0,2.5.3,1.18.1,highs-ds,MODEL_CONTINGENT_RANK_BRIDGE_RELAXATION,False,False
rank_bridge_lp_v2,same_rank_decile,epsilon_star,0.149015979543,decile,9,taxable_income_weighted_mean_MTR,min,0.179002869923,0,Optimization terminated successfully. (HiGHS Status 7: Optimal),2.22044604925e-16,0,0,0.149015979543,8.32667268469e-17,0,2.5.3,1.18.1,highs-ds,MODEL_CONTINGENT_RANK_BRIDGE_RELAXATION,False,False
rank_bridge_lp_v2,same_rank_decile,epsilon_star,0.149015979543,decile,9,taxable_income_weighted_mean_MTR,max,0.179002869923,0,Optimization terminated successfully. (HiGHS Status 7: Optimal),6.66133814775e-16,0,0,0.149015979543,8.32667268469e-17,0,2.5.3,1.18.1,highs-ds,MODEL_CONTINGENT_RANK_BRIDGE_RELAXATION,False,False
rank_bridge_lp_v2,same_rank_decile,epsilon_star,0.149015979543,decile,9,income_tax_liability_weighted_mean_MTR,min,0.196428390668,0,Optimization terminated successfully. (HiGHS Status 7: Optimal),1.55431223448e-15,0,0,0.149015979543,8.32667268469e-17,0,2.5.3,1.18.1,highs-ds,MODEL_CONTINGENT_RANK_BRIDGE_RELAXATION,False,False
rank_bridge_lp_v2,same_rank_decile,epsilon_star,0.149015979543,decile,9,income_tax_liability_weighted_mean_MTR,max,0.196428390668,0,Optimization terminated successfully. (HiGHS Status 7: Optimal),2.22044604925e-16,0,0,0.149015979543,8.32667268469e-17,0,2.5.3,1.18.1,highs-ds,MODEL_CONTINGENT_RANK_BRIDGE_RELAXATION,False,False
rank_bridge_lp_v2,same_rank_decile,epsilon_star,0.149015979543,decile,9,pseudo_filer_positive_tax_share,min,0.633608815427,0,Optimization terminated successfully. (HiGHS Status 7: Optimal),0,0,0,0.149015979543,8.32667268469e-17,0,2.5.3,1.18.1,highs-ds,MODEL_CONTINGENT_RANK_BRIDGE_RELAXATION,False,False
rank_bridge_lp_v2,same_rank_decile,epsilon_star,0.149015979543,decile,9,pseudo_filer_positive_tax_share,max,0.633608815427,0,Optimization terminated successfully. (HiGHS Status 7: Optimal),1.55431223448e-15,0,0,0.149015979543,8.32667268469e-17,0,2.5.3,1.18.1,highs-ds,MODEL_CONTINGENT_RANK_BRIDGE_RELAXATION,False,False
rank_bridge_lp_v2,same_rank_decile,epsilon_star,0.149015979543,decile,9,nta_rank_positive_liability_rate,min,0.484592835884,0,Optimization terminated successfully. (HiGHS Status 7: Optimal),0,0,0,0.149015979543,8.32667268469e-17,0,2.5.3,1.18.1,highs-ds,MODEL_CONTINGENT_RANK_BRIDGE_RELAXATION,False,False
rank_bridge_lp_v2,same_rank_decile,epsilon_star,0.149015979543,decile,9,nta_rank_positive_liability_rate,max,0.484592835884,0,Optimization terminated successfully. (HiGHS Status 7: Optimal),1.55431223448e-15,0,0,0.149015979543,8.32667268469e-17,0,2.5.3,1.18.1,highs-ds,MODEL_CONTINGENT_RANK_BRIDGE_RELAXATION,False,False
rank_bridge_lp_v2,same_rank_decile,epsilon_star,0.149015979543,decile,10,taxable_income_weighted_mean_MTR,min,0.242809967122,0,Optimization terminated successfully. (HiGHS Status 7: Optimal),0,0,0,0.149015979543,8.32667268469e-17,0,2.5.3,1.18.1,highs-ds,MODEL_CONTINGENT_RANK_BRIDGE_RELAXATION,False,False
rank_bridge_lp_v2,same_rank_decile,epsilon_star,0.149015979543,decile,10,taxable_income_weighted_mean_MTR,max,0.242809967122,0,Optimization terminated successfully. (HiGHS Status 7: Optimal),0,0,0,0.149015979543,8.32667268469e-17,0,2.5.3,1.18.1,highs-ds,MODEL_CONTINGENT_RANK_BRIDGE_RELAXATION,False,False
rank_bridge_lp_v2,same_rank_decile,epsilon_star,0.149015979543,decile,10,income_tax_liability_weighted_mean_MTR,min,0.267186538276,0,Optimization terminated successfully. (HiGHS Status 7: Optimal),0,0,0,0.149015979543,8.32667268469e-17,0,2.5.3,1.18.1,highs-ds,MODEL_CONTINGENT_RANK_BRIDGE_RELAXATION,False,False
rank_bridge_lp_v2,same_rank_decile,epsilon_star,0.149015979543,decile,10,income_tax_liability_weighted_mean_MTR,max,0.267186538276,0,Optimization terminated successfully. (HiGHS Status 7: Optimal),0,0,0,0.149015979543,8.32667268469e-17,0,2.5.3,1.18.1,highs-ds,MODEL_CONTINGENT_RANK_BRIDGE_RELAXATION,False,False
rank_bridge_lp_v2,same_rank_decile,epsilon_star,0.149015979543,decile,10,pseudo_filer_positive_tax_share,min,0.668781725888,0,Optimization terminated successfully. (HiGHS Status 7: Optimal),0,2.42861286637e-17,0,0.149015979543,8.32667268469e-17,0,2.5.3,1.18.1,highs-ds,MODEL_CONTINGENT_RANK_BRIDGE_RELAXATION,False,False
rank_bridge_lp_v2,same_rank_decile,epsilon_star,0.149015979543,decile,10,pseudo_filer_positive_tax_share,max,0.668781725888,0,Optimization terminated successfully. (HiGHS Status 7: Optimal),0,0,0,0.149015979543,8.32667268469e-17,0,2.5.3,1.18.1,highs-ds,MODEL_CONTINGENT_RANK_BRIDGE_RELAXATION,False,False
rank_bridge_lp_v2,same_rank_decile,epsilon_star,0.149015979543,decile,10,nta_rank_positive_liability_rate,min,0.519765746345,0,Optimization terminated successfully. (HiGHS Status 7: Optimal),0,2.42861286637e-17,0,0.149015979543,8.32667268469e-17,0,2.5.3,1.18.1,highs-ds,MODEL_CONTINGENT_RANK_BRIDGE_RELAXATION,False,False
rank_bridge_lp_v2,same_rank_decile,epsilon_star,0.149015979543,decile,10,nta_rank_positive_liability_rate,max,0.519765746345,0,Optimization terminated successfully. (HiGHS Status 7: Optimal),0,0,0,0.149015979543,8.32667268469e-17,0,2.5.3,1.18.1,highs-ds,MODEL_CONTINGENT_RANK_BRIDGE_RELAXATION,False,False
rank_bridge_lp_v2,same_rank_decile,epsilon_star,0.149015979543,overall,,taxable_income_weighted_mean_MTR,min,0.103389290194,0,Optimization terminated successfully. (HiGHS Status 7: Optimal),0,3.46944695195e-18,0,0.149015979543,8.32667268469e-17,0,2.5.3,1.18.1,highs-ds,MODEL_CONTINGENT_RANK_BRIDGE_RELAXATION,False,False
rank_bridge_lp_v2,same_rank_decile,epsilon_star,0.149015979543,overall,,taxable_income_weighted_mean_MTR,max,0.119819722727,0,Optimization terminated successfully. (HiGHS Status 7: Optimal),0,0,0,0.149015979543,8.32667268469e-17,0,2.5.3,1.18.1,highs-ds,MODEL_CONTINGENT_RANK_BRIDGE_RELAXATION,False,False
rank_bridge_lp_v2,same_rank_decile,epsilon_star,0.149015979543,overall,,income_tax_liability_weighted_mean_MTR,min,0.111969128307,0,Optimization terminated successfully. (HiGHS Status 7: Optimal),1.11022302463e-16,3.46944695195e-18,0,0.149015979543,2.77555756156e-17,0,2.5.3,1.18.1,highs-ds,MODEL_CONTINGENT_RANK_BRIDGE_RELAXATION,False,False
rank_bridge_lp_v2,same_rank_decile,epsilon_star,0.149015979543,overall,,income_tax_liability_weighted_mean_MTR,max,0.129585234991,0,Optimization terminated successfully. (HiGHS Status 7: Optimal),0,0,0,0.149015979543,8.32667268469e-17,0,2.5.3,1.18.1,highs-ds,MODEL_CONTINGENT_RANK_BRIDGE_RELAXATION,False,False
