spec_version,weight_scheme,epsilon_source,epsilon,scope,decile,metric,bound,endpoint_value,solver_status_code,solver_message,max_scenario_sum_residual,max_decile_mass_residual,max_category_mass_residual,max_transport_gap,max_transport_inequality_excess,minimum_decision_variable,numpy_version,scipy_version,solver_method,scientific_status,historical_v6_restricted_lp_reproduced
transport_lp_v1,equal_decile,pre_specified_grid,0.25,decile,1,taxable_income_weighted_mean_MTR,min,0.05,0,Optimization terminated successfully. (HiGHS Status 7: Optimal),0,0,6.24500451352e-17,0.25,0,0,2.5.3,1.18.1,highs-ds,MODEL_CONTINGENT_TRANSPORT_RELAXATION,False
transport_lp_v1,equal_decile,pre_specified_grid,0.25,decile,1,taxable_income_weighted_mean_MTR,max,0.05,0,Optimization terminated successfully. (HiGHS Status 7: Optimal),0,0,6.24500451352e-17,0.25,0,0,2.5.3,1.18.1,highs-ds,MODEL_CONTINGENT_TRANSPORT_RELAXATION,False
transport_lp_v1,equal_decile,pre_specified_grid,0.25,decile,1,income_tax_liability_weighted_mean_MTR,min,0.05,0,Optimization terminated successfully. (HiGHS Status 7: Optimal),0,0,6.24500451352e-17,0.25,0,0,2.5.3,1.18.1,highs-ds,MODEL_CONTINGENT_TRANSPORT_RELAXATION,False
transport_lp_v1,equal_decile,pre_specified_grid,0.25,decile,1,income_tax_liability_weighted_mean_MTR,max,0.05,0,Optimization terminated successfully. (HiGHS Status 7: Optimal),0,0,6.24500451352e-17,0.25,0,0,2.5.3,1.18.1,highs-ds,MODEL_CONTINGENT_TRANSPORT_RELAXATION,False
transport_lp_v1,equal_decile,pre_specified_grid,0.25,decile,1,pseudo_positive_modeled_annual_income_tax_share,min,0.0854779411765,0,Optimization terminated successfully. (HiGHS Status 7: Optimal),0,0,6.24500451352e-17,0.25,0,0,2.5.3,1.18.1,highs-ds,MODEL_CONTINGENT_TRANSPORT_RELAXATION,False
transport_lp_v1,equal_decile,pre_specified_grid,0.25,decile,1,pseudo_positive_modeled_annual_income_tax_share,max,0.195828505214,0,Optimization terminated successfully. (HiGHS Status 7: Optimal),0,0,6.24500451352e-17,0.25,0,0,2.5.3,1.18.1,highs-ds,MODEL_CONTINGENT_TRANSPORT_RELAXATION,False
transport_lp_v1,equal_decile,pre_specified_grid,0.25,decile,2,taxable_income_weighted_mean_MTR,min,0.05,0,Optimization terminated successfully. (HiGHS Status 7: Optimal),0,0,6.24500451352e-17,0.25,0,0,2.5.3,1.18.1,highs-ds,MODEL_CONTINGENT_TRANSPORT_RELAXATION,False
transport_lp_v1,equal_decile,pre_specified_grid,0.25,decile,2,taxable_income_weighted_mean_MTR,max,0.05,0,Optimization terminated successfully. (HiGHS Status 7: Optimal),0,0,6.24500451352e-17,0.25,0,0,2.5.3,1.18.1,highs-ds,MODEL_CONTINGENT_TRANSPORT_RELAXATION,False
transport_lp_v1,equal_decile,pre_specified_grid,0.25,decile,2,income_tax_liability_weighted_mean_MTR,min,0.05,0,Optimization terminated successfully. (HiGHS Status 7: Optimal),0,0,6.24500451352e-17,0.25,0,0,2.5.3,1.18.1,highs-ds,MODEL_CONTINGENT_TRANSPORT_RELAXATION,False
transport_lp_v1,equal_decile,pre_specified_grid,0.25,decile,2,income_tax_liability_weighted_mean_MTR,max,0.05,0,Optimization terminated successfully. (HiGHS Status 7: Optimal),0,0,6.24500451352e-17,0.25,0,0,2.5.3,1.18.1,highs-ds,MODEL_CONTINGENT_TRANSPORT_RELAXATION,False
transport_lp_v1,equal_decile,pre_specified_grid,0.25,decile,2,pseudo_positive_modeled_annual_income_tax_share,min,0.14409221902,0,Optimization terminated successfully. (HiGHS Status 7: Optimal),0,0,6.24500451352e-17,0.25,0,0,2.5.3,1.18.1,highs-ds,MODEL_CONTINGENT_TRANSPORT_RELAXATION,False
transport_lp_v1,equal_decile,pre_specified_grid,0.25,decile,2,pseudo_positive_modeled_annual_income_tax_share,max,0.537836695882,0,Optimization terminated successfully. (HiGHS Status 7: Optimal),0,0,5.55111512313e-17,0.25,1.11022302463e-16,0,2.5.3,1.18.1,highs-ds,MODEL_CONTINGENT_TRANSPORT_RELAXATION,False
transport_lp_v1,equal_decile,pre_specified_grid,0.25,decile,3,taxable_income_weighted_mean_MTR,min,0.05,0,Optimization terminated successfully. (HiGHS Status 7: Optimal),0,0,6.24500451352e-17,0.25,0,0,2.5.3,1.18.1,highs-ds,MODEL_CONTINGENT_TRANSPORT_RELAXATION,False
transport_lp_v1,equal_decile,pre_specified_grid,0.25,decile,3,taxable_income_weighted_mean_MTR,max,0.05,0,Optimization terminated successfully. (HiGHS Status 7: Optimal),0,0,6.24500451352e-17,0.25,0,0,2.5.3,1.18.1,highs-ds,MODEL_CONTINGENT_TRANSPORT_RELAXATION,False
transport_lp_v1,equal_decile,pre_specified_grid,0.25,decile,3,income_tax_liability_weighted_mean_MTR,min,0.05,0,Optimization terminated successfully. (HiGHS Status 7: Optimal),0,0,6.24500451352e-17,0.25,0,0,2.5.3,1.18.1,highs-ds,MODEL_CONTINGENT_TRANSPORT_RELAXATION,False
transport_lp_v1,equal_decile,pre_specified_grid,0.25,decile,3,income_tax_liability_weighted_mean_MTR,max,0.05,0,Optimization terminated successfully. (HiGHS Status 7: Optimal),0,0,6.24500451352e-17,0.25,0,0,2.5.3,1.18.1,highs-ds,MODEL_CONTINGENT_TRANSPORT_RELAXATION,False
transport_lp_v1,equal_decile,pre_specified_grid,0.25,decile,3,pseudo_positive_modeled_annual_income_tax_share,min,0.156598513011,0,Optimization terminated successfully. (HiGHS Status 7: Optimal),0,0,6.24500451352e-17,0.25,0,0,2.5.3,1.18.1,highs-ds,MODEL_CONTINGENT_TRANSPORT_RELAXATION,False
transport_lp_v1,equal_decile,pre_specified_grid,0.25,decile,3,pseudo_positive_modeled_annual_income_tax_share,max,0.537836695882,0,Optimization terminated successfully. (HiGHS Status 7: Optimal),0,2.77555756156e-17,4.16333634234e-17,0.25,0,0,2.5.3,1.18.1,highs-ds,MODEL_CONTINGENT_TRANSPORT_RELAXATION,False
transport_lp_v1,equal_decile,pre_specified_grid,0.25,decile,4,taxable_income_weighted_mean_MTR,min,0.05,0,Optimization terminated successfully. (HiGHS Status 7: Optimal),0,0,6.24500451352e-17,0.25,0,0,2.5.3,1.18.1,highs-ds,MODEL_CONTINGENT_TRANSPORT_RELAXATION,False
transport_lp_v1,equal_decile,pre_specified_grid,0.25,decile,4,taxable_income_weighted_mean_MTR,max,0.058968460929,0,Optimization terminated successfully. (HiGHS Status 7: Optimal),0,0,6.24500451352e-17,0.25,0,0,2.5.3,1.18.1,highs-ds,MODEL_CONTINGENT_TRANSPORT_RELAXATION,False
transport_lp_v1,equal_decile,pre_specified_grid,0.25,decile,4,income_tax_liability_weighted_mean_MTR,min,0.05,0,Optimization terminated successfully. (HiGHS Status 7: Optimal),0,0,6.24500451352e-17,0.25,0,0,2.5.3,1.18.1,highs-ds,MODEL_CONTINGENT_TRANSPORT_RELAXATION,False
transport_lp_v1,equal_decile,pre_specified_grid,0.25,decile,4,income_tax_liability_weighted_mean_MTR,max,0.0602889317796,0,Optimization terminated successfully. (HiGHS Status 7: Optimal),0,0,6.24500451352e-17,0.25,0,0,2.5.3,1.18.1,highs-ds,MODEL_CONTINGENT_TRANSPORT_RELAXATION,False
transport_lp_v1,equal_decile,pre_specified_grid,0.25,decile,4,pseudo_positive_modeled_annual_income_tax_share,min,0.190499272904,0,Optimization terminated successfully. (HiGHS Status 7: Optimal),0,0,6.24500451352e-17,0.25,0,0,2.5.3,1.18.1,highs-ds,MODEL_CONTINGENT_TRANSPORT_RELAXATION,False
transport_lp_v1,equal_decile,pre_specified_grid,0.25,decile,4,pseudo_positive_modeled_annual_income_tax_share,max,0.504604051565,0,Optimization terminated successfully. (HiGHS Status 7: Optimal),0,0,6.24500451352e-17,0.25,0,0,2.5.3,1.18.1,highs-ds,MODEL_CONTINGENT_TRANSPORT_RELAXATION,False
transport_lp_v1,equal_decile,pre_specified_grid,0.25,decile,5,taxable_income_weighted_mean_MTR,min,0.0576275172653,0,Optimization terminated successfully. (HiGHS Status 7: Optimal),0,4.16333634234e-17,1.11022302463e-16,0.25,0,0,2.5.3,1.18.1,highs-ds,MODEL_CONTINGENT_TRANSPORT_RELAXATION,False
transport_lp_v1,equal_decile,pre_specified_grid,0.25,decile,5,taxable_income_weighted_mean_MTR,max,0.103241125426,0,Optimization terminated successfully. (HiGHS Status 7: Optimal),0,0,6.24500451352e-17,0.25,0,0,2.5.3,1.18.1,highs-ds,MODEL_CONTINGENT_TRANSPORT_RELAXATION,False
transport_lp_v1,equal_decile,pre_specified_grid,0.25,decile,5,income_tax_liability_weighted_mean_MTR,min,0.058761784877,0,Optimization terminated successfully. (HiGHS Status 7: Optimal),0,4.16333634234e-17,1.11022302463e-16,0.25,0,0,2.5.3,1.18.1,highs-ds,MODEL_CONTINGENT_TRANSPORT_RELAXATION,False
transport_lp_v1,equal_decile,pre_specified_grid,0.25,decile,5,income_tax_liability_weighted_mean_MTR,max,0.113729890589,0,Optimization terminated successfully. (HiGHS Status 7: Optimal),0,0,6.24500451352e-17,0.25,0,0,2.5.3,1.18.1,highs-ds,MODEL_CONTINGENT_TRANSPORT_RELAXATION,False
transport_lp_v1,equal_decile,pre_specified_grid,0.25,decile,5,pseudo_positive_modeled_annual_income_tax_share,min,0.213769860376,0,Optimization terminated successfully. (HiGHS Status 7: Optimal),0,0,6.24500451352e-17,0.25,0,0,2.5.3,1.18.1,highs-ds,MODEL_CONTINGENT_TRANSPORT_RELAXATION,False
transport_lp_v1,equal_decile,pre_specified_grid,0.25,decile,5,pseudo_positive_modeled_annual_income_tax_share,max,0.537836695882,0,Optimization terminated successfully. (HiGHS Status 7: Optimal),0,4.16333634234e-17,1.11022302463e-16,0.25,0,0,2.5.3,1.18.1,highs-ds,MODEL_CONTINGENT_TRANSPORT_RELAXATION,False
transport_lp_v1,equal_decile,pre_specified_grid,0.25,decile,6,taxable_income_weighted_mean_MTR,min,0.0945551847046,0,Optimization terminated successfully. (HiGHS Status 7: Optimal),0,0,5.55111512313e-17,0.25,0,0,2.5.3,1.18.1,highs-ds,MODEL_CONTINGENT_TRANSPORT_RELAXATION,False
transport_lp_v1,equal_decile,pre_specified_grid,0.25,decile,6,taxable_income_weighted_mean_MTR,max,0.153348627649,0,Optimization terminated successfully. (HiGHS Status 7: Optimal),0,1.38777878078e-17,6.24500451352e-17,0.25,5.55111512313e-17,0,2.5.3,1.18.1,highs-ds,MODEL_CONTINGENT_TRANSPORT_RELAXATION,False
transport_lp_v1,equal_decile,pre_specified_grid,0.25,decile,6,income_tax_liability_weighted_mean_MTR,min,0.104721210072,0,Optimization terminated successfully. (HiGHS Status 7: Optimal),0,0,5.55111512313e-17,0.25,0,0,2.5.3,1.18.1,highs-ds,MODEL_CONTINGENT_TRANSPORT_RELAXATION,False
transport_lp_v1,equal_decile,pre_specified_grid,0.25,decile,6,income_tax_liability_weighted_mean_MTR,max,0.166077223997,0,Optimization terminated successfully. (HiGHS Status 7: Optimal),0,1.38777878078e-17,6.24500451352e-17,0.25,5.55111512313e-17,0,2.5.3,1.18.1,highs-ds,MODEL_CONTINGENT_TRANSPORT_RELAXATION,False
transport_lp_v1,equal_decile,pre_specified_grid,0.25,decile,6,pseudo_positive_modeled_annual_income_tax_share,min,0.235387045814,0,Optimization terminated successfully. (HiGHS Status 7: Optimal),0,0,6.24500451352e-17,0.25,0,0,2.5.3,1.18.1,highs-ds,MODEL_CONTINGENT_TRANSPORT_RELAXATION,False
transport_lp_v1,equal_decile,pre_specified_grid,0.25,decile,6,pseudo_positive_modeled_annual_income_tax_share,max,0.532498042287,0,Optimization terminated successfully. (HiGHS Status 7: Optimal),0,0,5.55111512313e-17,0.25,0,0,2.5.3,1.18.1,highs-ds,MODEL_CONTINGENT_TRANSPORT_RELAXATION,False
transport_lp_v1,equal_decile,pre_specified_grid,0.25,decile,7,taxable_income_weighted_mean_MTR,min,0.101040597253,0,Optimization terminated successfully. (HiGHS Status 7: Optimal),0,0,6.24500451352e-17,0.25,5.55111512313e-17,0,2.5.3,1.18.1,highs-ds,MODEL_CONTINGENT_TRANSPORT_RELAXATION,False
transport_lp_v1,equal_decile,pre_specified_grid,0.25,decile,7,taxable_income_weighted_mean_MTR,max,0.163026691675,0,Optimization terminated successfully. (HiGHS Status 7: Optimal),0,0,5.55111512313e-17,0.25,1.11022302463e-16,0,2.5.3,1.18.1,highs-ds,MODEL_CONTINGENT_TRANSPORT_RELAXATION,False
transport_lp_v1,equal_decile,pre_specified_grid,0.25,decile,7,income_tax_liability_weighted_mean_MTR,min,0.114321209827,0,Optimization terminated successfully. (HiGHS Status 7: Optimal),0,0,6.24500451352e-17,0.25,5.55111512313e-17,0,2.5.3,1.18.1,highs-ds,MODEL_CONTINGENT_TRANSPORT_RELAXATION,False
transport_lp_v1,equal_decile,pre_specified_grid,0.25,decile,7,income_tax_liability_weighted_mean_MTR,max,0.175450513879,0,Optimization terminated successfully. (HiGHS Status 7: Optimal),0,0,5.55111512313e-17,0.25,1.11022302463e-16,0,2.5.3,1.18.1,highs-ds,MODEL_CONTINGENT_TRANSPORT_RELAXATION,False
transport_lp_v1,equal_decile,pre_specified_grid,0.25,decile,7,pseudo_positive_modeled_annual_income_tax_share,min,0.317057704502,0,Optimization terminated successfully. (HiGHS Status 7: Optimal),0,0,6.24500451352e-17,0.25,0,0,2.5.3,1.18.1,highs-ds,MODEL_CONTINGENT_TRANSPORT_RELAXATION,False
transport_lp_v1,equal_decile,pre_specified_grid,0.25,decile,7,pseudo_positive_modeled_annual_income_tax_share,max,0.537836695882,0,Optimization terminated successfully. (HiGHS Status 7: Optimal),0,0,5.55111512313e-17,0.25,1.11022302463e-16,0,2.5.3,1.18.1,highs-ds,MODEL_CONTINGENT_TRANSPORT_RELAXATION,False
transport_lp_v1,equal_decile,pre_specified_grid,0.25,decile,8,taxable_income_weighted_mean_MTR,min,0.147301839663,0,Optimization terminated successfully. (HiGHS Status 7: Optimal),0,0,5.55111512313e-17,0.25,0,0,2.5.3,1.18.1,highs-ds,MODEL_CONTINGENT_TRANSPORT_RELAXATION,False
transport_lp_v1,equal_decile,pre_specified_grid,0.25,decile,8,taxable_income_weighted_mean_MTR,max,0.161445433607,0,Optimization terminated successfully. (HiGHS Status 7: Optimal),0,0,5.55111512313e-17,0.25,0,0,2.5.3,1.18.1,highs-ds,MODEL_CONTINGENT_TRANSPORT_RELAXATION,False
transport_lp_v1,equal_decile,pre_specified_grid,0.25,decile,8,income_tax_liability_weighted_mean_MTR,min,0.166494757771,0,Optimization terminated successfully. (HiGHS Status 7: Optimal),0,0,5.55111512313e-17,0.25,0,0,2.5.3,1.18.1,highs-ds,MODEL_CONTINGENT_TRANSPORT_RELAXATION,False
transport_lp_v1,equal_decile,pre_specified_grid,0.25,decile,8,income_tax_liability_weighted_mean_MTR,max,0.178074540871,0,Optimization terminated successfully. (HiGHS Status 7: Optimal),0,0,5.55111512313e-17,0.25,0,0,2.5.3,1.18.1,highs-ds,MODEL_CONTINGENT_TRANSPORT_RELAXATION,False
transport_lp_v1,equal_decile,pre_specified_grid,0.25,decile,8,pseudo_positive_modeled_annual_income_tax_share,min,0.429585152838,0,Optimization terminated successfully. (HiGHS Status 7: Optimal),0,0,6.24500451352e-17,0.25,0,0,2.5.3,1.18.1,highs-ds,MODEL_CONTINGENT_TRANSPORT_RELAXATION,False
transport_lp_v1,equal_decile,pre_specified_grid,0.25,decile,8,pseudo_positive_modeled_annual_income_tax_share,max,0.537836695882,0,Optimization terminated successfully. (HiGHS Status 7: Optimal),0,0,5.55111512313e-17,0.25,0,0,2.5.3,1.18.1,highs-ds,MODEL_CONTINGENT_TRANSPORT_RELAXATION,False
transport_lp_v1,equal_decile,pre_specified_grid,0.25,decile,9,taxable_income_weighted_mean_MTR,min,0.178201240515,0,Optimization terminated successfully. (HiGHS Status 7: Optimal),0,0,6.24500451352e-17,0.25,0,0,2.5.3,1.18.1,highs-ds,MODEL_CONTINGENT_TRANSPORT_RELAXATION,False
transport_lp_v1,equal_decile,pre_specified_grid,0.25,decile,9,taxable_income_weighted_mean_MTR,max,0.179159712742,0,Optimization terminated successfully. (HiGHS Status 7: Optimal),0,0,6.24500451352e-17,0.25,0,0,2.5.3,1.18.1,highs-ds,MODEL_CONTINGENT_TRANSPORT_RELAXATION,False
transport_lp_v1,equal_decile,pre_specified_grid,0.25,decile,9,income_tax_liability_weighted_mean_MTR,min,0.195432243797,0,Optimization terminated successfully. (HiGHS Status 7: Optimal),0,0,6.24500451352e-17,0.25,0,0,2.5.3,1.18.1,highs-ds,MODEL_CONTINGENT_TRANSPORT_RELAXATION,False
transport_lp_v1,equal_decile,pre_specified_grid,0.25,decile,9,income_tax_liability_weighted_mean_MTR,max,0.196515266822,0,Optimization terminated successfully. (HiGHS Status 7: Optimal),0,0,6.24500451352e-17,0.25,0,0,2.5.3,1.18.1,highs-ds,MODEL_CONTINGENT_TRANSPORT_RELAXATION,False
transport_lp_v1,equal_decile,pre_specified_grid,0.25,decile,9,pseudo_positive_modeled_annual_income_tax_share,min,0.633608815427,0,Optimization terminated successfully. (HiGHS Status 7: Optimal),0,0,5.55111512313e-17,0.25,0,0,2.5.3,1.18.1,highs-ds,MODEL_CONTINGENT_TRANSPORT_RELAXATION,False
transport_lp_v1,equal_decile,pre_specified_grid,0.25,decile,9,pseudo_positive_modeled_annual_income_tax_share,max,0.649870915278,0,Optimization terminated successfully. (HiGHS Status 7: Optimal),0,0,6.24500451352e-17,0.25,0,0,2.5.3,1.18.1,highs-ds,MODEL_CONTINGENT_TRANSPORT_RELAXATION,False
transport_lp_v1,equal_decile,pre_specified_grid,0.25,decile,10,taxable_income_weighted_mean_MTR,min,0.241928419181,0,Optimization terminated successfully. (HiGHS Status 7: Optimal),0,0,5.55111512313e-17,0.25,0,0,2.5.3,1.18.1,highs-ds,MODEL_CONTINGENT_TRANSPORT_RELAXATION,False
transport_lp_v1,equal_decile,pre_specified_grid,0.25,decile,10,taxable_income_weighted_mean_MTR,max,0.259100656512,0,Optimization terminated successfully. (HiGHS Status 7: Optimal),0,0,5.55111512313e-17,0.25,0,0,2.5.3,1.18.1,highs-ds,MODEL_CONTINGENT_TRANSPORT_RELAXATION,False
transport_lp_v1,equal_decile,pre_specified_grid,0.25,decile,10,income_tax_liability_weighted_mean_MTR,min,0.265611525043,0,Optimization terminated successfully. (HiGHS Status 7: Optimal),0,0,5.55111512313e-17,0.25,0,0,2.5.3,1.18.1,highs-ds,MODEL_CONTINGENT_TRANSPORT_RELAXATION,False
transport_lp_v1,equal_decile,pre_specified_grid,0.25,decile,10,income_tax_liability_weighted_mean_MTR,max,0.283414241215,0,Optimization terminated successfully. (HiGHS Status 7: Optimal),0,0,5.55111512313e-17,0.25,0,0,2.5.3,1.18.1,highs-ds,MODEL_CONTINGENT_TRANSPORT_RELAXATION,False
transport_lp_v1,equal_decile,pre_specified_grid,0.25,decile,10,pseudo_positive_modeled_annual_income_tax_share,min,0.668781725888,0,Optimization terminated successfully. (HiGHS Status 7: Optimal),0,0,6.24500451352e-17,0.25,0,0,2.5.3,1.18.1,highs-ds,MODEL_CONTINGENT_TRANSPORT_RELAXATION,False
transport_lp_v1,equal_decile,pre_specified_grid,0.25,decile,10,pseudo_positive_modeled_annual_income_tax_share,max,0.685043825739,0,Optimization terminated successfully. (HiGHS Status 7: Optimal),0,0,5.55111512313e-17,0.25,0,0,2.5.3,1.18.1,highs-ds,MODEL_CONTINGENT_TRANSPORT_RELAXATION,False
transport_lp_v1,equal_decile,pre_specified_grid,0.25,overall,,taxable_income_weighted_mean_MTR,min,0.102407870644,0,Optimization terminated successfully. (HiGHS Status 7: Optimal),2.22044604925e-16,0,5.55111512313e-17,0.25,1.11022302463e-16,0,2.5.3,1.18.1,highs-ds,MODEL_CONTINGENT_TRANSPORT_RELAXATION,False
transport_lp_v1,equal_decile,pre_specified_grid,0.25,overall,,taxable_income_weighted_mean_MTR,max,0.122445873184,0,Optimization terminated successfully. (HiGHS Status 7: Optimal),0,1.38777878078e-17,5.55111512313e-17,0.25,1.11022302463e-16,0,2.5.3,1.18.1,highs-ds,MODEL_CONTINGENT_TRANSPORT_RELAXATION,False
transport_lp_v1,equal_decile,pre_specified_grid,0.25,overall,,income_tax_liability_weighted_mean_MTR,min,0.110930579448,0,Optimization terminated successfully. (HiGHS Status 7: Optimal),0,0,5.55111512313e-17,0.25,1.11022302463e-16,0,2.5.3,1.18.1,highs-ds,MODEL_CONTINGENT_TRANSPORT_RELAXATION,False
transport_lp_v1,equal_decile,pre_specified_grid,0.25,overall,,income_tax_liability_weighted_mean_MTR,max,0.131976820646,0,Optimization terminated successfully. (HiGHS Status 7: Optimal),0,1.38777878078e-17,5.55111512313e-17,0.25,1.11022302463e-16,0,2.5.3,1.18.1,highs-ds,MODEL_CONTINGENT_TRANSPORT_RELAXATION,False
transport_lp_v1,equal_decile,pre_specified_grid,0.275,decile,1,taxable_income_weighted_mean_MTR,min,0.05,0,Optimization terminated successfully. (HiGHS Status 7: Optimal),0,0,5.55111512313e-17,0.275,0,0,2.5.3,1.18.1,highs-ds,MODEL_CONTINGENT_TRANSPORT_RELAXATION,False
transport_lp_v1,equal_decile,pre_specified_grid,0.275,decile,1,taxable_income_weighted_mean_MTR,max,0.05,0,Optimization terminated successfully. (HiGHS Status 7: Optimal),0,0,5.55111512313e-17,0.275,0,0,2.5.3,1.18.1,highs-ds,MODEL_CONTINGENT_TRANSPORT_RELAXATION,False
transport_lp_v1,equal_decile,pre_specified_grid,0.275,decile,1,income_tax_liability_weighted_mean_MTR,min,0.05,0,Optimization terminated successfully. (HiGHS Status 7: Optimal),0,0,5.55111512313e-17,0.275,0,0,2.5.3,1.18.1,highs-ds,MODEL_CONTINGENT_TRANSPORT_RELAXATION,False
transport_lp_v1,equal_decile,pre_specified_grid,0.275,decile,1,income_tax_liability_weighted_mean_MTR,max,0.05,0,Optimization terminated successfully. (HiGHS Status 7: Optimal),0,0,5.55111512313e-17,0.275,0,0,2.5.3,1.18.1,highs-ds,MODEL_CONTINGENT_TRANSPORT_RELAXATION,False
transport_lp_v1,equal_decile,pre_specified_grid,0.275,decile,1,pseudo_positive_modeled_annual_income_tax_share,min,0.0854779411765,0,Optimization terminated successfully. (HiGHS Status 7: Optimal),0,0,5.55111512313e-17,0.275,0,0,2.5.3,1.18.1,highs-ds,MODEL_CONTINGENT_TRANSPORT_RELAXATION,False
transport_lp_v1,equal_decile,pre_specified_grid,0.275,decile,1,pseudo_positive_modeled_annual_income_tax_share,max,0.195828505214,0,Optimization terminated successfully. (HiGHS Status 7: Optimal),0,0,5.55111512313e-17,0.275,0,0,2.5.3,1.18.1,highs-ds,MODEL_CONTINGENT_TRANSPORT_RELAXATION,False
transport_lp_v1,equal_decile,pre_specified_grid,0.275,decile,2,taxable_income_weighted_mean_MTR,min,0.05,0,Optimization terminated successfully. (HiGHS Status 7: Optimal),0,0,5.55111512313e-17,0.275,0,0,2.5.3,1.18.1,highs-ds,MODEL_CONTINGENT_TRANSPORT_RELAXATION,False
transport_lp_v1,equal_decile,pre_specified_grid,0.275,decile,2,taxable_income_weighted_mean_MTR,max,0.05,0,Optimization terminated successfully. (HiGHS Status 7: Optimal),0,0,5.55111512313e-17,0.275,0,0,2.5.3,1.18.1,highs-ds,MODEL_CONTINGENT_TRANSPORT_RELAXATION,False
transport_lp_v1,equal_decile,pre_specified_grid,0.275,decile,2,income_tax_liability_weighted_mean_MTR,min,0.05,0,Optimization terminated successfully. (HiGHS Status 7: Optimal),0,0,5.55111512313e-17,0.275,0,0,2.5.3,1.18.1,highs-ds,MODEL_CONTINGENT_TRANSPORT_RELAXATION,False
transport_lp_v1,equal_decile,pre_specified_grid,0.275,decile,2,income_tax_liability_weighted_mean_MTR,max,0.05,0,Optimization terminated successfully. (HiGHS Status 7: Optimal),0,0,5.55111512313e-17,0.275,0,0,2.5.3,1.18.1,highs-ds,MODEL_CONTINGENT_TRANSPORT_RELAXATION,False
transport_lp_v1,equal_decile,pre_specified_grid,0.275,decile,2,pseudo_positive_modeled_annual_income_tax_share,min,0.14409221902,0,Optimization terminated successfully. (HiGHS Status 7: Optimal),0,0,5.55111512313e-17,0.275,0,0,2.5.3,1.18.1,highs-ds,MODEL_CONTINGENT_TRANSPORT_RELAXATION,False
transport_lp_v1,equal_decile,pre_specified_grid,0.275,decile,2,pseudo_positive_modeled_annual_income_tax_share,max,0.578826237054,0,Optimization terminated successfully. (HiGHS Status 7: Optimal),0,1.38777878078e-17,5.55111512313e-17,0.275,5.55111512313e-17,0,2.5.3,1.18.1,highs-ds,MODEL_CONTINGENT_TRANSPORT_RELAXATION,False
transport_lp_v1,equal_decile,pre_specified_grid,0.275,decile,3,taxable_income_weighted_mean_MTR,min,0.05,0,Optimization terminated successfully. (HiGHS Status 7: Optimal),0,0,5.55111512313e-17,0.275,0,0,2.5.3,1.18.1,highs-ds,MODEL_CONTINGENT_TRANSPORT_RELAXATION,False
transport_lp_v1,equal_decile,pre_specified_grid,0.275,decile,3,taxable_income_weighted_mean_MTR,max,0.05,0,Optimization terminated successfully. (HiGHS Status 7: Optimal),0,0,5.55111512313e-17,0.275,0,0,2.5.3,1.18.1,highs-ds,MODEL_CONTINGENT_TRANSPORT_RELAXATION,False
transport_lp_v1,equal_decile,pre_specified_grid,0.275,decile,3,income_tax_liability_weighted_mean_MTR,min,0.05,0,Optimization terminated successfully. (HiGHS Status 7: Optimal),0,0,5.55111512313e-17,0.275,0,0,2.5.3,1.18.1,highs-ds,MODEL_CONTINGENT_TRANSPORT_RELAXATION,False
transport_lp_v1,equal_decile,pre_specified_grid,0.275,decile,3,income_tax_liability_weighted_mean_MTR,max,0.05,0,Optimization terminated successfully. (HiGHS Status 7: Optimal),0,0,5.55111512313e-17,0.275,0,0,2.5.3,1.18.1,highs-ds,MODEL_CONTINGENT_TRANSPORT_RELAXATION,False
transport_lp_v1,equal_decile,pre_specified_grid,0.275,decile,3,pseudo_positive_modeled_annual_income_tax_share,min,0.156598513011,0,Optimization terminated successfully. (HiGHS Status 7: Optimal),0,0,5.55111512313e-17,0.275,0,0,2.5.3,1.18.1,highs-ds,MODEL_CONTINGENT_TRANSPORT_RELAXATION,False
transport_lp_v1,equal_decile,pre_specified_grid,0.275,decile,3,pseudo_positive_modeled_annual_income_tax_share,max,0.5468914647,0,Optimization terminated successfully. (HiGHS Status 7: Optimal),0,0,5.55111512313e-17,0.275,5.55111512313e-17,0,2.5.3,1.18.1,highs-ds,MODEL_CONTINGENT_TRANSPORT_RELAXATION,False
transport_lp_v1,equal_decile,pre_specified_grid,0.275,decile,4,taxable_income_weighted_mean_MTR,min,0.05,0,Optimization terminated successfully. (HiGHS Status 7: Optimal),0,0,5.55111512313e-17,0.275,0,0,2.5.3,1.18.1,highs-ds,MODEL_CONTINGENT_TRANSPORT_RELAXATION,False
transport_lp_v1,equal_decile,pre_specified_grid,0.275,decile,4,taxable_income_weighted_mean_MTR,max,0.058968460929,0,Optimization terminated successfully. (HiGHS Status 7: Optimal),0,0,5.55111512313e-17,0.275,0,0,2.5.3,1.18.1,highs-ds,MODEL_CONTINGENT_TRANSPORT_RELAXATION,False
transport_lp_v1,equal_decile,pre_specified_grid,0.275,decile,4,income_tax_liability_weighted_mean_MTR,min,0.05,0,Optimization terminated successfully. (HiGHS Status 7: Optimal),0,0,5.55111512313e-17,0.275,0,0,2.5.3,1.18.1,highs-ds,MODEL_CONTINGENT_TRANSPORT_RELAXATION,False
transport_lp_v1,equal_decile,pre_specified_grid,0.275,decile,4,income_tax_liability_weighted_mean_MTR,max,0.0602889317796,0,Optimization terminated successfully. (HiGHS Status 7: Optimal),0,0,5.55111512313e-17,0.275,0,0,2.5.3,1.18.1,highs-ds,MODEL_CONTINGENT_TRANSPORT_RELAXATION,False
transport_lp_v1,equal_decile,pre_specified_grid,0.275,decile,4,pseudo_positive_modeled_annual_income_tax_share,min,0.190499272904,0,Optimization terminated successfully. (HiGHS Status 7: Optimal),0,0,5.55111512313e-17,0.275,0,0,2.5.3,1.18.1,highs-ds,MODEL_CONTINGENT_TRANSPORT_RELAXATION,False
transport_lp_v1,equal_decile,pre_specified_grid,0.275,decile,4,pseudo_positive_modeled_annual_income_tax_share,max,0.504604051565,0,Optimization terminated successfully. (HiGHS Status 7: Optimal),0,0,5.55111512313e-17,0.275,1.11022302463e-16,0,2.5.3,1.18.1,highs-ds,MODEL_CONTINGENT_TRANSPORT_RELAXATION,False
transport_lp_v1,equal_decile,pre_specified_grid,0.275,decile,5,taxable_income_weighted_mean_MTR,min,0.0575744226295,0,Optimization terminated successfully. (HiGHS Status 7: Optimal),0,0,5.55111512313e-17,0.275,0,0,2.5.3,1.18.1,highs-ds,MODEL_CONTINGENT_TRANSPORT_RELAXATION,False
transport_lp_v1,equal_decile,pre_specified_grid,0.275,decile,5,taxable_income_weighted_mean_MTR,max,0.103241125426,0,Optimization terminated successfully. (HiGHS Status 7: Optimal),0,0,5.55111512313e-17,0.275,0,0,2.5.3,1.18.1,highs-ds,MODEL_CONTINGENT_TRANSPORT_RELAXATION,False
transport_lp_v1,equal_decile,pre_specified_grid,0.275,decile,5,income_tax_liability_weighted_mean_MTR,min,0.0586702460887,0,Optimization terminated successfully. (HiGHS Status 7: Optimal),0,0,5.55111512313e-17,0.275,0,0,2.5.3,1.18.1,highs-ds,MODEL_CONTINGENT_TRANSPORT_RELAXATION,False
transport_lp_v1,equal_decile,pre_specified_grid,0.275,decile,5,income_tax_liability_weighted_mean_MTR,max,0.113729890589,0,Optimization terminated successfully. (HiGHS Status 7: Optimal),0,0,5.55111512313e-17,0.275,0,0,2.5.3,1.18.1,highs-ds,MODEL_CONTINGENT_TRANSPORT_RELAXATION,False
transport_lp_v1,equal_decile,pre_specified_grid,0.275,decile,5,pseudo_positive_modeled_annual_income_tax_share,min,0.213769860376,0,Optimization terminated successfully. (HiGHS Status 7: Optimal),0,0,5.55111512313e-17,0.275,0,0,2.5.3,1.18.1,highs-ds,MODEL_CONTINGENT_TRANSPORT_RELAXATION,False
transport_lp_v1,equal_decile,pre_specified_grid,0.275,decile,5,pseudo_positive_modeled_annual_income_tax_share,max,0.586991869919,0,Optimization terminated successfully. (HiGHS Status 7: Optimal),0,0,5.55111512313e-17,0.275,0,0,2.5.3,1.18.1,highs-ds,MODEL_CONTINGENT_TRANSPORT_RELAXATION,False
transport_lp_v1,equal_decile,pre_specified_grid,0.275,decile,6,taxable_income_weighted_mean_MTR,min,0.0945551847046,0,Optimization terminated successfully. (HiGHS Status 7: Optimal),0,1.38777878078e-17,5.55111512313e-17,0.275,5.55111512313e-17,0,2.5.3,1.18.1,highs-ds,MODEL_CONTINGENT_TRANSPORT_RELAXATION,False
transport_lp_v1,equal_decile,pre_specified_grid,0.275,decile,6,taxable_income_weighted_mean_MTR,max,0.153348627649,0,Optimization terminated successfully. (HiGHS Status 7: Optimal),0,0,5.55111512313e-17,0.275,0,0,2.5.3,1.18.1,highs-ds,MODEL_CONTINGENT_TRANSPORT_RELAXATION,False
transport_lp_v1,equal_decile,pre_specified_grid,0.275,decile,6,income_tax_liability_weighted_mean_MTR,min,0.104721210072,0,Optimization terminated successfully. (HiGHS Status 7: Optimal),0,1.38777878078e-17,5.55111512313e-17,0.275,5.55111512313e-17,0,2.5.3,1.18.1,highs-ds,MODEL_CONTINGENT_TRANSPORT_RELAXATION,False
transport_lp_v1,equal_decile,pre_specified_grid,0.275,decile,6,income_tax_liability_weighted_mean_MTR,max,0.166077223997,0,Optimization terminated successfully. (HiGHS Status 7: Optimal),0,0,5.55111512313e-17,0.275,0,0,2.5.3,1.18.1,highs-ds,MODEL_CONTINGENT_TRANSPORT_RELAXATION,False
transport_lp_v1,equal_decile,pre_specified_grid,0.275,decile,6,pseudo_positive_modeled_annual_income_tax_share,min,0.235387045814,0,Optimization terminated successfully. (HiGHS Status 7: Optimal),0,0,5.55111512313e-17,0.275,0,0,2.5.3,1.18.1,highs-ds,MODEL_CONTINGENT_TRANSPORT_RELAXATION,False
transport_lp_v1,equal_decile,pre_specified_grid,0.275,decile,6,pseudo_positive_modeled_annual_income_tax_share,max,0.532498042287,0,Optimization terminated successfully. (HiGHS Status 7: Optimal),0,1.38777878078e-17,5.55111512313e-17,0.275,5.55111512313e-17,0,2.5.3,1.18.1,highs-ds,MODEL_CONTINGENT_TRANSPORT_RELAXATION,False
transport_lp_v1,equal_decile,pre_specified_grid,0.275,decile,7,taxable_income_weighted_mean_MTR,min,0.101040597253,0,Optimization terminated successfully. (HiGHS Status 7: Optimal),0,2.77555756156e-17,5.55111512313e-17,0.275,1.11022302463e-16,0,2.5.3,1.18.1,highs-ds,MODEL_CONTINGENT_TRANSPORT_RELAXATION,False
transport_lp_v1,equal_decile,pre_specified_grid,0.275,decile,7,taxable_income_weighted_mean_MTR,max,0.16445572026,0,Optimization terminated successfully. (HiGHS Status 7: Optimal),0,0,5.55111512313e-17,0.275,5.55111512313e-17,0,2.5.3,1.18.1,highs-ds,MODEL_CONTINGENT_TRANSPORT_RELAXATION,False
transport_lp_v1,equal_decile,pre_specified_grid,0.275,decile,7,income_tax_liability_weighted_mean_MTR,min,0.114321209827,0,Optimization terminated successfully. (HiGHS Status 7: Optimal),0,2.77555756156e-17,5.55111512313e-17,0.275,1.11022302463e-16,0,2.5.3,1.18.1,highs-ds,MODEL_CONTINGENT_TRANSPORT_RELAXATION,False
transport_lp_v1,equal_decile,pre_specified_grid,0.275,decile,7,income_tax_liability_weighted_mean_MTR,max,0.177198331736,0,Optimization terminated successfully. (HiGHS Status 7: Optimal),0,0,5.55111512313e-17,0.275,5.55111512313e-17,0,2.5.3,1.18.1,highs-ds,MODEL_CONTINGENT_TRANSPORT_RELAXATION,False
transport_lp_v1,equal_decile,pre_specified_grid,0.275,decile,7,pseudo_positive_modeled_annual_income_tax_share,min,0.317057704502,0,Optimization terminated successfully. (HiGHS Status 7: Optimal),0,0,5.55111512313e-17,0.275,0,0,2.5.3,1.18.1,highs-ds,MODEL_CONTINGENT_TRANSPORT_RELAXATION,False
transport_lp_v1,equal_decile,pre_specified_grid,0.275,decile,7,pseudo_positive_modeled_annual_income_tax_share,max,0.612836695882,0,Optimization terminated successfully. (HiGHS Status 7: Optimal),0,0,5.55111512313e-17,0.275,0,0,2.5.3,1.18.1,highs-ds,MODEL_CONTINGENT_TRANSPORT_RELAXATION,False
transport_lp_v1,equal_decile,pre_specified_grid,0.275,decile,8,taxable_income_weighted_mean_MTR,min,0.146015301874,0,Optimization terminated successfully. (HiGHS Status 7: Optimal),0,0,5.55111512313e-17,0.275,0,0,2.5.3,1.18.1,highs-ds,MODEL_CONTINGENT_TRANSPORT_RELAXATION,False
transport_lp_v1,equal_decile,pre_specified_grid,0.275,decile,8,taxable_income_weighted_mean_MTR,max,0.169958012911,0,Optimization terminated successfully. (HiGHS Status 7: Optimal),0,0,5.55111512313e-17,0.275,0,0,2.5.3,1.18.1,highs-ds,MODEL_CONTINGENT_TRANSPORT_RELAXATION,False
transport_lp_v1,equal_decile,pre_specified_grid,0.275,decile,8,income_tax_liability_weighted_mean_MTR,min,0.16519643142,0,Optimization terminated successfully. (HiGHS Status 7: Optimal),0,0,5.55111512313e-17,0.275,0,0,2.5.3,1.18.1,highs-ds,MODEL_CONTINGENT_TRANSPORT_RELAXATION,False
transport_lp_v1,equal_decile,pre_specified_grid,0.275,decile,8,income_tax_liability_weighted_mean_MTR,max,0.184799044571,0,Optimization terminated successfully. (HiGHS Status 7: Optimal),0,0,5.55111512313e-17,0.275,0,0,2.5.3,1.18.1,highs-ds,MODEL_CONTINGENT_TRANSPORT_RELAXATION,False
transport_lp_v1,equal_decile,pre_specified_grid,0.275,decile,8,pseudo_positive_modeled_annual_income_tax_share,min,0.429585152838,0,Optimization terminated successfully. (HiGHS Status 7: Optimal),0,0,5.55111512313e-17,0.275,1.11022302463e-16,0,2.5.3,1.18.1,highs-ds,MODEL_CONTINGENT_TRANSPORT_RELAXATION,False
transport_lp_v1,equal_decile,pre_specified_grid,0.275,decile,8,pseudo_positive_modeled_annual_income_tax_share,max,0.612836695882,0,Optimization terminated successfully. (HiGHS Status 7: Optimal),0,0,5.55111512313e-17,0.275,0,0,2.5.3,1.18.1,highs-ds,MODEL_CONTINGENT_TRANSPORT_RELAXATION,False
transport_lp_v1,equal_decile,pre_specified_grid,0.275,decile,9,taxable_income_weighted_mean_MTR,min,0.175736523732,0,Optimization terminated successfully. (HiGHS Status 7: Optimal),0,0,5.55111512313e-17,0.275,0,0,2.5.3,1.18.1,highs-ds,MODEL_CONTINGENT_TRANSPORT_RELAXATION,False
transport_lp_v1,equal_decile,pre_specified_grid,0.275,decile,9,taxable_income_weighted_mean_MTR,max,0.179641946956,0,Optimization terminated successfully. (HiGHS Status 7: Optimal),0,0,5.55111512313e-17,0.275,0,0,2.5.3,1.18.1,highs-ds,MODEL_CONTINGENT_TRANSPORT_RELAXATION,False
transport_lp_v1,equal_decile,pre_specified_grid,0.275,decile,9,income_tax_liability_weighted_mean_MTR,min,0.192369457071,0,Optimization terminated successfully. (HiGHS Status 7: Optimal),0,0,5.55111512313e-17,0.275,0,0,2.5.3,1.18.1,highs-ds,MODEL_CONTINGENT_TRANSPORT_RELAXATION,False
transport_lp_v1,equal_decile,pre_specified_grid,0.275,decile,9,income_tax_liability_weighted_mean_MTR,max,0.19678237917,0,Optimization terminated successfully. (HiGHS Status 7: Optimal),0,0,5.55111512313e-17,0.275,0,0,2.5.3,1.18.1,highs-ds,MODEL_CONTINGENT_TRANSPORT_RELAXATION,False
transport_lp_v1,equal_decile,pre_specified_grid,0.275,decile,9,pseudo_positive_modeled_annual_income_tax_share,min,0.633608815427,0,Optimization terminated successfully. (HiGHS Status 7: Optimal),0,0,6.24500451352e-17,0.275,0,0,2.5.3,1.18.1,highs-ds,MODEL_CONTINGENT_TRANSPORT_RELAXATION,False
transport_lp_v1,equal_decile,pre_specified_grid,0.275,decile,9,pseudo_positive_modeled_annual_income_tax_share,max,0.699870915278,0,Optimization terminated successfully. (HiGHS Status 7: Optimal),0,0,5.55111512313e-17,0.275,0,0,2.5.3,1.18.1,highs-ds,MODEL_CONTINGENT_TRANSPORT_RELAXATION,False
transport_lp_v1,equal_decile,pre_specified_grid,0.275,decile,10,taxable_income_weighted_mean_MTR,min,0.239324165474,0,Optimization terminated successfully. (HiGHS Status 7: Optimal),0,0,5.55111512313e-17,0.275,5.55111512313e-17,0,2.5.3,1.18.1,highs-ds,MODEL_CONTINGENT_TRANSPORT_RELAXATION,False
transport_lp_v1,equal_decile,pre_specified_grid,0.275,decile,10,taxable_income_weighted_mean_MTR,max,0.296421496398,0,Optimization terminated successfully. (HiGHS Status 7: Optimal),0,0,5.55111512313e-17,0.275,0,0,2.5.3,1.18.1,highs-ds,MODEL_CONTINGENT_TRANSPORT_RELAXATION,False
transport_lp_v1,equal_decile,pre_specified_grid,0.275,decile,10,income_tax_liability_weighted_mean_MTR,min,0.260768936302,0,Optimization terminated successfully. (HiGHS Status 7: Optimal),0,0,5.55111512313e-17,0.275,0,0,2.5.3,1.18.1,highs-ds,MODEL_CONTINGENT_TRANSPORT_RELAXATION,False
transport_lp_v1,equal_decile,pre_specified_grid,0.275,decile,10,income_tax_liability_weighted_mean_MTR,max,0.320590783508,0,Optimization terminated successfully. (HiGHS Status 7: Optimal),0,0,5.55111512313e-17,0.275,0,0,2.5.3,1.18.1,highs-ds,MODEL_CONTINGENT_TRANSPORT_RELAXATION,False
transport_lp_v1,equal_decile,pre_specified_grid,0.275,decile,10,pseudo_positive_modeled_annual_income_tax_share,min,0.668781725888,0,Optimization terminated successfully. (HiGHS Status 7: Optimal),0,0,5.55111512313e-17,0.275,0,0,2.5.3,1.18.1,highs-ds,MODEL_CONTINGENT_TRANSPORT_RELAXATION,False
transport_lp_v1,equal_decile,pre_specified_grid,0.275,decile,10,pseudo_positive_modeled_annual_income_tax_share,max,0.735043825739,0,Optimization terminated successfully. (HiGHS Status 7: Optimal),0,0,5.55111512313e-17,0.275,0,0,2.5.3,1.18.1,highs-ds,MODEL_CONTINGENT_TRANSPORT_RELAXATION,False
transport_lp_v1,equal_decile,pre_specified_grid,0.275,overall,,taxable_income_weighted_mean_MTR,min,0.101995644568,0,Optimization terminated successfully. (HiGHS Status 7: Optimal),0,0,5.55111512313e-17,0.275,1.11022302463e-16,0,2.5.3,1.18.1,highs-ds,MODEL_CONTINGENT_TRANSPORT_RELAXATION,False
transport_lp_v1,equal_decile,pre_specified_grid,0.275,overall,,taxable_income_weighted_mean_MTR,max,0.126664258388,0,Optimization terminated successfully. (HiGHS Status 7: Optimal),0,0,5.55111512313e-17,0.275,1.11022302463e-16,0,2.5.3,1.18.1,highs-ds,MODEL_CONTINGENT_TRANSPORT_RELAXATION,False
transport_lp_v1,equal_decile,pre_specified_grid,0.275,overall,,income_tax_liability_weighted_mean_MTR,min,0.110279732572,0,Optimization terminated successfully. (HiGHS Status 7: Optimal),1.11022302463e-16,0,5.55111512313e-17,0.275,1.11022302463e-16,0,2.5.3,1.18.1,highs-ds,MODEL_CONTINGENT_TRANSPORT_RELAXATION,False
transport_lp_v1,equal_decile,pre_specified_grid,0.275,overall,,income_tax_liability_weighted_mean_MTR,max,0.136103704388,0,Optimization terminated successfully. (HiGHS Status 7: Optimal),0,0,5.55111512313e-17,0.275,1.11022302463e-16,0,2.5.3,1.18.1,highs-ds,MODEL_CONTINGENT_TRANSPORT_RELAXATION,False
transport_lp_v1,equal_decile,pre_specified_grid,0.3,decile,1,taxable_income_weighted_mean_MTR,min,0.05,0,Optimization terminated successfully. (HiGHS Status 7: Optimal),0,0,5.55111512313e-17,0.3,5.55111512313e-17,0,2.5.3,1.18.1,highs-ds,MODEL_CONTINGENT_TRANSPORT_RELAXATION,False
transport_lp_v1,equal_decile,pre_specified_grid,0.3,decile,1,taxable_income_weighted_mean_MTR,max,0.05,0,Optimization terminated successfully. (HiGHS Status 7: Optimal),0,0,5.55111512313e-17,0.3,5.55111512313e-17,0,2.5.3,1.18.1,highs-ds,MODEL_CONTINGENT_TRANSPORT_RELAXATION,False
transport_lp_v1,equal_decile,pre_specified_grid,0.3,decile,1,income_tax_liability_weighted_mean_MTR,min,0.05,0,Optimization terminated successfully. (HiGHS Status 7: Optimal),0,0,5.55111512313e-17,0.3,5.55111512313e-17,0,2.5.3,1.18.1,highs-ds,MODEL_CONTINGENT_TRANSPORT_RELAXATION,False
transport_lp_v1,equal_decile,pre_specified_grid,0.3,decile,1,income_tax_liability_weighted_mean_MTR,max,0.05,0,Optimization terminated successfully. (HiGHS Status 7: Optimal),0,0,5.55111512313e-17,0.3,5.55111512313e-17,0,2.5.3,1.18.1,highs-ds,MODEL_CONTINGENT_TRANSPORT_RELAXATION,False
transport_lp_v1,equal_decile,pre_specified_grid,0.3,decile,1,pseudo_positive_modeled_annual_income_tax_share,min,0.0854779411765,0,Optimization terminated successfully. (HiGHS Status 7: Optimal),0,0,5.55111512313e-17,0.3,5.55111512313e-17,0,2.5.3,1.18.1,highs-ds,MODEL_CONTINGENT_TRANSPORT_RELAXATION,False
transport_lp_v1,equal_decile,pre_specified_grid,0.3,decile,1,pseudo_positive_modeled_annual_income_tax_share,max,0.195828505214,0,Optimization terminated successfully. (HiGHS Status 7: Optimal),0,0,5.55111512313e-17,0.3,5.55111512313e-17,0,2.5.3,1.18.1,highs-ds,MODEL_CONTINGENT_TRANSPORT_RELAXATION,False
transport_lp_v1,equal_decile,pre_specified_grid,0.3,decile,2,taxable_income_weighted_mean_MTR,min,0.05,0,Optimization terminated successfully. (HiGHS Status 7: Optimal),0,0,5.55111512313e-17,0.3,5.55111512313e-17,0,2.5.3,1.18.1,highs-ds,MODEL_CONTINGENT_TRANSPORT_RELAXATION,False
transport_lp_v1,equal_decile,pre_specified_grid,0.3,decile,2,taxable_income_weighted_mean_MTR,max,0.05,0,Optimization terminated successfully. (HiGHS Status 7: Optimal),0,0,5.55111512313e-17,0.3,5.55111512313e-17,0,2.5.3,1.18.1,highs-ds,MODEL_CONTINGENT_TRANSPORT_RELAXATION,False
transport_lp_v1,equal_decile,pre_specified_grid,0.3,decile,2,income_tax_liability_weighted_mean_MTR,min,0.05,0,Optimization terminated successfully. (HiGHS Status 7: Optimal),0,0,5.55111512313e-17,0.3,5.55111512313e-17,0,2.5.3,1.18.1,highs-ds,MODEL_CONTINGENT_TRANSPORT_RELAXATION,False
transport_lp_v1,equal_decile,pre_specified_grid,0.3,decile,2,income_tax_liability_weighted_mean_MTR,max,0.05,0,Optimization terminated successfully. (HiGHS Status 7: Optimal),0,0,5.55111512313e-17,0.3,5.55111512313e-17,0,2.5.3,1.18.1,highs-ds,MODEL_CONTINGENT_TRANSPORT_RELAXATION,False
transport_lp_v1,equal_decile,pre_specified_grid,0.3,decile,2,pseudo_positive_modeled_annual_income_tax_share,min,0.14409221902,0,Optimization terminated successfully. (HiGHS Status 7: Optimal),0,0,5.55111512313e-17,0.3,5.55111512313e-17,0,2.5.3,1.18.1,highs-ds,MODEL_CONTINGENT_TRANSPORT_RELAXATION,False
transport_lp_v1,equal_decile,pre_specified_grid,0.3,decile,2,pseudo_positive_modeled_annual_income_tax_share,max,0.578826237054,0,Optimization terminated successfully. (HiGHS Status 7: Optimal),0,1.38777878078e-17,5.55111512313e-17,0.3,0,0,2.5.3,1.18.1,highs-ds,MODEL_CONTINGENT_TRANSPORT_RELAXATION,False
transport_lp_v1,equal_decile,pre_specified_grid,0.3,decile,3,taxable_income_weighted_mean_MTR,min,0.05,0,Optimization terminated successfully. (HiGHS Status 7: Optimal),0,0,5.55111512313e-17,0.3,5.55111512313e-17,0,2.5.3,1.18.1,highs-ds,MODEL_CONTINGENT_TRANSPORT_RELAXATION,False
transport_lp_v1,equal_decile,pre_specified_grid,0.3,decile,3,taxable_income_weighted_mean_MTR,max,0.05,0,Optimization terminated successfully. (HiGHS Status 7: Optimal),0,0,5.55111512313e-17,0.3,5.55111512313e-17,0,2.5.3,1.18.1,highs-ds,MODEL_CONTINGENT_TRANSPORT_RELAXATION,False
transport_lp_v1,equal_decile,pre_specified_grid,0.3,decile,3,income_tax_liability_weighted_mean_MTR,min,0.05,0,Optimization terminated successfully. (HiGHS Status 7: Optimal),0,0,5.55111512313e-17,0.3,5.55111512313e-17,0,2.5.3,1.18.1,highs-ds,MODEL_CONTINGENT_TRANSPORT_RELAXATION,False
transport_lp_v1,equal_decile,pre_specified_grid,0.3,decile,3,income_tax_liability_weighted_mean_MTR,max,0.05,0,Optimization terminated successfully. (HiGHS Status 7: Optimal),0,0,5.55111512313e-17,0.3,5.55111512313e-17,0,2.5.3,1.18.1,highs-ds,MODEL_CONTINGENT_TRANSPORT_RELAXATION,False
transport_lp_v1,equal_decile,pre_specified_grid,0.3,decile,3,pseudo_positive_modeled_annual_income_tax_share,min,0.156598513011,0,Optimization terminated successfully. (HiGHS Status 7: Optimal),0,0,5.55111512313e-17,0.3,5.55111512313e-17,0,2.5.3,1.18.1,highs-ds,MODEL_CONTINGENT_TRANSPORT_RELAXATION,False
transport_lp_v1,equal_decile,pre_specified_grid,0.3,decile,3,pseudo_positive_modeled_annual_income_tax_share,max,0.5468914647,0,Optimization terminated successfully. (HiGHS Status 7: Optimal),0,0,5.55111512313e-17,0.3,5.55111512313e-17,0,2.5.3,1.18.1,highs-ds,MODEL_CONTINGENT_TRANSPORT_RELAXATION,False
transport_lp_v1,equal_decile,pre_specified_grid,0.3,decile,4,taxable_income_weighted_mean_MTR,min,0.05,0,Optimization terminated successfully. (HiGHS Status 7: Optimal),0,0,5.55111512313e-17,0.3,5.55111512313e-17,0,2.5.3,1.18.1,highs-ds,MODEL_CONTINGENT_TRANSPORT_RELAXATION,False
transport_lp_v1,equal_decile,pre_specified_grid,0.3,decile,4,taxable_income_weighted_mean_MTR,max,0.058968460929,0,Optimization terminated successfully. (HiGHS Status 7: Optimal),0,0,5.55111512313e-17,0.3,5.55111512313e-17,0,2.5.3,1.18.1,highs-ds,MODEL_CONTINGENT_TRANSPORT_RELAXATION,False
transport_lp_v1,equal_decile,pre_specified_grid,0.3,decile,4,income_tax_liability_weighted_mean_MTR,min,0.05,0,Optimization terminated successfully. (HiGHS Status 7: Optimal),0,0,5.55111512313e-17,0.3,5.55111512313e-17,0,2.5.3,1.18.1,highs-ds,MODEL_CONTINGENT_TRANSPORT_RELAXATION,False
transport_lp_v1,equal_decile,pre_specified_grid,0.3,decile,4,income_tax_liability_weighted_mean_MTR,max,0.0602889317796,0,Optimization terminated successfully. (HiGHS Status 7: Optimal),0,0,5.55111512313e-17,0.3,5.55111512313e-17,0,2.5.3,1.18.1,highs-ds,MODEL_CONTINGENT_TRANSPORT_RELAXATION,False
transport_lp_v1,equal_decile,pre_specified_grid,0.3,decile,4,pseudo_positive_modeled_annual_income_tax_share,min,0.190499272904,0,Optimization terminated successfully. (HiGHS Status 7: Optimal),0,0,5.55111512313e-17,0.3,5.55111512313e-17,0,2.5.3,1.18.1,highs-ds,MODEL_CONTINGENT_TRANSPORT_RELAXATION,False
transport_lp_v1,equal_decile,pre_specified_grid,0.3,decile,4,pseudo_positive_modeled_annual_income_tax_share,max,0.504604051565,0,Optimization terminated successfully. (HiGHS Status 7: Optimal),0,0,5.55111512313e-17,0.3,5.55111512313e-17,0,2.5.3,1.18.1,highs-ds,MODEL_CONTINGENT_TRANSPORT_RELAXATION,False
transport_lp_v1,equal_decile,pre_specified_grid,0.3,decile,5,taxable_income_weighted_mean_MTR,min,0.0575744226295,0,Optimization terminated successfully. (HiGHS Status 7: Optimal),0,1.38777878078e-17,5.55111512313e-17,0.3,5.55111512313e-17,0,2.5.3,1.18.1,highs-ds,MODEL_CONTINGENT_TRANSPORT_RELAXATION,False
transport_lp_v1,equal_decile,pre_specified_grid,0.3,decile,5,taxable_income_weighted_mean_MTR,max,0.103241125426,0,Optimization terminated successfully. (HiGHS Status 7: Optimal),0,0,5.55111512313e-17,0.3,5.55111512313e-17,0,2.5.3,1.18.1,highs-ds,MODEL_CONTINGENT_TRANSPORT_RELAXATION,False
transport_lp_v1,equal_decile,pre_specified_grid,0.3,decile,5,income_tax_liability_weighted_mean_MTR,min,0.0586702460887,0,Optimization terminated successfully. (HiGHS Status 7: Optimal),0,1.38777878078e-17,5.55111512313e-17,0.3,5.55111512313e-17,0,2.5.3,1.18.1,highs-ds,MODEL_CONTINGENT_TRANSPORT_RELAXATION,False
transport_lp_v1,equal_decile,pre_specified_grid,0.3,decile,5,income_tax_liability_weighted_mean_MTR,max,0.113729890589,0,Optimization terminated successfully. (HiGHS Status 7: Optimal),0,0,5.55111512313e-17,0.3,5.55111512313e-17,0,2.5.3,1.18.1,highs-ds,MODEL_CONTINGENT_TRANSPORT_RELAXATION,False
transport_lp_v1,equal_decile,pre_specified_grid,0.3,decile,5,pseudo_positive_modeled_annual_income_tax_share,min,0.213769860376,0,Optimization terminated successfully. (HiGHS Status 7: Optimal),0,0,5.55111512313e-17,0.3,5.55111512313e-17,0,2.5.3,1.18.1,highs-ds,MODEL_CONTINGENT_TRANSPORT_RELAXATION,False
transport_lp_v1,equal_decile,pre_specified_grid,0.3,decile,5,pseudo_positive_modeled_annual_income_tax_share,max,0.586991869919,0,Optimization terminated successfully. (HiGHS Status 7: Optimal),0,1.38777878078e-17,5.55111512313e-17,0.3,5.55111512313e-17,0,2.5.3,1.18.1,highs-ds,MODEL_CONTINGENT_TRANSPORT_RELAXATION,False
transport_lp_v1,equal_decile,pre_specified_grid,0.3,decile,6,taxable_income_weighted_mean_MTR,min,0.0945551847046,0,Optimization terminated successfully. (HiGHS Status 7: Optimal),0,1.38777878078e-17,5.55111512313e-17,0.3,5.55111512313e-17,0,2.5.3,1.18.1,highs-ds,MODEL_CONTINGENT_TRANSPORT_RELAXATION,False
transport_lp_v1,equal_decile,pre_specified_grid,0.3,decile,6,taxable_income_weighted_mean_MTR,max,0.153348627649,0,Optimization terminated successfully. (HiGHS Status 7: Optimal),0,0,5.55111512313e-17,0.3,5.55111512313e-17,0,2.5.3,1.18.1,highs-ds,MODEL_CONTINGENT_TRANSPORT_RELAXATION,False
transport_lp_v1,equal_decile,pre_specified_grid,0.3,decile,6,income_tax_liability_weighted_mean_MTR,min,0.104721210072,0,Optimization terminated successfully. (HiGHS Status 7: Optimal),0,1.38777878078e-17,5.55111512313e-17,0.3,5.55111512313e-17,0,2.5.3,1.18.1,highs-ds,MODEL_CONTINGENT_TRANSPORT_RELAXATION,False
transport_lp_v1,equal_decile,pre_specified_grid,0.3,decile,6,income_tax_liability_weighted_mean_MTR,max,0.166077223997,0,Optimization terminated successfully. (HiGHS Status 7: Optimal),0,0,5.55111512313e-17,0.3,5.55111512313e-17,0,2.5.3,1.18.1,highs-ds,MODEL_CONTINGENT_TRANSPORT_RELAXATION,False
transport_lp_v1,equal_decile,pre_specified_grid,0.3,decile,6,pseudo_positive_modeled_annual_income_tax_share,min,0.235387045814,0,Optimization terminated successfully. (HiGHS Status 7: Optimal),0,0,5.55111512313e-17,0.3,5.55111512313e-17,0,2.5.3,1.18.1,highs-ds,MODEL_CONTINGENT_TRANSPORT_RELAXATION,False
transport_lp_v1,equal_decile,pre_specified_grid,0.3,decile,6,pseudo_positive_modeled_annual_income_tax_share,max,0.532498042287,0,Optimization terminated successfully. (HiGHS Status 7: Optimal),0,1.38777878078e-17,5.55111512313e-17,0.3,5.55111512313e-17,0,2.5.3,1.18.1,highs-ds,MODEL_CONTINGENT_TRANSPORT_RELAXATION,False
transport_lp_v1,equal_decile,pre_specified_grid,0.3,decile,7,taxable_income_weighted_mean_MTR,min,0.101040597253,0,Optimization terminated successfully. (HiGHS Status 7: Optimal),0,0,5.55111512313e-17,0.3,0,0,2.5.3,1.18.1,highs-ds,MODEL_CONTINGENT_TRANSPORT_RELAXATION,False
transport_lp_v1,equal_decile,pre_specified_grid,0.3,decile,7,taxable_income_weighted_mean_MTR,max,0.16445572026,0,Optimization terminated successfully. (HiGHS Status 7: Optimal),0,1.38777878078e-17,5.55111512313e-17,0.3,0,0,2.5.3,1.18.1,highs-ds,MODEL_CONTINGENT_TRANSPORT_RELAXATION,False
transport_lp_v1,equal_decile,pre_specified_grid,0.3,decile,7,income_tax_liability_weighted_mean_MTR,min,0.114321209827,0,Optimization terminated successfully. (HiGHS Status 7: Optimal),0,0,5.55111512313e-17,0.3,0,0,2.5.3,1.18.1,highs-ds,MODEL_CONTINGENT_TRANSPORT_RELAXATION,False
transport_lp_v1,equal_decile,pre_specified_grid,0.3,decile,7,income_tax_liability_weighted_mean_MTR,max,0.177198331736,0,Optimization terminated successfully. (HiGHS Status 7: Optimal),0,1.38777878078e-17,5.55111512313e-17,0.3,0,0,2.5.3,1.18.1,highs-ds,MODEL_CONTINGENT_TRANSPORT_RELAXATION,False
transport_lp_v1,equal_decile,pre_specified_grid,0.3,decile,7,pseudo_positive_modeled_annual_income_tax_share,min,0.317057704502,0,Optimization terminated successfully. (HiGHS Status 7: Optimal),0,0,5.55111512313e-17,0.3,5.55111512313e-17,0,2.5.3,1.18.1,highs-ds,MODEL_CONTINGENT_TRANSPORT_RELAXATION,False
transport_lp_v1,equal_decile,pre_specified_grid,0.3,decile,7,pseudo_positive_modeled_annual_income_tax_share,max,0.687836695882,0,Optimization terminated successfully. (HiGHS Status 7: Optimal),0,0,5.55111512313e-17,0.3,0,0,2.5.3,1.18.1,highs-ds,MODEL_CONTINGENT_TRANSPORT_RELAXATION,False
transport_lp_v1,equal_decile,pre_specified_grid,0.3,decile,8,taxable_income_weighted_mean_MTR,min,0.144728764084,0,Optimization terminated successfully. (HiGHS Status 7: Optimal),0,0,7.6327832943e-17,0.3,5.55111512313e-17,0,2.5.3,1.18.1,highs-ds,MODEL_CONTINGENT_TRANSPORT_RELAXATION,False
transport_lp_v1,equal_decile,pre_specified_grid,0.3,decile,8,taxable_income_weighted_mean_MTR,max,0.178470592215,0,Optimization terminated successfully. (HiGHS Status 7: Optimal),0,0,7.6327832943e-17,0.3,0,0,2.5.3,1.18.1,highs-ds,MODEL_CONTINGENT_TRANSPORT_RELAXATION,False
transport_lp_v1,equal_decile,pre_specified_grid,0.3,decile,8,income_tax_liability_weighted_mean_MTR,min,0.16389810507,0,Optimization terminated successfully. (HiGHS Status 7: Optimal),0,0,7.6327832943e-17,0.3,5.55111512313e-17,0,2.5.3,1.18.1,highs-ds,MODEL_CONTINGENT_TRANSPORT_RELAXATION,False
transport_lp_v1,equal_decile,pre_specified_grid,0.3,decile,8,income_tax_liability_weighted_mean_MTR,max,0.191523548271,0,Optimization terminated successfully. (HiGHS Status 7: Optimal),0,0,7.6327832943e-17,0.3,0,0,2.5.3,1.18.1,highs-ds,MODEL_CONTINGENT_TRANSPORT_RELAXATION,False
transport_lp_v1,equal_decile,pre_specified_grid,0.3,decile,8,pseudo_positive_modeled_annual_income_tax_share,min,0.429585152838,0,Optimization terminated successfully. (HiGHS Status 7: Optimal),0,0,5.55111512313e-17,0.3,5.55111512313e-17,0,2.5.3,1.18.1,highs-ds,MODEL_CONTINGENT_TRANSPORT_RELAXATION,False
transport_lp_v1,equal_decile,pre_specified_grid,0.3,decile,8,pseudo_positive_modeled_annual_income_tax_share,max,0.687836695882,0,Optimization terminated successfully. (HiGHS Status 7: Optimal),0,0,7.6327832943e-17,0.3,5.55111512313e-17,0,2.5.3,1.18.1,highs-ds,MODEL_CONTINGENT_TRANSPORT_RELAXATION,False
transport_lp_v1,equal_decile,pre_specified_grid,0.3,decile,9,taxable_income_weighted_mean_MTR,min,0.17327180695,0,Optimization terminated successfully. (HiGHS Status 7: Optimal),0,0,5.55111512313e-17,0.3,0,0,2.5.3,1.18.1,highs-ds,MODEL_CONTINGENT_TRANSPORT_RELAXATION,False
transport_lp_v1,equal_decile,pre_specified_grid,0.3,decile,9,taxable_income_weighted_mean_MTR,max,0.18012418117,0,Optimization terminated successfully. (HiGHS Status 7: Optimal),0,0,5.55111512313e-17,0.3,5.55111512313e-17,0,2.5.3,1.18.1,highs-ds,MODEL_CONTINGENT_TRANSPORT_RELAXATION,False
transport_lp_v1,equal_decile,pre_specified_grid,0.3,decile,9,income_tax_liability_weighted_mean_MTR,min,0.189508659507,0,Optimization terminated successfully. (HiGHS Status 7: Optimal),0,0,5.55111512313e-17,0.3,1.66533453694e-16,0,2.5.3,1.18.1,highs-ds,MODEL_CONTINGENT_TRANSPORT_RELAXATION,False
transport_lp_v1,equal_decile,pre_specified_grid,0.3,decile,9,income_tax_liability_weighted_mean_MTR,max,0.197049491518,0,Optimization terminated successfully. (HiGHS Status 7: Optimal),0,0,5.55111512313e-17,0.3,0,0,2.5.3,1.18.1,highs-ds,MODEL_CONTINGENT_TRANSPORT_RELAXATION,False
transport_lp_v1,equal_decile,pre_specified_grid,0.3,decile,9,pseudo_positive_modeled_annual_income_tax_share,min,0.633608815427,0,Optimization terminated successfully. (HiGHS Status 7: Optimal),0,0,5.55111512313e-17,0.3,5.55111512313e-17,0,2.5.3,1.18.1,highs-ds,MODEL_CONTINGENT_TRANSPORT_RELAXATION,False
transport_lp_v1,equal_decile,pre_specified_grid,0.3,decile,9,pseudo_positive_modeled_annual_income_tax_share,max,0.749870915278,0,Optimization terminated successfully. (HiGHS Status 7: Optimal),0,0,5.55111512313e-17,0.3,5.55111512313e-17,0,2.5.3,1.18.1,highs-ds,MODEL_CONTINGENT_TRANSPORT_RELAXATION,False
transport_lp_v1,equal_decile,pre_specified_grid,0.3,decile,10,taxable_income_weighted_mean_MTR,min,0.239324165474,0,Optimization terminated successfully. (HiGHS Status 7: Optimal),0,0,5.55111512313e-17,0.3,5.55111512313e-17,0,2.5.3,1.18.1,highs-ds,MODEL_CONTINGENT_TRANSPORT_RELAXATION,False
transport_lp_v1,equal_decile,pre_specified_grid,0.3,decile,10,taxable_income_weighted_mean_MTR,max,0.296421496398,0,Optimization terminated successfully. (HiGHS Status 7: Optimal),0,0,5.55111512313e-17,0.3,0,0,2.5.3,1.18.1,highs-ds,MODEL_CONTINGENT_TRANSPORT_RELAXATION,False
transport_lp_v1,equal_decile,pre_specified_grid,0.3,decile,10,income_tax_liability_weighted_mean_MTR,min,0.260468505645,0,Optimization terminated successfully. (HiGHS Status 7: Optimal),0,0,6.24500451352e-17,0.3,5.55111512313e-17,0,2.5.3,1.18.1,highs-ds,MODEL_CONTINGENT_TRANSPORT_RELAXATION,False
transport_lp_v1,equal_decile,pre_specified_grid,0.3,decile,10,income_tax_liability_weighted_mean_MTR,max,0.320590783508,0,Optimization terminated successfully. (HiGHS Status 7: Optimal),0,0,5.55111512313e-17,0.3,0,0,2.5.3,1.18.1,highs-ds,MODEL_CONTINGENT_TRANSPORT_RELAXATION,False
transport_lp_v1,equal_decile,pre_specified_grid,0.3,decile,10,pseudo_positive_modeled_annual_income_tax_share,min,0.668781725888,0,Optimization terminated successfully. (HiGHS Status 7: Optimal),0,0,5.55111512313e-17,0.3,5.55111512313e-17,0,2.5.3,1.18.1,highs-ds,MODEL_CONTINGENT_TRANSPORT_RELAXATION,False
transport_lp_v1,equal_decile,pre_specified_grid,0.3,decile,10,pseudo_positive_modeled_annual_income_tax_share,max,0.738145789101,0,Optimization terminated successfully. (HiGHS Status 7: Optimal),0,0,6.24500451352e-17,0.3,5.55111512313e-17,0,2.5.3,1.18.1,highs-ds,MODEL_CONTINGENT_TRANSPORT_RELAXATION,False
transport_lp_v1,equal_decile,pre_specified_grid,0.3,overall,,taxable_income_weighted_mean_MTR,min,0.101615401624,0,Optimization terminated successfully. (HiGHS Status 7: Optimal),0,0,3.46944695195e-17,0.3,0,0,2.5.3,1.18.1,highs-ds,MODEL_CONTINGENT_TRANSPORT_RELAXATION,False
transport_lp_v1,equal_decile,pre_specified_grid,0.3,overall,,taxable_income_weighted_mean_MTR,max,0.127573411689,0,Optimization terminated successfully. (HiGHS Status 7: Optimal),1.11022302463e-16,1.38777878078e-17,5.55111512313e-17,0.3,5.55111512313e-17,0,2.5.3,1.18.1,highs-ds,MODEL_CONTINGENT_TRANSPORT_RELAXATION,False
transport_lp_v1,equal_decile,pre_specified_grid,0.3,overall,,income_tax_liability_weighted_mean_MTR,min,0.109820733631,0,Optimization terminated successfully. (HiGHS Status 7: Optimal),0,0,6.24500451352e-17,0.3,5.55111512313e-17,0,2.5.3,1.18.1,highs-ds,MODEL_CONTINGENT_TRANSPORT_RELAXATION,False
transport_lp_v1,equal_decile,pre_specified_grid,0.3,overall,,income_tax_liability_weighted_mean_MTR,max,0.136846965491,0,Optimization terminated successfully. (HiGHS Status 7: Optimal),1.11022302463e-16,1.38777878078e-17,5.55111512313e-17,0.3,5.55111512313e-17,0,2.5.3,1.18.1,highs-ds,MODEL_CONTINGENT_TRANSPORT_RELAXATION,False
transport_lp_v1,equal_decile,epsilon_star,0.241868950074,decile,1,taxable_income_weighted_mean_MTR,min,0.05,0,Optimization terminated successfully. (HiGHS Status 7: Optimal),2.22044604925e-16,0,5.55111512313e-17,0.241868950074,1.38777878078e-16,0,2.5.3,1.18.1,highs-ds,MODEL_CONTINGENT_TRANSPORT_RELAXATION,False
transport_lp_v1,equal_decile,epsilon_star,0.241868950074,decile,1,taxable_income_weighted_mean_MTR,max,0.05,0,Optimization terminated successfully. (HiGHS Status 7: Optimal),2.22044604925e-16,0,5.55111512313e-17,0.241868950074,1.38777878078e-16,0,2.5.3,1.18.1,highs-ds,MODEL_CONTINGENT_TRANSPORT_RELAXATION,False
transport_lp_v1,equal_decile,epsilon_star,0.241868950074,decile,1,income_tax_liability_weighted_mean_MTR,min,0.05,0,Optimization terminated successfully. (HiGHS Status 7: Optimal),2.22044604925e-16,0,5.55111512313e-17,0.241868950074,1.38777878078e-16,0,2.5.3,1.18.1,highs-ds,MODEL_CONTINGENT_TRANSPORT_RELAXATION,False
transport_lp_v1,equal_decile,epsilon_star,0.241868950074,decile,1,income_tax_liability_weighted_mean_MTR,max,0.05,0,Optimization terminated successfully. (HiGHS Status 7: Optimal),2.22044604925e-16,0,5.55111512313e-17,0.241868950074,1.38777878078e-16,0,2.5.3,1.18.1,highs-ds,MODEL_CONTINGENT_TRANSPORT_RELAXATION,False
transport_lp_v1,equal_decile,epsilon_star,0.241868950074,decile,1,pseudo_positive_modeled_annual_income_tax_share,min,0.0854779411765,0,Optimization terminated successfully. (HiGHS Status 7: Optimal),2.22044604925e-16,0,5.55111512313e-17,0.241868950074,1.38777878078e-16,0,2.5.3,1.18.1,highs-ds,MODEL_CONTINGENT_TRANSPORT_RELAXATION,False
transport_lp_v1,equal_decile,epsilon_star,0.241868950074,decile,1,pseudo_positive_modeled_annual_income_tax_share,max,0.195828505214,0,Optimization terminated successfully. (HiGHS Status 7: Optimal),2.22044604925e-16,0,5.55111512313e-17,0.241868950074,1.38777878078e-16,0,2.5.3,1.18.1,highs-ds,MODEL_CONTINGENT_TRANSPORT_RELAXATION,False
transport_lp_v1,equal_decile,epsilon_star,0.241868950074,decile,2,taxable_income_weighted_mean_MTR,min,0.05,0,Optimization terminated successfully. (HiGHS Status 7: Optimal),2.22044604925e-16,0,5.55111512313e-17,0.241868950074,1.38777878078e-16,0,2.5.3,1.18.1,highs-ds,MODEL_CONTINGENT_TRANSPORT_RELAXATION,False
transport_lp_v1,equal_decile,epsilon_star,0.241868950074,decile,2,taxable_income_weighted_mean_MTR,max,0.05,0,Optimization terminated successfully. (HiGHS Status 7: Optimal),2.22044604925e-16,0,5.55111512313e-17,0.241868950074,1.38777878078e-16,0,2.5.3,1.18.1,highs-ds,MODEL_CONTINGENT_TRANSPORT_RELAXATION,False
transport_lp_v1,equal_decile,epsilon_star,0.241868950074,decile,2,income_tax_liability_weighted_mean_MTR,min,0.05,0,Optimization terminated successfully. (HiGHS Status 7: Optimal),2.22044604925e-16,0,5.55111512313e-17,0.241868950074,1.38777878078e-16,0,2.5.3,1.18.1,highs-ds,MODEL_CONTINGENT_TRANSPORT_RELAXATION,False
transport_lp_v1,equal_decile,epsilon_star,0.241868950074,decile,2,income_tax_liability_weighted_mean_MTR,max,0.05,0,Optimization terminated successfully. (HiGHS Status 7: Optimal),2.22044604925e-16,0,5.55111512313e-17,0.241868950074,1.38777878078e-16,0,2.5.3,1.18.1,highs-ds,MODEL_CONTINGENT_TRANSPORT_RELAXATION,False
transport_lp_v1,equal_decile,epsilon_star,0.241868950074,decile,2,pseudo_positive_modeled_annual_income_tax_share,min,0.14409221902,0,Optimization terminated successfully. (HiGHS Status 7: Optimal),2.22044604925e-16,0,5.55111512313e-17,0.241868950074,1.38777878078e-16,0,2.5.3,1.18.1,highs-ds,MODEL_CONTINGENT_TRANSPORT_RELAXATION,False
transport_lp_v1,equal_decile,epsilon_star,0.241868950074,decile,2,pseudo_positive_modeled_annual_income_tax_share,max,0.513443546104,0,Optimization terminated successfully. (HiGHS Status 7: Optimal),0,2.77555756156e-17,5.55111512313e-17,0.241868950074,8.32667268469e-17,0,2.5.3,1.18.1,highs-ds,MODEL_CONTINGENT_TRANSPORT_RELAXATION,False
transport_lp_v1,equal_decile,epsilon_star,0.241868950074,decile,3,taxable_income_weighted_mean_MTR,min,0.05,0,Optimization terminated successfully. (HiGHS Status 7: Optimal),2.22044604925e-16,0,5.55111512313e-17,0.241868950074,1.38777878078e-16,0,2.5.3,1.18.1,highs-ds,MODEL_CONTINGENT_TRANSPORT_RELAXATION,False
transport_lp_v1,equal_decile,epsilon_star,0.241868950074,decile,3,taxable_income_weighted_mean_MTR,max,0.05,0,Optimization terminated successfully. (HiGHS Status 7: Optimal),2.22044604925e-16,0,5.55111512313e-17,0.241868950074,1.38777878078e-16,0,2.5.3,1.18.1,highs-ds,MODEL_CONTINGENT_TRANSPORT_RELAXATION,False
transport_lp_v1,equal_decile,epsilon_star,0.241868950074,decile,3,income_tax_liability_weighted_mean_MTR,min,0.05,0,Optimization terminated successfully. (HiGHS Status 7: Optimal),2.22044604925e-16,0,5.55111512313e-17,0.241868950074,1.38777878078e-16,0,2.5.3,1.18.1,highs-ds,MODEL_CONTINGENT_TRANSPORT_RELAXATION,False
transport_lp_v1,equal_decile,epsilon_star,0.241868950074,decile,3,income_tax_liability_weighted_mean_MTR,max,0.05,0,Optimization terminated successfully. (HiGHS Status 7: Optimal),2.22044604925e-16,0,5.55111512313e-17,0.241868950074,1.38777878078e-16,0,2.5.3,1.18.1,highs-ds,MODEL_CONTINGENT_TRANSPORT_RELAXATION,False
transport_lp_v1,equal_decile,epsilon_star,0.241868950074,decile,3,pseudo_positive_modeled_annual_income_tax_share,min,0.156598513011,0,Optimization terminated successfully. (HiGHS Status 7: Optimal),2.22044604925e-16,0,5.55111512313e-17,0.241868950074,1.38777878078e-16,0,2.5.3,1.18.1,highs-ds,MODEL_CONTINGENT_TRANSPORT_RELAXATION,False
transport_lp_v1,equal_decile,epsilon_star,0.241868950074,decile,3,pseudo_positive_modeled_annual_income_tax_share,max,0.513443546104,0,Optimization terminated successfully. (HiGHS Status 7: Optimal),0,5.55111512313e-17,9.71445146547e-17,0.241868950074,0,0,2.5.3,1.18.1,highs-ds,MODEL_CONTINGENT_TRANSPORT_RELAXATION,False
transport_lp_v1,equal_decile,epsilon_star,0.241868950074,decile,4,taxable_income_weighted_mean_MTR,min,0.05,0,Optimization terminated successfully. (HiGHS Status 7: Optimal),2.22044604925e-16,0,5.55111512313e-17,0.241868950074,1.38777878078e-16,0,2.5.3,1.18.1,highs-ds,MODEL_CONTINGENT_TRANSPORT_RELAXATION,False
transport_lp_v1,equal_decile,epsilon_star,0.241868950074,decile,4,taxable_income_weighted_mean_MTR,max,0.058968460929,0,Optimization terminated successfully. (HiGHS Status 7: Optimal),2.22044604925e-16,0,5.55111512313e-17,0.241868950074,1.38777878078e-16,0,2.5.3,1.18.1,highs-ds,MODEL_CONTINGENT_TRANSPORT_RELAXATION,False
transport_lp_v1,equal_decile,epsilon_star,0.241868950074,decile,4,income_tax_liability_weighted_mean_MTR,min,0.05,0,Optimization terminated successfully. (HiGHS Status 7: Optimal),2.22044604925e-16,0,5.55111512313e-17,0.241868950074,1.38777878078e-16,0,2.5.3,1.18.1,highs-ds,MODEL_CONTINGENT_TRANSPORT_RELAXATION,False
transport_lp_v1,equal_decile,epsilon_star,0.241868950074,decile,4,income_tax_liability_weighted_mean_MTR,max,0.0602889317796,0,Optimization terminated successfully. (HiGHS Status 7: Optimal),2.22044604925e-16,0,5.55111512313e-17,0.241868950074,1.38777878078e-16,0,2.5.3,1.18.1,highs-ds,MODEL_CONTINGENT_TRANSPORT_RELAXATION,False
transport_lp_v1,equal_decile,epsilon_star,0.241868950074,decile,4,pseudo_positive_modeled_annual_income_tax_share,min,0.190499272904,0,Optimization terminated successfully. (HiGHS Status 7: Optimal),2.22044604925e-16,0,5.55111512313e-17,0.241868950074,1.38777878078e-16,0,2.5.3,1.18.1,highs-ds,MODEL_CONTINGENT_TRANSPORT_RELAXATION,False
transport_lp_v1,equal_decile,epsilon_star,0.241868950074,decile,4,pseudo_positive_modeled_annual_income_tax_share,max,0.504604051565,0,Optimization terminated successfully. (HiGHS Status 7: Optimal),2.22044604925e-16,1.38777878078e-17,5.55111512313e-17,0.241868950074,1.38777878078e-16,0,2.5.3,1.18.1,highs-ds,MODEL_CONTINGENT_TRANSPORT_RELAXATION,False
transport_lp_v1,equal_decile,epsilon_star,0.241868950074,decile,5,taxable_income_weighted_mean_MTR,min,0.0576538653646,0,Optimization terminated successfully. (HiGHS Status 7: Optimal),0,2.77555756156e-17,4.16333634234e-17,0.241868950074,8.32667268469e-17,0,2.5.3,1.18.1,highs-ds,MODEL_CONTINGENT_TRANSPORT_RELAXATION,False
transport_lp_v1,equal_decile,epsilon_star,0.241868950074,decile,5,taxable_income_weighted_mean_MTR,max,0.103241125426,0,Optimization terminated successfully. (HiGHS Status 7: Optimal),2.22044604925e-16,1.38777878078e-17,5.55111512313e-17,0.241868950074,1.38777878078e-16,0,2.5.3,1.18.1,highs-ds,MODEL_CONTINGENT_TRANSPORT_RELAXATION,False
transport_lp_v1,equal_decile,epsilon_star,0.241868950074,decile,5,income_tax_liability_weighted_mean_MTR,min,0.0588072108045,0,Optimization terminated successfully. (HiGHS Status 7: Optimal),0,2.77555756156e-17,4.16333634234e-17,0.241868950074,8.32667268469e-17,0,2.5.3,1.18.1,highs-ds,MODEL_CONTINGENT_TRANSPORT_RELAXATION,False
transport_lp_v1,equal_decile,epsilon_star,0.241868950074,decile,5,income_tax_liability_weighted_mean_MTR,max,0.113729890589,0,Optimization terminated successfully. (HiGHS Status 7: Optimal),2.22044604925e-16,1.38777878078e-17,5.55111512313e-17,0.241868950074,1.38777878078e-16,0,2.5.3,1.18.1,highs-ds,MODEL_CONTINGENT_TRANSPORT_RELAXATION,False
transport_lp_v1,equal_decile,epsilon_star,0.241868950074,decile,5,pseudo_positive_modeled_annual_income_tax_share,min,0.213769860376,0,Optimization terminated successfully. (HiGHS Status 7: Optimal),2.22044604925e-16,0,5.55111512313e-17,0.241868950074,1.38777878078e-16,0,2.5.3,1.18.1,highs-ds,MODEL_CONTINGENT_TRANSPORT_RELAXATION,False
transport_lp_v1,equal_decile,epsilon_star,0.241868950074,decile,5,pseudo_positive_modeled_annual_income_tax_share,max,0.513443546104,0,Optimization terminated successfully. (HiGHS Status 7: Optimal),0,2.77555756156e-17,4.16333634234e-17,0.241868950074,2.77555756156e-17,0,2.5.3,1.18.1,highs-ds,MODEL_CONTINGENT_TRANSPORT_RELAXATION,False
transport_lp_v1,equal_decile,epsilon_star,0.241868950074,decile,6,taxable_income_weighted_mean_MTR,min,0.094923165331,0,Optimization terminated successfully. (HiGHS Status 7: Optimal),0,5.55111512313e-17,1.38777878078e-16,0.241868950074,0,0,2.5.3,1.18.1,highs-ds,MODEL_CONTINGENT_TRANSPORT_RELAXATION,False
transport_lp_v1,equal_decile,epsilon_star,0.241868950074,decile,6,taxable_income_weighted_mean_MTR,max,0.153348627649,0,Optimization terminated successfully. (HiGHS Status 7: Optimal),2.22044604925e-16,1.38777878078e-17,4.16333634234e-17,0.241868950074,1.38777878078e-16,0,2.5.3,1.18.1,highs-ds,MODEL_CONTINGENT_TRANSPORT_RELAXATION,False
transport_lp_v1,equal_decile,epsilon_star,0.241868950074,decile,6,income_tax_liability_weighted_mean_MTR,min,0.105173391767,0,Optimization terminated successfully. (HiGHS Status 7: Optimal),0,5.55111512313e-17,1.38777878078e-16,0.241868950074,0,0,2.5.3,1.18.1,highs-ds,MODEL_CONTINGENT_TRANSPORT_RELAXATION,False
transport_lp_v1,equal_decile,epsilon_star,0.241868950074,decile,6,income_tax_liability_weighted_mean_MTR,max,0.166077223997,0,Optimization terminated successfully. (HiGHS Status 7: Optimal),2.22044604925e-16,1.38777878078e-17,4.16333634234e-17,0.241868950074,1.38777878078e-16,0,2.5.3,1.18.1,highs-ds,MODEL_CONTINGENT_TRANSPORT_RELAXATION,False
transport_lp_v1,equal_decile,epsilon_star,0.241868950074,decile,6,pseudo_positive_modeled_annual_income_tax_share,min,0.235387045814,0,Optimization terminated successfully. (HiGHS Status 7: Optimal),2.22044604925e-16,0,5.55111512313e-17,0.241868950074,1.38777878078e-16,0,2.5.3,1.18.1,highs-ds,MODEL_CONTINGENT_TRANSPORT_RELAXATION,False
transport_lp_v1,equal_decile,epsilon_star,0.241868950074,decile,6,pseudo_positive_modeled_annual_income_tax_share,max,0.513443546104,0,Optimization terminated successfully. (HiGHS Status 7: Optimal),0,5.55111512313e-17,1.38777878078e-16,0.241868950074,0,0,2.5.3,1.18.1,highs-ds,MODEL_CONTINGENT_TRANSPORT_RELAXATION,False
transport_lp_v1,equal_decile,epsilon_star,0.241868950074,decile,7,taxable_income_weighted_mean_MTR,min,0.101040597253,0,Optimization terminated successfully. (HiGHS Status 7: Optimal),2.22044604925e-16,1.38777878078e-17,4.16333634234e-17,0.241868950074,1.38777878078e-16,0,2.5.3,1.18.1,highs-ds,MODEL_CONTINGENT_TRANSPORT_RELAXATION,False
transport_lp_v1,equal_decile,epsilon_star,0.241868950074,decile,7,taxable_income_weighted_mean_MTR,max,0.162461791496,0,Optimization terminated successfully. (HiGHS Status 7: Optimal),0,2.77555756156e-17,5.55111512313e-17,0.241868950074,8.32667268469e-17,0,2.5.3,1.18.1,highs-ds,MODEL_CONTINGENT_TRANSPORT_RELAXATION,False
transport_lp_v1,equal_decile,epsilon_star,0.241868950074,decile,7,income_tax_liability_weighted_mean_MTR,min,0.114321209827,0,Optimization terminated successfully. (HiGHS Status 7: Optimal),2.22044604925e-16,1.38777878078e-17,4.16333634234e-17,0.241868950074,1.38777878078e-16,0,2.5.3,1.18.1,highs-ds,MODEL_CONTINGENT_TRANSPORT_RELAXATION,False
transport_lp_v1,equal_decile,epsilon_star,0.241868950074,decile,7,income_tax_liability_weighted_mean_MTR,max,0.174759595147,0,Optimization terminated successfully. (HiGHS Status 7: Optimal),0,2.77555756156e-17,5.55111512313e-17,0.241868950074,8.32667268469e-17,0,2.5.3,1.18.1,highs-ds,MODEL_CONTINGENT_TRANSPORT_RELAXATION,False
transport_lp_v1,equal_decile,epsilon_star,0.241868950074,decile,7,pseudo_positive_modeled_annual_income_tax_share,min,0.317057704502,0,Optimization terminated successfully. (HiGHS Status 7: Optimal),2.22044604925e-16,0,5.55111512313e-17,0.241868950074,1.38777878078e-16,0,2.5.3,1.18.1,highs-ds,MODEL_CONTINGENT_TRANSPORT_RELAXATION,False
transport_lp_v1,equal_decile,epsilon_star,0.241868950074,decile,7,pseudo_positive_modeled_annual_income_tax_share,max,0.513443546104,0,Optimization terminated successfully. (HiGHS Status 7: Optimal),0,2.77555756156e-17,5.55111512313e-17,0.241868950074,8.32667268469e-17,0,2.5.3,1.18.1,highs-ds,MODEL_CONTINGENT_TRANSPORT_RELAXATION,False
transport_lp_v1,equal_decile,epsilon_star,0.241868950074,decile,8,taxable_income_weighted_mean_MTR,min,0.147720275783,0,Optimization terminated successfully. (HiGHS Status 7: Optimal),0,0,8.32667268469e-17,0.241868950074,2.77555756156e-17,0,2.5.3,1.18.1,highs-ds,MODEL_CONTINGENT_TRANSPORT_RELAXATION,False
transport_lp_v1,equal_decile,epsilon_star,0.241868950074,decile,8,taxable_income_weighted_mean_MTR,max,0.158676785315,0,Optimization terminated successfully. (HiGHS Status 7: Optimal),0,0,8.32667268469e-17,0.241868950074,2.77555756156e-17,0,2.5.3,1.18.1,highs-ds,MODEL_CONTINGENT_TRANSPORT_RELAXATION,False
transport_lp_v1,equal_decile,epsilon_star,0.241868950074,decile,8,income_tax_liability_weighted_mean_MTR,min,0.166917028026,0,Optimization terminated successfully. (HiGHS Status 7: Optimal),0,0,8.32667268469e-17,0.241868950074,2.77555756156e-17,0,2.5.3,1.18.1,highs-ds,MODEL_CONTINGENT_TRANSPORT_RELAXATION,False
transport_lp_v1,equal_decile,epsilon_star,0.241868950074,decile,8,income_tax_liability_weighted_mean_MTR,max,0.175887449859,0,Optimization terminated successfully. (HiGHS Status 7: Optimal),0,0,8.32667268469e-17,0.241868950074,2.77555756156e-17,0,2.5.3,1.18.1,highs-ds,MODEL_CONTINGENT_TRANSPORT_RELAXATION,False
transport_lp_v1,equal_decile,epsilon_star,0.241868950074,decile,8,pseudo_positive_modeled_annual_income_tax_share,min,0.429585152838,0,Optimization terminated successfully. (HiGHS Status 7: Optimal),5.55111512313e-16,0,6.24500451352e-17,0.241868950074,0,0,2.5.3,1.18.1,highs-ds,MODEL_CONTINGENT_TRANSPORT_RELAXATION,False
transport_lp_v1,equal_decile,epsilon_star,0.241868950074,decile,8,pseudo_positive_modeled_annual_income_tax_share,max,0.513443546104,0,Optimization terminated successfully. (HiGHS Status 7: Optimal),0,0,8.32667268469e-17,0.241868950074,2.77555756156e-17,0,2.5.3,1.18.1,highs-ds,MODEL_CONTINGENT_TRANSPORT_RELAXATION,False
transport_lp_v1,equal_decile,epsilon_star,0.241868950074,decile,9,taxable_income_weighted_mean_MTR,min,0.179002869923,0,Optimization terminated successfully. (HiGHS Status 7: Optimal),1.11022302463e-16,0,5.55111512313e-17,0.241868950074,2.77555756156e-17,0,2.5.3,1.18.1,highs-ds,MODEL_CONTINGENT_TRANSPORT_RELAXATION,False
transport_lp_v1,equal_decile,epsilon_star,0.241868950074,decile,9,taxable_income_weighted_mean_MTR,max,0.179002869923,0,Optimization terminated successfully. (HiGHS Status 7: Optimal),2.22044604925e-16,0,5.55111512313e-17,0.241868950074,1.38777878078e-16,0,2.5.3,1.18.1,highs-ds,MODEL_CONTINGENT_TRANSPORT_RELAXATION,False
transport_lp_v1,equal_decile,epsilon_star,0.241868950074,decile,9,income_tax_liability_weighted_mean_MTR,min,0.196428390668,0,Optimization terminated successfully. (HiGHS Status 7: Optimal),2.22044604925e-16,0,5.55111512313e-17,0.241868950074,1.38777878078e-16,0,2.5.3,1.18.1,highs-ds,MODEL_CONTINGENT_TRANSPORT_RELAXATION,False
transport_lp_v1,equal_decile,epsilon_star,0.241868950074,decile,9,income_tax_liability_weighted_mean_MTR,max,0.196428390668,0,Optimization terminated successfully. (HiGHS Status 7: Optimal),1.11022302463e-16,0,5.55111512313e-17,0.241868950074,2.77555756156e-17,0,2.5.3,1.18.1,highs-ds,MODEL_CONTINGENT_TRANSPORT_RELAXATION,False
transport_lp_v1,equal_decile,epsilon_star,0.241868950074,decile,9,pseudo_positive_modeled_annual_income_tax_share,min,0.633608815427,0,Optimization terminated successfully. (HiGHS Status 7: Optimal),0,0,8.32667268469e-17,0.241868950074,2.77555756156e-17,0,2.5.3,1.18.1,highs-ds,MODEL_CONTINGENT_TRANSPORT_RELAXATION,False
transport_lp_v1,equal_decile,epsilon_star,0.241868950074,decile,9,pseudo_positive_modeled_annual_income_tax_share,max,0.633608815427,0,Optimization terminated successfully. (HiGHS Status 7: Optimal),2.22044604925e-16,0,5.55111512313e-17,0.241868950074,1.38777878078e-16,0,2.5.3,1.18.1,highs-ds,MODEL_CONTINGENT_TRANSPORT_RELAXATION,False
transport_lp_v1,equal_decile,epsilon_star,0.241868950074,decile,10,taxable_income_weighted_mean_MTR,min,0.242809967122,0,Optimization terminated successfully. (HiGHS Status 7: Optimal),1.11022302463e-16,0,6.24500451352e-17,0.241868950074,0,0,2.5.3,1.18.1,highs-ds,MODEL_CONTINGENT_TRANSPORT_RELAXATION,False
transport_lp_v1,equal_decile,epsilon_star,0.241868950074,decile,10,taxable_income_weighted_mean_MTR,max,0.242809967122,0,Optimization terminated successfully. (HiGHS Status 7: Optimal),1.11022302463e-16,0,6.24500451352e-17,0.241868950074,0,0,2.5.3,1.18.1,highs-ds,MODEL_CONTINGENT_TRANSPORT_RELAXATION,False
transport_lp_v1,equal_decile,epsilon_star,0.241868950074,decile,10,income_tax_liability_weighted_mean_MTR,min,0.267186538276,0,Optimization terminated successfully. (HiGHS Status 7: Optimal),1.11022302463e-16,0,6.24500451352e-17,0.241868950074,0,0,2.5.3,1.18.1,highs-ds,MODEL_CONTINGENT_TRANSPORT_RELAXATION,False
transport_lp_v1,equal_decile,epsilon_star,0.241868950074,decile,10,income_tax_liability_weighted_mean_MTR,max,0.267186538276,0,Optimization terminated successfully. (HiGHS Status 7: Optimal),1.11022302463e-16,0,6.24500451352e-17,0.241868950074,0,0,2.5.3,1.18.1,highs-ds,MODEL_CONTINGENT_TRANSPORT_RELAXATION,False
transport_lp_v1,equal_decile,epsilon_star,0.241868950074,decile,10,pseudo_positive_modeled_annual_income_tax_share,min,0.668781725888,0,Optimization terminated successfully. (HiGHS Status 7: Optimal),2.22044604925e-16,0,5.55111512313e-17,0.241868950074,1.38777878078e-16,0,2.5.3,1.18.1,highs-ds,MODEL_CONTINGENT_TRANSPORT_RELAXATION,False
transport_lp_v1,equal_decile,epsilon_star,0.241868950074,decile,10,pseudo_positive_modeled_annual_income_tax_share,max,0.668781725888,0,Optimization terminated successfully. (HiGHS Status 7: Optimal),1.11022302463e-16,0,6.24500451352e-17,0.241868950074,0,0,2.5.3,1.18.1,highs-ds,MODEL_CONTINGENT_TRANSPORT_RELAXATION,False
transport_lp_v1,equal_decile,epsilon_star,0.241868950074,overall,,taxable_income_weighted_mean_MTR,min,0.102542256962,0,Optimization terminated successfully. (HiGHS Status 7: Optimal),1.11022302463e-16,0,9.02056207508e-17,0.241868950074,0,0,2.5.3,1.18.1,highs-ds,MODEL_CONTINGENT_TRANSPORT_RELAXATION,False
transport_lp_v1,equal_decile,epsilon_star,0.241868950074,overall,,taxable_income_weighted_mean_MTR,max,0.120705685962,0,Optimization terminated successfully. (HiGHS Status 7: Optimal),0,0,6.24500451352e-17,0.241868950074,5.55111512313e-17,0,2.5.3,1.18.1,highs-ds,MODEL_CONTINGENT_TRANSPORT_RELAXATION,False
transport_lp_v1,equal_decile,epsilon_star,0.241868950074,overall,,income_tax_liability_weighted_mean_MTR,min,0.111142262186,0,Optimization terminated successfully. (HiGHS Status 7: Optimal),1.11022302463e-16,0,9.02056207508e-17,0.241868950074,0,0,2.5.3,1.18.1,highs-ds,MODEL_CONTINGENT_TRANSPORT_RELAXATION,False
transport_lp_v1,equal_decile,epsilon_star,0.241868950074,overall,,income_tax_liability_weighted_mean_MTR,max,0.130258116694,0,Optimization terminated successfully. (HiGHS Status 7: Optimal),0,0,6.24500451352e-17,0.241868950074,5.55111512313e-17,0,2.5.3,1.18.1,highs-ds,MODEL_CONTINGENT_TRANSPORT_RELAXATION,False
transport_lp_v1,f71561_leaf_count_normalized,pre_specified_grid,0.225,decile,1,taxable_income_weighted_mean_MTR,min,0.05,0,Optimization terminated successfully. (HiGHS Status 7: Optimal),0,0,5.55111512313e-17,0.225,2.77555756156e-17,0,2.5.3,1.18.1,highs-ds,MODEL_CONTINGENT_TRANSPORT_RELAXATION,False
transport_lp_v1,f71561_leaf_count_normalized,pre_specified_grid,0.225,decile,1,taxable_income_weighted_mean_MTR,max,0.05,0,Optimization terminated successfully. (HiGHS Status 7: Optimal),0,0,5.55111512313e-17,0.225,2.77555756156e-17,0,2.5.3,1.18.1,highs-ds,MODEL_CONTINGENT_TRANSPORT_RELAXATION,False
transport_lp_v1,f71561_leaf_count_normalized,pre_specified_grid,0.225,decile,1,income_tax_liability_weighted_mean_MTR,min,0.05,0,Optimization terminated successfully. (HiGHS Status 7: Optimal),0,0,5.55111512313e-17,0.225,2.77555756156e-17,0,2.5.3,1.18.1,highs-ds,MODEL_CONTINGENT_TRANSPORT_RELAXATION,False
transport_lp_v1,f71561_leaf_count_normalized,pre_specified_grid,0.225,decile,1,income_tax_liability_weighted_mean_MTR,max,0.05,0,Optimization terminated successfully. (HiGHS Status 7: Optimal),0,0,5.55111512313e-17,0.225,2.77555756156e-17,0,2.5.3,1.18.1,highs-ds,MODEL_CONTINGENT_TRANSPORT_RELAXATION,False
transport_lp_v1,f71561_leaf_count_normalized,pre_specified_grid,0.225,decile,1,pseudo_positive_modeled_annual_income_tax_share,min,0.0854779411765,0,Optimization terminated successfully. (HiGHS Status 7: Optimal),0,0,5.55111512313e-17,0.225,2.77555756156e-17,0,2.5.3,1.18.1,highs-ds,MODEL_CONTINGENT_TRANSPORT_RELAXATION,False
transport_lp_v1,f71561_leaf_count_normalized,pre_specified_grid,0.225,decile,1,pseudo_positive_modeled_annual_income_tax_share,max,0.195828505214,0,Optimization terminated successfully. (HiGHS Status 7: Optimal),0,0,5.55111512313e-17,0.225,2.77555756156e-17,0,2.5.3,1.18.1,highs-ds,MODEL_CONTINGENT_TRANSPORT_RELAXATION,False
transport_lp_v1,f71561_leaf_count_normalized,pre_specified_grid,0.225,decile,2,taxable_income_weighted_mean_MTR,min,0.05,0,Optimization terminated successfully. (HiGHS Status 7: Optimal),0,0,5.55111512313e-17,0.225,2.77555756156e-17,0,2.5.3,1.18.1,highs-ds,MODEL_CONTINGENT_TRANSPORT_RELAXATION,False
transport_lp_v1,f71561_leaf_count_normalized,pre_specified_grid,0.225,decile,2,taxable_income_weighted_mean_MTR,max,0.05,0,Optimization terminated successfully. (HiGHS Status 7: Optimal),0,0,5.55111512313e-17,0.225,2.77555756156e-17,0,2.5.3,1.18.1,highs-ds,MODEL_CONTINGENT_TRANSPORT_RELAXATION,False
transport_lp_v1,f71561_leaf_count_normalized,pre_specified_grid,0.225,decile,2,income_tax_liability_weighted_mean_MTR,min,0.05,0,Optimization terminated successfully. (HiGHS Status 7: Optimal),0,0,5.55111512313e-17,0.225,2.77555756156e-17,0,2.5.3,1.18.1,highs-ds,MODEL_CONTINGENT_TRANSPORT_RELAXATION,False
transport_lp_v1,f71561_leaf_count_normalized,pre_specified_grid,0.225,decile,2,income_tax_liability_weighted_mean_MTR,max,0.05,0,Optimization terminated successfully. (HiGHS Status 7: Optimal),0,0,5.55111512313e-17,0.225,2.77555756156e-17,0,2.5.3,1.18.1,highs-ds,MODEL_CONTINGENT_TRANSPORT_RELAXATION,False
transport_lp_v1,f71561_leaf_count_normalized,pre_specified_grid,0.225,decile,2,pseudo_positive_modeled_annual_income_tax_share,min,0.14409221902,0,Optimization terminated successfully. (HiGHS Status 7: Optimal),0,0,5.55111512313e-17,0.225,2.77555756156e-17,0,2.5.3,1.18.1,highs-ds,MODEL_CONTINGENT_TRANSPORT_RELAXATION,False
transport_lp_v1,f71561_leaf_count_normalized,pre_specified_grid,0.225,decile,2,pseudo_positive_modeled_annual_income_tax_share,max,0.519345430065,0,Optimization terminated successfully. (HiGHS Status 7: Optimal),0,1.38777878078e-17,2.77555756156e-17,0.225,1.11022302463e-16,0,2.5.3,1.18.1,highs-ds,MODEL_CONTINGENT_TRANSPORT_RELAXATION,False
transport_lp_v1,f71561_leaf_count_normalized,pre_specified_grid,0.225,decile,3,taxable_income_weighted_mean_MTR,min,0.05,0,Optimization terminated successfully. (HiGHS Status 7: Optimal),0,0,5.55111512313e-17,0.225,2.77555756156e-17,0,2.5.3,1.18.1,highs-ds,MODEL_CONTINGENT_TRANSPORT_RELAXATION,False
transport_lp_v1,f71561_leaf_count_normalized,pre_specified_grid,0.225,decile,3,taxable_income_weighted_mean_MTR,max,0.05,0,Optimization terminated successfully. (HiGHS Status 7: Optimal),0,0,5.55111512313e-17,0.225,2.77555756156e-17,0,2.5.3,1.18.1,highs-ds,MODEL_CONTINGENT_TRANSPORT_RELAXATION,False
transport_lp_v1,f71561_leaf_count_normalized,pre_specified_grid,0.225,decile,3,income_tax_liability_weighted_mean_MTR,min,0.05,0,Optimization terminated successfully. (HiGHS Status 7: Optimal),0,0,5.55111512313e-17,0.225,2.77555756156e-17,0,2.5.3,1.18.1,highs-ds,MODEL_CONTINGENT_TRANSPORT_RELAXATION,False
transport_lp_v1,f71561_leaf_count_normalized,pre_specified_grid,0.225,decile,3,income_tax_liability_weighted_mean_MTR,max,0.05,0,Optimization terminated successfully. (HiGHS Status 7: Optimal),0,0,5.55111512313e-17,0.225,2.77555756156e-17,0,2.5.3,1.18.1,highs-ds,MODEL_CONTINGENT_TRANSPORT_RELAXATION,False
transport_lp_v1,f71561_leaf_count_normalized,pre_specified_grid,0.225,decile,3,pseudo_positive_modeled_annual_income_tax_share,min,0.156598513011,0,Optimization terminated successfully. (HiGHS Status 7: Optimal),0,0,5.55111512313e-17,0.225,2.77555756156e-17,0,2.5.3,1.18.1,highs-ds,MODEL_CONTINGENT_TRANSPORT_RELAXATION,False
transport_lp_v1,f71561_leaf_count_normalized,pre_specified_grid,0.225,decile,3,pseudo_positive_modeled_annual_income_tax_share,max,0.522827002425,0,Optimization terminated successfully. (HiGHS Status 7: Optimal),0,2.77555756156e-17,4.85722573274e-17,0.225,5.55111512313e-17,0,2.5.3,1.18.1,highs-ds,MODEL_CONTINGENT_TRANSPORT_RELAXATION,False
transport_lp_v1,f71561_leaf_count_normalized,pre_specified_grid,0.225,decile,4,taxable_income_weighted_mean_MTR,min,0.05,0,Optimization terminated successfully. (HiGHS Status 7: Optimal),0,0,5.55111512313e-17,0.225,2.77555756156e-17,0,2.5.3,1.18.1,highs-ds,MODEL_CONTINGENT_TRANSPORT_RELAXATION,False
transport_lp_v1,f71561_leaf_count_normalized,pre_specified_grid,0.225,decile,4,taxable_income_weighted_mean_MTR,max,0.058968460929,0,Optimization terminated successfully. (HiGHS Status 7: Optimal),0,0,5.55111512313e-17,0.225,2.77555756156e-17,0,2.5.3,1.18.1,highs-ds,MODEL_CONTINGENT_TRANSPORT_RELAXATION,False
transport_lp_v1,f71561_leaf_count_normalized,pre_specified_grid,0.225,decile,4,income_tax_liability_weighted_mean_MTR,min,0.05,0,Optimization terminated successfully. (HiGHS Status 7: Optimal),0,0,5.55111512313e-17,0.225,2.77555756156e-17,0,2.5.3,1.18.1,highs-ds,MODEL_CONTINGENT_TRANSPORT_RELAXATION,False
transport_lp_v1,f71561_leaf_count_normalized,pre_specified_grid,0.225,decile,4,income_tax_liability_weighted_mean_MTR,max,0.0602889317796,0,Optimization terminated successfully. (HiGHS Status 7: Optimal),0,0,5.55111512313e-17,0.225,2.77555756156e-17,0,2.5.3,1.18.1,highs-ds,MODEL_CONTINGENT_TRANSPORT_RELAXATION,False
transport_lp_v1,f71561_leaf_count_normalized,pre_specified_grid,0.225,decile,4,pseudo_positive_modeled_annual_income_tax_share,min,0.190499272904,0,Optimization terminated successfully. (HiGHS Status 7: Optimal),0,0,5.55111512313e-17,0.225,2.77555756156e-17,0,2.5.3,1.18.1,highs-ds,MODEL_CONTINGENT_TRANSPORT_RELAXATION,False
transport_lp_v1,f71561_leaf_count_normalized,pre_specified_grid,0.225,decile,4,pseudo_positive_modeled_annual_income_tax_share,max,0.504604051565,0,Optimization terminated successfully. (HiGHS Status 7: Optimal),0,1.38777878078e-17,5.55111512313e-17,0.225,8.32667268469e-17,0,2.5.3,1.18.1,highs-ds,MODEL_CONTINGENT_TRANSPORT_RELAXATION,False
transport_lp_v1,f71561_leaf_count_normalized,pre_specified_grid,0.225,decile,5,taxable_income_weighted_mean_MTR,min,0.0576352084807,0,Optimization terminated successfully. (HiGHS Status 7: Optimal),0,2.77555756156e-17,4.85722573274e-17,0.225,8.32667268469e-17,0,2.5.3,1.18.1,highs-ds,MODEL_CONTINGENT_TRANSPORT_RELAXATION,False
transport_lp_v1,f71561_leaf_count_normalized,pre_specified_grid,0.225,decile,5,taxable_income_weighted_mean_MTR,max,0.103241125426,0,Optimization terminated successfully. (HiGHS Status 7: Optimal),0,0,6.93889390391e-18,0.225,2.77555756156e-17,0,2.5.3,1.18.1,highs-ds,MODEL_CONTINGENT_TRANSPORT_RELAXATION,False
transport_lp_v1,f71561_leaf_count_normalized,pre_specified_grid,0.225,decile,5,income_tax_liability_weighted_mean_MTR,min,0.0587750450589,0,Optimization terminated successfully. (HiGHS Status 7: Optimal),0,2.77555756156e-17,4.85722573274e-17,0.225,8.32667268469e-17,0,2.5.3,1.18.1,highs-ds,MODEL_CONTINGENT_TRANSPORT_RELAXATION,False
transport_lp_v1,f71561_leaf_count_normalized,pre_specified_grid,0.225,decile,5,income_tax_liability_weighted_mean_MTR,max,0.113729890589,0,Optimization terminated successfully. (HiGHS Status 7: Optimal),0,0,6.93889390391e-18,0.225,2.77555756156e-17,0,2.5.3,1.18.1,highs-ds,MODEL_CONTINGENT_TRANSPORT_RELAXATION,False
transport_lp_v1,f71561_leaf_count_normalized,pre_specified_grid,0.225,decile,5,pseudo_positive_modeled_annual_income_tax_share,min,0.213769860376,0,Optimization terminated successfully. (HiGHS Status 7: Optimal),0,0,5.55111512313e-17,0.225,2.77555756156e-17,0,2.5.3,1.18.1,highs-ds,MODEL_CONTINGENT_TRANSPORT_RELAXATION,False
transport_lp_v1,f71561_leaf_count_normalized,pre_specified_grid,0.225,decile,5,pseudo_positive_modeled_annual_income_tax_share,max,0.53071614553,0,Optimization terminated successfully. (HiGHS Status 7: Optimal),0,2.77555756156e-17,4.85722573274e-17,0.225,8.32667268469e-17,0,2.5.3,1.18.1,highs-ds,MODEL_CONTINGENT_TRANSPORT_RELAXATION,False
transport_lp_v1,f71561_leaf_count_normalized,pre_specified_grid,0.225,decile,6,taxable_income_weighted_mean_MTR,min,0.0945551847046,0,Optimization terminated successfully. (HiGHS Status 7: Optimal),0,0,5.55111512313e-17,0.225,8.32667268469e-17,0,2.5.3,1.18.1,highs-ds,MODEL_CONTINGENT_TRANSPORT_RELAXATION,False
transport_lp_v1,f71561_leaf_count_normalized,pre_specified_grid,0.225,decile,6,taxable_income_weighted_mean_MTR,max,0.153348627649,0,Optimization terminated successfully. (HiGHS Status 7: Optimal),0,0,5.55111512313e-17,0.225,2.77555756156e-17,0,2.5.3,1.18.1,highs-ds,MODEL_CONTINGENT_TRANSPORT_RELAXATION,False
transport_lp_v1,f71561_leaf_count_normalized,pre_specified_grid,0.225,decile,6,income_tax_liability_weighted_mean_MTR,min,0.104721210072,0,Optimization terminated successfully. (HiGHS Status 7: Optimal),0,0,5.55111512313e-17,0.225,8.32667268469e-17,0,2.5.3,1.18.1,highs-ds,MODEL_CONTINGENT_TRANSPORT_RELAXATION,False
transport_lp_v1,f71561_leaf_count_normalized,pre_specified_grid,0.225,decile,6,income_tax_liability_weighted_mean_MTR,max,0.166077223997,0,Optimization terminated successfully. (HiGHS Status 7: Optimal),0,0,5.55111512313e-17,0.225,2.77555756156e-17,0,2.5.3,1.18.1,highs-ds,MODEL_CONTINGENT_TRANSPORT_RELAXATION,False
transport_lp_v1,f71561_leaf_count_normalized,pre_specified_grid,0.225,decile,6,pseudo_positive_modeled_annual_income_tax_share,min,0.235387045814,0,Optimization terminated successfully. (HiGHS Status 7: Optimal),0,0,2.77555756156e-17,0.225,2.77555756156e-17,0,2.5.3,1.18.1,highs-ds,MODEL_CONTINGENT_TRANSPORT_RELAXATION,False
transport_lp_v1,f71561_leaf_count_normalized,pre_specified_grid,0.225,decile,6,pseudo_positive_modeled_annual_income_tax_share,max,0.532498042287,0,Optimization terminated successfully. (HiGHS Status 7: Optimal),0,0,5.55111512313e-17,0.225,8.32667268469e-17,0,2.5.3,1.18.1,highs-ds,MODEL_CONTINGENT_TRANSPORT_RELAXATION,False
transport_lp_v1,f71561_leaf_count_normalized,pre_specified_grid,0.225,decile,7,taxable_income_weighted_mean_MTR,min,0.101040597253,0,Optimization terminated successfully. (HiGHS Status 7: Optimal),0,0,5.55111512313e-17,0.225,2.77555756156e-17,0,2.5.3,1.18.1,highs-ds,MODEL_CONTINGENT_TRANSPORT_RELAXATION,False
transport_lp_v1,f71561_leaf_count_normalized,pre_specified_grid,0.225,decile,7,taxable_income_weighted_mean_MTR,max,0.163093962084,0,Optimization terminated successfully. (HiGHS Status 7: Optimal),0,1.38777878078e-17,2.77555756156e-17,0.225,1.11022302463e-16,0,2.5.3,1.18.1,highs-ds,MODEL_CONTINGENT_TRANSPORT_RELAXATION,False
transport_lp_v1,f71561_leaf_count_normalized,pre_specified_grid,0.225,decile,7,income_tax_liability_weighted_mean_MTR,min,0.114321209827,0,Optimization terminated successfully. (HiGHS Status 7: Optimal),0,0,5.55111512313e-17,0.225,2.77555756156e-17,0,2.5.3,1.18.1,highs-ds,MODEL_CONTINGENT_TRANSPORT_RELAXATION,False
transport_lp_v1,f71561_leaf_count_normalized,pre_specified_grid,0.225,decile,7,income_tax_liability_weighted_mean_MTR,max,0.175532791046,0,Optimization terminated successfully. (HiGHS Status 7: Optimal),0,1.38777878078e-17,2.77555756156e-17,0.225,1.11022302463e-16,0,2.5.3,1.18.1,highs-ds,MODEL_CONTINGENT_TRANSPORT_RELAXATION,False
transport_lp_v1,f71561_leaf_count_normalized,pre_specified_grid,0.225,decile,7,pseudo_positive_modeled_annual_income_tax_share,min,0.317057704502,0,Optimization terminated successfully. (HiGHS Status 7: Optimal),0,0,5.55111512313e-17,0.225,2.77555756156e-17,0,2.5.3,1.18.1,highs-ds,MODEL_CONTINGENT_TRANSPORT_RELAXATION,False
transport_lp_v1,f71561_leaf_count_normalized,pre_specified_grid,0.225,decile,7,pseudo_positive_modeled_annual_income_tax_share,max,0.540741522661,0,Optimization terminated successfully. (HiGHS Status 7: Optimal),0,1.38777878078e-17,2.77555756156e-17,0.225,1.11022302463e-16,0,2.5.3,1.18.1,highs-ds,MODEL_CONTINGENT_TRANSPORT_RELAXATION,False
transport_lp_v1,f71561_leaf_count_normalized,pre_specified_grid,0.225,decile,8,taxable_income_weighted_mean_MTR,min,0.147250300157,0,Optimization terminated successfully. (HiGHS Status 7: Optimal),0,1.38777878078e-17,2.77555756156e-17,0.225,2.77555756156e-17,0,2.5.3,1.18.1,highs-ds,MODEL_CONTINGENT_TRANSPORT_RELAXATION,False
transport_lp_v1,f71561_leaf_count_normalized,pre_specified_grid,0.225,decile,8,taxable_income_weighted_mean_MTR,max,0.161786452839,0,Optimization terminated successfully. (HiGHS Status 7: Optimal),0,1.38777878078e-17,2.77555756156e-17,0.225,1.38777878078e-16,0,2.5.3,1.18.1,highs-ds,MODEL_CONTINGENT_TRANSPORT_RELAXATION,False
transport_lp_v1,f71561_leaf_count_normalized,pre_specified_grid,0.225,decile,8,income_tax_liability_weighted_mean_MTR,min,0.166442746008,0,Optimization terminated successfully. (HiGHS Status 7: Optimal),0,1.38777878078e-17,2.77555756156e-17,0.225,2.77555756156e-17,0,2.5.3,1.18.1,highs-ds,MODEL_CONTINGENT_TRANSPORT_RELAXATION,False
transport_lp_v1,f71561_leaf_count_normalized,pre_specified_grid,0.225,decile,8,income_tax_liability_weighted_mean_MTR,max,0.17834392868,0,Optimization terminated successfully. (HiGHS Status 7: Optimal),0,1.38777878078e-17,2.77555756156e-17,0.225,1.38777878078e-16,0,2.5.3,1.18.1,highs-ds,MODEL_CONTINGENT_TRANSPORT_RELAXATION,False
transport_lp_v1,f71561_leaf_count_normalized,pre_specified_grid,0.225,decile,8,pseudo_positive_modeled_annual_income_tax_share,min,0.429585152838,0,Optimization terminated successfully. (HiGHS Status 7: Optimal),0,0,2.77555756156e-17,0.225,5.55111512313e-17,0,2.5.3,1.18.1,highs-ds,MODEL_CONTINGENT_TRANSPORT_RELAXATION,False
transport_lp_v1,f71561_leaf_count_normalized,pre_specified_grid,0.225,decile,8,pseudo_positive_modeled_annual_income_tax_share,max,0.540841242618,0,Optimization terminated successfully. (HiGHS Status 7: Optimal),0,1.38777878078e-17,2.77555756156e-17,0.225,2.77555756156e-17,0,2.5.3,1.18.1,highs-ds,MODEL_CONTINGENT_TRANSPORT_RELAXATION,False
transport_lp_v1,f71561_leaf_count_normalized,pre_specified_grid,0.225,decile,9,taxable_income_weighted_mean_MTR,min,0.178719694493,0,Optimization terminated successfully. (HiGHS Status 7: Optimal),0,0,5.55111512313e-17,0.225,2.77555756156e-17,0,2.5.3,1.18.1,highs-ds,MODEL_CONTINGENT_TRANSPORT_RELAXATION,False
transport_lp_v1,f71561_leaf_count_normalized,pre_specified_grid,0.225,decile,9,taxable_income_weighted_mean_MTR,max,0.179058274618,0,Optimization terminated successfully. (HiGHS Status 7: Optimal),0,0,5.55111512313e-17,0.225,2.77555756156e-17,0,2.5.3,1.18.1,highs-ds,MODEL_CONTINGENT_TRANSPORT_RELAXATION,False
transport_lp_v1,f71561_leaf_count_normalized,pre_specified_grid,0.225,decile,9,income_tax_liability_weighted_mean_MTR,min,0.196076501982,0,Optimization terminated successfully. (HiGHS Status 7: Optimal),0,0,5.55111512313e-17,0.225,2.77555756156e-17,0,2.5.3,1.18.1,highs-ds,MODEL_CONTINGENT_TRANSPORT_RELAXATION,False
transport_lp_v1,f71561_leaf_count_normalized,pre_specified_grid,0.225,decile,9,income_tax_liability_weighted_mean_MTR,max,0.196459079652,0,Optimization terminated successfully. (HiGHS Status 7: Optimal),0,0,5.55111512313e-17,0.225,2.77555756156e-17,0,2.5.3,1.18.1,highs-ds,MODEL_CONTINGENT_TRANSPORT_RELAXATION,False
transport_lp_v1,f71561_leaf_count_normalized,pre_specified_grid,0.225,decile,9,pseudo_positive_modeled_annual_income_tax_share,min,0.633608815427,0,Optimization terminated successfully. (HiGHS Status 7: Optimal),0,0,5.55111512313e-17,0.225,2.77555756156e-17,0,2.5.3,1.18.1,highs-ds,MODEL_CONTINGENT_TRANSPORT_RELAXATION,False
transport_lp_v1,f71561_leaf_count_normalized,pre_specified_grid,0.225,decile,9,pseudo_positive_modeled_annual_income_tax_share,max,0.639353398989,0,Optimization terminated successfully. (HiGHS Status 7: Optimal),0,0,5.55111512313e-17,0.225,2.77555756156e-17,0,2.5.3,1.18.1,highs-ds,MODEL_CONTINGENT_TRANSPORT_RELAXATION,False
transport_lp_v1,f71561_leaf_count_normalized,pre_specified_grid,0.225,decile,10,taxable_income_weighted_mean_MTR,min,0.242458104239,0,Optimization terminated successfully. (HiGHS Status 7: Optimal),0,1.38777878078e-17,5.55111512313e-17,0.225,2.77555756156e-17,0,2.5.3,1.18.1,highs-ds,MODEL_CONTINGENT_TRANSPORT_RELAXATION,False
transport_lp_v1,f71561_leaf_count_normalized,pre_specified_grid,0.225,decile,10,taxable_income_weighted_mean_MTR,max,0.249312266845,0,Optimization terminated successfully. (HiGHS Status 7: Optimal),0,1.38777878078e-17,5.55111512313e-17,0.225,2.77555756156e-17,0,2.5.3,1.18.1,highs-ds,MODEL_CONTINGENT_TRANSPORT_RELAXATION,False
transport_lp_v1,f71561_leaf_count_normalized,pre_specified_grid,0.225,decile,10,income_tax_liability_weighted_mean_MTR,min,0.266557884211,0,Optimization terminated successfully. (HiGHS Status 7: Optimal),0,1.38777878078e-17,5.55111512313e-17,0.225,2.77555756156e-17,0,2.5.3,1.18.1,highs-ds,MODEL_CONTINGENT_TRANSPORT_RELAXATION,False
transport_lp_v1,f71561_leaf_count_normalized,pre_specified_grid,0.225,decile,10,income_tax_liability_weighted_mean_MTR,max,0.273663697456,0,Optimization terminated successfully. (HiGHS Status 7: Optimal),0,1.38777878078e-17,5.55111512313e-17,0.225,2.77555756156e-17,0,2.5.3,1.18.1,highs-ds,MODEL_CONTINGENT_TRANSPORT_RELAXATION,False
transport_lp_v1,f71561_leaf_count_normalized,pre_specified_grid,0.225,decile,10,pseudo_positive_modeled_annual_income_tax_share,min,0.668781725888,0,Optimization terminated successfully. (HiGHS Status 7: Optimal),0,0,5.55111512313e-17,0.225,2.77555756156e-17,0,2.5.3,1.18.1,highs-ds,MODEL_CONTINGENT_TRANSPORT_RELAXATION,False
transport_lp_v1,f71561_leaf_count_normalized,pre_specified_grid,0.225,decile,10,pseudo_positive_modeled_annual_income_tax_share,max,0.675272614323,0,Optimization terminated successfully. (HiGHS Status 7: Optimal),0,1.38777878078e-17,5.55111512313e-17,0.225,2.77555756156e-17,0,2.5.3,1.18.1,highs-ds,MODEL_CONTINGENT_TRANSPORT_RELAXATION,False
transport_lp_v1,f71561_leaf_count_normalized,pre_specified_grid,0.225,overall,,taxable_income_weighted_mean_MTR,min,0.0954552547852,0,Optimization terminated successfully. (HiGHS Status 7: Optimal),0,1.38777878078e-17,5.55111512313e-17,0.225,1.11022302463e-16,0,2.5.3,1.18.1,highs-ds,MODEL_CONTINGENT_TRANSPORT_RELAXATION,False
transport_lp_v1,f71561_leaf_count_normalized,pre_specified_grid,0.225,overall,,taxable_income_weighted_mean_MTR,max,0.113629205798,0,Optimization terminated successfully. (HiGHS Status 7: Optimal),0,1.38777878078e-17,1.11022302463e-16,0.225,2.77555756156e-17,0,2.5.3,1.18.1,highs-ds,MODEL_CONTINGENT_TRANSPORT_RELAXATION,False
transport_lp_v1,f71561_leaf_count_normalized,pre_specified_grid,0.225,overall,,income_tax_liability_weighted_mean_MTR,min,0.102979057891,0,Optimization terminated successfully. (HiGHS Status 7: Optimal),0,1.38777878078e-17,5.55111512313e-17,0.225,1.11022302463e-16,0,2.5.3,1.18.1,highs-ds,MODEL_CONTINGENT_TRANSPORT_RELAXATION,False
transport_lp_v1,f71561_leaf_count_normalized,pre_specified_grid,0.225,overall,,income_tax_liability_weighted_mean_MTR,max,0.122129518433,0,Optimization terminated successfully. (HiGHS Status 7: Optimal),0,1.38777878078e-17,1.11022302463e-16,0.225,2.77555756156e-17,0,2.5.3,1.18.1,highs-ds,MODEL_CONTINGENT_TRANSPORT_RELAXATION,False
transport_lp_v1,f71561_leaf_count_normalized,pre_specified_grid,0.25,decile,1,taxable_income_weighted_mean_MTR,min,0.05,0,Optimization terminated successfully. (HiGHS Status 7: Optimal),0,1.38777878078e-17,2.77555756156e-17,0.25,0,0,2.5.3,1.18.1,highs-ds,MODEL_CONTINGENT_TRANSPORT_RELAXATION,False
transport_lp_v1,f71561_leaf_count_normalized,pre_specified_grid,0.25,decile,1,taxable_income_weighted_mean_MTR,max,0.05,0,Optimization terminated successfully. (HiGHS Status 7: Optimal),0,1.38777878078e-17,2.77555756156e-17,0.25,0,0,2.5.3,1.18.1,highs-ds,MODEL_CONTINGENT_TRANSPORT_RELAXATION,False
transport_lp_v1,f71561_leaf_count_normalized,pre_specified_grid,0.25,decile,1,income_tax_liability_weighted_mean_MTR,min,0.05,0,Optimization terminated successfully. (HiGHS Status 7: Optimal),0,1.38777878078e-17,2.77555756156e-17,0.25,0,0,2.5.3,1.18.1,highs-ds,MODEL_CONTINGENT_TRANSPORT_RELAXATION,False
transport_lp_v1,f71561_leaf_count_normalized,pre_specified_grid,0.25,decile,1,income_tax_liability_weighted_mean_MTR,max,0.05,0,Optimization terminated successfully. (HiGHS Status 7: Optimal),0,1.38777878078e-17,2.77555756156e-17,0.25,0,0,2.5.3,1.18.1,highs-ds,MODEL_CONTINGENT_TRANSPORT_RELAXATION,False
transport_lp_v1,f71561_leaf_count_normalized,pre_specified_grid,0.25,decile,1,pseudo_positive_modeled_annual_income_tax_share,min,0.0854779411765,0,Optimization terminated successfully. (HiGHS Status 7: Optimal),0,1.38777878078e-17,2.77555756156e-17,0.25,0,0,2.5.3,1.18.1,highs-ds,MODEL_CONTINGENT_TRANSPORT_RELAXATION,False
transport_lp_v1,f71561_leaf_count_normalized,pre_specified_grid,0.25,decile,1,pseudo_positive_modeled_annual_income_tax_share,max,0.195828505214,0,Optimization terminated successfully. (HiGHS Status 7: Optimal),0,1.38777878078e-17,2.77555756156e-17,0.25,0,0,2.5.3,1.18.1,highs-ds,MODEL_CONTINGENT_TRANSPORT_RELAXATION,False
transport_lp_v1,f71561_leaf_count_normalized,pre_specified_grid,0.25,decile,2,taxable_income_weighted_mean_MTR,min,0.05,0,Optimization terminated successfully. (HiGHS Status 7: Optimal),0,0,5.55111512313e-17,0.25,1.11022302463e-16,0,2.5.3,1.18.1,highs-ds,MODEL_CONTINGENT_TRANSPORT_RELAXATION,False
transport_lp_v1,f71561_leaf_count_normalized,pre_specified_grid,0.25,decile,2,taxable_income_weighted_mean_MTR,max,0.05,0,Optimization terminated successfully. (HiGHS Status 7: Optimal),0,0,5.55111512313e-17,0.25,1.11022302463e-16,0,2.5.3,1.18.1,highs-ds,MODEL_CONTINGENT_TRANSPORT_RELAXATION,False
transport_lp_v1,f71561_leaf_count_normalized,pre_specified_grid,0.25,decile,2,income_tax_liability_weighted_mean_MTR,min,0.05,0,Optimization terminated successfully. (HiGHS Status 7: Optimal),0,0,5.55111512313e-17,0.25,1.11022302463e-16,0,2.5.3,1.18.1,highs-ds,MODEL_CONTINGENT_TRANSPORT_RELAXATION,False
transport_lp_v1,f71561_leaf_count_normalized,pre_specified_grid,0.25,decile,2,income_tax_liability_weighted_mean_MTR,max,0.05,0,Optimization terminated successfully. (HiGHS Status 7: Optimal),0,0,5.55111512313e-17,0.25,1.11022302463e-16,0,2.5.3,1.18.1,highs-ds,MODEL_CONTINGENT_TRANSPORT_RELAXATION,False
transport_lp_v1,f71561_leaf_count_normalized,pre_specified_grid,0.25,decile,2,pseudo_positive_modeled_annual_income_tax_share,min,0.14409221902,0,Optimization terminated successfully. (HiGHS Status 7: Optimal),0,1.38777878078e-17,2.77555756156e-17,0.25,0,0,2.5.3,1.18.1,highs-ds,MODEL_CONTINGENT_TRANSPORT_RELAXATION,False
transport_lp_v1,f71561_leaf_count_normalized,pre_specified_grid,0.25,decile,2,pseudo_positive_modeled_annual_income_tax_share,max,0.578826237054,0,Optimization terminated successfully. (HiGHS Status 7: Optimal),0,1.38777878078e-17,0,0.25,1.11022302463e-16,0,2.5.3,1.18.1,highs-ds,MODEL_CONTINGENT_TRANSPORT_RELAXATION,False
transport_lp_v1,f71561_leaf_count_normalized,pre_specified_grid,0.25,decile,3,taxable_income_weighted_mean_MTR,min,0.05,0,Optimization terminated successfully. (HiGHS Status 7: Optimal),0,1.38777878078e-17,1.38777878078e-17,0.25,0,0,2.5.3,1.18.1,highs-ds,MODEL_CONTINGENT_TRANSPORT_RELAXATION,False
transport_lp_v1,f71561_leaf_count_normalized,pre_specified_grid,0.25,decile,3,taxable_income_weighted_mean_MTR,max,0.05,0,Optimization terminated successfully. (HiGHS Status 7: Optimal),0,1.38777878078e-17,1.38777878078e-17,0.25,0,0,2.5.3,1.18.1,highs-ds,MODEL_CONTINGENT_TRANSPORT_RELAXATION,False
transport_lp_v1,f71561_leaf_count_normalized,pre_specified_grid,0.25,decile,3,income_tax_liability_weighted_mean_MTR,min,0.05,0,Optimization terminated successfully. (HiGHS Status 7: Optimal),0,1.38777878078e-17,1.38777878078e-17,0.25,0,0,2.5.3,1.18.1,highs-ds,MODEL_CONTINGENT_TRANSPORT_RELAXATION,False
transport_lp_v1,f71561_leaf_count_normalized,pre_specified_grid,0.25,decile,3,income_tax_liability_weighted_mean_MTR,max,0.05,0,Optimization terminated successfully. (HiGHS Status 7: Optimal),0,1.38777878078e-17,1.38777878078e-17,0.25,0,0,2.5.3,1.18.1,highs-ds,MODEL_CONTINGENT_TRANSPORT_RELAXATION,False
transport_lp_v1,f71561_leaf_count_normalized,pre_specified_grid,0.25,decile,3,pseudo_positive_modeled_annual_income_tax_share,min,0.156598513011,0,Optimization terminated successfully. (HiGHS Status 7: Optimal),0,1.38777878078e-17,2.77555756156e-17,0.25,0,0,2.5.3,1.18.1,highs-ds,MODEL_CONTINGENT_TRANSPORT_RELAXATION,False
transport_lp_v1,f71561_leaf_count_normalized,pre_specified_grid,0.25,decile,3,pseudo_positive_modeled_annual_income_tax_share,max,0.5468914647,0,Optimization terminated successfully. (HiGHS Status 7: Optimal),0,0,2.77555756156e-17,0.25,5.55111512313e-17,0,2.5.3,1.18.1,highs-ds,MODEL_CONTINGENT_TRANSPORT_RELAXATION,False
transport_lp_v1,f71561_leaf_count_normalized,pre_specified_grid,0.25,decile,4,taxable_income_weighted_mean_MTR,min,0.05,0,Optimization terminated successfully. (HiGHS Status 7: Optimal),0,1.38777878078e-17,2.77555756156e-17,0.25,0,0,2.5.3,1.18.1,highs-ds,MODEL_CONTINGENT_TRANSPORT_RELAXATION,False
transport_lp_v1,f71561_leaf_count_normalized,pre_specified_grid,0.25,decile,4,taxable_income_weighted_mean_MTR,max,0.058968460929,0,Optimization terminated successfully. (HiGHS Status 7: Optimal),0,1.38777878078e-17,2.77555756156e-17,0.25,0,0,2.5.3,1.18.1,highs-ds,MODEL_CONTINGENT_TRANSPORT_RELAXATION,False
transport_lp_v1,f71561_leaf_count_normalized,pre_specified_grid,0.25,decile,4,income_tax_liability_weighted_mean_MTR,min,0.05,0,Optimization terminated successfully. (HiGHS Status 7: Optimal),0,1.38777878078e-17,2.77555756156e-17,0.25,0,0,2.5.3,1.18.1,highs-ds,MODEL_CONTINGENT_TRANSPORT_RELAXATION,False
transport_lp_v1,f71561_leaf_count_normalized,pre_specified_grid,0.25,decile,4,income_tax_liability_weighted_mean_MTR,max,0.0602889317796,0,Optimization terminated successfully. (HiGHS Status 7: Optimal),0,1.38777878078e-17,2.77555756156e-17,0.25,0,0,2.5.3,1.18.1,highs-ds,MODEL_CONTINGENT_TRANSPORT_RELAXATION,False
transport_lp_v1,f71561_leaf_count_normalized,pre_specified_grid,0.25,decile,4,pseudo_positive_modeled_annual_income_tax_share,min,0.190499272904,0,Optimization terminated successfully. (HiGHS Status 7: Optimal),0,1.38777878078e-17,2.77555756156e-17,0.25,0,0,2.5.3,1.18.1,highs-ds,MODEL_CONTINGENT_TRANSPORT_RELAXATION,False
transport_lp_v1,f71561_leaf_count_normalized,pre_specified_grid,0.25,decile,4,pseudo_positive_modeled_annual_income_tax_share,max,0.504604051565,0,Optimization terminated successfully. (HiGHS Status 7: Optimal),0,0,2.08166817117e-17,0.25,1.11022302463e-16,0,2.5.3,1.18.1,highs-ds,MODEL_CONTINGENT_TRANSPORT_RELAXATION,False
transport_lp_v1,f71561_leaf_count_normalized,pre_specified_grid,0.25,decile,5,taxable_income_weighted_mean_MTR,min,0.0575744226295,0,Optimization terminated successfully. (HiGHS Status 7: Optimal),0,2.77555756156e-17,2.77555756156e-17,0.25,1.11022302463e-16,0,2.5.3,1.18.1,highs-ds,MODEL_CONTINGENT_TRANSPORT_RELAXATION,False
transport_lp_v1,f71561_leaf_count_normalized,pre_specified_grid,0.25,decile,5,taxable_income_weighted_mean_MTR,max,0.103241125426,0,Optimization terminated successfully. (HiGHS Status 7: Optimal),0,1.38777878078e-17,2.08166817117e-17,0.25,1.11022302463e-16,0,2.5.3,1.18.1,highs-ds,MODEL_CONTINGENT_TRANSPORT_RELAXATION,False
transport_lp_v1,f71561_leaf_count_normalized,pre_specified_grid,0.25,decile,5,income_tax_liability_weighted_mean_MTR,min,0.0586702460887,0,Optimization terminated successfully. (HiGHS Status 7: Optimal),0,2.77555756156e-17,2.77555756156e-17,0.25,1.11022302463e-16,0,2.5.3,1.18.1,highs-ds,MODEL_CONTINGENT_TRANSPORT_RELAXATION,False
transport_lp_v1,f71561_leaf_count_normalized,pre_specified_grid,0.25,decile,5,income_tax_liability_weighted_mean_MTR,max,0.113729890589,0,Optimization terminated successfully. (HiGHS Status 7: Optimal),0,1.38777878078e-17,2.08166817117e-17,0.25,1.11022302463e-16,0,2.5.3,1.18.1,highs-ds,MODEL_CONTINGENT_TRANSPORT_RELAXATION,False
transport_lp_v1,f71561_leaf_count_normalized,pre_specified_grid,0.25,decile,5,pseudo_positive_modeled_annual_income_tax_share,min,0.213769860376,0,Optimization terminated successfully. (HiGHS Status 7: Optimal),0,1.38777878078e-17,2.77555756156e-17,0.25,0,0,2.5.3,1.18.1,highs-ds,MODEL_CONTINGENT_TRANSPORT_RELAXATION,False
transport_lp_v1,f71561_leaf_count_normalized,pre_specified_grid,0.25,decile,5,pseudo_positive_modeled_annual_income_tax_share,max,0.586991869919,0,Optimization terminated successfully. (HiGHS Status 7: Optimal),0,2.77555756156e-17,2.77555756156e-17,0.25,1.11022302463e-16,0,2.5.3,1.18.1,highs-ds,MODEL_CONTINGENT_TRANSPORT_RELAXATION,False
transport_lp_v1,f71561_leaf_count_normalized,pre_specified_grid,0.25,decile,6,taxable_income_weighted_mean_MTR,min,0.0945551847046,0,Optimization terminated successfully. (HiGHS Status 7: Optimal),0,1.38777878078e-17,0,0.25,0,0,2.5.3,1.18.1,highs-ds,MODEL_CONTINGENT_TRANSPORT_RELAXATION,False
transport_lp_v1,f71561_leaf_count_normalized,pre_specified_grid,0.25,decile,6,taxable_income_weighted_mean_MTR,max,0.153348627649,0,Optimization terminated successfully. (HiGHS Status 7: Optimal),0,1.38777878078e-17,5.55111512313e-17,0.25,0,0,2.5.3,1.18.1,highs-ds,MODEL_CONTINGENT_TRANSPORT_RELAXATION,False
transport_lp_v1,f71561_leaf_count_normalized,pre_specified_grid,0.25,decile,6,income_tax_liability_weighted_mean_MTR,min,0.104721210072,0,Optimization terminated successfully. (HiGHS Status 7: Optimal),0,1.38777878078e-17,0,0.25,0,0,2.5.3,1.18.1,highs-ds,MODEL_CONTINGENT_TRANSPORT_RELAXATION,False
transport_lp_v1,f71561_leaf_count_normalized,pre_specified_grid,0.25,decile,6,income_tax_liability_weighted_mean_MTR,max,0.166077223997,0,Optimization terminated successfully. (HiGHS Status 7: Optimal),0,1.38777878078e-17,5.55111512313e-17,0.25,0,0,2.5.3,1.18.1,highs-ds,MODEL_CONTINGENT_TRANSPORT_RELAXATION,False
transport_lp_v1,f71561_leaf_count_normalized,pre_specified_grid,0.25,decile,6,pseudo_positive_modeled_annual_income_tax_share,min,0.235387045814,0,Optimization terminated successfully. (HiGHS Status 7: Optimal),0,1.38777878078e-17,2.77555756156e-17,0.25,0,0,2.5.3,1.18.1,highs-ds,MODEL_CONTINGENT_TRANSPORT_RELAXATION,False
transport_lp_v1,f71561_leaf_count_normalized,pre_specified_grid,0.25,decile,6,pseudo_positive_modeled_annual_income_tax_share,max,0.532498042287,0,Optimization terminated successfully. (HiGHS Status 7: Optimal),0,1.38777878078e-17,0,0.25,0,0,2.5.3,1.18.1,highs-ds,MODEL_CONTINGENT_TRANSPORT_RELAXATION,False
transport_lp_v1,f71561_leaf_count_normalized,pre_specified_grid,0.25,decile,7,taxable_income_weighted_mean_MTR,min,0.101040597253,0,Optimization terminated successfully. (HiGHS Status 7: Optimal),0,0,5.55111512313e-17,0.25,5.55111512313e-17,0,2.5.3,1.18.1,highs-ds,MODEL_CONTINGENT_TRANSPORT_RELAXATION,False
transport_lp_v1,f71561_leaf_count_normalized,pre_specified_grid,0.25,decile,7,taxable_income_weighted_mean_MTR,max,0.16445572026,0,Optimization terminated successfully. (HiGHS Status 7: Optimal),0,1.38777878078e-17,5.55111512313e-17,0.25,1.11022302463e-16,0,2.5.3,1.18.1,highs-ds,MODEL_CONTINGENT_TRANSPORT_RELAXATION,False
transport_lp_v1,f71561_leaf_count_normalized,pre_specified_grid,0.25,decile,7,income_tax_liability_weighted_mean_MTR,min,0.114321209827,0,Optimization terminated successfully. (HiGHS Status 7: Optimal),0,0,5.55111512313e-17,0.25,5.55111512313e-17,0,2.5.3,1.18.1,highs-ds,MODEL_CONTINGENT_TRANSPORT_RELAXATION,False
transport_lp_v1,f71561_leaf_count_normalized,pre_specified_grid,0.25,decile,7,income_tax_liability_weighted_mean_MTR,max,0.177198331736,0,Optimization terminated successfully. (HiGHS Status 7: Optimal),0,1.38777878078e-17,5.55111512313e-17,0.25,1.11022302463e-16,0,2.5.3,1.18.1,highs-ds,MODEL_CONTINGENT_TRANSPORT_RELAXATION,False
transport_lp_v1,f71561_leaf_count_normalized,pre_specified_grid,0.25,decile,7,pseudo_positive_modeled_annual_income_tax_share,min,0.317057704502,0,Optimization terminated successfully. (HiGHS Status 7: Optimal),0,1.38777878078e-17,2.77555756156e-17,0.25,0,0,2.5.3,1.18.1,highs-ds,MODEL_CONTINGENT_TRANSPORT_RELAXATION,False
transport_lp_v1,f71561_leaf_count_normalized,pre_specified_grid,0.25,decile,7,pseudo_positive_modeled_annual_income_tax_share,max,0.611416009465,0,Optimization terminated successfully. (HiGHS Status 7: Optimal),0,0,5.55111512313e-17,0.25,1.11022302463e-16,0,2.5.3,1.18.1,highs-ds,MODEL_CONTINGENT_TRANSPORT_RELAXATION,False
transport_lp_v1,f71561_leaf_count_normalized,pre_specified_grid,0.25,decile,8,taxable_income_weighted_mean_MTR,min,0.146023928812,0,Optimization terminated successfully. (HiGHS Status 7: Optimal),0,0,2.77555756156e-17,0.25,5.55111512313e-17,0,2.5.3,1.18.1,highs-ds,MODEL_CONTINGENT_TRANSPORT_RELAXATION,False
transport_lp_v1,f71561_leaf_count_normalized,pre_specified_grid,0.25,decile,8,taxable_income_weighted_mean_MTR,max,0.169900931419,0,Optimization terminated successfully. (HiGHS Status 7: Optimal),0,0,2.77555756156e-17,0.25,5.55111512313e-17,0,2.5.3,1.18.1,highs-ds,MODEL_CONTINGENT_TRANSPORT_RELAXATION,False
transport_lp_v1,f71561_leaf_count_normalized,pre_specified_grid,0.25,decile,8,income_tax_liability_weighted_mean_MTR,min,0.165205137407,0,Optimization terminated successfully. (HiGHS Status 7: Optimal),0,0,2.77555756156e-17,0.25,5.55111512313e-17,0,2.5.3,1.18.1,highs-ds,MODEL_CONTINGENT_TRANSPORT_RELAXATION,False
transport_lp_v1,f71561_leaf_count_normalized,pre_specified_grid,0.25,decile,8,income_tax_liability_weighted_mean_MTR,max,0.184753953102,0,Optimization terminated successfully. (HiGHS Status 7: Optimal),0,0,2.77555756156e-17,0.25,5.55111512313e-17,0,2.5.3,1.18.1,highs-ds,MODEL_CONTINGENT_TRANSPORT_RELAXATION,False
transport_lp_v1,f71561_leaf_count_normalized,pre_specified_grid,0.25,decile,8,pseudo_positive_modeled_annual_income_tax_share,min,0.429585152838,0,Optimization terminated successfully. (HiGHS Status 7: Optimal),0,1.38777878078e-17,5.55111512313e-17,0.25,0,0,2.5.3,1.18.1,highs-ds,MODEL_CONTINGENT_TRANSPORT_RELAXATION,False
transport_lp_v1,f71561_leaf_count_normalized,pre_specified_grid,0.25,decile,8,pseudo_positive_modeled_annual_income_tax_share,max,0.612333779931,0,Optimization terminated successfully. (HiGHS Status 7: Optimal),0,0,2.77555756156e-17,0.25,5.55111512313e-17,0,2.5.3,1.18.1,highs-ds,MODEL_CONTINGENT_TRANSPORT_RELAXATION,False
transport_lp_v1,f71561_leaf_count_normalized,pre_specified_grid,0.25,decile,9,taxable_income_weighted_mean_MTR,min,0.176396670959,0,Optimization terminated successfully. (HiGHS Status 7: Optimal),0,1.38777878078e-17,2.77555756156e-17,0.25,5.55111512313e-17,0,2.5.3,1.18.1,highs-ds,MODEL_CONTINGENT_TRANSPORT_RELAXATION,False
transport_lp_v1,f71561_leaf_count_normalized,pre_specified_grid,0.25,decile,9,taxable_income_weighted_mean_MTR,max,0.179512785836,0,Optimization terminated successfully. (HiGHS Status 7: Optimal),0,1.38777878078e-17,2.77555756156e-17,0.25,0,0,2.5.3,1.18.1,highs-ds,MODEL_CONTINGENT_TRANSPORT_RELAXATION,False
transport_lp_v1,f71561_leaf_count_normalized,pre_specified_grid,0.25,decile,9,income_tax_liability_weighted_mean_MTR,min,0.193189790742,0,Optimization terminated successfully. (HiGHS Status 7: Optimal),0,1.38777878078e-17,2.77555756156e-17,0.25,0,0,2.5.3,1.18.1,highs-ds,MODEL_CONTINGENT_TRANSPORT_RELAXATION,False
transport_lp_v1,f71561_leaf_count_normalized,pre_specified_grid,0.25,decile,9,income_tax_liability_weighted_mean_MTR,max,0.196710836071,0,Optimization terminated successfully. (HiGHS Status 7: Optimal),0,1.38777878078e-17,2.77555756156e-17,0.25,5.55111512313e-17,0,2.5.3,1.18.1,highs-ds,MODEL_CONTINGENT_TRANSPORT_RELAXATION,False
transport_lp_v1,f71561_leaf_count_normalized,pre_specified_grid,0.25,decile,9,pseudo_positive_modeled_annual_income_tax_share,min,0.633608815427,0,Optimization terminated successfully. (HiGHS Status 7: Optimal),0,1.38777878078e-17,1.38777878078e-17,0.25,5.55111512313e-17,0,2.5.3,1.18.1,highs-ds,MODEL_CONTINGENT_TRANSPORT_RELAXATION,False
transport_lp_v1,f71561_leaf_count_normalized,pre_specified_grid,0.25,decile,9,pseudo_positive_modeled_annual_income_tax_share,max,0.686478966311,0,Optimization terminated successfully. (HiGHS Status 7: Optimal),0,1.38777878078e-17,2.77555756156e-17,0.25,0,0,2.5.3,1.18.1,highs-ds,MODEL_CONTINGENT_TRANSPORT_RELAXATION,False
transport_lp_v1,f71561_leaf_count_normalized,pre_specified_grid,0.25,decile,10,taxable_income_weighted_mean_MTR,min,0.23957160467,0,Optimization terminated successfully. (HiGHS Status 7: Optimal),0,1.38777878078e-17,2.77555756156e-17,0.25,5.55111512313e-17,0,2.5.3,1.18.1,highs-ds,MODEL_CONTINGENT_TRANSPORT_RELAXATION,False
transport_lp_v1,f71561_leaf_count_normalized,pre_specified_grid,0.25,decile,10,taxable_income_weighted_mean_MTR,max,0.296421496398,0,Optimization terminated successfully. (HiGHS Status 7: Optimal),0,0,2.77555756156e-17,0.25,5.55111512313e-17,0,2.5.3,1.18.1,highs-ds,MODEL_CONTINGENT_TRANSPORT_RELAXATION,False
transport_lp_v1,f71561_leaf_count_normalized,pre_specified_grid,0.25,decile,10,income_tax_liability_weighted_mean_MTR,min,0.26140073415,0,Optimization terminated successfully. (HiGHS Status 7: Optimal),0,1.38777878078e-17,2.77555756156e-17,0.25,5.55111512313e-17,0,2.5.3,1.18.1,highs-ds,MODEL_CONTINGENT_TRANSPORT_RELAXATION,False
transport_lp_v1,f71561_leaf_count_normalized,pre_specified_grid,0.25,decile,10,income_tax_liability_weighted_mean_MTR,max,0.320590783508,0,Optimization terminated successfully. (HiGHS Status 7: Optimal),0,0,2.77555756156e-17,0.25,5.55111512313e-17,0,2.5.3,1.18.1,highs-ds,MODEL_CONTINGENT_TRANSPORT_RELAXATION,False
transport_lp_v1,f71561_leaf_count_normalized,pre_specified_grid,0.25,decile,10,pseudo_positive_modeled_annual_income_tax_share,min,0.668781725888,0,Optimization terminated successfully. (HiGHS Status 7: Optimal),0,1.38777878078e-17,2.77555756156e-17,0.25,0,0,2.5.3,1.18.1,highs-ds,MODEL_CONTINGENT_TRANSPORT_RELAXATION,False
transport_lp_v1,f71561_leaf_count_normalized,pre_specified_grid,0.25,decile,10,pseudo_positive_modeled_annual_income_tax_share,max,0.728520477571,0,Optimization terminated successfully. (HiGHS Status 7: Optimal),0,1.38777878078e-17,2.77555756156e-17,0.25,5.55111512313e-17,0,2.5.3,1.18.1,highs-ds,MODEL_CONTINGENT_TRANSPORT_RELAXATION,False
transport_lp_v1,f71561_leaf_count_normalized,pre_specified_grid,0.25,overall,,taxable_income_weighted_mean_MTR,min,0.095096147377,0,Optimization terminated successfully. (HiGHS Status 7: Optimal),2.22044604925e-16,1.38777878078e-17,6.93889390391e-17,0.25,1.11022302463e-16,0,2.5.3,1.18.1,highs-ds,MODEL_CONTINGENT_TRANSPORT_RELAXATION,False
transport_lp_v1,f71561_leaf_count_normalized,pre_specified_grid,0.25,overall,,taxable_income_weighted_mean_MTR,max,0.117711748503,0,Optimization terminated successfully. (HiGHS Status 7: Optimal),0,1.38777878078e-17,4.16333634234e-17,0.25,5.55111512313e-17,0,2.5.3,1.18.1,highs-ds,MODEL_CONTINGENT_TRANSPORT_RELAXATION,False
transport_lp_v1,f71561_leaf_count_normalized,pre_specified_grid,0.25,overall,,income_tax_liability_weighted_mean_MTR,min,0.102417859343,0,Optimization terminated successfully. (HiGHS Status 7: Optimal),2.22044604925e-16,1.38777878078e-17,6.93889390391e-17,0.25,1.11022302463e-16,0,2.5.3,1.18.1,highs-ds,MODEL_CONTINGENT_TRANSPORT_RELAXATION,False
transport_lp_v1,f71561_leaf_count_normalized,pre_specified_grid,0.25,overall,,income_tax_liability_weighted_mean_MTR,max,0.12614400387,0,Optimization terminated successfully. (HiGHS Status 7: Optimal),0,1.38777878078e-17,4.16333634234e-17,0.25,5.55111512313e-17,0,2.5.3,1.18.1,highs-ds,MODEL_CONTINGENT_TRANSPORT_RELAXATION,False
transport_lp_v1,f71561_leaf_count_normalized,pre_specified_grid,0.275,decile,1,taxable_income_weighted_mean_MTR,min,0.05,0,Optimization terminated successfully. (HiGHS Status 7: Optimal),0,0,2.77555756156e-17,0.275,0,0,2.5.3,1.18.1,highs-ds,MODEL_CONTINGENT_TRANSPORT_RELAXATION,False
transport_lp_v1,f71561_leaf_count_normalized,pre_specified_grid,0.275,decile,1,taxable_income_weighted_mean_MTR,max,0.05,0,Optimization terminated successfully. (HiGHS Status 7: Optimal),0,0,2.77555756156e-17,0.275,0,0,2.5.3,1.18.1,highs-ds,MODEL_CONTINGENT_TRANSPORT_RELAXATION,False
transport_lp_v1,f71561_leaf_count_normalized,pre_specified_grid,0.275,decile,1,income_tax_liability_weighted_mean_MTR,min,0.05,0,Optimization terminated successfully. (HiGHS Status 7: Optimal),0,0,2.77555756156e-17,0.275,0,0,2.5.3,1.18.1,highs-ds,MODEL_CONTINGENT_TRANSPORT_RELAXATION,False
transport_lp_v1,f71561_leaf_count_normalized,pre_specified_grid,0.275,decile,1,income_tax_liability_weighted_mean_MTR,max,0.05,0,Optimization terminated successfully. (HiGHS Status 7: Optimal),0,0,2.77555756156e-17,0.275,0,0,2.5.3,1.18.1,highs-ds,MODEL_CONTINGENT_TRANSPORT_RELAXATION,False
transport_lp_v1,f71561_leaf_count_normalized,pre_specified_grid,0.275,decile,1,pseudo_positive_modeled_annual_income_tax_share,min,0.0854779411765,0,Optimization terminated successfully. (HiGHS Status 7: Optimal),0,0,2.77555756156e-17,0.275,0,0,2.5.3,1.18.1,highs-ds,MODEL_CONTINGENT_TRANSPORT_RELAXATION,False
transport_lp_v1,f71561_leaf_count_normalized,pre_specified_grid,0.275,decile,1,pseudo_positive_modeled_annual_income_tax_share,max,0.195828505214,0,Optimization terminated successfully. (HiGHS Status 7: Optimal),0,0,2.77555756156e-17,0.275,0,0,2.5.3,1.18.1,highs-ds,MODEL_CONTINGENT_TRANSPORT_RELAXATION,False
transport_lp_v1,f71561_leaf_count_normalized,pre_specified_grid,0.275,decile,2,taxable_income_weighted_mean_MTR,min,0.05,0,Optimization terminated successfully. (HiGHS Status 7: Optimal),0,0,5.55111512313e-17,0.275,0,0,2.5.3,1.18.1,highs-ds,MODEL_CONTINGENT_TRANSPORT_RELAXATION,False
transport_lp_v1,f71561_leaf_count_normalized,pre_specified_grid,0.275,decile,2,taxable_income_weighted_mean_MTR,max,0.05,0,Optimization terminated successfully. (HiGHS Status 7: Optimal),0,0,5.55111512313e-17,0.275,0,0,2.5.3,1.18.1,highs-ds,MODEL_CONTINGENT_TRANSPORT_RELAXATION,False
transport_lp_v1,f71561_leaf_count_normalized,pre_specified_grid,0.275,decile,2,income_tax_liability_weighted_mean_MTR,min,0.05,0,Optimization terminated successfully. (HiGHS Status 7: Optimal),0,0,5.55111512313e-17,0.275,0,0,2.5.3,1.18.1,highs-ds,MODEL_CONTINGENT_TRANSPORT_RELAXATION,False
transport_lp_v1,f71561_leaf_count_normalized,pre_specified_grid,0.275,decile,2,income_tax_liability_weighted_mean_MTR,max,0.05,0,Optimization terminated successfully. (HiGHS Status 7: Optimal),0,0,5.55111512313e-17,0.275,0,0,2.5.3,1.18.1,highs-ds,MODEL_CONTINGENT_TRANSPORT_RELAXATION,False
transport_lp_v1,f71561_leaf_count_normalized,pre_specified_grid,0.275,decile,2,pseudo_positive_modeled_annual_income_tax_share,min,0.14409221902,0,Optimization terminated successfully. (HiGHS Status 7: Optimal),0,0,2.77555756156e-17,0.275,0,0,2.5.3,1.18.1,highs-ds,MODEL_CONTINGENT_TRANSPORT_RELAXATION,False
transport_lp_v1,f71561_leaf_count_normalized,pre_specified_grid,0.275,decile,2,pseudo_positive_modeled_annual_income_tax_share,max,0.578826237054,0,Optimization terminated successfully. (HiGHS Status 7: Optimal),0,0,5.55111512313e-17,0.275,1.11022302463e-16,0,2.5.3,1.18.1,highs-ds,MODEL_CONTINGENT_TRANSPORT_RELAXATION,False
transport_lp_v1,f71561_leaf_count_normalized,pre_specified_grid,0.275,decile,3,taxable_income_weighted_mean_MTR,min,0.05,0,Optimization terminated successfully. (HiGHS Status 7: Optimal),0,0,0,0.275,0,0,2.5.3,1.18.1,highs-ds,MODEL_CONTINGENT_TRANSPORT_RELAXATION,False
transport_lp_v1,f71561_leaf_count_normalized,pre_specified_grid,0.275,decile,3,taxable_income_weighted_mean_MTR,max,0.05,0,Optimization terminated successfully. (HiGHS Status 7: Optimal),0,0,0,0.275,0,0,2.5.3,1.18.1,highs-ds,MODEL_CONTINGENT_TRANSPORT_RELAXATION,False
transport_lp_v1,f71561_leaf_count_normalized,pre_specified_grid,0.275,decile,3,income_tax_liability_weighted_mean_MTR,min,0.05,0,Optimization terminated successfully. (HiGHS Status 7: Optimal),0,0,0,0.275,0,0,2.5.3,1.18.1,highs-ds,MODEL_CONTINGENT_TRANSPORT_RELAXATION,False
transport_lp_v1,f71561_leaf_count_normalized,pre_specified_grid,0.275,decile,3,income_tax_liability_weighted_mean_MTR,max,0.05,0,Optimization terminated successfully. (HiGHS Status 7: Optimal),0,0,0,0.275,0,0,2.5.3,1.18.1,highs-ds,MODEL_CONTINGENT_TRANSPORT_RELAXATION,False
transport_lp_v1,f71561_leaf_count_normalized,pre_specified_grid,0.275,decile,3,pseudo_positive_modeled_annual_income_tax_share,min,0.156598513011,0,Optimization terminated successfully. (HiGHS Status 7: Optimal),0,0,2.77555756156e-17,0.275,0,0,2.5.3,1.18.1,highs-ds,MODEL_CONTINGENT_TRANSPORT_RELAXATION,False
transport_lp_v1,f71561_leaf_count_normalized,pre_specified_grid,0.275,decile,3,pseudo_positive_modeled_annual_income_tax_share,max,0.5468914647,0,Optimization terminated successfully. (HiGHS Status 7: Optimal),0,0,5.55111512313e-17,0.275,1.11022302463e-16,0,2.5.3,1.18.1,highs-ds,MODEL_CONTINGENT_TRANSPORT_RELAXATION,False
transport_lp_v1,f71561_leaf_count_normalized,pre_specified_grid,0.275,decile,4,taxable_income_weighted_mean_MTR,min,0.05,0,Optimization terminated successfully. (HiGHS Status 7: Optimal),0,0,2.77555756156e-17,0.275,0,0,2.5.3,1.18.1,highs-ds,MODEL_CONTINGENT_TRANSPORT_RELAXATION,False
transport_lp_v1,f71561_leaf_count_normalized,pre_specified_grid,0.275,decile,4,taxable_income_weighted_mean_MTR,max,0.058968460929,0,Optimization terminated successfully. (HiGHS Status 7: Optimal),0,0,2.77555756156e-17,0.275,0,0,2.5.3,1.18.1,highs-ds,MODEL_CONTINGENT_TRANSPORT_RELAXATION,False
transport_lp_v1,f71561_leaf_count_normalized,pre_specified_grid,0.275,decile,4,income_tax_liability_weighted_mean_MTR,min,0.05,0,Optimization terminated successfully. (HiGHS Status 7: Optimal),0,0,2.77555756156e-17,0.275,0,0,2.5.3,1.18.1,highs-ds,MODEL_CONTINGENT_TRANSPORT_RELAXATION,False
transport_lp_v1,f71561_leaf_count_normalized,pre_specified_grid,0.275,decile,4,income_tax_liability_weighted_mean_MTR,max,0.0602889317796,0,Optimization terminated successfully. (HiGHS Status 7: Optimal),0,0,2.77555756156e-17,0.275,0,0,2.5.3,1.18.1,highs-ds,MODEL_CONTINGENT_TRANSPORT_RELAXATION,False
transport_lp_v1,f71561_leaf_count_normalized,pre_specified_grid,0.275,decile,4,pseudo_positive_modeled_annual_income_tax_share,min,0.190499272904,0,Optimization terminated successfully. (HiGHS Status 7: Optimal),0,0,2.77555756156e-17,0.275,0,0,2.5.3,1.18.1,highs-ds,MODEL_CONTINGENT_TRANSPORT_RELAXATION,False
transport_lp_v1,f71561_leaf_count_normalized,pre_specified_grid,0.275,decile,4,pseudo_positive_modeled_annual_income_tax_share,max,0.504604051565,0,Optimization terminated successfully. (HiGHS Status 7: Optimal),0,0,5.55111512313e-17,0.275,5.55111512313e-17,0,2.5.3,1.18.1,highs-ds,MODEL_CONTINGENT_TRANSPORT_RELAXATION,False
transport_lp_v1,f71561_leaf_count_normalized,pre_specified_grid,0.275,decile,5,taxable_income_weighted_mean_MTR,min,0.0575744226295,0,Optimization terminated successfully. (HiGHS Status 7: Optimal),0,1.38777878078e-17,6.24500451352e-17,0.275,5.55111512313e-17,0,2.5.3,1.18.1,highs-ds,MODEL_CONTINGENT_TRANSPORT_RELAXATION,False
transport_lp_v1,f71561_leaf_count_normalized,pre_specified_grid,0.275,decile,5,taxable_income_weighted_mean_MTR,max,0.103241125426,0,Optimization terminated successfully. (HiGHS Status 7: Optimal),0,0,2.77555756156e-17,0.275,0,0,2.5.3,1.18.1,highs-ds,MODEL_CONTINGENT_TRANSPORT_RELAXATION,False
transport_lp_v1,f71561_leaf_count_normalized,pre_specified_grid,0.275,decile,5,income_tax_liability_weighted_mean_MTR,min,0.0586702460887,0,Optimization terminated successfully. (HiGHS Status 7: Optimal),0,1.38777878078e-17,6.24500451352e-17,0.275,5.55111512313e-17,0,2.5.3,1.18.1,highs-ds,MODEL_CONTINGENT_TRANSPORT_RELAXATION,False
transport_lp_v1,f71561_leaf_count_normalized,pre_specified_grid,0.275,decile,5,income_tax_liability_weighted_mean_MTR,max,0.113729890589,0,Optimization terminated successfully. (HiGHS Status 7: Optimal),0,0,2.77555756156e-17,0.275,0,0,2.5.3,1.18.1,highs-ds,MODEL_CONTINGENT_TRANSPORT_RELAXATION,False
transport_lp_v1,f71561_leaf_count_normalized,pre_specified_grid,0.275,decile,5,pseudo_positive_modeled_annual_income_tax_share,min,0.213769860376,0,Optimization terminated successfully. (HiGHS Status 7: Optimal),0,0,2.77555756156e-17,0.275,0,0,2.5.3,1.18.1,highs-ds,MODEL_CONTINGENT_TRANSPORT_RELAXATION,False
transport_lp_v1,f71561_leaf_count_normalized,pre_specified_grid,0.275,decile,5,pseudo_positive_modeled_annual_income_tax_share,max,0.586991869919,0,Optimization terminated successfully. (HiGHS Status 7: Optimal),0,1.38777878078e-17,6.24500451352e-17,0.275,5.55111512313e-17,0,2.5.3,1.18.1,highs-ds,MODEL_CONTINGENT_TRANSPORT_RELAXATION,False
transport_lp_v1,f71561_leaf_count_normalized,pre_specified_grid,0.275,decile,6,taxable_income_weighted_mean_MTR,min,0.0945551847046,0,Optimization terminated successfully. (HiGHS Status 7: Optimal),0,5.55111512313e-17,4.16333634234e-17,0.275,5.55111512313e-17,0,2.5.3,1.18.1,highs-ds,MODEL_CONTINGENT_TRANSPORT_RELAXATION,False
transport_lp_v1,f71561_leaf_count_normalized,pre_specified_grid,0.275,decile,6,taxable_income_weighted_mean_MTR,max,0.153348627649,0,Optimization terminated successfully. (HiGHS Status 7: Optimal),0,0,2.77555756156e-17,0.275,0,0,2.5.3,1.18.1,highs-ds,MODEL_CONTINGENT_TRANSPORT_RELAXATION,False
transport_lp_v1,f71561_leaf_count_normalized,pre_specified_grid,0.275,decile,6,income_tax_liability_weighted_mean_MTR,min,0.104721210072,0,Optimization terminated successfully. (HiGHS Status 7: Optimal),0,5.55111512313e-17,4.16333634234e-17,0.275,5.55111512313e-17,0,2.5.3,1.18.1,highs-ds,MODEL_CONTINGENT_TRANSPORT_RELAXATION,False
transport_lp_v1,f71561_leaf_count_normalized,pre_specified_grid,0.275,decile,6,income_tax_liability_weighted_mean_MTR,max,0.166077223997,0,Optimization terminated successfully. (HiGHS Status 7: Optimal),0,0,2.77555756156e-17,0.275,0,0,2.5.3,1.18.1,highs-ds,MODEL_CONTINGENT_TRANSPORT_RELAXATION,False
transport_lp_v1,f71561_leaf_count_normalized,pre_specified_grid,0.275,decile,6,pseudo_positive_modeled_annual_income_tax_share,min,0.235387045814,0,Optimization terminated successfully. (HiGHS Status 7: Optimal),0,0,2.77555756156e-17,0.275,0,0,2.5.3,1.18.1,highs-ds,MODEL_CONTINGENT_TRANSPORT_RELAXATION,False
transport_lp_v1,f71561_leaf_count_normalized,pre_specified_grid,0.275,decile,6,pseudo_positive_modeled_annual_income_tax_share,max,0.532498042287,0,Optimization terminated successfully. (HiGHS Status 7: Optimal),0,5.55111512313e-17,4.16333634234e-17,0.275,5.55111512313e-17,0,2.5.3,1.18.1,highs-ds,MODEL_CONTINGENT_TRANSPORT_RELAXATION,False
transport_lp_v1,f71561_leaf_count_normalized,pre_specified_grid,0.275,decile,7,taxable_income_weighted_mean_MTR,min,0.101040597253,0,Optimization terminated successfully. (HiGHS Status 7: Optimal),0,1.38777878078e-17,5.55111512313e-17,0.275,5.55111512313e-17,0,2.5.3,1.18.1,highs-ds,MODEL_CONTINGENT_TRANSPORT_RELAXATION,False
transport_lp_v1,f71561_leaf_count_normalized,pre_specified_grid,0.275,decile,7,taxable_income_weighted_mean_MTR,max,0.16445572026,0,Optimization terminated successfully. (HiGHS Status 7: Optimal),0,0,5.55111512313e-17,0.275,1.11022302463e-16,0,2.5.3,1.18.1,highs-ds,MODEL_CONTINGENT_TRANSPORT_RELAXATION,False
transport_lp_v1,f71561_leaf_count_normalized,pre_specified_grid,0.275,decile,7,income_tax_liability_weighted_mean_MTR,min,0.114321209827,0,Optimization terminated successfully. (HiGHS Status 7: Optimal),0,1.38777878078e-17,5.55111512313e-17,0.275,5.55111512313e-17,0,2.5.3,1.18.1,highs-ds,MODEL_CONTINGENT_TRANSPORT_RELAXATION,False
transport_lp_v1,f71561_leaf_count_normalized,pre_specified_grid,0.275,decile,7,income_tax_liability_weighted_mean_MTR,max,0.177198331736,0,Optimization terminated successfully. (HiGHS Status 7: Optimal),0,0,5.55111512313e-17,0.275,1.11022302463e-16,0,2.5.3,1.18.1,highs-ds,MODEL_CONTINGENT_TRANSPORT_RELAXATION,False
transport_lp_v1,f71561_leaf_count_normalized,pre_specified_grid,0.275,decile,7,pseudo_positive_modeled_annual_income_tax_share,min,0.317057704502,0,Optimization terminated successfully. (HiGHS Status 7: Optimal),0,0,2.77555756156e-17,0.275,0,0,2.5.3,1.18.1,highs-ds,MODEL_CONTINGENT_TRANSPORT_RELAXATION,False
transport_lp_v1,f71561_leaf_count_normalized,pre_specified_grid,0.275,decile,7,pseudo_positive_modeled_annual_income_tax_share,max,0.682090496268,0,Optimization terminated successfully. (HiGHS Status 7: Optimal),0,0,5.55111512313e-17,0.275,1.11022302463e-16,0,2.5.3,1.18.1,highs-ds,MODEL_CONTINGENT_TRANSPORT_RELAXATION,False
transport_lp_v1,f71561_leaf_count_normalized,pre_specified_grid,0.275,decile,8,taxable_income_weighted_mean_MTR,min,0.144797557467,0,Optimization terminated successfully. (HiGHS Status 7: Optimal),0,0,3.46944695195e-17,0.275,5.55111512313e-17,0,2.5.3,1.18.1,highs-ds,MODEL_CONTINGENT_TRANSPORT_RELAXATION,False
transport_lp_v1,f71561_leaf_count_normalized,pre_specified_grid,0.275,decile,8,taxable_income_weighted_mean_MTR,max,0.178015409999,0,Optimization terminated successfully. (HiGHS Status 7: Optimal),0,0,3.46944695195e-17,0.275,5.55111512313e-17,0,2.5.3,1.18.1,highs-ds,MODEL_CONTINGENT_TRANSPORT_RELAXATION,False
transport_lp_v1,f71561_leaf_count_normalized,pre_specified_grid,0.275,decile,8,income_tax_liability_weighted_mean_MTR,min,0.163967528806,0,Optimization terminated successfully. (HiGHS Status 7: Optimal),0,0,3.46944695195e-17,0.275,5.55111512313e-17,0,2.5.3,1.18.1,highs-ds,MODEL_CONTINGENT_TRANSPORT_RELAXATION,False
transport_lp_v1,f71561_leaf_count_normalized,pre_specified_grid,0.275,decile,8,income_tax_liability_weighted_mean_MTR,max,0.191163977525,0,Optimization terminated successfully. (HiGHS Status 7: Optimal),0,0,3.46944695195e-17,0.275,5.55111512313e-17,0,2.5.3,1.18.1,highs-ds,MODEL_CONTINGENT_TRANSPORT_RELAXATION,False
transport_lp_v1,f71561_leaf_count_normalized,pre_specified_grid,0.275,decile,8,pseudo_positive_modeled_annual_income_tax_share,min,0.429585152838,0,Optimization terminated successfully. (HiGHS Status 7: Optimal),0,0,2.77555756156e-17,0.275,5.55111512313e-17,0,2.5.3,1.18.1,highs-ds,MODEL_CONTINGENT_TRANSPORT_RELAXATION,False
transport_lp_v1,f71561_leaf_count_normalized,pre_specified_grid,0.275,decile,8,pseudo_positive_modeled_annual_income_tax_share,max,0.683826317244,0,Optimization terminated successfully. (HiGHS Status 7: Optimal),0,0,3.46944695195e-17,0.275,5.55111512313e-17,0,2.5.3,1.18.1,highs-ds,MODEL_CONTINGENT_TRANSPORT_RELAXATION,False
transport_lp_v1,f71561_leaf_count_normalized,pre_specified_grid,0.275,decile,9,taxable_income_weighted_mean_MTR,min,0.174073647426,0,Optimization terminated successfully. (HiGHS Status 7: Optimal),0,0,2.77555756156e-17,0.275,1.11022302463e-16,0,2.5.3,1.18.1,highs-ds,MODEL_CONTINGENT_TRANSPORT_RELAXATION,False
transport_lp_v1,f71561_leaf_count_normalized,pre_specified_grid,0.275,decile,9,taxable_income_weighted_mean_MTR,max,0.179967297055,0,Optimization terminated successfully. (HiGHS Status 7: Optimal),0,0,2.77555756156e-17,0.275,0,0,2.5.3,1.18.1,highs-ds,MODEL_CONTINGENT_TRANSPORT_RELAXATION,False
transport_lp_v1,f71561_leaf_count_normalized,pre_specified_grid,0.275,decile,9,income_tax_liability_weighted_mean_MTR,min,0.190303079501,0,Optimization terminated successfully. (HiGHS Status 7: Optimal),0,0,2.77555756156e-17,0.275,0,0,2.5.3,1.18.1,highs-ds,MODEL_CONTINGENT_TRANSPORT_RELAXATION,False
transport_lp_v1,f71561_leaf_count_normalized,pre_specified_grid,0.275,decile,9,income_tax_liability_weighted_mean_MTR,max,0.19696259249,0,Optimization terminated successfully. (HiGHS Status 7: Optimal),0,0,2.77555756156e-17,0.275,1.11022302463e-16,0,2.5.3,1.18.1,highs-ds,MODEL_CONTINGENT_TRANSPORT_RELAXATION,False
transport_lp_v1,f71561_leaf_count_normalized,pre_specified_grid,0.275,decile,9,pseudo_positive_modeled_annual_income_tax_share,min,0.633608815427,0,Optimization terminated successfully. (HiGHS Status 7: Optimal),0,0,5.55111512313e-17,0.275,5.55111512313e-17,0,2.5.3,1.18.1,highs-ds,MODEL_CONTINGENT_TRANSPORT_RELAXATION,False
transport_lp_v1,f71561_leaf_count_normalized,pre_specified_grid,0.275,decile,9,pseudo_positive_modeled_annual_income_tax_share,max,0.733604533634,0,Optimization terminated successfully. (HiGHS Status 7: Optimal),0,0,2.77555756156e-17,0.275,0,0,2.5.3,1.18.1,highs-ds,MODEL_CONTINGENT_TRANSPORT_RELAXATION,False
transport_lp_v1,f71561_leaf_count_normalized,pre_specified_grid,0.275,decile,10,taxable_income_weighted_mean_MTR,min,0.239324165474,0,Optimization terminated successfully. (HiGHS Status 7: Optimal),0,0,2.77555756156e-17,0.275,0,0,2.5.3,1.18.1,highs-ds,MODEL_CONTINGENT_TRANSPORT_RELAXATION,False
transport_lp_v1,f71561_leaf_count_normalized,pre_specified_grid,0.275,decile,10,taxable_income_weighted_mean_MTR,max,0.296421496398,0,Optimization terminated successfully. (HiGHS Status 7: Optimal),0,0,2.77555756156e-17,0.275,5.55111512313e-17,0,2.5.3,1.18.1,highs-ds,MODEL_CONTINGENT_TRANSPORT_RELAXATION,False
transport_lp_v1,f71561_leaf_count_normalized,pre_specified_grid,0.275,decile,10,income_tax_liability_weighted_mean_MTR,min,0.260468505645,0,Optimization terminated successfully. (HiGHS Status 7: Optimal),0,0,2.77555756156e-17,0.275,5.55111512313e-17,0,2.5.3,1.18.1,highs-ds,MODEL_CONTINGENT_TRANSPORT_RELAXATION,False
transport_lp_v1,f71561_leaf_count_normalized,pre_specified_grid,0.275,decile,10,income_tax_liability_weighted_mean_MTR,max,0.320590783508,0,Optimization terminated successfully. (HiGHS Status 7: Optimal),0,0,2.77555756156e-17,0.275,5.55111512313e-17,0,2.5.3,1.18.1,highs-ds,MODEL_CONTINGENT_TRANSPORT_RELAXATION,False
transport_lp_v1,f71561_leaf_count_normalized,pre_specified_grid,0.275,decile,10,pseudo_positive_modeled_annual_income_tax_share,min,0.668781725888,0,Optimization terminated successfully. (HiGHS Status 7: Optimal),0,0,2.77555756156e-17,0.275,0,0,2.5.3,1.18.1,highs-ds,MODEL_CONTINGENT_TRANSPORT_RELAXATION,False
transport_lp_v1,f71561_leaf_count_normalized,pre_specified_grid,0.275,decile,10,pseudo_positive_modeled_annual_income_tax_share,max,0.738145789101,0,Optimization terminated successfully. (HiGHS Status 7: Optimal),0,0,2.77555756156e-17,0.275,5.55111512313e-17,0,2.5.3,1.18.1,highs-ds,MODEL_CONTINGENT_TRANSPORT_RELAXATION,False
transport_lp_v1,f71561_leaf_count_normalized,pre_specified_grid,0.275,overall,,taxable_income_weighted_mean_MTR,min,0.0947615515848,0,Optimization terminated successfully. (HiGHS Status 7: Optimal),0,1.38777878078e-17,8.32667268469e-17,0.275,0,0,2.5.3,1.18.1,highs-ds,MODEL_CONTINGENT_TRANSPORT_RELAXATION,False
transport_lp_v1,f71561_leaf_count_normalized,pre_specified_grid,0.275,overall,,taxable_income_weighted_mean_MTR,max,0.118498307321,0,Optimization terminated successfully. (HiGHS Status 7: Optimal),0,0,5.55111512313e-17,0.275,5.55111512313e-17,0,2.5.3,1.18.1,highs-ds,MODEL_CONTINGENT_TRANSPORT_RELAXATION,False
transport_lp_v1,f71561_leaf_count_normalized,pre_specified_grid,0.275,overall,,income_tax_liability_weighted_mean_MTR,min,0.101995941992,0,Optimization terminated successfully. (HiGHS Status 7: Optimal),0,1.38777878078e-17,5.55111512313e-17,0.275,5.55111512313e-17,0,2.5.3,1.18.1,highs-ds,MODEL_CONTINGENT_TRANSPORT_RELAXATION,False
transport_lp_v1,f71561_leaf_count_normalized,pre_specified_grid,0.275,overall,,income_tax_liability_weighted_mean_MTR,max,0.126788412498,0,Optimization terminated successfully. (HiGHS Status 7: Optimal),0,0,5.55111512313e-17,0.275,5.55111512313e-17,0,2.5.3,1.18.1,highs-ds,MODEL_CONTINGENT_TRANSPORT_RELAXATION,False
transport_lp_v1,f71561_leaf_count_normalized,pre_specified_grid,0.3,decile,1,taxable_income_weighted_mean_MTR,min,0.05,0,Optimization terminated successfully. (HiGHS Status 7: Optimal),0,1.38777878078e-17,2.77555756156e-17,0.3,5.55111512313e-17,0,2.5.3,1.18.1,highs-ds,MODEL_CONTINGENT_TRANSPORT_RELAXATION,False
transport_lp_v1,f71561_leaf_count_normalized,pre_specified_grid,0.3,decile,1,taxable_income_weighted_mean_MTR,max,0.05,0,Optimization terminated successfully. (HiGHS Status 7: Optimal),0,1.38777878078e-17,2.77555756156e-17,0.3,5.55111512313e-17,0,2.5.3,1.18.1,highs-ds,MODEL_CONTINGENT_TRANSPORT_RELAXATION,False
transport_lp_v1,f71561_leaf_count_normalized,pre_specified_grid,0.3,decile,1,income_tax_liability_weighted_mean_MTR,min,0.05,0,Optimization terminated successfully. (HiGHS Status 7: Optimal),0,1.38777878078e-17,2.77555756156e-17,0.3,5.55111512313e-17,0,2.5.3,1.18.1,highs-ds,MODEL_CONTINGENT_TRANSPORT_RELAXATION,False
transport_lp_v1,f71561_leaf_count_normalized,pre_specified_grid,0.3,decile,1,income_tax_liability_weighted_mean_MTR,max,0.05,0,Optimization terminated successfully. (HiGHS Status 7: Optimal),0,1.38777878078e-17,2.77555756156e-17,0.3,5.55111512313e-17,0,2.5.3,1.18.1,highs-ds,MODEL_CONTINGENT_TRANSPORT_RELAXATION,False
transport_lp_v1,f71561_leaf_count_normalized,pre_specified_grid,0.3,decile,1,pseudo_positive_modeled_annual_income_tax_share,min,0.0854779411765,0,Optimization terminated successfully. (HiGHS Status 7: Optimal),0,1.38777878078e-17,2.77555756156e-17,0.3,5.55111512313e-17,0,2.5.3,1.18.1,highs-ds,MODEL_CONTINGENT_TRANSPORT_RELAXATION,False
transport_lp_v1,f71561_leaf_count_normalized,pre_specified_grid,0.3,decile,1,pseudo_positive_modeled_annual_income_tax_share,max,0.195828505214,0,Optimization terminated successfully. (HiGHS Status 7: Optimal),0,1.38777878078e-17,2.77555756156e-17,0.3,5.55111512313e-17,0,2.5.3,1.18.1,highs-ds,MODEL_CONTINGENT_TRANSPORT_RELAXATION,False
transport_lp_v1,f71561_leaf_count_normalized,pre_specified_grid,0.3,decile,2,taxable_income_weighted_mean_MTR,min,0.05,0,Optimization terminated successfully. (HiGHS Status 7: Optimal),0,0,6.93889390391e-18,0.3,5.55111512313e-17,0,2.5.3,1.18.1,highs-ds,MODEL_CONTINGENT_TRANSPORT_RELAXATION,False
transport_lp_v1,f71561_leaf_count_normalized,pre_specified_grid,0.3,decile,2,taxable_income_weighted_mean_MTR,max,0.05,0,Optimization terminated successfully. (HiGHS Status 7: Optimal),0,0,6.93889390391e-18,0.3,5.55111512313e-17,0,2.5.3,1.18.1,highs-ds,MODEL_CONTINGENT_TRANSPORT_RELAXATION,False
transport_lp_v1,f71561_leaf_count_normalized,pre_specified_grid,0.3,decile,2,income_tax_liability_weighted_mean_MTR,min,0.05,0,Optimization terminated successfully. (HiGHS Status 7: Optimal),0,0,6.93889390391e-18,0.3,5.55111512313e-17,0,2.5.3,1.18.1,highs-ds,MODEL_CONTINGENT_TRANSPORT_RELAXATION,False
transport_lp_v1,f71561_leaf_count_normalized,pre_specified_grid,0.3,decile,2,income_tax_liability_weighted_mean_MTR,max,0.05,0,Optimization terminated successfully. (HiGHS Status 7: Optimal),0,0,6.93889390391e-18,0.3,5.55111512313e-17,0,2.5.3,1.18.1,highs-ds,MODEL_CONTINGENT_TRANSPORT_RELAXATION,False
transport_lp_v1,f71561_leaf_count_normalized,pre_specified_grid,0.3,decile,2,pseudo_positive_modeled_annual_income_tax_share,min,0.14409221902,0,Optimization terminated successfully. (HiGHS Status 7: Optimal),0,1.38777878078e-17,2.77555756156e-17,0.3,5.55111512313e-17,0,2.5.3,1.18.1,highs-ds,MODEL_CONTINGENT_TRANSPORT_RELAXATION,False
transport_lp_v1,f71561_leaf_count_normalized,pre_specified_grid,0.3,decile,2,pseudo_positive_modeled_annual_income_tax_share,max,0.578826237054,0,Optimization terminated successfully. (HiGHS Status 7: Optimal),0,0,5.55111512313e-17,0.3,1.11022302463e-16,0,2.5.3,1.18.1,highs-ds,MODEL_CONTINGENT_TRANSPORT_RELAXATION,False
transport_lp_v1,f71561_leaf_count_normalized,pre_specified_grid,0.3,decile,3,taxable_income_weighted_mean_MTR,min,0.05,0,Optimization terminated successfully. (HiGHS Status 7: Optimal),0,1.38777878078e-17,1.38777878078e-17,0.3,5.55111512313e-17,0,2.5.3,1.18.1,highs-ds,MODEL_CONTINGENT_TRANSPORT_RELAXATION,False
transport_lp_v1,f71561_leaf_count_normalized,pre_specified_grid,0.3,decile,3,taxable_income_weighted_mean_MTR,max,0.05,0,Optimization terminated successfully. (HiGHS Status 7: Optimal),0,1.38777878078e-17,1.38777878078e-17,0.3,5.55111512313e-17,0,2.5.3,1.18.1,highs-ds,MODEL_CONTINGENT_TRANSPORT_RELAXATION,False
transport_lp_v1,f71561_leaf_count_normalized,pre_specified_grid,0.3,decile,3,income_tax_liability_weighted_mean_MTR,min,0.05,0,Optimization terminated successfully. (HiGHS Status 7: Optimal),0,1.38777878078e-17,1.38777878078e-17,0.3,5.55111512313e-17,0,2.5.3,1.18.1,highs-ds,MODEL_CONTINGENT_TRANSPORT_RELAXATION,False
transport_lp_v1,f71561_leaf_count_normalized,pre_specified_grid,0.3,decile,3,income_tax_liability_weighted_mean_MTR,max,0.05,0,Optimization terminated successfully. (HiGHS Status 7: Optimal),0,1.38777878078e-17,1.38777878078e-17,0.3,5.55111512313e-17,0,2.5.3,1.18.1,highs-ds,MODEL_CONTINGENT_TRANSPORT_RELAXATION,False
transport_lp_v1,f71561_leaf_count_normalized,pre_specified_grid,0.3,decile,3,pseudo_positive_modeled_annual_income_tax_share,min,0.156598513011,0,Optimization terminated successfully. (HiGHS Status 7: Optimal),0,1.38777878078e-17,2.77555756156e-17,0.3,5.55111512313e-17,0,2.5.3,1.18.1,highs-ds,MODEL_CONTINGENT_TRANSPORT_RELAXATION,False
transport_lp_v1,f71561_leaf_count_normalized,pre_specified_grid,0.3,decile,3,pseudo_positive_modeled_annual_income_tax_share,max,0.5468914647,0,Optimization terminated successfully. (HiGHS Status 7: Optimal),0,0,2.77555756156e-17,0.3,5.55111512313e-17,0,2.5.3,1.18.1,highs-ds,MODEL_CONTINGENT_TRANSPORT_RELAXATION,False
transport_lp_v1,f71561_leaf_count_normalized,pre_specified_grid,0.3,decile,4,taxable_income_weighted_mean_MTR,min,0.05,0,Optimization terminated successfully. (HiGHS Status 7: Optimal),0,1.38777878078e-17,2.77555756156e-17,0.3,5.55111512313e-17,0,2.5.3,1.18.1,highs-ds,MODEL_CONTINGENT_TRANSPORT_RELAXATION,False
transport_lp_v1,f71561_leaf_count_normalized,pre_specified_grid,0.3,decile,4,taxable_income_weighted_mean_MTR,max,0.058968460929,0,Optimization terminated successfully. (HiGHS Status 7: Optimal),0,1.38777878078e-17,2.77555756156e-17,0.3,5.55111512313e-17,0,2.5.3,1.18.1,highs-ds,MODEL_CONTINGENT_TRANSPORT_RELAXATION,False
transport_lp_v1,f71561_leaf_count_normalized,pre_specified_grid,0.3,decile,4,income_tax_liability_weighted_mean_MTR,min,0.05,0,Optimization terminated successfully. (HiGHS Status 7: Optimal),0,1.38777878078e-17,2.77555756156e-17,0.3,5.55111512313e-17,0,2.5.3,1.18.1,highs-ds,MODEL_CONTINGENT_TRANSPORT_RELAXATION,False
transport_lp_v1,f71561_leaf_count_normalized,pre_specified_grid,0.3,decile,4,income_tax_liability_weighted_mean_MTR,max,0.0602889317796,0,Optimization terminated successfully. (HiGHS Status 7: Optimal),0,1.38777878078e-17,2.77555756156e-17,0.3,5.55111512313e-17,0,2.5.3,1.18.1,highs-ds,MODEL_CONTINGENT_TRANSPORT_RELAXATION,False
transport_lp_v1,f71561_leaf_count_normalized,pre_specified_grid,0.3,decile,4,pseudo_positive_modeled_annual_income_tax_share,min,0.190499272904,0,Optimization terminated successfully. (HiGHS Status 7: Optimal),0,1.38777878078e-17,2.77555756156e-17,0.3,5.55111512313e-17,0,2.5.3,1.18.1,highs-ds,MODEL_CONTINGENT_TRANSPORT_RELAXATION,False
transport_lp_v1,f71561_leaf_count_normalized,pre_specified_grid,0.3,decile,4,pseudo_positive_modeled_annual_income_tax_share,max,0.504604051565,0,Optimization terminated successfully. (HiGHS Status 7: Optimal),0,1.38777878078e-17,2.77555756156e-17,0.3,5.55111512313e-17,0,2.5.3,1.18.1,highs-ds,MODEL_CONTINGENT_TRANSPORT_RELAXATION,False
transport_lp_v1,f71561_leaf_count_normalized,pre_specified_grid,0.3,decile,5,taxable_income_weighted_mean_MTR,min,0.0575744226295,0,Optimization terminated successfully. (HiGHS Status 7: Optimal),0,1.38777878078e-17,6.93889390391e-18,0.3,5.55111512313e-17,0,2.5.3,1.18.1,highs-ds,MODEL_CONTINGENT_TRANSPORT_RELAXATION,False
transport_lp_v1,f71561_leaf_count_normalized,pre_specified_grid,0.3,decile,5,taxable_income_weighted_mean_MTR,max,0.103241125426,0,Optimization terminated successfully. (HiGHS Status 7: Optimal),0,1.38777878078e-17,2.77555756156e-17,0.3,5.55111512313e-17,0,2.5.3,1.18.1,highs-ds,MODEL_CONTINGENT_TRANSPORT_RELAXATION,False
transport_lp_v1,f71561_leaf_count_normalized,pre_specified_grid,0.3,decile,5,income_tax_liability_weighted_mean_MTR,min,0.0586702460887,0,Optimization terminated successfully. (HiGHS Status 7: Optimal),0,1.38777878078e-17,6.93889390391e-18,0.3,5.55111512313e-17,0,2.5.3,1.18.1,highs-ds,MODEL_CONTINGENT_TRANSPORT_RELAXATION,False
transport_lp_v1,f71561_leaf_count_normalized,pre_specified_grid,0.3,decile,5,income_tax_liability_weighted_mean_MTR,max,0.113729890589,0,Optimization terminated successfully. (HiGHS Status 7: Optimal),0,1.38777878078e-17,2.77555756156e-17,0.3,5.55111512313e-17,0,2.5.3,1.18.1,highs-ds,MODEL_CONTINGENT_TRANSPORT_RELAXATION,False
transport_lp_v1,f71561_leaf_count_normalized,pre_specified_grid,0.3,decile,5,pseudo_positive_modeled_annual_income_tax_share,min,0.213769860376,0,Optimization terminated successfully. (HiGHS Status 7: Optimal),0,1.38777878078e-17,2.77555756156e-17,0.3,5.55111512313e-17,0,2.5.3,1.18.1,highs-ds,MODEL_CONTINGENT_TRANSPORT_RELAXATION,False
transport_lp_v1,f71561_leaf_count_normalized,pre_specified_grid,0.3,decile,5,pseudo_positive_modeled_annual_income_tax_share,max,0.586991869919,0,Optimization terminated successfully. (HiGHS Status 7: Optimal),0,1.38777878078e-17,6.93889390391e-18,0.3,5.55111512313e-17,0,2.5.3,1.18.1,highs-ds,MODEL_CONTINGENT_TRANSPORT_RELAXATION,False
transport_lp_v1,f71561_leaf_count_normalized,pre_specified_grid,0.3,decile,6,taxable_income_weighted_mean_MTR,min,0.0945551847046,0,Optimization terminated successfully. (HiGHS Status 7: Optimal),0,1.38777878078e-17,4.85722573274e-17,0.3,5.55111512313e-17,0,2.5.3,1.18.1,highs-ds,MODEL_CONTINGENT_TRANSPORT_RELAXATION,False
transport_lp_v1,f71561_leaf_count_normalized,pre_specified_grid,0.3,decile,6,taxable_income_weighted_mean_MTR,max,0.153348627649,0,Optimization terminated successfully. (HiGHS Status 7: Optimal),0,1.38777878078e-17,2.77555756156e-17,0.3,5.55111512313e-17,0,2.5.3,1.18.1,highs-ds,MODEL_CONTINGENT_TRANSPORT_RELAXATION,False
transport_lp_v1,f71561_leaf_count_normalized,pre_specified_grid,0.3,decile,6,income_tax_liability_weighted_mean_MTR,min,0.104721210072,0,Optimization terminated successfully. (HiGHS Status 7: Optimal),0,1.38777878078e-17,4.85722573274e-17,0.3,5.55111512313e-17,0,2.5.3,1.18.1,highs-ds,MODEL_CONTINGENT_TRANSPORT_RELAXATION,False
transport_lp_v1,f71561_leaf_count_normalized,pre_specified_grid,0.3,decile,6,income_tax_liability_weighted_mean_MTR,max,0.166077223997,0,Optimization terminated successfully. (HiGHS Status 7: Optimal),0,1.38777878078e-17,2.77555756156e-17,0.3,5.55111512313e-17,0,2.5.3,1.18.1,highs-ds,MODEL_CONTINGENT_TRANSPORT_RELAXATION,False
transport_lp_v1,f71561_leaf_count_normalized,pre_specified_grid,0.3,decile,6,pseudo_positive_modeled_annual_income_tax_share,min,0.235387045814,0,Optimization terminated successfully. (HiGHS Status 7: Optimal),0,1.38777878078e-17,2.77555756156e-17,0.3,5.55111512313e-17,0,2.5.3,1.18.1,highs-ds,MODEL_CONTINGENT_TRANSPORT_RELAXATION,False
transport_lp_v1,f71561_leaf_count_normalized,pre_specified_grid,0.3,decile,6,pseudo_positive_modeled_annual_income_tax_share,max,0.532498042287,0,Optimization terminated successfully. (HiGHS Status 7: Optimal),0,1.38777878078e-17,4.85722573274e-17,0.3,5.55111512313e-17,0,2.5.3,1.18.1,highs-ds,MODEL_CONTINGENT_TRANSPORT_RELAXATION,False
transport_lp_v1,f71561_leaf_count_normalized,pre_specified_grid,0.3,decile,7,taxable_income_weighted_mean_MTR,min,0.101040597253,0,Optimization terminated successfully. (HiGHS Status 7: Optimal),0,0,5.55111512313e-17,0.3,5.55111512313e-17,0,2.5.3,1.18.1,highs-ds,MODEL_CONTINGENT_TRANSPORT_RELAXATION,False
transport_lp_v1,f71561_leaf_count_normalized,pre_specified_grid,0.3,decile,7,taxable_income_weighted_mean_MTR,max,0.16445572026,0,Optimization terminated successfully. (HiGHS Status 7: Optimal),0,1.38777878078e-17,5.55111512313e-17,0.3,5.55111512313e-17,0,2.5.3,1.18.1,highs-ds,MODEL_CONTINGENT_TRANSPORT_RELAXATION,False
transport_lp_v1,f71561_leaf_count_normalized,pre_specified_grid,0.3,decile,7,income_tax_liability_weighted_mean_MTR,min,0.114321209827,0,Optimization terminated successfully. (HiGHS Status 7: Optimal),0,0,5.55111512313e-17,0.3,5.55111512313e-17,0,2.5.3,1.18.1,highs-ds,MODEL_CONTINGENT_TRANSPORT_RELAXATION,False
transport_lp_v1,f71561_leaf_count_normalized,pre_specified_grid,0.3,decile,7,income_tax_liability_weighted_mean_MTR,max,0.177198331736,0,Optimization terminated successfully. (HiGHS Status 7: Optimal),0,1.38777878078e-17,5.55111512313e-17,0.3,5.55111512313e-17,0,2.5.3,1.18.1,highs-ds,MODEL_CONTINGENT_TRANSPORT_RELAXATION,False
transport_lp_v1,f71561_leaf_count_normalized,pre_specified_grid,0.3,decile,7,pseudo_positive_modeled_annual_income_tax_share,min,0.317057704502,0,Optimization terminated successfully. (HiGHS Status 7: Optimal),0,1.38777878078e-17,2.77555756156e-17,0.3,5.55111512313e-17,0,2.5.3,1.18.1,highs-ds,MODEL_CONTINGENT_TRANSPORT_RELAXATION,False
transport_lp_v1,f71561_leaf_count_normalized,pre_specified_grid,0.3,decile,7,pseudo_positive_modeled_annual_income_tax_share,max,0.737082066869,0,Optimization terminated successfully. (HiGHS Status 7: Optimal),0,0,5.55111512313e-17,0.3,1.66533453694e-16,0,2.5.3,1.18.1,highs-ds,MODEL_CONTINGENT_TRANSPORT_RELAXATION,False
transport_lp_v1,f71561_leaf_count_normalized,pre_specified_grid,0.3,decile,8,taxable_income_weighted_mean_MTR,min,0.144073123661,0,Optimization terminated successfully. (HiGHS Status 7: Optimal),0,1.38777878078e-17,4.16333634234e-17,0.3,5.55111512313e-17,0,2.5.3,1.18.1,highs-ds,MODEL_CONTINGENT_TRANSPORT_RELAXATION,False
transport_lp_v1,f71561_leaf_count_normalized,pre_specified_grid,0.3,decile,8,taxable_income_weighted_mean_MTR,max,0.180112352624,0,Optimization terminated successfully. (HiGHS Status 7: Optimal),0,0,2.77555756156e-17,0.3,5.55111512313e-17,0,2.5.3,1.18.1,highs-ds,MODEL_CONTINGENT_TRANSPORT_RELAXATION,False
transport_lp_v1,f71561_leaf_count_normalized,pre_specified_grid,0.3,decile,8,income_tax_liability_weighted_mean_MTR,min,0.163236457005,0,Optimization terminated successfully. (HiGHS Status 7: Optimal),0,1.38777878078e-17,4.16333634234e-17,0.3,5.55111512313e-17,0,2.5.3,1.18.1,highs-ds,MODEL_CONTINGENT_TRANSPORT_RELAXATION,False
transport_lp_v1,f71561_leaf_count_normalized,pre_specified_grid,0.3,decile,8,income_tax_liability_weighted_mean_MTR,max,0.192820455301,0,Optimization terminated successfully. (HiGHS Status 7: Optimal),0,0,2.77555756156e-17,0.3,5.55111512313e-17,0,2.5.3,1.18.1,highs-ds,MODEL_CONTINGENT_TRANSPORT_RELAXATION,False
transport_lp_v1,f71561_leaf_count_normalized,pre_specified_grid,0.3,decile,8,pseudo_positive_modeled_annual_income_tax_share,min,0.429585152838,0,Optimization terminated successfully. (HiGHS Status 7: Optimal),0,0,5.55111512313e-17,0.3,5.55111512313e-17,0,2.5.3,1.18.1,highs-ds,MODEL_CONTINGENT_TRANSPORT_RELAXATION,False
transport_lp_v1,f71561_leaf_count_normalized,pre_specified_grid,0.3,decile,8,pseudo_positive_modeled_annual_income_tax_share,max,0.726057906459,0,Optimization terminated successfully. (HiGHS Status 7: Optimal),0,1.38777878078e-17,4.16333634234e-17,0.3,5.55111512313e-17,0,2.5.3,1.18.1,highs-ds,MODEL_CONTINGENT_TRANSPORT_RELAXATION,False
transport_lp_v1,f71561_leaf_count_normalized,pre_specified_grid,0.3,decile,9,taxable_income_weighted_mean_MTR,min,0.172914106851,0,Optimization terminated successfully. (HiGHS Status 7: Optimal),0,0,2.77555756156e-17,0.3,5.55111512313e-17,0,2.5.3,1.18.1,highs-ds,MODEL_CONTINGENT_TRANSPORT_RELAXATION,False
transport_lp_v1,f71561_leaf_count_normalized,pre_specified_grid,0.3,decile,9,taxable_income_weighted_mean_MTR,max,0.180249262732,0,Optimization terminated successfully. (HiGHS Status 7: Optimal),0,1.38777878078e-17,2.77555756156e-17,0.3,5.55111512313e-17,0,2.5.3,1.18.1,highs-ds,MODEL_CONTINGENT_TRANSPORT_RELAXATION,False
transport_lp_v1,f71561_leaf_count_normalized,pre_specified_grid,0.3,decile,9,income_tax_liability_weighted_mean_MTR,min,0.188493581043,0,Optimization terminated successfully. (HiGHS Status 7: Optimal),0,0,2.77555756156e-17,0.3,5.55111512313e-17,0,2.5.3,1.18.1,highs-ds,MODEL_CONTINGENT_TRANSPORT_RELAXATION,False
transport_lp_v1,f71561_leaf_count_normalized,pre_specified_grid,0.3,decile,9,income_tax_liability_weighted_mean_MTR,max,0.19705018112,0,Optimization terminated successfully. (HiGHS Status 7: Optimal),0,0,6.93889390391e-18,0.3,5.55111512313e-17,0,2.5.3,1.18.1,highs-ds,MODEL_CONTINGENT_TRANSPORT_RELAXATION,False
transport_lp_v1,f71561_leaf_count_normalized,pre_specified_grid,0.3,decile,9,pseudo_positive_modeled_annual_income_tax_share,min,0.633608815427,0,Optimization terminated successfully. (HiGHS Status 7: Optimal),0,0,1.38777878078e-17,0.3,1.11022302463e-16,0,2.5.3,1.18.1,highs-ds,MODEL_CONTINGENT_TRANSPORT_RELAXATION,False
transport_lp_v1,f71561_leaf_count_normalized,pre_specified_grid,0.3,decile,9,pseudo_positive_modeled_annual_income_tax_share,max,0.780730100956,0,Optimization terminated successfully. (HiGHS Status 7: Optimal),0,0,2.77555756156e-17,0.3,5.55111512313e-17,0,2.5.3,1.18.1,highs-ds,MODEL_CONTINGENT_TRANSPORT_RELAXATION,False
transport_lp_v1,f71561_leaf_count_normalized,pre_specified_grid,0.3,decile,10,taxable_income_weighted_mean_MTR,min,0.239324165474,0,Optimization terminated successfully. (HiGHS Status 7: Optimal),0,0,2.77555756156e-17,0.3,5.55111512313e-17,0,2.5.3,1.18.1,highs-ds,MODEL_CONTINGENT_TRANSPORT_RELAXATION,False
transport_lp_v1,f71561_leaf_count_normalized,pre_specified_grid,0.3,decile,10,taxable_income_weighted_mean_MTR,max,0.296421496398,0,Optimization terminated successfully. (HiGHS Status 7: Optimal),0,0,2.77555756156e-17,0.3,5.55111512313e-17,0,2.5.3,1.18.1,highs-ds,MODEL_CONTINGENT_TRANSPORT_RELAXATION,False
transport_lp_v1,f71561_leaf_count_normalized,pre_specified_grid,0.3,decile,10,income_tax_liability_weighted_mean_MTR,min,0.260468505645,0,Optimization terminated successfully. (HiGHS Status 7: Optimal),0,0,2.77555756156e-17,0.3,5.55111512313e-17,0,2.5.3,1.18.1,highs-ds,MODEL_CONTINGENT_TRANSPORT_RELAXATION,False
transport_lp_v1,f71561_leaf_count_normalized,pre_specified_grid,0.3,decile,10,income_tax_liability_weighted_mean_MTR,max,0.320590783508,0,Optimization terminated successfully. (HiGHS Status 7: Optimal),0,0,2.77555756156e-17,0.3,5.55111512313e-17,0,2.5.3,1.18.1,highs-ds,MODEL_CONTINGENT_TRANSPORT_RELAXATION,False
transport_lp_v1,f71561_leaf_count_normalized,pre_specified_grid,0.3,decile,10,pseudo_positive_modeled_annual_income_tax_share,min,0.668781725888,0,Optimization terminated successfully. (HiGHS Status 7: Optimal),0,1.38777878078e-17,2.77555756156e-17,0.3,5.55111512313e-17,0,2.5.3,1.18.1,highs-ds,MODEL_CONTINGENT_TRANSPORT_RELAXATION,False
transport_lp_v1,f71561_leaf_count_normalized,pre_specified_grid,0.3,decile,10,pseudo_positive_modeled_annual_income_tax_share,max,0.738145789101,0,Optimization terminated successfully. (HiGHS Status 7: Optimal),0,0,2.77555756156e-17,0.3,5.55111512313e-17,0,2.5.3,1.18.1,highs-ds,MODEL_CONTINGENT_TRANSPORT_RELAXATION,False
transport_lp_v1,f71561_leaf_count_normalized,pre_specified_grid,0.3,overall,,taxable_income_weighted_mean_MTR,min,0.0944331275742,0,Optimization terminated successfully. (HiGHS Status 7: Optimal),0,1.38777878078e-17,1.11022302463e-16,0.3,1.11022302463e-16,0,2.5.3,1.18.1,highs-ds,MODEL_CONTINGENT_TRANSPORT_RELAXATION,False
transport_lp_v1,f71561_leaf_count_normalized,pre_specified_grid,0.3,overall,,taxable_income_weighted_mean_MTR,max,0.119233516866,0,Optimization terminated successfully. (HiGHS Status 7: Optimal),0,1.38777878078e-17,5.55111512313e-17,0.3,1.11022302463e-16,0,2.5.3,1.18.1,highs-ds,MODEL_CONTINGENT_TRANSPORT_RELAXATION,False
transport_lp_v1,f71561_leaf_count_normalized,pre_specified_grid,0.3,overall,,income_tax_liability_weighted_mean_MTR,min,0.101614153282,0,Optimization terminated successfully. (HiGHS Status 7: Optimal),0,1.38777878078e-17,1.11022302463e-16,0.3,5.55111512313e-17,0,2.5.3,1.18.1,highs-ds,MODEL_CONTINGENT_TRANSPORT_RELAXATION,False
transport_lp_v1,f71561_leaf_count_normalized,pre_specified_grid,0.3,overall,,income_tax_liability_weighted_mean_MTR,max,0.127397958993,0,Optimization terminated successfully. (HiGHS Status 7: Optimal),0,1.38777878078e-17,5.55111512313e-17,0.3,1.11022302463e-16,0,2.5.3,1.18.1,highs-ds,MODEL_CONTINGENT_TRANSPORT_RELAXATION,False
transport_lp_v1,f71561_leaf_count_normalized,epsilon_star,0.221952512252,decile,1,taxable_income_weighted_mean_MTR,min,0.05,0,Optimization terminated successfully. (HiGHS Status 7: Optimal),0,0,5.55111512313e-17,0.221952512252,1.38777878078e-16,0,2.5.3,1.18.1,highs-ds,MODEL_CONTINGENT_TRANSPORT_RELAXATION,False
transport_lp_v1,f71561_leaf_count_normalized,epsilon_star,0.221952512252,decile,1,taxable_income_weighted_mean_MTR,max,0.05,0,Optimization terminated successfully. (HiGHS Status 7: Optimal),0,0,5.55111512313e-17,0.221952512252,1.38777878078e-16,0,2.5.3,1.18.1,highs-ds,MODEL_CONTINGENT_TRANSPORT_RELAXATION,False
transport_lp_v1,f71561_leaf_count_normalized,epsilon_star,0.221952512252,decile,1,income_tax_liability_weighted_mean_MTR,min,0.05,0,Optimization terminated successfully. (HiGHS Status 7: Optimal),0,0,5.55111512313e-17,0.221952512252,1.38777878078e-16,0,2.5.3,1.18.1,highs-ds,MODEL_CONTINGENT_TRANSPORT_RELAXATION,False
transport_lp_v1,f71561_leaf_count_normalized,epsilon_star,0.221952512252,decile,1,income_tax_liability_weighted_mean_MTR,max,0.05,0,Optimization terminated successfully. (HiGHS Status 7: Optimal),0,0,5.55111512313e-17,0.221952512252,1.38777878078e-16,0,2.5.3,1.18.1,highs-ds,MODEL_CONTINGENT_TRANSPORT_RELAXATION,False
transport_lp_v1,f71561_leaf_count_normalized,epsilon_star,0.221952512252,decile,1,pseudo_positive_modeled_annual_income_tax_share,min,0.0854779411765,0,Optimization terminated successfully. (HiGHS Status 7: Optimal),0,0,5.55111512313e-17,0.221952512252,1.38777878078e-16,0,2.5.3,1.18.1,highs-ds,MODEL_CONTINGENT_TRANSPORT_RELAXATION,False
transport_lp_v1,f71561_leaf_count_normalized,epsilon_star,0.221952512252,decile,1,pseudo_positive_modeled_annual_income_tax_share,max,0.195828505214,0,Optimization terminated successfully. (HiGHS Status 7: Optimal),0,0,5.55111512313e-17,0.221952512252,1.38777878078e-16,0,2.5.3,1.18.1,highs-ds,MODEL_CONTINGENT_TRANSPORT_RELAXATION,False
transport_lp_v1,f71561_leaf_count_normalized,epsilon_star,0.221952512252,decile,2,taxable_income_weighted_mean_MTR,min,0.05,0,Optimization terminated successfully. (HiGHS Status 7: Optimal),0,0,5.55111512313e-17,0.221952512252,1.38777878078e-16,0,2.5.3,1.18.1,highs-ds,MODEL_CONTINGENT_TRANSPORT_RELAXATION,False
transport_lp_v1,f71561_leaf_count_normalized,epsilon_star,0.221952512252,decile,2,taxable_income_weighted_mean_MTR,max,0.05,0,Optimization terminated successfully. (HiGHS Status 7: Optimal),0,0,5.55111512313e-17,0.221952512252,1.38777878078e-16,0,2.5.3,1.18.1,highs-ds,MODEL_CONTINGENT_TRANSPORT_RELAXATION,False
transport_lp_v1,f71561_leaf_count_normalized,epsilon_star,0.221952512252,decile,2,income_tax_liability_weighted_mean_MTR,min,0.05,0,Optimization terminated successfully. (HiGHS Status 7: Optimal),0,0,5.55111512313e-17,0.221952512252,1.38777878078e-16,0,2.5.3,1.18.1,highs-ds,MODEL_CONTINGENT_TRANSPORT_RELAXATION,False
transport_lp_v1,f71561_leaf_count_normalized,epsilon_star,0.221952512252,decile,2,income_tax_liability_weighted_mean_MTR,max,0.05,0,Optimization terminated successfully. (HiGHS Status 7: Optimal),0,0,5.55111512313e-17,0.221952512252,1.38777878078e-16,0,2.5.3,1.18.1,highs-ds,MODEL_CONTINGENT_TRANSPORT_RELAXATION,False
transport_lp_v1,f71561_leaf_count_normalized,epsilon_star,0.221952512252,decile,2,pseudo_positive_modeled_annual_income_tax_share,min,0.14409221902,0,Optimization terminated successfully. (HiGHS Status 7: Optimal),0,0,5.55111512313e-17,0.221952512252,1.38777878078e-16,0,2.5.3,1.18.1,highs-ds,MODEL_CONTINGENT_TRANSPORT_RELAXATION,False
transport_lp_v1,f71561_leaf_count_normalized,epsilon_star,0.221952512252,decile,2,pseudo_positive_modeled_annual_income_tax_share,max,0.511928356891,0,Optimization terminated successfully. (HiGHS Status 7: Optimal),0,2.77555756156e-17,3.46944695195e-17,0.221952512252,5.55111512313e-17,0,2.5.3,1.18.1,highs-ds,MODEL_CONTINGENT_TRANSPORT_RELAXATION,False
transport_lp_v1,f71561_leaf_count_normalized,epsilon_star,0.221952512252,decile,3,taxable_income_weighted_mean_MTR,min,0.05,0,Optimization terminated successfully. (HiGHS Status 7: Optimal),0,0,5.55111512313e-17,0.221952512252,1.38777878078e-16,0,2.5.3,1.18.1,highs-ds,MODEL_CONTINGENT_TRANSPORT_RELAXATION,False
transport_lp_v1,f71561_leaf_count_normalized,epsilon_star,0.221952512252,decile,3,taxable_income_weighted_mean_MTR,max,0.05,0,Optimization terminated successfully. (HiGHS Status 7: Optimal),0,0,5.55111512313e-17,0.221952512252,1.38777878078e-16,0,2.5.3,1.18.1,highs-ds,MODEL_CONTINGENT_TRANSPORT_RELAXATION,False
transport_lp_v1,f71561_leaf_count_normalized,epsilon_star,0.221952512252,decile,3,income_tax_liability_weighted_mean_MTR,min,0.05,0,Optimization terminated successfully. (HiGHS Status 7: Optimal),0,0,5.55111512313e-17,0.221952512252,1.38777878078e-16,0,2.5.3,1.18.1,highs-ds,MODEL_CONTINGENT_TRANSPORT_RELAXATION,False
transport_lp_v1,f71561_leaf_count_normalized,epsilon_star,0.221952512252,decile,3,income_tax_liability_weighted_mean_MTR,max,0.05,0,Optimization terminated successfully. (HiGHS Status 7: Optimal),0,0,5.55111512313e-17,0.221952512252,1.38777878078e-16,0,2.5.3,1.18.1,highs-ds,MODEL_CONTINGENT_TRANSPORT_RELAXATION,False
transport_lp_v1,f71561_leaf_count_normalized,epsilon_star,0.221952512252,decile,3,pseudo_positive_modeled_annual_income_tax_share,min,0.156598513011,0,Optimization terminated successfully. (HiGHS Status 7: Optimal),0,0,5.55111512313e-17,0.221952512252,1.38777878078e-16,0,2.5.3,1.18.1,highs-ds,MODEL_CONTINGENT_TRANSPORT_RELAXATION,False
transport_lp_v1,f71561_leaf_count_normalized,epsilon_star,0.221952512252,decile,3,pseudo_positive_modeled_annual_income_tax_share,max,0.515232006012,0,Optimization terminated successfully. (HiGHS Status 7: Optimal),0,2.77555756156e-17,3.46944695195e-17,0.221952512252,5.55111512313e-17,0,2.5.3,1.18.1,highs-ds,MODEL_CONTINGENT_TRANSPORT_RELAXATION,False
transport_lp_v1,f71561_leaf_count_normalized,epsilon_star,0.221952512252,decile,4,taxable_income_weighted_mean_MTR,min,0.05,0,Optimization terminated successfully. (HiGHS Status 7: Optimal),0,0,5.55111512313e-17,0.221952512252,1.38777878078e-16,0,2.5.3,1.18.1,highs-ds,MODEL_CONTINGENT_TRANSPORT_RELAXATION,False
transport_lp_v1,f71561_leaf_count_normalized,epsilon_star,0.221952512252,decile,4,taxable_income_weighted_mean_MTR,max,0.058968460929,0,Optimization terminated successfully. (HiGHS Status 7: Optimal),0,0,5.55111512313e-17,0.221952512252,1.38777878078e-16,0,2.5.3,1.18.1,highs-ds,MODEL_CONTINGENT_TRANSPORT_RELAXATION,False
transport_lp_v1,f71561_leaf_count_normalized,epsilon_star,0.221952512252,decile,4,income_tax_liability_weighted_mean_MTR,min,0.05,0,Optimization terminated successfully. (HiGHS Status 7: Optimal),0,0,5.55111512313e-17,0.221952512252,1.38777878078e-16,0,2.5.3,1.18.1,highs-ds,MODEL_CONTINGENT_TRANSPORT_RELAXATION,False
transport_lp_v1,f71561_leaf_count_normalized,epsilon_star,0.221952512252,decile,4,income_tax_liability_weighted_mean_MTR,max,0.0602889317796,0,Optimization terminated successfully. (HiGHS Status 7: Optimal),0,0,5.55111512313e-17,0.221952512252,1.38777878078e-16,0,2.5.3,1.18.1,highs-ds,MODEL_CONTINGENT_TRANSPORT_RELAXATION,False
transport_lp_v1,f71561_leaf_count_normalized,epsilon_star,0.221952512252,decile,4,pseudo_positive_modeled_annual_income_tax_share,min,0.190499272904,0,Optimization terminated successfully. (HiGHS Status 7: Optimal),0,0,5.55111512313e-17,0.221952512252,1.38777878078e-16,0,2.5.3,1.18.1,highs-ds,MODEL_CONTINGENT_TRANSPORT_RELAXATION,False
transport_lp_v1,f71561_leaf_count_normalized,epsilon_star,0.221952512252,decile,4,pseudo_positive_modeled_annual_income_tax_share,max,0.504604051565,0,Optimization terminated successfully. (HiGHS Status 7: Optimal),1.55431223448e-15,1.38777878078e-17,8.32667268469e-17,0.221952512252,5.55111512313e-17,0,2.5.3,1.18.1,highs-ds,MODEL_CONTINGENT_TRANSPORT_RELAXATION,False
transport_lp_v1,f71561_leaf_count_normalized,epsilon_star,0.221952512252,decile,5,taxable_income_weighted_mean_MTR,min,0.057643847646,0,Optimization terminated successfully. (HiGHS Status 7: Optimal),0,4.16333634234e-17,4.85722573274e-17,0.221952512252,5.55111512313e-17,0,2.5.3,1.18.1,highs-ds,MODEL_CONTINGENT_TRANSPORT_RELAXATION,False
transport_lp_v1,f71561_leaf_count_normalized,epsilon_star,0.221952512252,decile,5,taxable_income_weighted_mean_MTR,max,0.103241125426,0,Optimization terminated successfully. (HiGHS Status 7: Optimal),8.881784197e-16,1.38777878078e-17,2.08166817117e-17,0.221952512252,2.77555756156e-17,0,2.5.3,1.18.1,highs-ds,MODEL_CONTINGENT_TRANSPORT_RELAXATION,False
transport_lp_v1,f71561_leaf_count_normalized,epsilon_star,0.221952512252,decile,5,income_tax_liability_weighted_mean_MTR,min,0.0587899395716,0,Optimization terminated successfully. (HiGHS Status 7: Optimal),0,4.16333634234e-17,4.85722573274e-17,0.221952512252,5.55111512313e-17,0,2.5.3,1.18.1,highs-ds,MODEL_CONTINGENT_TRANSPORT_RELAXATION,False
transport_lp_v1,f71561_leaf_count_normalized,epsilon_star,0.221952512252,decile,5,income_tax_liability_weighted_mean_MTR,max,0.113729890589,0,Optimization terminated successfully. (HiGHS Status 7: Optimal),8.881784197e-16,1.38777878078e-17,2.08166817117e-17,0.221952512252,2.77555756156e-17,0,2.5.3,1.18.1,highs-ds,MODEL_CONTINGENT_TRANSPORT_RELAXATION,False
transport_lp_v1,f71561_leaf_count_normalized,epsilon_star,0.221952512252,decile,5,pseudo_positive_modeled_annual_income_tax_share,min,0.213769860376,0,Optimization terminated successfully. (HiGHS Status 7: Optimal),0,0,5.55111512313e-17,0.221952512252,1.38777878078e-16,0,2.5.3,1.18.1,highs-ds,MODEL_CONTINGENT_TRANSPORT_RELAXATION,False
transport_lp_v1,f71561_leaf_count_normalized,epsilon_star,0.221952512252,decile,5,pseudo_positive_modeled_annual_income_tax_share,max,0.522717980161,0,Optimization terminated successfully. (HiGHS Status 7: Optimal),0,4.16333634234e-17,4.85722573274e-17,0.221952512252,8.32667268469e-17,0,2.5.3,1.18.1,highs-ds,MODEL_CONTINGENT_TRANSPORT_RELAXATION,False
transport_lp_v1,f71561_leaf_count_normalized,epsilon_star,0.221952512252,decile,6,taxable_income_weighted_mean_MTR,min,0.0945657707941,0,Optimization terminated successfully. (HiGHS Status 7: Optimal),0,2.77555756156e-17,5.55111512313e-17,0.221952512252,5.55111512313e-17,0,2.5.3,1.18.1,highs-ds,MODEL_CONTINGENT_TRANSPORT_RELAXATION,False
transport_lp_v1,f71561_leaf_count_normalized,epsilon_star,0.221952512252,decile,6,taxable_income_weighted_mean_MTR,max,0.153348627649,0,Optimization terminated successfully. (HiGHS Status 7: Optimal),3.33066907388e-16,0,5.55111512313e-17,0.221952512252,2.77555756156e-17,0,2.5.3,1.18.1,highs-ds,MODEL_CONTINGENT_TRANSPORT_RELAXATION,False
transport_lp_v1,f71561_leaf_count_normalized,epsilon_star,0.221952512252,decile,6,income_tax_liability_weighted_mean_MTR,min,0.104734218463,0,Optimization terminated successfully. (HiGHS Status 7: Optimal),0,2.77555756156e-17,5.55111512313e-17,0.221952512252,5.55111512313e-17,0,2.5.3,1.18.1,highs-ds,MODEL_CONTINGENT_TRANSPORT_RELAXATION,False
transport_lp_v1,f71561_leaf_count_normalized,epsilon_star,0.221952512252,decile,6,income_tax_liability_weighted_mean_MTR,max,0.166077223997,0,Optimization terminated successfully. (HiGHS Status 7: Optimal),3.33066907388e-16,0,5.55111512313e-17,0.221952512252,2.77555756156e-17,0,2.5.3,1.18.1,highs-ds,MODEL_CONTINGENT_TRANSPORT_RELAXATION,False
transport_lp_v1,f71561_leaf_count_normalized,epsilon_star,0.221952512252,decile,6,pseudo_positive_modeled_annual_income_tax_share,min,0.235387045814,0,Optimization terminated successfully. (HiGHS Status 7: Optimal),5.55111512313e-16,0,2.77555756156e-17,0.221952512252,2.77555756156e-17,0,2.5.3,1.18.1,highs-ds,MODEL_CONTINGENT_TRANSPORT_RELAXATION,False
transport_lp_v1,f71561_leaf_count_normalized,epsilon_star,0.221952512252,decile,6,pseudo_positive_modeled_annual_income_tax_share,max,0.531949881356,0,Optimization terminated successfully. (HiGHS Status 7: Optimal),0,2.77555756156e-17,5.55111512313e-17,0.221952512252,5.55111512313e-17,0,2.5.3,1.18.1,highs-ds,MODEL_CONTINGENT_TRANSPORT_RELAXATION,False
transport_lp_v1,f71561_leaf_count_normalized,epsilon_star,0.221952512252,decile,7,taxable_income_weighted_mean_MTR,min,0.101040597253,0,Optimization terminated successfully. (HiGHS Status 7: Optimal),8.881784197e-16,1.38777878078e-17,5.55111512313e-17,0.221952512252,2.77555756156e-17,0,2.5.3,1.18.1,highs-ds,MODEL_CONTINGENT_TRANSPORT_RELAXATION,False
transport_lp_v1,f71561_leaf_count_normalized,epsilon_star,0.221952512252,decile,7,taxable_income_weighted_mean_MTR,max,0.162894450346,0,Optimization terminated successfully. (HiGHS Status 7: Optimal),0,1.38777878078e-17,2.77555756156e-17,0.221952512252,5.55111512313e-17,0,2.5.3,1.18.1,highs-ds,MODEL_CONTINGENT_TRANSPORT_RELAXATION,False
transport_lp_v1,f71561_leaf_count_normalized,epsilon_star,0.221952512252,decile,7,income_tax_liability_weighted_mean_MTR,min,0.114321209827,0,Optimization terminated successfully. (HiGHS Status 7: Optimal),8.881784197e-16,1.38777878078e-17,5.55111512313e-17,0.221952512252,2.77555756156e-17,0,2.5.3,1.18.1,highs-ds,MODEL_CONTINGENT_TRANSPORT_RELAXATION,False
transport_lp_v1,f71561_leaf_count_normalized,epsilon_star,0.221952512252,decile,7,income_tax_liability_weighted_mean_MTR,max,0.175288772009,0,Optimization terminated successfully. (HiGHS Status 7: Optimal),0,1.38777878078e-17,2.77555756156e-17,0.221952512252,5.55111512313e-17,0,2.5.3,1.18.1,highs-ds,MODEL_CONTINGENT_TRANSPORT_RELAXATION,False
transport_lp_v1,f71561_leaf_count_normalized,epsilon_star,0.221952512252,decile,7,pseudo_positive_modeled_annual_income_tax_share,min,0.317057704502,0,Optimization terminated successfully. (HiGHS Status 7: Optimal),0,0,5.55111512313e-17,0.221952512252,1.38777878078e-16,0,2.5.3,1.18.1,highs-ds,MODEL_CONTINGENT_TRANSPORT_RELAXATION,False
transport_lp_v1,f71561_leaf_count_normalized,epsilon_star,0.221952512252,decile,7,pseudo_positive_modeled_annual_income_tax_share,max,0.532126337355,0,Optimization terminated successfully. (HiGHS Status 7: Optimal),0,1.38777878078e-17,2.77555756156e-17,0.221952512252,5.55111512313e-17,0,2.5.3,1.18.1,highs-ds,MODEL_CONTINGENT_TRANSPORT_RELAXATION,False
transport_lp_v1,f71561_leaf_count_normalized,epsilon_star,0.221952512252,decile,8,taxable_income_weighted_mean_MTR,min,0.147399794223,0,Optimization terminated successfully. (HiGHS Status 7: Optimal),0,1.38777878078e-17,1.38777878078e-17,0.221952512252,1.38777878078e-16,0,2.5.3,1.18.1,highs-ds,MODEL_CONTINGENT_TRANSPORT_RELAXATION,False
transport_lp_v1,f71561_leaf_count_normalized,epsilon_star,0.221952512252,decile,8,taxable_income_weighted_mean_MTR,max,0.160797301876,0,Optimization terminated successfully. (HiGHS Status 7: Optimal),0,1.38777878078e-17,1.38777878078e-17,0.221952512252,1.38777878078e-16,0,2.5.3,1.18.1,highs-ds,MODEL_CONTINGENT_TRANSPORT_RELAXATION,False
transport_lp_v1,f71561_leaf_count_normalized,epsilon_star,0.221952512252,decile,8,income_tax_liability_weighted_mean_MTR,min,0.16659360989,0,Optimization terminated successfully. (HiGHS Status 7: Optimal),0,1.38777878078e-17,1.38777878078e-17,0.221952512252,1.38777878078e-16,0,2.5.3,1.18.1,highs-ds,MODEL_CONTINGENT_TRANSPORT_RELAXATION,False
transport_lp_v1,f71561_leaf_count_normalized,epsilon_star,0.221952512252,decile,8,income_tax_liability_weighted_mean_MTR,max,0.177562549844,0,Optimization terminated successfully. (HiGHS Status 7: Optimal),0,1.38777878078e-17,1.38777878078e-17,0.221952512252,1.38777878078e-16,0,2.5.3,1.18.1,highs-ds,MODEL_CONTINGENT_TRANSPORT_RELAXATION,False
transport_lp_v1,f71561_leaf_count_normalized,epsilon_star,0.221952512252,decile,8,pseudo_positive_modeled_annual_income_tax_share,min,0.429585152838,0,Optimization terminated successfully. (HiGHS Status 7: Optimal),0,0,2.77555756156e-17,0.221952512252,5.55111512313e-17,0,2.5.3,1.18.1,highs-ds,MODEL_CONTINGENT_TRANSPORT_RELAXATION,False
transport_lp_v1,f71561_leaf_count_normalized,epsilon_star,0.221952512252,decile,8,pseudo_positive_modeled_annual_income_tax_share,max,0.532126337355,0,Optimization terminated successfully. (HiGHS Status 7: Optimal),0,1.38777878078e-17,1.38777878078e-17,0.221952512252,1.38777878078e-16,0,2.5.3,1.18.1,highs-ds,MODEL_CONTINGENT_TRANSPORT_RELAXATION,False
transport_lp_v1,f71561_leaf_count_normalized,epsilon_star,0.221952512252,decile,9,taxable_income_weighted_mean_MTR,min,0.179002869923,0,Optimization terminated successfully. (HiGHS Status 7: Optimal),0,0,5.55111512313e-17,0.221952512252,1.38777878078e-16,0,2.5.3,1.18.1,highs-ds,MODEL_CONTINGENT_TRANSPORT_RELAXATION,False
transport_lp_v1,f71561_leaf_count_normalized,epsilon_star,0.221952512252,decile,9,taxable_income_weighted_mean_MTR,max,0.179002869923,0,Optimization terminated successfully. (HiGHS Status 7: Optimal),0,0,5.55111512313e-17,0.221952512252,1.38777878078e-16,0,2.5.3,1.18.1,highs-ds,MODEL_CONTINGENT_TRANSPORT_RELAXATION,False
transport_lp_v1,f71561_leaf_count_normalized,epsilon_star,0.221952512252,decile,9,income_tax_liability_weighted_mean_MTR,min,0.196428390668,0,Optimization terminated successfully. (HiGHS Status 7: Optimal),0,0,5.55111512313e-17,0.221952512252,1.38777878078e-16,0,2.5.3,1.18.1,highs-ds,MODEL_CONTINGENT_TRANSPORT_RELAXATION,False
transport_lp_v1,f71561_leaf_count_normalized,epsilon_star,0.221952512252,decile,9,income_tax_liability_weighted_mean_MTR,max,0.196428390668,0,Optimization terminated successfully. (HiGHS Status 7: Optimal),0,0,5.55111512313e-17,0.221952512252,1.38777878078e-16,0,2.5.3,1.18.1,highs-ds,MODEL_CONTINGENT_TRANSPORT_RELAXATION,False
transport_lp_v1,f71561_leaf_count_normalized,epsilon_star,0.221952512252,decile,9,pseudo_positive_modeled_annual_income_tax_share,min,0.633608815427,0,Optimization terminated successfully. (HiGHS Status 7: Optimal),0,0,5.55111512313e-17,0.221952512252,2.77555756156e-17,0,2.5.3,1.18.1,highs-ds,MODEL_CONTINGENT_TRANSPORT_RELAXATION,False
transport_lp_v1,f71561_leaf_count_normalized,epsilon_star,0.221952512252,decile,9,pseudo_positive_modeled_annual_income_tax_share,max,0.633608815427,0,Optimization terminated successfully. (HiGHS Status 7: Optimal),0,0,5.55111512313e-17,0.221952512252,1.38777878078e-16,0,2.5.3,1.18.1,highs-ds,MODEL_CONTINGENT_TRANSPORT_RELAXATION,False
transport_lp_v1,f71561_leaf_count_normalized,epsilon_star,0.221952512252,decile,10,taxable_income_weighted_mean_MTR,min,0.242809967122,0,Optimization terminated successfully. (HiGHS Status 7: Optimal),0,0,5.55111512313e-17,0.221952512252,2.77555756156e-17,0,2.5.3,1.18.1,highs-ds,MODEL_CONTINGENT_TRANSPORT_RELAXATION,False
transport_lp_v1,f71561_leaf_count_normalized,epsilon_star,0.221952512252,decile,10,taxable_income_weighted_mean_MTR,max,0.242809967122,0,Optimization terminated successfully. (HiGHS Status 7: Optimal),0,0,5.55111512313e-17,0.221952512252,2.77555756156e-17,0,2.5.3,1.18.1,highs-ds,MODEL_CONTINGENT_TRANSPORT_RELAXATION,False
transport_lp_v1,f71561_leaf_count_normalized,epsilon_star,0.221952512252,decile,10,income_tax_liability_weighted_mean_MTR,min,0.267186538276,0,Optimization terminated successfully. (HiGHS Status 7: Optimal),0,0,5.55111512313e-17,0.221952512252,2.77555756156e-17,0,2.5.3,1.18.1,highs-ds,MODEL_CONTINGENT_TRANSPORT_RELAXATION,False
transport_lp_v1,f71561_leaf_count_normalized,epsilon_star,0.221952512252,decile,10,income_tax_liability_weighted_mean_MTR,max,0.267186538276,0,Optimization terminated successfully. (HiGHS Status 7: Optimal),0,0,5.55111512313e-17,0.221952512252,2.77555756156e-17,0,2.5.3,1.18.1,highs-ds,MODEL_CONTINGENT_TRANSPORT_RELAXATION,False
transport_lp_v1,f71561_leaf_count_normalized,epsilon_star,0.221952512252,decile,10,pseudo_positive_modeled_annual_income_tax_share,min,0.668781725888,0,Optimization terminated successfully. (HiGHS Status 7: Optimal),0,0,5.55111512313e-17,0.221952512252,1.38777878078e-16,0,2.5.3,1.18.1,highs-ds,MODEL_CONTINGENT_TRANSPORT_RELAXATION,False
transport_lp_v1,f71561_leaf_count_normalized,epsilon_star,0.221952512252,decile,10,pseudo_positive_modeled_annual_income_tax_share,max,0.668781725888,0,Optimization terminated successfully. (HiGHS Status 7: Optimal),0,0,5.55111512313e-17,0.221952512252,2.77555756156e-17,0,2.5.3,1.18.1,highs-ds,MODEL_CONTINGENT_TRANSPORT_RELAXATION,False
transport_lp_v1,f71561_leaf_count_normalized,epsilon_star,0.221952512252,overall,,taxable_income_weighted_mean_MTR,min,0.0954990298023,0,Optimization terminated successfully. (HiGHS Status 7: Optimal),1.11022302463e-16,0,5.55111512313e-17,0.221952512252,2.77555756156e-17,0,2.5.3,1.18.1,highs-ds,MODEL_CONTINGENT_TRANSPORT_RELAXATION,False
transport_lp_v1,f71561_leaf_count_normalized,epsilon_star,0.221952512252,overall,,taxable_income_weighted_mean_MTR,max,0.113078393108,0,Optimization terminated successfully. (HiGHS Status 7: Optimal),0,1.38777878078e-17,1.38777878078e-17,0.221952512252,2.77555756156e-17,0,2.5.3,1.18.1,highs-ds,MODEL_CONTINGENT_TRANSPORT_RELAXATION,False
transport_lp_v1,f71561_leaf_count_normalized,epsilon_star,0.221952512252,overall,,income_tax_liability_weighted_mean_MTR,min,0.103047467719,0,Optimization terminated successfully. (HiGHS Status 7: Optimal),1.11022302463e-16,0,5.55111512313e-17,0.221952512252,2.77555756156e-17,0,2.5.3,1.18.1,highs-ds,MODEL_CONTINGENT_TRANSPORT_RELAXATION,False
transport_lp_v1,f71561_leaf_count_normalized,epsilon_star,0.221952512252,overall,,income_tax_liability_weighted_mean_MTR,max,0.121585807029,0,Optimization terminated successfully. (HiGHS Status 7: Optimal),0,1.38777878078e-17,1.38777878078e-17,0.221952512252,2.77555756156e-17,0,2.5.3,1.18.1,highs-ds,MODEL_CONTINGENT_TRANSPORT_RELAXATION,False
