component,period,entity_type,event_type,latest_flag,count,source_scope,identification_status
full_history_monthly,2023-02,corporation,cancellation,,1,2026-08-31 full snapshot surviving publication history,SURVIVING_PUBLICATION_HISTORY_EXCLUDES_DELETED_99_NOT_CAUSAL
full_history_monthly,2023-08,corporation,cancellation,,1,2026-08-31 full snapshot surviving publication history,SURVIVING_PUBLICATION_HISTORY_EXCLUDES_DELETED_99_NOT_CAUSAL
full_history_monthly,2023-10,corporation,cancellation,,76,2026-08-31 full snapshot surviving publication history,SURVIVING_PUBLICATION_HISTORY_EXCLUDES_DELETED_99_NOT_CAUSAL
full_history_monthly,2023-10,corporation,expiration,,278,2026-08-31 full snapshot surviving publication history,SURVIVING_PUBLICATION_HISTORY_EXCLUDES_DELETED_99_NOT_CAUSAL
full_history_monthly,2023-10,corporation,registration,,2251501,2026-08-31 full snapshot surviving publication history,SURVIVING_PUBLICATION_HISTORY_EXCLUDES_DELETED_99_NOT_CAUSAL
full_history_monthly,2023-10,individual,expiration,,947,2026-08-31 full snapshot surviving publication history,SURVIVING_PUBLICATION_HISTORY_EXCLUDES_DELETED_99_NOT_CAUSAL
full_history_monthly,2023-10,individual,registration,,1869518,2026-08-31 full snapshot surviving publication history,SURVIVING_PUBLICATION_HISTORY_EXCLUDES_DELETED_99_NOT_CAUSAL
full_history_monthly,2023-10,unincorporated_association,expiration,,4,2026-08-31 full snapshot surviving publication history,SURVIVING_PUBLICATION_HISTORY_EXCLUDES_DELETED_99_NOT_CAUSAL
full_history_monthly,2023-10,unincorporated_association,registration,,5991,2026-08-31 full snapshot surviving publication history,SURVIVING_PUBLICATION_HISTORY_EXCLUDES_DELETED_99_NOT_CAUSAL
full_history_monthly,2023-11,corporation,cancellation,,177,2026-08-31 full snapshot surviving publication history,SURVIVING_PUBLICATION_HISTORY_EXCLUDES_DELETED_99_NOT_CAUSAL
full_history_monthly,2023-11,corporation,expiration,,480,2026-08-31 full snapshot surviving publication history,SURVIVING_PUBLICATION_HISTORY_EXCLUDES_DELETED_99_NOT_CAUSAL
full_history_monthly,2023-11,corporation,registration,,25346,2026-08-31 full snapshot surviving publication history,SURVIVING_PUBLICATION_HISTORY_EXCLUDES_DELETED_99_NOT_CAUSAL
full_history_monthly,2023-11,individual,expiration,,1544,2026-08-31 full snapshot surviving publication history,SURVIVING_PUBLICATION_HISTORY_EXCLUDES_DELETED_99_NOT_CAUSAL
full_history_monthly,2023-11,individual,registration,,60630,2026-08-31 full snapshot surviving publication history,SURVIVING_PUBLICATION_HISTORY_EXCLUDES_DELETED_99_NOT_CAUSAL
full_history_monthly,2023-11,unincorporated_association,registration,,109,2026-08-31 full snapshot surviving publication history,SURVIVING_PUBLICATION_HISTORY_EXCLUDES_DELETED_99_NOT_CAUSAL
full_history_monthly,2023-12,corporation,cancellation,,225,2026-08-31 full snapshot surviving publication history,SURVIVING_PUBLICATION_HISTORY_EXCLUDES_DELETED_99_NOT_CAUSAL
full_history_monthly,2023-12,corporation,expiration,,717,2026-08-31 full snapshot surviving publication history,SURVIVING_PUBLICATION_HISTORY_EXCLUDES_DELETED_99_NOT_CAUSAL
full_history_monthly,2023-12,corporation,registration,,17955,2026-08-31 full snapshot surviving publication history,SURVIVING_PUBLICATION_HISTORY_EXCLUDES_DELETED_99_NOT_CAUSAL
full_history_monthly,2023-12,individual,expiration,,1998,2026-08-31 full snapshot surviving publication history,SURVIVING_PUBLICATION_HISTORY_EXCLUDES_DELETED_99_NOT_CAUSAL
full_history_monthly,2023-12,individual,registration,,33995,2026-08-31 full snapshot surviving publication history,SURVIVING_PUBLICATION_HISTORY_EXCLUDES_DELETED_99_NOT_CAUSAL
full_history_monthly,2023-12,unincorporated_association,expiration,,5,2026-08-31 full snapshot surviving publication history,SURVIVING_PUBLICATION_HISTORY_EXCLUDES_DELETED_99_NOT_CAUSAL
full_history_monthly,2023-12,unincorporated_association,registration,,98,2026-08-31 full snapshot surviving publication history,SURVIVING_PUBLICATION_HISTORY_EXCLUDES_DELETED_99_NOT_CAUSAL
full_history_monthly,2024-01,corporation,cancellation,,260,2026-08-31 full snapshot surviving publication history,SURVIVING_PUBLICATION_HISTORY_EXCLUDES_DELETED_99_NOT_CAUSAL
full_history_monthly,2024-01,corporation,expiration,,891,2026-08-31 full snapshot surviving publication history,SURVIVING_PUBLICATION_HISTORY_EXCLUDES_DELETED_99_NOT_CAUSAL
full_history_monthly,2024-01,corporation,registration,,15928,2026-08-31 full snapshot surviving publication history,SURVIVING_PUBLICATION_HISTORY_EXCLUDES_DELETED_99_NOT_CAUSAL
full_history_monthly,2024-01,individual,expiration,,21125,2026-08-31 full snapshot surviving publication history,SURVIVING_PUBLICATION_HISTORY_EXCLUDES_DELETED_99_NOT_CAUSAL
full_history_monthly,2024-01,individual,registration,,134570,2026-08-31 full snapshot surviving publication history,SURVIVING_PUBLICATION_HISTORY_EXCLUDES_DELETED_99_NOT_CAUSAL
full_history_monthly,2024-01,unincorporated_association,expiration,,10,2026-08-31 full snapshot surviving publication history,SURVIVING_PUBLICATION_HISTORY_EXCLUDES_DELETED_99_NOT_CAUSAL
full_history_monthly,2024-01,unincorporated_association,registration,,105,2026-08-31 full snapshot surviving publication history,SURVIVING_PUBLICATION_HISTORY_EXCLUDES_DELETED_99_NOT_CAUSAL
full_history_monthly,2024-02,corporation,cancellation,,148,2026-08-31 full snapshot surviving publication history,SURVIVING_PUBLICATION_HISTORY_EXCLUDES_DELETED_99_NOT_CAUSAL
full_history_monthly,2024-02,corporation,expiration,,808,2026-08-31 full snapshot surviving publication history,SURVIVING_PUBLICATION_HISTORY_EXCLUDES_DELETED_99_NOT_CAUSAL
full_history_monthly,2024-02,corporation,registration,,11001,2026-08-31 full snapshot surviving publication history,SURVIVING_PUBLICATION_HISTORY_EXCLUDES_DELETED_99_NOT_CAUSAL
full_history_monthly,2024-02,individual,cancellation,,1,2026-08-31 full snapshot surviving publication history,SURVIVING_PUBLICATION_HISTORY_EXCLUDES_DELETED_99_NOT_CAUSAL
full_history_monthly,2024-02,individual,expiration,,2351,2026-08-31 full snapshot surviving publication history,SURVIVING_PUBLICATION_HISTORY_EXCLUDES_DELETED_99_NOT_CAUSAL
full_history_monthly,2024-02,individual,registration,,22433,2026-08-31 full snapshot surviving publication history,SURVIVING_PUBLICATION_HISTORY_EXCLUDES_DELETED_99_NOT_CAUSAL
full_history_monthly,2024-02,unincorporated_association,expiration,,7,2026-08-31 full snapshot surviving publication history,SURVIVING_PUBLICATION_HISTORY_EXCLUDES_DELETED_99_NOT_CAUSAL
full_history_monthly,2024-02,unincorporated_association,registration,,50,2026-08-31 full snapshot surviving publication history,SURVIVING_PUBLICATION_HISTORY_EXCLUDES_DELETED_99_NOT_CAUSAL
full_history_monthly,2024-03,corporation,cancellation,,331,2026-08-31 full snapshot surviving publication history,SURVIVING_PUBLICATION_HISTORY_EXCLUDES_DELETED_99_NOT_CAUSAL
full_history_monthly,2024-03,corporation,expiration,,1478,2026-08-31 full snapshot surviving publication history,SURVIVING_PUBLICATION_HISTORY_EXCLUDES_DELETED_99_NOT_CAUSAL
full_history_monthly,2024-03,corporation,registration,,11408,2026-08-31 full snapshot surviving publication history,SURVIVING_PUBLICATION_HISTORY_EXCLUDES_DELETED_99_NOT_CAUSAL
full_history_monthly,2024-03,individual,cancellation,,1,2026-08-31 full snapshot surviving publication history,SURVIVING_PUBLICATION_HISTORY_EXCLUDES_DELETED_99_NOT_CAUSAL
full_history_monthly,2024-03,individual,expiration,,2936,2026-08-31 full snapshot surviving publication history,SURVIVING_PUBLICATION_HISTORY_EXCLUDES_DELETED_99_NOT_CAUSAL
full_history_monthly,2024-03,individual,registration,,21613,2026-08-31 full snapshot surviving publication history,SURVIVING_PUBLICATION_HISTORY_EXCLUDES_DELETED_99_NOT_CAUSAL
full_history_monthly,2024-03,unincorporated_association,expiration,,4,2026-08-31 full snapshot surviving publication history,SURVIVING_PUBLICATION_HISTORY_EXCLUDES_DELETED_99_NOT_CAUSAL
full_history_monthly,2024-03,unincorporated_association,registration,,71,2026-08-31 full snapshot surviving publication history,SURVIVING_PUBLICATION_HISTORY_EXCLUDES_DELETED_99_NOT_CAUSAL
full_history_monthly,2024-04,corporation,cancellation,,2294,2026-08-31 full snapshot surviving publication history,SURVIVING_PUBLICATION_HISTORY_EXCLUDES_DELETED_99_NOT_CAUSAL
full_history_monthly,2024-04,corporation,expiration,,3305,2026-08-31 full snapshot surviving publication history,SURVIVING_PUBLICATION_HISTORY_EXCLUDES_DELETED_99_NOT_CAUSAL
full_history_monthly,2024-04,corporation,registration,,15193,2026-08-31 full snapshot surviving publication history,SURVIVING_PUBLICATION_HISTORY_EXCLUDES_DELETED_99_NOT_CAUSAL
full_history_monthly,2024-04,individual,expiration,,4645,2026-08-31 full snapshot surviving publication history,SURVIVING_PUBLICATION_HISTORY_EXCLUDES_DELETED_99_NOT_CAUSAL
full_history_monthly,2024-04,individual,registration,,21461,2026-08-31 full snapshot surviving publication history,SURVIVING_PUBLICATION_HISTORY_EXCLUDES_DELETED_99_NOT_CAUSAL
full_history_monthly,2024-04,unincorporated_association,cancellation,,1,2026-08-31 full snapshot surviving publication history,SURVIVING_PUBLICATION_HISTORY_EXCLUDES_DELETED_99_NOT_CAUSAL
full_history_monthly,2024-04,unincorporated_association,expiration,,73,2026-08-31 full snapshot surviving publication history,SURVIVING_PUBLICATION_HISTORY_EXCLUDES_DELETED_99_NOT_CAUSAL
full_history_monthly,2024-04,unincorporated_association,registration,,213,2026-08-31 full snapshot surviving publication history,SURVIVING_PUBLICATION_HISTORY_EXCLUDES_DELETED_99_NOT_CAUSAL
full_history_monthly,2024-05,corporation,cancellation,,400,2026-08-31 full snapshot surviving publication history,SURVIVING_PUBLICATION_HISTORY_EXCLUDES_DELETED_99_NOT_CAUSAL
full_history_monthly,2024-05,corporation,expiration,,1609,2026-08-31 full snapshot surviving publication history,SURVIVING_PUBLICATION_HISTORY_EXCLUDES_DELETED_99_NOT_CAUSAL
full_history_monthly,2024-05,corporation,registration,,11099,2026-08-31 full snapshot surviving publication history,SURVIVING_PUBLICATION_HISTORY_EXCLUDES_DELETED_99_NOT_CAUSAL
full_history_monthly,2024-05,individual,expiration,,3464,2026-08-31 full snapshot surviving publication history,SURVIVING_PUBLICATION_HISTORY_EXCLUDES_DELETED_99_NOT_CAUSAL
full_history_monthly,2024-05,individual,registration,,11796,2026-08-31 full snapshot surviving publication history,SURVIVING_PUBLICATION_HISTORY_EXCLUDES_DELETED_99_NOT_CAUSAL
full_history_monthly,2024-05,unincorporated_association,expiration,,8,2026-08-31 full snapshot surviving publication history,SURVIVING_PUBLICATION_HISTORY_EXCLUDES_DELETED_99_NOT_CAUSAL
full_history_monthly,2024-05,unincorporated_association,registration,,67,2026-08-31 full snapshot surviving publication history,SURVIVING_PUBLICATION_HISTORY_EXCLUDES_DELETED_99_NOT_CAUSAL
full_history_monthly,2024-06,corporation,cancellation,,481,2026-08-31 full snapshot surviving publication history,SURVIVING_PUBLICATION_HISTORY_EXCLUDES_DELETED_99_NOT_CAUSAL
full_history_monthly,2024-06,corporation,expiration,,2193,2026-08-31 full snapshot surviving publication history,SURVIVING_PUBLICATION_HISTORY_EXCLUDES_DELETED_99_NOT_CAUSAL
full_history_monthly,2024-06,corporation,registration,,10259,2026-08-31 full snapshot surviving publication history,SURVIVING_PUBLICATION_HISTORY_EXCLUDES_DELETED_99_NOT_CAUSAL
full_history_monthly,2024-06,individual,expiration,,3493,2026-08-31 full snapshot surviving publication history,SURVIVING_PUBLICATION_HISTORY_EXCLUDES_DELETED_99_NOT_CAUSAL
full_history_monthly,2024-06,individual,registration,,10642,2026-08-31 full snapshot surviving publication history,SURVIVING_PUBLICATION_HISTORY_EXCLUDES_DELETED_99_NOT_CAUSAL
full_history_monthly,2024-06,unincorporated_association,expiration,,11,2026-08-31 full snapshot surviving publication history,SURVIVING_PUBLICATION_HISTORY_EXCLUDES_DELETED_99_NOT_CAUSAL
full_history_monthly,2024-06,unincorporated_association,registration,,46,2026-08-31 full snapshot surviving publication history,SURVIVING_PUBLICATION_HISTORY_EXCLUDES_DELETED_99_NOT_CAUSAL
full_history_monthly,2024-07,corporation,cancellation,,185,2026-08-31 full snapshot surviving publication history,SURVIVING_PUBLICATION_HISTORY_EXCLUDES_DELETED_99_NOT_CAUSAL
full_history_monthly,2024-07,corporation,expiration,,2343,2026-08-31 full snapshot surviving publication history,SURVIVING_PUBLICATION_HISTORY_EXCLUDES_DELETED_99_NOT_CAUSAL
full_history_monthly,2024-07,corporation,registration,,11143,2026-08-31 full snapshot surviving publication history,SURVIVING_PUBLICATION_HISTORY_EXCLUDES_DELETED_99_NOT_CAUSAL
full_history_monthly,2024-07,individual,expiration,,3780,2026-08-31 full snapshot surviving publication history,SURVIVING_PUBLICATION_HISTORY_EXCLUDES_DELETED_99_NOT_CAUSAL
full_history_monthly,2024-07,individual,registration,,9411,2026-08-31 full snapshot surviving publication history,SURVIVING_PUBLICATION_HISTORY_EXCLUDES_DELETED_99_NOT_CAUSAL
full_history_monthly,2024-07,unincorporated_association,expiration,,11,2026-08-31 full snapshot surviving publication history,SURVIVING_PUBLICATION_HISTORY_EXCLUDES_DELETED_99_NOT_CAUSAL
full_history_monthly,2024-07,unincorporated_association,registration,,55,2026-08-31 full snapshot surviving publication history,SURVIVING_PUBLICATION_HISTORY_EXCLUDES_DELETED_99_NOT_CAUSAL
full_history_monthly,2024-08,corporation,cancellation,,123,2026-08-31 full snapshot surviving publication history,SURVIVING_PUBLICATION_HISTORY_EXCLUDES_DELETED_99_NOT_CAUSAL
full_history_monthly,2024-08,corporation,expiration,,2363,2026-08-31 full snapshot surviving publication history,SURVIVING_PUBLICATION_HISTORY_EXCLUDES_DELETED_99_NOT_CAUSAL
full_history_monthly,2024-08,corporation,registration,,8956,2026-08-31 full snapshot surviving publication history,SURVIVING_PUBLICATION_HISTORY_EXCLUDES_DELETED_99_NOT_CAUSAL
full_history_monthly,2024-08,individual,expiration,,3151,2026-08-31 full snapshot surviving publication history,SURVIVING_PUBLICATION_HISTORY_EXCLUDES_DELETED_99_NOT_CAUSAL
full_history_monthly,2024-08,individual,registration,,7483,2026-08-31 full snapshot surviving publication history,SURVIVING_PUBLICATION_HISTORY_EXCLUDES_DELETED_99_NOT_CAUSAL
full_history_monthly,2024-08,unincorporated_association,expiration,,4,2026-08-31 full snapshot surviving publication history,SURVIVING_PUBLICATION_HISTORY_EXCLUDES_DELETED_99_NOT_CAUSAL
full_history_monthly,2024-08,unincorporated_association,registration,,22,2026-08-31 full snapshot surviving publication history,SURVIVING_PUBLICATION_HISTORY_EXCLUDES_DELETED_99_NOT_CAUSAL
full_history_monthly,2024-09,corporation,cancellation,,133,2026-08-31 full snapshot surviving publication history,SURVIVING_PUBLICATION_HISTORY_EXCLUDES_DELETED_99_NOT_CAUSAL
full_history_monthly,2024-09,corporation,expiration,,2410,2026-08-31 full snapshot surviving publication history,SURVIVING_PUBLICATION_HISTORY_EXCLUDES_DELETED_99_NOT_CAUSAL
full_history_monthly,2024-09,corporation,registration,,8609,2026-08-31 full snapshot surviving publication history,SURVIVING_PUBLICATION_HISTORY_EXCLUDES_DELETED_99_NOT_CAUSAL
full_history_monthly,2024-09,individual,cancellation,,1,2026-08-31 full snapshot surviving publication history,SURVIVING_PUBLICATION_HISTORY_EXCLUDES_DELETED_99_NOT_CAUSAL
full_history_monthly,2024-09,individual,expiration,,3070,2026-08-31 full snapshot surviving publication history,SURVIVING_PUBLICATION_HISTORY_EXCLUDES_DELETED_99_NOT_CAUSAL
full_history_monthly,2024-09,individual,registration,,7252,2026-08-31 full snapshot surviving publication history,SURVIVING_PUBLICATION_HISTORY_EXCLUDES_DELETED_99_NOT_CAUSAL
full_history_monthly,2024-09,unincorporated_association,expiration,,9,2026-08-31 full snapshot surviving publication history,SURVIVING_PUBLICATION_HISTORY_EXCLUDES_DELETED_99_NOT_CAUSAL
full_history_monthly,2024-09,unincorporated_association,registration,,21,2026-08-31 full snapshot surviving publication history,SURVIVING_PUBLICATION_HISTORY_EXCLUDES_DELETED_99_NOT_CAUSAL
full_history_monthly,2024-10,corporation,cancellation,,220,2026-08-31 full snapshot surviving publication history,SURVIVING_PUBLICATION_HISTORY_EXCLUDES_DELETED_99_NOT_CAUSAL
full_history_monthly,2024-10,corporation,expiration,,2941,2026-08-31 full snapshot surviving publication history,SURVIVING_PUBLICATION_HISTORY_EXCLUDES_DELETED_99_NOT_CAUSAL
full_history_monthly,2024-10,corporation,registration,,9975,2026-08-31 full snapshot surviving publication history,SURVIVING_PUBLICATION_HISTORY_EXCLUDES_DELETED_99_NOT_CAUSAL
full_history_monthly,2024-10,individual,expiration,,3634,2026-08-31 full snapshot surviving publication history,SURVIVING_PUBLICATION_HISTORY_EXCLUDES_DELETED_99_NOT_CAUSAL
full_history_monthly,2024-10,individual,registration,,7833,2026-08-31 full snapshot surviving publication history,SURVIVING_PUBLICATION_HISTORY_EXCLUDES_DELETED_99_NOT_CAUSAL
full_history_monthly,2024-10,unincorporated_association,expiration,,6,2026-08-31 full snapshot surviving publication history,SURVIVING_PUBLICATION_HISTORY_EXCLUDES_DELETED_99_NOT_CAUSAL
full_history_monthly,2024-10,unincorporated_association,registration,,28,2026-08-31 full snapshot surviving publication history,SURVIVING_PUBLICATION_HISTORY_EXCLUDES_DELETED_99_NOT_CAUSAL
full_history_monthly,2024-11,corporation,cancellation,,114,2026-08-31 full snapshot surviving publication history,SURVIVING_PUBLICATION_HISTORY_EXCLUDES_DELETED_99_NOT_CAUSAL
full_history_monthly,2024-11,corporation,expiration,,2515,2026-08-31 full snapshot surviving publication history,SURVIVING_PUBLICATION_HISTORY_EXCLUDES_DELETED_99_NOT_CAUSAL
full_history_monthly,2024-11,corporation,registration,,8271,2026-08-31 full snapshot surviving publication history,SURVIVING_PUBLICATION_HISTORY_EXCLUDES_DELETED_99_NOT_CAUSAL
full_history_monthly,2024-11,individual,expiration,,3231,2026-08-31 full snapshot surviving publication history,SURVIVING_PUBLICATION_HISTORY_EXCLUDES_DELETED_99_NOT_CAUSAL
full_history_monthly,2024-11,individual,registration,,7160,2026-08-31 full snapshot surviving publication history,SURVIVING_PUBLICATION_HISTORY_EXCLUDES_DELETED_99_NOT_CAUSAL
full_history_monthly,2024-11,unincorporated_association,expiration,,7,2026-08-31 full snapshot surviving publication history,SURVIVING_PUBLICATION_HISTORY_EXCLUDES_DELETED_99_NOT_CAUSAL
full_history_monthly,2024-11,unincorporated_association,registration,,14,2026-08-31 full snapshot surviving publication history,SURVIVING_PUBLICATION_HISTORY_EXCLUDES_DELETED_99_NOT_CAUSAL
full_history_monthly,2024-12,corporation,cancellation,,141,2026-08-31 full snapshot surviving publication history,SURVIVING_PUBLICATION_HISTORY_EXCLUDES_DELETED_99_NOT_CAUSAL
full_history_monthly,2024-12,corporation,expiration,,2562,2026-08-31 full snapshot surviving publication history,SURVIVING_PUBLICATION_HISTORY_EXCLUDES_DELETED_99_NOT_CAUSAL
full_history_monthly,2024-12,corporation,registration,,7761,2026-08-31 full snapshot surviving publication history,SURVIVING_PUBLICATION_HISTORY_EXCLUDES_DELETED_99_NOT_CAUSAL
full_history_monthly,2024-12,individual,cancellation,,1,2026-08-31 full snapshot surviving publication history,SURVIVING_PUBLICATION_HISTORY_EXCLUDES_DELETED_99_NOT_CAUSAL
full_history_monthly,2024-12,individual,expiration,,3897,2026-08-31 full snapshot surviving publication history,SURVIVING_PUBLICATION_HISTORY_EXCLUDES_DELETED_99_NOT_CAUSAL
full_history_monthly,2024-12,individual,registration,,6081,2026-08-31 full snapshot surviving publication history,SURVIVING_PUBLICATION_HISTORY_EXCLUDES_DELETED_99_NOT_CAUSAL
full_history_monthly,2024-12,unincorporated_association,expiration,,6,2026-08-31 full snapshot surviving publication history,SURVIVING_PUBLICATION_HISTORY_EXCLUDES_DELETED_99_NOT_CAUSAL
full_history_monthly,2024-12,unincorporated_association,registration,,16,2026-08-31 full snapshot surviving publication history,SURVIVING_PUBLICATION_HISTORY_EXCLUDES_DELETED_99_NOT_CAUSAL
full_history_monthly,2025-01,corporation,cancellation,,217,2026-08-31 full snapshot surviving publication history,SURVIVING_PUBLICATION_HISTORY_EXCLUDES_DELETED_99_NOT_CAUSAL
full_history_monthly,2025-01,corporation,expiration,,2774,2026-08-31 full snapshot surviving publication history,SURVIVING_PUBLICATION_HISTORY_EXCLUDES_DELETED_99_NOT_CAUSAL
full_history_monthly,2025-01,corporation,registration,,8972,2026-08-31 full snapshot surviving publication history,SURVIVING_PUBLICATION_HISTORY_EXCLUDES_DELETED_99_NOT_CAUSAL
full_history_monthly,2025-01,individual,expiration,,42097,2026-08-31 full snapshot surviving publication history,SURVIVING_PUBLICATION_HISTORY_EXCLUDES_DELETED_99_NOT_CAUSAL
full_history_monthly,2025-01,individual,registration,,85457,2026-08-31 full snapshot surviving publication history,SURVIVING_PUBLICATION_HISTORY_EXCLUDES_DELETED_99_NOT_CAUSAL
full_history_monthly,2025-01,unincorporated_association,expiration,,10,2026-08-31 full snapshot surviving publication history,SURVIVING_PUBLICATION_HISTORY_EXCLUDES_DELETED_99_NOT_CAUSAL
full_history_monthly,2025-01,unincorporated_association,registration,,27,2026-08-31 full snapshot surviving publication history,SURVIVING_PUBLICATION_HISTORY_EXCLUDES_DELETED_99_NOT_CAUSAL
full_history_monthly,2025-02,corporation,cancellation,,120,2026-08-31 full snapshot surviving publication history,SURVIVING_PUBLICATION_HISTORY_EXCLUDES_DELETED_99_NOT_CAUSAL
full_history_monthly,2025-02,corporation,expiration,,1892,2026-08-31 full snapshot surviving publication history,SURVIVING_PUBLICATION_HISTORY_EXCLUDES_DELETED_99_NOT_CAUSAL
full_history_monthly,2025-02,corporation,registration,,6787,2026-08-31 full snapshot surviving publication history,SURVIVING_PUBLICATION_HISTORY_EXCLUDES_DELETED_99_NOT_CAUSAL
full_history_monthly,2025-02,individual,cancellation,,2,2026-08-31 full snapshot surviving publication history,SURVIVING_PUBLICATION_HISTORY_EXCLUDES_DELETED_99_NOT_CAUSAL
full_history_monthly,2025-02,individual,expiration,,2549,2026-08-31 full snapshot surviving publication history,SURVIVING_PUBLICATION_HISTORY_EXCLUDES_DELETED_99_NOT_CAUSAL
full_history_monthly,2025-02,individual,registration,,8336,2026-08-31 full snapshot surviving publication history,SURVIVING_PUBLICATION_HISTORY_EXCLUDES_DELETED_99_NOT_CAUSAL
full_history_monthly,2025-02,unincorporated_association,expiration,,7,2026-08-31 full snapshot surviving publication history,SURVIVING_PUBLICATION_HISTORY_EXCLUDES_DELETED_99_NOT_CAUSAL
full_history_monthly,2025-02,unincorporated_association,registration,,13,2026-08-31 full snapshot surviving publication history,SURVIVING_PUBLICATION_HISTORY_EXCLUDES_DELETED_99_NOT_CAUSAL
full_history_monthly,2025-03,corporation,cancellation,,195,2026-08-31 full snapshot surviving publication history,SURVIVING_PUBLICATION_HISTORY_EXCLUDES_DELETED_99_NOT_CAUSAL
full_history_monthly,2025-03,corporation,expiration,,2491,2026-08-31 full snapshot surviving publication history,SURVIVING_PUBLICATION_HISTORY_EXCLUDES_DELETED_99_NOT_CAUSAL
full_history_monthly,2025-03,corporation,registration,,8147,2026-08-31 full snapshot surviving publication history,SURVIVING_PUBLICATION_HISTORY_EXCLUDES_DELETED_99_NOT_CAUSAL
full_history_monthly,2025-03,individual,cancellation,,1,2026-08-31 full snapshot surviving publication history,SURVIVING_PUBLICATION_HISTORY_EXCLUDES_DELETED_99_NOT_CAUSAL
full_history_monthly,2025-03,individual,expiration,,3276,2026-08-31 full snapshot surviving publication history,SURVIVING_PUBLICATION_HISTORY_EXCLUDES_DELETED_99_NOT_CAUSAL
full_history_monthly,2025-03,individual,registration,,9398,2026-08-31 full snapshot surviving publication history,SURVIVING_PUBLICATION_HISTORY_EXCLUDES_DELETED_99_NOT_CAUSAL
full_history_monthly,2025-03,unincorporated_association,expiration,,10,2026-08-31 full snapshot surviving publication history,SURVIVING_PUBLICATION_HISTORY_EXCLUDES_DELETED_99_NOT_CAUSAL
full_history_monthly,2025-03,unincorporated_association,registration,,15,2026-08-31 full snapshot surviving publication history,SURVIVING_PUBLICATION_HISTORY_EXCLUDES_DELETED_99_NOT_CAUSAL
full_history_monthly,2025-04,corporation,cancellation,,423,2026-08-31 full snapshot surviving publication history,SURVIVING_PUBLICATION_HISTORY_EXCLUDES_DELETED_99_NOT_CAUSAL
full_history_monthly,2025-04,corporation,expiration,,4052,2026-08-31 full snapshot surviving publication history,SURVIVING_PUBLICATION_HISTORY_EXCLUDES_DELETED_99_NOT_CAUSAL
full_history_monthly,2025-04,corporation,registration,,10827,2026-08-31 full snapshot surviving publication history,SURVIVING_PUBLICATION_HISTORY_EXCLUDES_DELETED_99_NOT_CAUSAL
full_history_monthly,2025-04,individual,cancellation,,3,2026-08-31 full snapshot surviving publication history,SURVIVING_PUBLICATION_HISTORY_EXCLUDES_DELETED_99_NOT_CAUSAL
full_history_monthly,2025-04,individual,expiration,,5422,2026-08-31 full snapshot surviving publication history,SURVIVING_PUBLICATION_HISTORY_EXCLUDES_DELETED_99_NOT_CAUSAL
full_history_monthly,2025-04,individual,registration,,12150,2026-08-31 full snapshot surviving publication history,SURVIVING_PUBLICATION_HISTORY_EXCLUDES_DELETED_99_NOT_CAUSAL
full_history_monthly,2025-04,unincorporated_association,expiration,,113,2026-08-31 full snapshot surviving publication history,SURVIVING_PUBLICATION_HISTORY_EXCLUDES_DELETED_99_NOT_CAUSAL
full_history_monthly,2025-04,unincorporated_association,registration,,96,2026-08-31 full snapshot surviving publication history,SURVIVING_PUBLICATION_HISTORY_EXCLUDES_DELETED_99_NOT_CAUSAL
full_history_monthly,2025-05,corporation,cancellation,,121,2026-08-31 full snapshot surviving publication history,SURVIVING_PUBLICATION_HISTORY_EXCLUDES_DELETED_99_NOT_CAUSAL
full_history_monthly,2025-05,corporation,expiration,,2531,2026-08-31 full snapshot surviving publication history,SURVIVING_PUBLICATION_HISTORY_EXCLUDES_DELETED_99_NOT_CAUSAL
full_history_monthly,2025-05,corporation,registration,,8313,2026-08-31 full snapshot surviving publication history,SURVIVING_PUBLICATION_HISTORY_EXCLUDES_DELETED_99_NOT_CAUSAL
full_history_monthly,2025-05,individual,expiration,,3663,2026-08-31 full snapshot surviving publication history,SURVIVING_PUBLICATION_HISTORY_EXCLUDES_DELETED_99_NOT_CAUSAL
full_history_monthly,2025-05,individual,registration,,7331,2026-08-31 full snapshot surviving publication history,SURVIVING_PUBLICATION_HISTORY_EXCLUDES_DELETED_99_NOT_CAUSAL
full_history_monthly,2025-05,unincorporated_association,expiration,,12,2026-08-31 full snapshot surviving publication history,SURVIVING_PUBLICATION_HISTORY_EXCLUDES_DELETED_99_NOT_CAUSAL
full_history_monthly,2025-05,unincorporated_association,registration,,19,2026-08-31 full snapshot surviving publication history,SURVIVING_PUBLICATION_HISTORY_EXCLUDES_DELETED_99_NOT_CAUSAL
full_history_monthly,2025-06,corporation,cancellation,,169,2026-08-31 full snapshot surviving publication history,SURVIVING_PUBLICATION_HISTORY_EXCLUDES_DELETED_99_NOT_CAUSAL
full_history_monthly,2025-06,corporation,expiration,,3014,2026-08-31 full snapshot surviving publication history,SURVIVING_PUBLICATION_HISTORY_EXCLUDES_DELETED_99_NOT_CAUSAL
full_history_monthly,2025-06,corporation,registration,,8599,2026-08-31 full snapshot surviving publication history,SURVIVING_PUBLICATION_HISTORY_EXCLUDES_DELETED_99_NOT_CAUSAL
full_history_monthly,2025-06,individual,expiration,,3461,2026-08-31 full snapshot surviving publication history,SURVIVING_PUBLICATION_HISTORY_EXCLUDES_DELETED_99_NOT_CAUSAL
full_history_monthly,2025-06,individual,registration,,6218,2026-08-31 full snapshot surviving publication history,SURVIVING_PUBLICATION_HISTORY_EXCLUDES_DELETED_99_NOT_CAUSAL
full_history_monthly,2025-06,unincorporated_association,expiration,,10,2026-08-31 full snapshot surviving publication history,SURVIVING_PUBLICATION_HISTORY_EXCLUDES_DELETED_99_NOT_CAUSAL
full_history_monthly,2025-06,unincorporated_association,registration,,22,2026-08-31 full snapshot surviving publication history,SURVIVING_PUBLICATION_HISTORY_EXCLUDES_DELETED_99_NOT_CAUSAL
full_history_monthly,2025-07,corporation,cancellation,,162,2026-08-31 full snapshot surviving publication history,SURVIVING_PUBLICATION_HISTORY_EXCLUDES_DELETED_99_NOT_CAUSAL
full_history_monthly,2025-07,corporation,expiration,,3599,2026-08-31 full snapshot surviving publication history,SURVIVING_PUBLICATION_HISTORY_EXCLUDES_DELETED_99_NOT_CAUSAL
full_history_monthly,2025-07,corporation,registration,,9048,2026-08-31 full snapshot surviving publication history,SURVIVING_PUBLICATION_HISTORY_EXCLUDES_DELETED_99_NOT_CAUSAL
full_history_monthly,2025-07,individual,expiration,,4054,2026-08-31 full snapshot surviving publication history,SURVIVING_PUBLICATION_HISTORY_EXCLUDES_DELETED_99_NOT_CAUSAL
full_history_monthly,2025-07,individual,registration,,6244,2026-08-31 full snapshot surviving publication history,SURVIVING_PUBLICATION_HISTORY_EXCLUDES_DELETED_99_NOT_CAUSAL
full_history_monthly,2025-07,unincorporated_association,expiration,,6,2026-08-31 full snapshot surviving publication history,SURVIVING_PUBLICATION_HISTORY_EXCLUDES_DELETED_99_NOT_CAUSAL
full_history_monthly,2025-07,unincorporated_association,registration,,19,2026-08-31 full snapshot surviving publication history,SURVIVING_PUBLICATION_HISTORY_EXCLUDES_DELETED_99_NOT_CAUSAL
full_history_monthly,2025-08,corporation,cancellation,,144,2026-08-31 full snapshot surviving publication history,SURVIVING_PUBLICATION_HISTORY_EXCLUDES_DELETED_99_NOT_CAUSAL
full_history_monthly,2025-08,corporation,expiration,,3145,2026-08-31 full snapshot surviving publication history,SURVIVING_PUBLICATION_HISTORY_EXCLUDES_DELETED_99_NOT_CAUSAL
full_history_monthly,2025-08,corporation,registration,,7340,2026-08-31 full snapshot surviving publication history,SURVIVING_PUBLICATION_HISTORY_EXCLUDES_DELETED_99_NOT_CAUSAL
full_history_monthly,2025-08,individual,expiration,,3185,2026-08-31 full snapshot surviving publication history,SURVIVING_PUBLICATION_HISTORY_EXCLUDES_DELETED_99_NOT_CAUSAL
full_history_monthly,2025-08,individual,registration,,5163,2026-08-31 full snapshot surviving publication history,SURVIVING_PUBLICATION_HISTORY_EXCLUDES_DELETED_99_NOT_CAUSAL
full_history_monthly,2025-08,unincorporated_association,expiration,,7,2026-08-31 full snapshot surviving publication history,SURVIVING_PUBLICATION_HISTORY_EXCLUDES_DELETED_99_NOT_CAUSAL
full_history_monthly,2025-08,unincorporated_association,registration,,15,2026-08-31 full snapshot surviving publication history,SURVIVING_PUBLICATION_HISTORY_EXCLUDES_DELETED_99_NOT_CAUSAL
full_history_monthly,2025-09,corporation,cancellation,,163,2026-08-31 full snapshot surviving publication history,SURVIVING_PUBLICATION_HISTORY_EXCLUDES_DELETED_99_NOT_CAUSAL
full_history_monthly,2025-09,corporation,expiration,,3322,2026-08-31 full snapshot surviving publication history,SURVIVING_PUBLICATION_HISTORY_EXCLUDES_DELETED_99_NOT_CAUSAL
full_history_monthly,2025-09,corporation,registration,,7963,2026-08-31 full snapshot surviving publication history,SURVIVING_PUBLICATION_HISTORY_EXCLUDES_DELETED_99_NOT_CAUSAL
full_history_monthly,2025-09,individual,cancellation,,1,2026-08-31 full snapshot surviving publication history,SURVIVING_PUBLICATION_HISTORY_EXCLUDES_DELETED_99_NOT_CAUSAL
full_history_monthly,2025-09,individual,expiration,,3044,2026-08-31 full snapshot surviving publication history,SURVIVING_PUBLICATION_HISTORY_EXCLUDES_DELETED_99_NOT_CAUSAL
full_history_monthly,2025-09,individual,registration,,5270,2026-08-31 full snapshot surviving publication history,SURVIVING_PUBLICATION_HISTORY_EXCLUDES_DELETED_99_NOT_CAUSAL
full_history_monthly,2025-09,unincorporated_association,expiration,,7,2026-08-31 full snapshot surviving publication history,SURVIVING_PUBLICATION_HISTORY_EXCLUDES_DELETED_99_NOT_CAUSAL
full_history_monthly,2025-09,unincorporated_association,registration,,15,2026-08-31 full snapshot surviving publication history,SURVIVING_PUBLICATION_HISTORY_EXCLUDES_DELETED_99_NOT_CAUSAL
full_history_monthly,2025-10,corporation,cancellation,,213,2026-08-31 full snapshot surviving publication history,SURVIVING_PUBLICATION_HISTORY_EXCLUDES_DELETED_99_NOT_CAUSAL
full_history_monthly,2025-10,corporation,expiration,,4018,2026-08-31 full snapshot surviving publication history,SURVIVING_PUBLICATION_HISTORY_EXCLUDES_DELETED_99_NOT_CAUSAL
full_history_monthly,2025-10,corporation,registration,,8999,2026-08-31 full snapshot surviving publication history,SURVIVING_PUBLICATION_HISTORY_EXCLUDES_DELETED_99_NOT_CAUSAL
full_history_monthly,2025-10,individual,expiration,,3458,2026-08-31 full snapshot surviving publication history,SURVIVING_PUBLICATION_HISTORY_EXCLUDES_DELETED_99_NOT_CAUSAL
full_history_monthly,2025-10,individual,registration,,5768,2026-08-31 full snapshot surviving publication history,SURVIVING_PUBLICATION_HISTORY_EXCLUDES_DELETED_99_NOT_CAUSAL
full_history_monthly,2025-10,unincorporated_association,expiration,,6,2026-08-31 full snapshot surviving publication history,SURVIVING_PUBLICATION_HISTORY_EXCLUDES_DELETED_99_NOT_CAUSAL
full_history_monthly,2025-10,unincorporated_association,registration,,18,2026-08-31 full snapshot surviving publication history,SURVIVING_PUBLICATION_HISTORY_EXCLUDES_DELETED_99_NOT_CAUSAL
full_history_monthly,2025-11,corporation,cancellation,,104,2026-08-31 full snapshot surviving publication history,SURVIVING_PUBLICATION_HISTORY_EXCLUDES_DELETED_99_NOT_CAUSAL
full_history_monthly,2025-11,corporation,expiration,,3202,2026-08-31 full snapshot surviving publication history,SURVIVING_PUBLICATION_HISTORY_EXCLUDES_DELETED_99_NOT_CAUSAL
full_history_monthly,2025-11,corporation,registration,,6539,2026-08-31 full snapshot surviving publication history,SURVIVING_PUBLICATION_HISTORY_EXCLUDES_DELETED_99_NOT_CAUSAL
full_history_monthly,2025-11,individual,cancellation,,3,2026-08-31 full snapshot surviving publication history,SURVIVING_PUBLICATION_HISTORY_EXCLUDES_DELETED_99_NOT_CAUSAL
full_history_monthly,2025-11,individual,expiration,,3026,2026-08-31 full snapshot surviving publication history,SURVIVING_PUBLICATION_HISTORY_EXCLUDES_DELETED_99_NOT_CAUSAL
full_history_monthly,2025-11,individual,registration,,4793,2026-08-31 full snapshot surviving publication history,SURVIVING_PUBLICATION_HISTORY_EXCLUDES_DELETED_99_NOT_CAUSAL
full_history_monthly,2025-11,unincorporated_association,expiration,,5,2026-08-31 full snapshot surviving publication history,SURVIVING_PUBLICATION_HISTORY_EXCLUDES_DELETED_99_NOT_CAUSAL
full_history_monthly,2025-11,unincorporated_association,registration,,13,2026-08-31 full snapshot surviving publication history,SURVIVING_PUBLICATION_HISTORY_EXCLUDES_DELETED_99_NOT_CAUSAL
full_history_monthly,2025-12,corporation,cancellation,,145,2026-08-31 full snapshot surviving publication history,SURVIVING_PUBLICATION_HISTORY_EXCLUDES_DELETED_99_NOT_CAUSAL
full_history_monthly,2025-12,corporation,expiration,,3405,2026-08-31 full snapshot surviving publication history,SURVIVING_PUBLICATION_HISTORY_EXCLUDES_DELETED_99_NOT_CAUSAL
full_history_monthly,2025-12,corporation,registration,,6730,2026-08-31 full snapshot surviving publication history,SURVIVING_PUBLICATION_HISTORY_EXCLUDES_DELETED_99_NOT_CAUSAL
full_history_monthly,2025-12,individual,cancellation,,11,2026-08-31 full snapshot surviving publication history,SURVIVING_PUBLICATION_HISTORY_EXCLUDES_DELETED_99_NOT_CAUSAL
full_history_monthly,2025-12,individual,expiration,,3765,2026-08-31 full snapshot surviving publication history,SURVIVING_PUBLICATION_HISTORY_EXCLUDES_DELETED_99_NOT_CAUSAL
full_history_monthly,2025-12,individual,registration,,4188,2026-08-31 full snapshot surviving publication history,SURVIVING_PUBLICATION_HISTORY_EXCLUDES_DELETED_99_NOT_CAUSAL
full_history_monthly,2025-12,unincorporated_association,expiration,,10,2026-08-31 full snapshot surviving publication history,SURVIVING_PUBLICATION_HISTORY_EXCLUDES_DELETED_99_NOT_CAUSAL
full_history_monthly,2025-12,unincorporated_association,registration,,10,2026-08-31 full snapshot surviving publication history,SURVIVING_PUBLICATION_HISTORY_EXCLUDES_DELETED_99_NOT_CAUSAL
full_history_monthly,2026-01,corporation,cancellation,,156,2026-08-31 full snapshot surviving publication history,SURVIVING_PUBLICATION_HISTORY_EXCLUDES_DELETED_99_NOT_CAUSAL
full_history_monthly,2026-01,corporation,expiration,,3901,2026-08-31 full snapshot surviving publication history,SURVIVING_PUBLICATION_HISTORY_EXCLUDES_DELETED_99_NOT_CAUSAL
full_history_monthly,2026-01,corporation,registration,,8164,2026-08-31 full snapshot surviving publication history,SURVIVING_PUBLICATION_HISTORY_EXCLUDES_DELETED_99_NOT_CAUSAL
full_history_monthly,2026-01,individual,cancellation,,37,2026-08-31 full snapshot surviving publication history,SURVIVING_PUBLICATION_HISTORY_EXCLUDES_DELETED_99_NOT_CAUSAL
full_history_monthly,2026-01,individual,expiration,,45053,2026-08-31 full snapshot surviving publication history,SURVIVING_PUBLICATION_HISTORY_EXCLUDES_DELETED_99_NOT_CAUSAL
full_history_monthly,2026-01,individual,registration,,59498,2026-08-31 full snapshot surviving publication history,SURVIVING_PUBLICATION_HISTORY_EXCLUDES_DELETED_99_NOT_CAUSAL
full_history_monthly,2026-01,unincorporated_association,expiration,,19,2026-08-31 full snapshot surviving publication history,SURVIVING_PUBLICATION_HISTORY_EXCLUDES_DELETED_99_NOT_CAUSAL
full_history_monthly,2026-01,unincorporated_association,registration,,14,2026-08-31 full snapshot surviving publication history,SURVIVING_PUBLICATION_HISTORY_EXCLUDES_DELETED_99_NOT_CAUSAL
full_history_monthly,2026-02,corporation,cancellation,,163,2026-08-31 full snapshot surviving publication history,SURVIVING_PUBLICATION_HISTORY_EXCLUDES_DELETED_99_NOT_CAUSAL
full_history_monthly,2026-02,corporation,expiration,,2333,2026-08-31 full snapshot surviving publication history,SURVIVING_PUBLICATION_HISTORY_EXCLUDES_DELETED_99_NOT_CAUSAL
full_history_monthly,2026-02,corporation,registration,,5907,2026-08-31 full snapshot surviving publication history,SURVIVING_PUBLICATION_HISTORY_EXCLUDES_DELETED_99_NOT_CAUSAL
full_history_monthly,2026-02,individual,expiration,,2153,2026-08-31 full snapshot surviving publication history,SURVIVING_PUBLICATION_HISTORY_EXCLUDES_DELETED_99_NOT_CAUSAL
full_history_monthly,2026-02,individual,registration,,6986,2026-08-31 full snapshot surviving publication history,SURVIVING_PUBLICATION_HISTORY_EXCLUDES_DELETED_99_NOT_CAUSAL
full_history_monthly,2026-02,unincorporated_association,expiration,,9,2026-08-31 full snapshot surviving publication history,SURVIVING_PUBLICATION_HISTORY_EXCLUDES_DELETED_99_NOT_CAUSAL
full_history_monthly,2026-02,unincorporated_association,registration,,7,2026-08-31 full snapshot surviving publication history,SURVIVING_PUBLICATION_HISTORY_EXCLUDES_DELETED_99_NOT_CAUSAL
full_history_monthly,2026-03,corporation,cancellation,,458,2026-08-31 full snapshot surviving publication history,SURVIVING_PUBLICATION_HISTORY_EXCLUDES_DELETED_99_NOT_CAUSAL
full_history_monthly,2026-03,corporation,expiration,,3026,2026-08-31 full snapshot surviving publication history,SURVIVING_PUBLICATION_HISTORY_EXCLUDES_DELETED_99_NOT_CAUSAL
full_history_monthly,2026-03,corporation,registration,,7196,2026-08-31 full snapshot surviving publication history,SURVIVING_PUBLICATION_HISTORY_EXCLUDES_DELETED_99_NOT_CAUSAL
full_history_monthly,2026-03,individual,expiration,,2813,2026-08-31 full snapshot surviving publication history,SURVIVING_PUBLICATION_HISTORY_EXCLUDES_DELETED_99_NOT_CAUSAL
full_history_monthly,2026-03,individual,registration,,8552,2026-08-31 full snapshot surviving publication history,SURVIVING_PUBLICATION_HISTORY_EXCLUDES_DELETED_99_NOT_CAUSAL
full_history_monthly,2026-03,unincorporated_association,expiration,,9,2026-08-31 full snapshot surviving publication history,SURVIVING_PUBLICATION_HISTORY_EXCLUDES_DELETED_99_NOT_CAUSAL
full_history_monthly,2026-03,unincorporated_association,registration,,20,2026-08-31 full snapshot surviving publication history,SURVIVING_PUBLICATION_HISTORY_EXCLUDES_DELETED_99_NOT_CAUSAL
full_history_monthly,2026-04,corporation,cancellation,,750,2026-08-31 full snapshot surviving publication history,SURVIVING_PUBLICATION_HISTORY_EXCLUDES_DELETED_99_NOT_CAUSAL
full_history_monthly,2026-04,corporation,expiration,,4860,2026-08-31 full snapshot surviving publication history,SURVIVING_PUBLICATION_HISTORY_EXCLUDES_DELETED_99_NOT_CAUSAL
full_history_monthly,2026-04,corporation,registration,,9323,2026-08-31 full snapshot surviving publication history,SURVIVING_PUBLICATION_HISTORY_EXCLUDES_DELETED_99_NOT_CAUSAL
full_history_monthly,2026-04,individual,expiration,,4345,2026-08-31 full snapshot surviving publication history,SURVIVING_PUBLICATION_HISTORY_EXCLUDES_DELETED_99_NOT_CAUSAL
full_history_monthly,2026-04,individual,registration,,10265,2026-08-31 full snapshot surviving publication history,SURVIVING_PUBLICATION_HISTORY_EXCLUDES_DELETED_99_NOT_CAUSAL
full_history_monthly,2026-04,unincorporated_association,expiration,,112,2026-08-31 full snapshot surviving publication history,SURVIVING_PUBLICATION_HISTORY_EXCLUDES_DELETED_99_NOT_CAUSAL
full_history_monthly,2026-04,unincorporated_association,registration,,73,2026-08-31 full snapshot surviving publication history,SURVIVING_PUBLICATION_HISTORY_EXCLUDES_DELETED_99_NOT_CAUSAL
full_history_monthly,2026-05,corporation,cancellation,,830,2026-08-31 full snapshot surviving publication history,SURVIVING_PUBLICATION_HISTORY_EXCLUDES_DELETED_99_NOT_CAUSAL
full_history_monthly,2026-05,corporation,expiration,,2525,2026-08-31 full snapshot surviving publication history,SURVIVING_PUBLICATION_HISTORY_EXCLUDES_DELETED_99_NOT_CAUSAL
full_history_monthly,2026-05,corporation,registration,,6780,2026-08-31 full snapshot surviving publication history,SURVIVING_PUBLICATION_HISTORY_EXCLUDES_DELETED_99_NOT_CAUSAL
full_history_monthly,2026-05,individual,cancellation,,78,2026-08-31 full snapshot surviving publication history,SURVIVING_PUBLICATION_HISTORY_EXCLUDES_DELETED_99_NOT_CAUSAL
full_history_monthly,2026-05,individual,expiration,,2314,2026-08-31 full snapshot surviving publication history,SURVIVING_PUBLICATION_HISTORY_EXCLUDES_DELETED_99_NOT_CAUSAL
full_history_monthly,2026-05,individual,registration,,6129,2026-08-31 full snapshot surviving publication history,SURVIVING_PUBLICATION_HISTORY_EXCLUDES_DELETED_99_NOT_CAUSAL
full_history_monthly,2026-05,unincorporated_association,expiration,,7,2026-08-31 full snapshot surviving publication history,SURVIVING_PUBLICATION_HISTORY_EXCLUDES_DELETED_99_NOT_CAUSAL
full_history_monthly,2026-05,unincorporated_association,registration,,18,2026-08-31 full snapshot surviving publication history,SURVIVING_PUBLICATION_HISTORY_EXCLUDES_DELETED_99_NOT_CAUSAL
full_history_monthly,2026-06,corporation,cancellation,,143,2026-08-31 full snapshot surviving publication history,SURVIVING_PUBLICATION_HISTORY_EXCLUDES_DELETED_99_NOT_CAUSAL
full_history_monthly,2026-06,corporation,expiration,,2054,2026-08-31 full snapshot surviving publication history,SURVIVING_PUBLICATION_HISTORY_EXCLUDES_DELETED_99_NOT_CAUSAL
full_history_monthly,2026-06,corporation,registration,,6565,2026-08-31 full snapshot surviving publication history,SURVIVING_PUBLICATION_HISTORY_EXCLUDES_DELETED_99_NOT_CAUSAL
full_history_monthly,2026-06,individual,cancellation,,2,2026-08-31 full snapshot surviving publication history,SURVIVING_PUBLICATION_HISTORY_EXCLUDES_DELETED_99_NOT_CAUSAL
full_history_monthly,2026-06,individual,expiration,,1920,2026-08-31 full snapshot surviving publication history,SURVIVING_PUBLICATION_HISTORY_EXCLUDES_DELETED_99_NOT_CAUSAL
full_history_monthly,2026-06,individual,registration,,6124,2026-08-31 full snapshot surviving publication history,SURVIVING_PUBLICATION_HISTORY_EXCLUDES_DELETED_99_NOT_CAUSAL
full_history_monthly,2026-06,unincorporated_association,expiration,,8,2026-08-31 full snapshot surviving publication history,SURVIVING_PUBLICATION_HISTORY_EXCLUDES_DELETED_99_NOT_CAUSAL
full_history_monthly,2026-06,unincorporated_association,registration,,19,2026-08-31 full snapshot surviving publication history,SURVIVING_PUBLICATION_HISTORY_EXCLUDES_DELETED_99_NOT_CAUSAL
full_history_monthly,2026-07,corporation,cancellation,,15,2026-08-31 full snapshot surviving publication history,SURVIVING_PUBLICATION_HISTORY_EXCLUDES_DELETED_99_NOT_CAUSAL
full_history_monthly,2026-07,corporation,expiration,,1258,2026-08-31 full snapshot surviving publication history,SURVIVING_PUBLICATION_HISTORY_EXCLUDES_DELETED_99_NOT_CAUSAL
full_history_monthly,2026-07,corporation,registration,,5563,2026-08-31 full snapshot surviving publication history,SURVIVING_PUBLICATION_HISTORY_EXCLUDES_DELETED_99_NOT_CAUSAL
full_history_monthly,2026-07,individual,cancellation,,5,2026-08-31 full snapshot surviving publication history,SURVIVING_PUBLICATION_HISTORY_EXCLUDES_DELETED_99_NOT_CAUSAL
full_history_monthly,2026-07,individual,expiration,,1173,2026-08-31 full snapshot surviving publication history,SURVIVING_PUBLICATION_HISTORY_EXCLUDES_DELETED_99_NOT_CAUSAL
full_history_monthly,2026-07,individual,registration,,6099,2026-08-31 full snapshot surviving publication history,SURVIVING_PUBLICATION_HISTORY_EXCLUDES_DELETED_99_NOT_CAUSAL
full_history_monthly,2026-07,unincorporated_association,expiration,,5,2026-08-31 full snapshot surviving publication history,SURVIVING_PUBLICATION_HISTORY_EXCLUDES_DELETED_99_NOT_CAUSAL
full_history_monthly,2026-07,unincorporated_association,registration,,14,2026-08-31 full snapshot surviving publication history,SURVIVING_PUBLICATION_HISTORY_EXCLUDES_DELETED_99_NOT_CAUSAL
full_history_monthly,2026-08,corporation,cancellation,,56,2026-08-31 full snapshot surviving publication history,SURVIVING_PUBLICATION_HISTORY_EXCLUDES_DELETED_99_NOT_CAUSAL
full_history_monthly,2026-08,corporation,expiration,,956,2026-08-31 full snapshot surviving publication history,SURVIVING_PUBLICATION_HISTORY_EXCLUDES_DELETED_99_NOT_CAUSAL
full_history_monthly,2026-08,corporation,registration,,3106,2026-08-31 full snapshot surviving publication history,SURVIVING_PUBLICATION_HISTORY_EXCLUDES_DELETED_99_NOT_CAUSAL
full_history_monthly,2026-08,individual,expiration,,286,2026-08-31 full snapshot surviving publication history,SURVIVING_PUBLICATION_HISTORY_EXCLUDES_DELETED_99_NOT_CAUSAL
full_history_monthly,2026-08,individual,registration,,4309,2026-08-31 full snapshot surviving publication history,SURVIVING_PUBLICATION_HISTORY_EXCLUDES_DELETED_99_NOT_CAUSAL
full_history_monthly,2026-08,unincorporated_association,expiration,,1,2026-08-31 full snapshot surviving publication history,SURVIVING_PUBLICATION_HISTORY_EXCLUDES_DELETED_99_NOT_CAUSAL
full_history_monthly,2026-08,unincorporated_association,registration,,6,2026-08-31 full snapshot surviving publication history,SURVIVING_PUBLICATION_HISTORY_EXCLUDES_DELETED_99_NOT_CAUSAL
full_stock,2026-08-31,corporation,active_as_of_snapshot,1,2479965,2026-08-31 full snapshot latest rows,REGISTRY_STOCK_OR_SCHEDULE_DIAGNOSTIC_NOT_CAUSAL
full_stock,2026-08-31,corporation,future_cancellation_after_snapshot,1,3,2026-08-31 full snapshot latest rows,REGISTRY_STOCK_OR_SCHEDULE_DIAGNOSTIC_NOT_CAUSAL
full_stock,2026-08-31,corporation,future_expiration_after_snapshot,1,5657,2026-08-31 full snapshot latest rows,REGISTRY_STOCK_OR_SCHEDULE_DIAGNOSTIC_NOT_CAUSAL
full_stock,2026-08-31,corporation,future_registration_after_snapshot,1,3330,2026-08-31 full snapshot latest rows,REGISTRY_STOCK_OR_SCHEDULE_DIAGNOSTIC_NOT_CAUSAL
full_stock,2026-08-31,corporation,inactive_as_of_snapshot,1,94005,2026-08-31 full snapshot latest rows,REGISTRY_STOCK_OR_SCHEDULE_DIAGNOSTIC_NOT_CAUSAL
full_stock,2026-08-31,individual,active_as_of_snapshot,1,2295687,2026-08-31 full snapshot latest rows,REGISTRY_STOCK_OR_SCHEDULE_DIAGNOSTIC_NOT_CAUSAL
full_stock,2026-08-31,individual,future_expiration_after_snapshot,1,15105,2026-08-31 full snapshot latest rows,REGISTRY_STOCK_OR_SCHEDULE_DIAGNOSTIC_NOT_CAUSAL
full_stock,2026-08-31,individual,future_registration_after_snapshot,1,6285,2026-08-31 full snapshot latest rows,REGISTRY_STOCK_OR_SCHEDULE_DIAGNOSTIC_NOT_CAUSAL
full_stock,2026-08-31,individual,inactive_as_of_snapshot,1,200208,2026-08-31 full snapshot latest rows,REGISTRY_STOCK_OR_SCHEDULE_DIAGNOSTIC_NOT_CAUSAL
full_stock,2026-08-31,unincorporated_association,active_as_of_snapshot,1,6820,2026-08-31 full snapshot latest rows,REGISTRY_STOCK_OR_SCHEDULE_DIAGNOSTIC_NOT_CAUSAL
full_stock,2026-08-31,unincorporated_association,future_expiration_after_snapshot,1,34,2026-08-31 full snapshot latest rows,REGISTRY_STOCK_OR_SCHEDULE_DIAGNOSTIC_NOT_CAUSAL
full_stock,2026-08-31,unincorporated_association,future_registration_after_snapshot,1,5,2026-08-31 full snapshot latest rows,REGISTRY_STOCK_OR_SCHEDULE_DIAGNOSTIC_NOT_CAUSAL
full_stock,2026-08-31,unincorporated_association,inactive_as_of_snapshot,1,536,2026-08-31 full snapshot latest rows,REGISTRY_STOCK_OR_SCHEDULE_DIAGNOSTIC_NOT_CAUSAL
delta_publication_daily,2026-07-15,corporation_or_unincorporated_association,cancellation_publication,1,3,40-business-day official delta download window,PUBLICATION_CHANGE_FLOW_NOT_EFFECTIVE_EVENT_NOT_CAUSAL
delta_publication_daily,2026-07-15,corporation_or_unincorporated_association,expiration_publication,1,140,40-business-day official delta download window,PUBLICATION_CHANGE_FLOW_NOT_EFFECTIVE_EVENT_NOT_CAUSAL
delta_publication_daily,2026-07-15,corporation_or_unincorporated_association,public_info_change,1,162,40-business-day official delta download window,PUBLICATION_CHANGE_FLOW_NOT_EFFECTIVE_EVENT_NOT_CAUSAL
delta_publication_daily,2026-07-15,corporation_or_unincorporated_association,registration_publication,1,542,40-business-day official delta download window,PUBLICATION_CHANGE_FLOW_NOT_EFFECTIVE_EVENT_NOT_CAUSAL
delta_publication_daily,2026-07-15,individual,deletion,0,4,40-business-day official delta download window,PUBLICATION_CHANGE_FLOW_NOT_EFFECTIVE_EVENT_NOT_CAUSAL
delta_publication_daily,2026-07-15,individual,expiration_publication,1,129,40-business-day official delta download window,PUBLICATION_CHANGE_FLOW_NOT_EFFECTIVE_EVENT_NOT_CAUSAL
delta_publication_daily,2026-07-15,individual,public_info_change,1,8,40-business-day official delta download window,PUBLICATION_CHANGE_FLOW_NOT_EFFECTIVE_EVENT_NOT_CAUSAL
delta_publication_daily,2026-07-15,individual,registration_publication,1,853,40-business-day official delta download window,PUBLICATION_CHANGE_FLOW_NOT_EFFECTIVE_EVENT_NOT_CAUSAL
delta_publication_daily,2026-07-15,unknown,deletion,0,19,40-business-day official delta download window,PUBLICATION_CHANGE_FLOW_NOT_EFFECTIVE_EVENT_NOT_CAUSAL
delta_publication_daily,2026-07-15,unknown,registration_publication,0,11,40-business-day official delta download window,PUBLICATION_CHANGE_FLOW_NOT_EFFECTIVE_EVENT_NOT_CAUSAL
delta_publication_daily,2026-07-16,corporation_or_unincorporated_association,cancellation_publication,1,2,40-business-day official delta download window,PUBLICATION_CHANGE_FLOW_NOT_EFFECTIVE_EVENT_NOT_CAUSAL
delta_publication_daily,2026-07-16,corporation_or_unincorporated_association,expiration_publication,1,96,40-business-day official delta download window,PUBLICATION_CHANGE_FLOW_NOT_EFFECTIVE_EVENT_NOT_CAUSAL
delta_publication_daily,2026-07-16,corporation_or_unincorporated_association,public_info_change,1,55,40-business-day official delta download window,PUBLICATION_CHANGE_FLOW_NOT_EFFECTIVE_EVENT_NOT_CAUSAL
delta_publication_daily,2026-07-16,corporation_or_unincorporated_association,registration_publication,1,283,40-business-day official delta download window,PUBLICATION_CHANGE_FLOW_NOT_EFFECTIVE_EVENT_NOT_CAUSAL
delta_publication_daily,2026-07-16,individual,deletion,0,4,40-business-day official delta download window,PUBLICATION_CHANGE_FLOW_NOT_EFFECTIVE_EVENT_NOT_CAUSAL
delta_publication_daily,2026-07-16,individual,expiration_publication,1,224,40-business-day official delta download window,PUBLICATION_CHANGE_FLOW_NOT_EFFECTIVE_EVENT_NOT_CAUSAL
delta_publication_daily,2026-07-16,individual,public_info_change,1,16,40-business-day official delta download window,PUBLICATION_CHANGE_FLOW_NOT_EFFECTIVE_EVENT_NOT_CAUSAL
delta_publication_daily,2026-07-16,individual,registration_publication,1,579,40-business-day official delta download window,PUBLICATION_CHANGE_FLOW_NOT_EFFECTIVE_EVENT_NOT_CAUSAL
delta_publication_daily,2026-07-16,unknown,deletion,0,33,40-business-day official delta download window,PUBLICATION_CHANGE_FLOW_NOT_EFFECTIVE_EVENT_NOT_CAUSAL
delta_publication_daily,2026-07-16,unknown,expiration_publication,0,1,40-business-day official delta download window,PUBLICATION_CHANGE_FLOW_NOT_EFFECTIVE_EVENT_NOT_CAUSAL
delta_publication_daily,2026-07-16,unknown,registration_publication,0,23,40-business-day official delta download window,PUBLICATION_CHANGE_FLOW_NOT_EFFECTIVE_EVENT_NOT_CAUSAL
delta_publication_daily,2026-07-17,corporation_or_unincorporated_association,expiration_publication,1,83,40-business-day official delta download window,PUBLICATION_CHANGE_FLOW_NOT_EFFECTIVE_EVENT_NOT_CAUSAL
delta_publication_daily,2026-07-17,corporation_or_unincorporated_association,public_info_change,1,612,40-business-day official delta download window,PUBLICATION_CHANGE_FLOW_NOT_EFFECTIVE_EVENT_NOT_CAUSAL
delta_publication_daily,2026-07-17,corporation_or_unincorporated_association,registration_publication,1,407,40-business-day official delta download window,PUBLICATION_CHANGE_FLOW_NOT_EFFECTIVE_EVENT_NOT_CAUSAL
delta_publication_daily,2026-07-17,individual,deletion,0,2,40-business-day official delta download window,PUBLICATION_CHANGE_FLOW_NOT_EFFECTIVE_EVENT_NOT_CAUSAL
delta_publication_daily,2026-07-17,individual,expiration_publication,1,206,40-business-day official delta download window,PUBLICATION_CHANGE_FLOW_NOT_EFFECTIVE_EVENT_NOT_CAUSAL
delta_publication_daily,2026-07-17,individual,public_info_change,1,17,40-business-day official delta download window,PUBLICATION_CHANGE_FLOW_NOT_EFFECTIVE_EVENT_NOT_CAUSAL
delta_publication_daily,2026-07-17,individual,registration_publication,1,676,40-business-day official delta download window,PUBLICATION_CHANGE_FLOW_NOT_EFFECTIVE_EVENT_NOT_CAUSAL
delta_publication_daily,2026-07-17,unknown,deletion,0,9,40-business-day official delta download window,PUBLICATION_CHANGE_FLOW_NOT_EFFECTIVE_EVENT_NOT_CAUSAL
delta_publication_daily,2026-07-17,unknown,expiration_publication,0,1,40-business-day official delta download window,PUBLICATION_CHANGE_FLOW_NOT_EFFECTIVE_EVENT_NOT_CAUSAL
delta_publication_daily,2026-07-17,unknown,registration_publication,0,5,40-business-day official delta download window,PUBLICATION_CHANGE_FLOW_NOT_EFFECTIVE_EVENT_NOT_CAUSAL
delta_publication_daily,2026-07-21,corporation_or_unincorporated_association,deletion,0,2,40-business-day official delta download window,PUBLICATION_CHANGE_FLOW_NOT_EFFECTIVE_EVENT_NOT_CAUSAL
delta_publication_daily,2026-07-21,corporation_or_unincorporated_association,expiration_publication,1,363,40-business-day official delta download window,PUBLICATION_CHANGE_FLOW_NOT_EFFECTIVE_EVENT_NOT_CAUSAL
delta_publication_daily,2026-07-21,corporation_or_unincorporated_association,public_info_change,1,1069,40-business-day official delta download window,PUBLICATION_CHANGE_FLOW_NOT_EFFECTIVE_EVENT_NOT_CAUSAL
delta_publication_daily,2026-07-21,corporation_or_unincorporated_association,registration_publication,1,620,40-business-day official delta download window,PUBLICATION_CHANGE_FLOW_NOT_EFFECTIVE_EVENT_NOT_CAUSAL
delta_publication_daily,2026-07-21,individual,deletion,0,3,40-business-day official delta download window,PUBLICATION_CHANGE_FLOW_NOT_EFFECTIVE_EVENT_NOT_CAUSAL
delta_publication_daily,2026-07-21,individual,expiration_publication,1,208,40-business-day official delta download window,PUBLICATION_CHANGE_FLOW_NOT_EFFECTIVE_EVENT_NOT_CAUSAL
delta_publication_daily,2026-07-21,individual,public_info_change,1,18,40-business-day official delta download window,PUBLICATION_CHANGE_FLOW_NOT_EFFECTIVE_EVENT_NOT_CAUSAL
delta_publication_daily,2026-07-21,individual,registration_publication,1,997,40-business-day official delta download window,PUBLICATION_CHANGE_FLOW_NOT_EFFECTIVE_EVENT_NOT_CAUSAL
delta_publication_daily,2026-07-21,unknown,deletion,0,7,40-business-day official delta download window,PUBLICATION_CHANGE_FLOW_NOT_EFFECTIVE_EVENT_NOT_CAUSAL
delta_publication_daily,2026-07-21,unknown,registration_publication,0,3,40-business-day official delta download window,PUBLICATION_CHANGE_FLOW_NOT_EFFECTIVE_EVENT_NOT_CAUSAL
delta_publication_daily,2026-07-22,corporation_or_unincorporated_association,deletion,0,1,40-business-day official delta download window,PUBLICATION_CHANGE_FLOW_NOT_EFFECTIVE_EVENT_NOT_CAUSAL
delta_publication_daily,2026-07-22,corporation_or_unincorporated_association,expiration_publication,1,113,40-business-day official delta download window,PUBLICATION_CHANGE_FLOW_NOT_EFFECTIVE_EVENT_NOT_CAUSAL
delta_publication_daily,2026-07-22,corporation_or_unincorporated_association,public_info_change,1,114,40-business-day official delta download window,PUBLICATION_CHANGE_FLOW_NOT_EFFECTIVE_EVENT_NOT_CAUSAL
delta_publication_daily,2026-07-22,corporation_or_unincorporated_association,registration_publication,1,285,40-business-day official delta download window,PUBLICATION_CHANGE_FLOW_NOT_EFFECTIVE_EVENT_NOT_CAUSAL
delta_publication_daily,2026-07-22,individual,deletion,0,2,40-business-day official delta download window,PUBLICATION_CHANGE_FLOW_NOT_EFFECTIVE_EVENT_NOT_CAUSAL
delta_publication_daily,2026-07-22,individual,expiration_publication,1,139,40-business-day official delta download window,PUBLICATION_CHANGE_FLOW_NOT_EFFECTIVE_EVENT_NOT_CAUSAL
delta_publication_daily,2026-07-22,individual,public_info_change,1,8,40-business-day official delta download window,PUBLICATION_CHANGE_FLOW_NOT_EFFECTIVE_EVENT_NOT_CAUSAL
delta_publication_daily,2026-07-22,individual,registration_publication,1,331,40-business-day official delta download window,PUBLICATION_CHANGE_FLOW_NOT_EFFECTIVE_EVENT_NOT_CAUSAL
delta_publication_daily,2026-07-22,unknown,deletion,0,17,40-business-day official delta download window,PUBLICATION_CHANGE_FLOW_NOT_EFFECTIVE_EVENT_NOT_CAUSAL
delta_publication_daily,2026-07-22,unknown,registration_publication,0,9,40-business-day official delta download window,PUBLICATION_CHANGE_FLOW_NOT_EFFECTIVE_EVENT_NOT_CAUSAL
delta_publication_daily,2026-07-23,corporation_or_unincorporated_association,deletion,0,1,40-business-day official delta download window,PUBLICATION_CHANGE_FLOW_NOT_EFFECTIVE_EVENT_NOT_CAUSAL
delta_publication_daily,2026-07-23,corporation_or_unincorporated_association,expiration_publication,1,370,40-business-day official delta download window,PUBLICATION_CHANGE_FLOW_NOT_EFFECTIVE_EVENT_NOT_CAUSAL
delta_publication_daily,2026-07-23,corporation_or_unincorporated_association,public_info_change,1,227,40-business-day official delta download window,PUBLICATION_CHANGE_FLOW_NOT_EFFECTIVE_EVENT_NOT_CAUSAL
delta_publication_daily,2026-07-23,corporation_or_unincorporated_association,registration_publication,1,337,40-business-day official delta download window,PUBLICATION_CHANGE_FLOW_NOT_EFFECTIVE_EVENT_NOT_CAUSAL
delta_publication_daily,2026-07-23,individual,deletion,0,6,40-business-day official delta download window,PUBLICATION_CHANGE_FLOW_NOT_EFFECTIVE_EVENT_NOT_CAUSAL
delta_publication_daily,2026-07-23,individual,expiration_publication,1,375,40-business-day official delta download window,PUBLICATION_CHANGE_FLOW_NOT_EFFECTIVE_EVENT_NOT_CAUSAL
delta_publication_daily,2026-07-23,individual,public_info_change,1,13,40-business-day official delta download window,PUBLICATION_CHANGE_FLOW_NOT_EFFECTIVE_EVENT_NOT_CAUSAL
delta_publication_daily,2026-07-23,individual,registration_publication,1,401,40-business-day official delta download window,PUBLICATION_CHANGE_FLOW_NOT_EFFECTIVE_EVENT_NOT_CAUSAL
delta_publication_daily,2026-07-23,unknown,deletion,0,29,40-business-day official delta download window,PUBLICATION_CHANGE_FLOW_NOT_EFFECTIVE_EVENT_NOT_CAUSAL
delta_publication_daily,2026-07-23,unknown,expiration_publication,0,1,40-business-day official delta download window,PUBLICATION_CHANGE_FLOW_NOT_EFFECTIVE_EVENT_NOT_CAUSAL
delta_publication_daily,2026-07-23,unknown,registration_publication,0,16,40-business-day official delta download window,PUBLICATION_CHANGE_FLOW_NOT_EFFECTIVE_EVENT_NOT_CAUSAL
delta_publication_daily,2026-07-24,corporation_or_unincorporated_association,deletion,0,1,40-business-day official delta download window,PUBLICATION_CHANGE_FLOW_NOT_EFFECTIVE_EVENT_NOT_CAUSAL
delta_publication_daily,2026-07-24,corporation_or_unincorporated_association,expiration_publication,1,29,40-business-day official delta download window,PUBLICATION_CHANGE_FLOW_NOT_EFFECTIVE_EVENT_NOT_CAUSAL
delta_publication_daily,2026-07-24,corporation_or_unincorporated_association,public_info_change,0,3,40-business-day official delta download window,PUBLICATION_CHANGE_FLOW_NOT_EFFECTIVE_EVENT_NOT_CAUSAL
delta_publication_daily,2026-07-24,corporation_or_unincorporated_association,public_info_change,1,286,40-business-day official delta download window,PUBLICATION_CHANGE_FLOW_NOT_EFFECTIVE_EVENT_NOT_CAUSAL
delta_publication_daily,2026-07-24,corporation_or_unincorporated_association,registration_publication,1,263,40-business-day official delta download window,PUBLICATION_CHANGE_FLOW_NOT_EFFECTIVE_EVENT_NOT_CAUSAL
delta_publication_daily,2026-07-24,individual,deletion,0,1,40-business-day official delta download window,PUBLICATION_CHANGE_FLOW_NOT_EFFECTIVE_EVENT_NOT_CAUSAL
delta_publication_daily,2026-07-24,individual,expiration_publication,1,56,40-business-day official delta download window,PUBLICATION_CHANGE_FLOW_NOT_EFFECTIVE_EVENT_NOT_CAUSAL
delta_publication_daily,2026-07-24,individual,public_info_change,1,8,40-business-day official delta download window,PUBLICATION_CHANGE_FLOW_NOT_EFFECTIVE_EVENT_NOT_CAUSAL
delta_publication_daily,2026-07-24,individual,registration_publication,1,300,40-business-day official delta download window,PUBLICATION_CHANGE_FLOW_NOT_EFFECTIVE_EVENT_NOT_CAUSAL
delta_publication_daily,2026-07-24,unknown,deletion,0,15,40-business-day official delta download window,PUBLICATION_CHANGE_FLOW_NOT_EFFECTIVE_EVENT_NOT_CAUSAL
delta_publication_daily,2026-07-24,unknown,expiration_publication,0,2,40-business-day official delta download window,PUBLICATION_CHANGE_FLOW_NOT_EFFECTIVE_EVENT_NOT_CAUSAL
delta_publication_daily,2026-07-24,unknown,registration_publication,0,10,40-business-day official delta download window,PUBLICATION_CHANGE_FLOW_NOT_EFFECTIVE_EVENT_NOT_CAUSAL
delta_publication_daily,2026-07-27,corporation_or_unincorporated_association,deletion,0,2,40-business-day official delta download window,PUBLICATION_CHANGE_FLOW_NOT_EFFECTIVE_EVENT_NOT_CAUSAL
delta_publication_daily,2026-07-27,corporation_or_unincorporated_association,expiration_publication,1,40,40-business-day official delta download window,PUBLICATION_CHANGE_FLOW_NOT_EFFECTIVE_EVENT_NOT_CAUSAL
delta_publication_daily,2026-07-27,corporation_or_unincorporated_association,public_info_change,1,593,40-business-day official delta download window,PUBLICATION_CHANGE_FLOW_NOT_EFFECTIVE_EVENT_NOT_CAUSAL
delta_publication_daily,2026-07-27,corporation_or_unincorporated_association,registration_publication,1,228,40-business-day official delta download window,PUBLICATION_CHANGE_FLOW_NOT_EFFECTIVE_EVENT_NOT_CAUSAL
delta_publication_daily,2026-07-27,individual,deletion,0,4,40-business-day official delta download window,PUBLICATION_CHANGE_FLOW_NOT_EFFECTIVE_EVENT_NOT_CAUSAL
delta_publication_daily,2026-07-27,individual,expiration_publication,1,99,40-business-day official delta download window,PUBLICATION_CHANGE_FLOW_NOT_EFFECTIVE_EVENT_NOT_CAUSAL
delta_publication_daily,2026-07-27,individual,public_info_change,1,11,40-business-day official delta download window,PUBLICATION_CHANGE_FLOW_NOT_EFFECTIVE_EVENT_NOT_CAUSAL
delta_publication_daily,2026-07-27,individual,registration_publication,1,597,40-business-day official delta download window,PUBLICATION_CHANGE_FLOW_NOT_EFFECTIVE_EVENT_NOT_CAUSAL
delta_publication_daily,2026-07-27,unknown,deletion,0,13,40-business-day official delta download window,PUBLICATION_CHANGE_FLOW_NOT_EFFECTIVE_EVENT_NOT_CAUSAL
delta_publication_daily,2026-07-27,unknown,registration_publication,0,8,40-business-day official delta download window,PUBLICATION_CHANGE_FLOW_NOT_EFFECTIVE_EVENT_NOT_CAUSAL
delta_publication_daily,2026-07-28,corporation_or_unincorporated_association,expiration_publication,1,154,40-business-day official delta download window,PUBLICATION_CHANGE_FLOW_NOT_EFFECTIVE_EVENT_NOT_CAUSAL
delta_publication_daily,2026-07-28,corporation_or_unincorporated_association,public_info_change,1,508,40-business-day official delta download window,PUBLICATION_CHANGE_FLOW_NOT_EFFECTIVE_EVENT_NOT_CAUSAL
delta_publication_daily,2026-07-28,corporation_or_unincorporated_association,registration_publication,1,455,40-business-day official delta download window,PUBLICATION_CHANGE_FLOW_NOT_EFFECTIVE_EVENT_NOT_CAUSAL
delta_publication_daily,2026-07-28,individual,deletion,0,3,40-business-day official delta download window,PUBLICATION_CHANGE_FLOW_NOT_EFFECTIVE_EVENT_NOT_CAUSAL
delta_publication_daily,2026-07-28,individual,expiration_publication,1,218,40-business-day official delta download window,PUBLICATION_CHANGE_FLOW_NOT_EFFECTIVE_EVENT_NOT_CAUSAL
delta_publication_daily,2026-07-28,individual,public_info_change,1,13,40-business-day official delta download window,PUBLICATION_CHANGE_FLOW_NOT_EFFECTIVE_EVENT_NOT_CAUSAL
delta_publication_daily,2026-07-28,individual,registration_publication,1,591,40-business-day official delta download window,PUBLICATION_CHANGE_FLOW_NOT_EFFECTIVE_EVENT_NOT_CAUSAL
delta_publication_daily,2026-07-28,unknown,deletion,0,15,40-business-day official delta download window,PUBLICATION_CHANGE_FLOW_NOT_EFFECTIVE_EVENT_NOT_CAUSAL
delta_publication_daily,2026-07-28,unknown,expiration_publication,0,2,40-business-day official delta download window,PUBLICATION_CHANGE_FLOW_NOT_EFFECTIVE_EVENT_NOT_CAUSAL
delta_publication_daily,2026-07-28,unknown,registration_publication,0,8,40-business-day official delta download window,PUBLICATION_CHANGE_FLOW_NOT_EFFECTIVE_EVENT_NOT_CAUSAL
delta_publication_daily,2026-07-29,corporation_or_unincorporated_association,deletion,0,1,40-business-day official delta download window,PUBLICATION_CHANGE_FLOW_NOT_EFFECTIVE_EVENT_NOT_CAUSAL
delta_publication_daily,2026-07-29,corporation_or_unincorporated_association,expiration_publication,1,67,40-business-day official delta download window,PUBLICATION_CHANGE_FLOW_NOT_EFFECTIVE_EVENT_NOT_CAUSAL
delta_publication_daily,2026-07-29,corporation_or_unincorporated_association,public_info_change,1,170,40-business-day official delta download window,PUBLICATION_CHANGE_FLOW_NOT_EFFECTIVE_EVENT_NOT_CAUSAL
delta_publication_daily,2026-07-29,corporation_or_unincorporated_association,registration_publication,1,448,40-business-day official delta download window,PUBLICATION_CHANGE_FLOW_NOT_EFFECTIVE_EVENT_NOT_CAUSAL
delta_publication_daily,2026-07-29,individual,deletion,0,2,40-business-day official delta download window,PUBLICATION_CHANGE_FLOW_NOT_EFFECTIVE_EVENT_NOT_CAUSAL
delta_publication_daily,2026-07-29,individual,expiration_publication,1,189,40-business-day official delta download window,PUBLICATION_CHANGE_FLOW_NOT_EFFECTIVE_EVENT_NOT_CAUSAL
delta_publication_daily,2026-07-29,individual,public_info_change,1,5,40-business-day official delta download window,PUBLICATION_CHANGE_FLOW_NOT_EFFECTIVE_EVENT_NOT_CAUSAL
delta_publication_daily,2026-07-29,individual,registration_publication,1,579,40-business-day official delta download window,PUBLICATION_CHANGE_FLOW_NOT_EFFECTIVE_EVENT_NOT_CAUSAL
delta_publication_daily,2026-07-29,unknown,deletion,0,33,40-business-day official delta download window,PUBLICATION_CHANGE_FLOW_NOT_EFFECTIVE_EVENT_NOT_CAUSAL
delta_publication_daily,2026-07-29,unknown,registration_publication,0,27,40-business-day official delta download window,PUBLICATION_CHANGE_FLOW_NOT_EFFECTIVE_EVENT_NOT_CAUSAL
delta_publication_daily,2026-07-30,corporation_or_unincorporated_association,cancellation_publication,1,3,40-business-day official delta download window,PUBLICATION_CHANGE_FLOW_NOT_EFFECTIVE_EVENT_NOT_CAUSAL
delta_publication_daily,2026-07-30,corporation_or_unincorporated_association,deletion,0,4,40-business-day official delta download window,PUBLICATION_CHANGE_FLOW_NOT_EFFECTIVE_EVENT_NOT_CAUSAL
delta_publication_daily,2026-07-30,corporation_or_unincorporated_association,expiration_publication,1,158,40-business-day official delta download window,PUBLICATION_CHANGE_FLOW_NOT_EFFECTIVE_EVENT_NOT_CAUSAL
delta_publication_daily,2026-07-30,corporation_or_unincorporated_association,public_info_change,1,115,40-business-day official delta download window,PUBLICATION_CHANGE_FLOW_NOT_EFFECTIVE_EVENT_NOT_CAUSAL
delta_publication_daily,2026-07-30,corporation_or_unincorporated_association,registration_publication,1,294,40-business-day official delta download window,PUBLICATION_CHANGE_FLOW_NOT_EFFECTIVE_EVENT_NOT_CAUSAL
delta_publication_daily,2026-07-30,individual,deletion,0,17,40-business-day official delta download window,PUBLICATION_CHANGE_FLOW_NOT_EFFECTIVE_EVENT_NOT_CAUSAL
delta_publication_daily,2026-07-30,individual,expiration_publication,1,647,40-business-day official delta download window,PUBLICATION_CHANGE_FLOW_NOT_EFFECTIVE_EVENT_NOT_CAUSAL
delta_publication_daily,2026-07-30,individual,public_info_change,1,6,40-business-day official delta download window,PUBLICATION_CHANGE_FLOW_NOT_EFFECTIVE_EVENT_NOT_CAUSAL
delta_publication_daily,2026-07-30,individual,registration_publication,1,611,40-business-day official delta download window,PUBLICATION_CHANGE_FLOW_NOT_EFFECTIVE_EVENT_NOT_CAUSAL
delta_publication_daily,2026-07-30,unknown,deletion,0,12,40-business-day official delta download window,PUBLICATION_CHANGE_FLOW_NOT_EFFECTIVE_EVENT_NOT_CAUSAL
delta_publication_daily,2026-07-30,unknown,expiration_publication,0,1,40-business-day official delta download window,PUBLICATION_CHANGE_FLOW_NOT_EFFECTIVE_EVENT_NOT_CAUSAL
delta_publication_daily,2026-07-30,unknown,registration_publication,0,7,40-business-day official delta download window,PUBLICATION_CHANGE_FLOW_NOT_EFFECTIVE_EVENT_NOT_CAUSAL
delta_publication_daily,2026-07-31,corporation_or_unincorporated_association,cancellation_publication,1,8,40-business-day official delta download window,PUBLICATION_CHANGE_FLOW_NOT_EFFECTIVE_EVENT_NOT_CAUSAL
delta_publication_daily,2026-07-31,corporation_or_unincorporated_association,expiration_publication,1,117,40-business-day official delta download window,PUBLICATION_CHANGE_FLOW_NOT_EFFECTIVE_EVENT_NOT_CAUSAL
delta_publication_daily,2026-07-31,corporation_or_unincorporated_association,public_info_change,1,259,40-business-day official delta download window,PUBLICATION_CHANGE_FLOW_NOT_EFFECTIVE_EVENT_NOT_CAUSAL
delta_publication_daily,2026-07-31,corporation_or_unincorporated_association,registration_publication,1,433,40-business-day official delta download window,PUBLICATION_CHANGE_FLOW_NOT_EFFECTIVE_EVENT_NOT_CAUSAL
delta_publication_daily,2026-07-31,individual,deletion,0,2,40-business-day official delta download window,PUBLICATION_CHANGE_FLOW_NOT_EFFECTIVE_EVENT_NOT_CAUSAL
delta_publication_daily,2026-07-31,individual,expiration_publication,1,141,40-business-day official delta download window,PUBLICATION_CHANGE_FLOW_NOT_EFFECTIVE_EVENT_NOT_CAUSAL
delta_publication_daily,2026-07-31,individual,public_info_change,1,11,40-business-day official delta download window,PUBLICATION_CHANGE_FLOW_NOT_EFFECTIVE_EVENT_NOT_CAUSAL
delta_publication_daily,2026-07-31,individual,registration_publication,1,441,40-business-day official delta download window,PUBLICATION_CHANGE_FLOW_NOT_EFFECTIVE_EVENT_NOT_CAUSAL
delta_publication_daily,2026-07-31,unknown,deletion,0,25,40-business-day official delta download window,PUBLICATION_CHANGE_FLOW_NOT_EFFECTIVE_EVENT_NOT_CAUSAL
delta_publication_daily,2026-07-31,unknown,expiration_publication,0,1,40-business-day official delta download window,PUBLICATION_CHANGE_FLOW_NOT_EFFECTIVE_EVENT_NOT_CAUSAL
delta_publication_daily,2026-07-31,unknown,registration_publication,0,11,40-business-day official delta download window,PUBLICATION_CHANGE_FLOW_NOT_EFFECTIVE_EVENT_NOT_CAUSAL
delta_publication_daily,2026-08-03,corporation_or_unincorporated_association,cancellation_publication,1,16,40-business-day official delta download window,PUBLICATION_CHANGE_FLOW_NOT_EFFECTIVE_EVENT_NOT_CAUSAL
delta_publication_daily,2026-08-03,corporation_or_unincorporated_association,expiration_publication,1,282,40-business-day official delta download window,PUBLICATION_CHANGE_FLOW_NOT_EFFECTIVE_EVENT_NOT_CAUSAL
delta_publication_daily,2026-08-03,corporation_or_unincorporated_association,public_info_change,1,406,40-business-day official delta download window,PUBLICATION_CHANGE_FLOW_NOT_EFFECTIVE_EVENT_NOT_CAUSAL
delta_publication_daily,2026-08-03,corporation_or_unincorporated_association,registration_publication,1,164,40-business-day official delta download window,PUBLICATION_CHANGE_FLOW_NOT_EFFECTIVE_EVENT_NOT_CAUSAL
delta_publication_daily,2026-08-03,individual,deletion,0,3,40-business-day official delta download window,PUBLICATION_CHANGE_FLOW_NOT_EFFECTIVE_EVENT_NOT_CAUSAL
delta_publication_daily,2026-08-03,individual,expiration_publication,1,274,40-business-day official delta download window,PUBLICATION_CHANGE_FLOW_NOT_EFFECTIVE_EVENT_NOT_CAUSAL
delta_publication_daily,2026-08-03,individual,public_info_change,1,9,40-business-day official delta download window,PUBLICATION_CHANGE_FLOW_NOT_EFFECTIVE_EVENT_NOT_CAUSAL
delta_publication_daily,2026-08-03,individual,registration_publication,1,537,40-business-day official delta download window,PUBLICATION_CHANGE_FLOW_NOT_EFFECTIVE_EVENT_NOT_CAUSAL
delta_publication_daily,2026-08-03,unknown,deletion,0,22,40-business-day official delta download window,PUBLICATION_CHANGE_FLOW_NOT_EFFECTIVE_EVENT_NOT_CAUSAL
delta_publication_daily,2026-08-03,unknown,expiration_publication,0,1,40-business-day official delta download window,PUBLICATION_CHANGE_FLOW_NOT_EFFECTIVE_EVENT_NOT_CAUSAL
delta_publication_daily,2026-08-03,unknown,registration_publication,0,13,40-business-day official delta download window,PUBLICATION_CHANGE_FLOW_NOT_EFFECTIVE_EVENT_NOT_CAUSAL
delta_publication_daily,2026-08-04,corporation_or_unincorporated_association,cancellation_publication,1,19,40-business-day official delta download window,PUBLICATION_CHANGE_FLOW_NOT_EFFECTIVE_EVENT_NOT_CAUSAL
delta_publication_daily,2026-08-04,corporation_or_unincorporated_association,deletion,0,1,40-business-day official delta download window,PUBLICATION_CHANGE_FLOW_NOT_EFFECTIVE_EVENT_NOT_CAUSAL
delta_publication_daily,2026-08-04,corporation_or_unincorporated_association,expiration_publication,1,1087,40-business-day official delta download window,PUBLICATION_CHANGE_FLOW_NOT_EFFECTIVE_EVENT_NOT_CAUSAL
delta_publication_daily,2026-08-04,corporation_or_unincorporated_association,public_info_change,1,460,40-business-day official delta download window,PUBLICATION_CHANGE_FLOW_NOT_EFFECTIVE_EVENT_NOT_CAUSAL
delta_publication_daily,2026-08-04,corporation_or_unincorporated_association,registration_publication,1,653,40-business-day official delta download window,PUBLICATION_CHANGE_FLOW_NOT_EFFECTIVE_EVENT_NOT_CAUSAL
delta_publication_daily,2026-08-04,individual,deletion,0,12,40-business-day official delta download window,PUBLICATION_CHANGE_FLOW_NOT_EFFECTIVE_EVENT_NOT_CAUSAL
delta_publication_daily,2026-08-04,individual,expiration_publication,1,257,40-business-day official delta download window,PUBLICATION_CHANGE_FLOW_NOT_EFFECTIVE_EVENT_NOT_CAUSAL
delta_publication_daily,2026-08-04,individual,public_info_change,1,36,40-business-day official delta download window,PUBLICATION_CHANGE_FLOW_NOT_EFFECTIVE_EVENT_NOT_CAUSAL
delta_publication_daily,2026-08-04,individual,registration_publication,1,708,40-business-day official delta download window,PUBLICATION_CHANGE_FLOW_NOT_EFFECTIVE_EVENT_NOT_CAUSAL
delta_publication_daily,2026-08-04,unknown,deletion,0,19,40-business-day official delta download window,PUBLICATION_CHANGE_FLOW_NOT_EFFECTIVE_EVENT_NOT_CAUSAL
delta_publication_daily,2026-08-04,unknown,expiration_publication,0,2,40-business-day official delta download window,PUBLICATION_CHANGE_FLOW_NOT_EFFECTIVE_EVENT_NOT_CAUSAL
delta_publication_daily,2026-08-04,unknown,registration_publication,0,9,40-business-day official delta download window,PUBLICATION_CHANGE_FLOW_NOT_EFFECTIVE_EVENT_NOT_CAUSAL
delta_publication_daily,2026-08-05,corporation_or_unincorporated_association,expiration_publication,1,55,40-business-day official delta download window,PUBLICATION_CHANGE_FLOW_NOT_EFFECTIVE_EVENT_NOT_CAUSAL
delta_publication_daily,2026-08-05,corporation_or_unincorporated_association,public_info_change,1,52,40-business-day official delta download window,PUBLICATION_CHANGE_FLOW_NOT_EFFECTIVE_EVENT_NOT_CAUSAL
delta_publication_daily,2026-08-05,corporation_or_unincorporated_association,registration_publication,1,309,40-business-day official delta download window,PUBLICATION_CHANGE_FLOW_NOT_EFFECTIVE_EVENT_NOT_CAUSAL
delta_publication_daily,2026-08-05,individual,deletion,0,6,40-business-day official delta download window,PUBLICATION_CHANGE_FLOW_NOT_EFFECTIVE_EVENT_NOT_CAUSAL
delta_publication_daily,2026-08-05,individual,expiration_publication,1,1009,40-business-day official delta download window,PUBLICATION_CHANGE_FLOW_NOT_EFFECTIVE_EVENT_NOT_CAUSAL
delta_publication_daily,2026-08-05,individual,public_info_change,1,5,40-business-day official delta download window,PUBLICATION_CHANGE_FLOW_NOT_EFFECTIVE_EVENT_NOT_CAUSAL
delta_publication_daily,2026-08-05,individual,registration_publication,1,415,40-business-day official delta download window,PUBLICATION_CHANGE_FLOW_NOT_EFFECTIVE_EVENT_NOT_CAUSAL
delta_publication_daily,2026-08-05,unknown,deletion,0,22,40-business-day official delta download window,PUBLICATION_CHANGE_FLOW_NOT_EFFECTIVE_EVENT_NOT_CAUSAL
delta_publication_daily,2026-08-05,unknown,registration_publication,0,4,40-business-day official delta download window,PUBLICATION_CHANGE_FLOW_NOT_EFFECTIVE_EVENT_NOT_CAUSAL
delta_publication_daily,2026-08-06,corporation_or_unincorporated_association,cancellation_publication,1,66,40-business-day official delta download window,PUBLICATION_CHANGE_FLOW_NOT_EFFECTIVE_EVENT_NOT_CAUSAL
delta_publication_daily,2026-08-06,corporation_or_unincorporated_association,deletion,0,2,40-business-day official delta download window,PUBLICATION_CHANGE_FLOW_NOT_EFFECTIVE_EVENT_NOT_CAUSAL
delta_publication_daily,2026-08-06,corporation_or_unincorporated_association,expiration_publication,1,84,40-business-day official delta download window,PUBLICATION_CHANGE_FLOW_NOT_EFFECTIVE_EVENT_NOT_CAUSAL
delta_publication_daily,2026-08-06,corporation_or_unincorporated_association,public_info_change,1,177,40-business-day official delta download window,PUBLICATION_CHANGE_FLOW_NOT_EFFECTIVE_EVENT_NOT_CAUSAL
delta_publication_daily,2026-08-06,corporation_or_unincorporated_association,registration_publication,1,501,40-business-day official delta download window,PUBLICATION_CHANGE_FLOW_NOT_EFFECTIVE_EVENT_NOT_CAUSAL
delta_publication_daily,2026-08-06,individual,deletion,0,5,40-business-day official delta download window,PUBLICATION_CHANGE_FLOW_NOT_EFFECTIVE_EVENT_NOT_CAUSAL
delta_publication_daily,2026-08-06,individual,expiration_publication,1,428,40-business-day official delta download window,PUBLICATION_CHANGE_FLOW_NOT_EFFECTIVE_EVENT_NOT_CAUSAL
delta_publication_daily,2026-08-06,individual,public_info_change,1,6,40-business-day official delta download window,PUBLICATION_CHANGE_FLOW_NOT_EFFECTIVE_EVENT_NOT_CAUSAL
delta_publication_daily,2026-08-06,individual,registration_publication,1,433,40-business-day official delta download window,PUBLICATION_CHANGE_FLOW_NOT_EFFECTIVE_EVENT_NOT_CAUSAL
delta_publication_daily,2026-08-06,unknown,deletion,0,10,40-business-day official delta download window,PUBLICATION_CHANGE_FLOW_NOT_EFFECTIVE_EVENT_NOT_CAUSAL
delta_publication_daily,2026-08-06,unknown,expiration_publication,0,1,40-business-day official delta download window,PUBLICATION_CHANGE_FLOW_NOT_EFFECTIVE_EVENT_NOT_CAUSAL
delta_publication_daily,2026-08-06,unknown,registration_publication,0,5,40-business-day official delta download window,PUBLICATION_CHANGE_FLOW_NOT_EFFECTIVE_EVENT_NOT_CAUSAL
delta_publication_daily,2026-08-07,corporation_or_unincorporated_association,cancellation_publication,1,3,40-business-day official delta download window,PUBLICATION_CHANGE_FLOW_NOT_EFFECTIVE_EVENT_NOT_CAUSAL
delta_publication_daily,2026-08-07,corporation_or_unincorporated_association,deletion,0,1,40-business-day official delta download window,PUBLICATION_CHANGE_FLOW_NOT_EFFECTIVE_EVENT_NOT_CAUSAL
delta_publication_daily,2026-08-07,corporation_or_unincorporated_association,expiration_publication,1,83,40-business-day official delta download window,PUBLICATION_CHANGE_FLOW_NOT_EFFECTIVE_EVENT_NOT_CAUSAL
delta_publication_daily,2026-08-07,corporation_or_unincorporated_association,public_info_change,1,967,40-business-day official delta download window,PUBLICATION_CHANGE_FLOW_NOT_EFFECTIVE_EVENT_NOT_CAUSAL
delta_publication_daily,2026-08-07,corporation_or_unincorporated_association,registration_publication,1,520,40-business-day official delta download window,PUBLICATION_CHANGE_FLOW_NOT_EFFECTIVE_EVENT_NOT_CAUSAL
delta_publication_daily,2026-08-07,individual,deletion,0,4,40-business-day official delta download window,PUBLICATION_CHANGE_FLOW_NOT_EFFECTIVE_EVENT_NOT_CAUSAL
delta_publication_daily,2026-08-07,individual,expiration_publication,1,623,40-business-day official delta download window,PUBLICATION_CHANGE_FLOW_NOT_EFFECTIVE_EVENT_NOT_CAUSAL
delta_publication_daily,2026-08-07,individual,public_info_change,1,24,40-business-day official delta download window,PUBLICATION_CHANGE_FLOW_NOT_EFFECTIVE_EVENT_NOT_CAUSAL
delta_publication_daily,2026-08-07,individual,registration_publication,1,461,40-business-day official delta download window,PUBLICATION_CHANGE_FLOW_NOT_EFFECTIVE_EVENT_NOT_CAUSAL
delta_publication_daily,2026-08-07,unknown,deletion,0,21,40-business-day official delta download window,PUBLICATION_CHANGE_FLOW_NOT_EFFECTIVE_EVENT_NOT_CAUSAL
delta_publication_daily,2026-08-07,unknown,registration_publication,0,8,40-business-day official delta download window,PUBLICATION_CHANGE_FLOW_NOT_EFFECTIVE_EVENT_NOT_CAUSAL
delta_publication_daily,2026-08-10,corporation_or_unincorporated_association,cancellation_publication,1,20,40-business-day official delta download window,PUBLICATION_CHANGE_FLOW_NOT_EFFECTIVE_EVENT_NOT_CAUSAL
delta_publication_daily,2026-08-10,corporation_or_unincorporated_association,deletion,0,1,40-business-day official delta download window,PUBLICATION_CHANGE_FLOW_NOT_EFFECTIVE_EVENT_NOT_CAUSAL
delta_publication_daily,2026-08-10,corporation_or_unincorporated_association,expiration_publication,1,110,40-business-day official delta download window,PUBLICATION_CHANGE_FLOW_NOT_EFFECTIVE_EVENT_NOT_CAUSAL
delta_publication_daily,2026-08-10,corporation_or_unincorporated_association,public_info_change,1,419,40-business-day official delta download window,PUBLICATION_CHANGE_FLOW_NOT_EFFECTIVE_EVENT_NOT_CAUSAL
delta_publication_daily,2026-08-10,corporation_or_unincorporated_association,registration_publication,1,179,40-business-day official delta download window,PUBLICATION_CHANGE_FLOW_NOT_EFFECTIVE_EVENT_NOT_CAUSAL
delta_publication_daily,2026-08-10,individual,deletion,0,5,40-business-day official delta download window,PUBLICATION_CHANGE_FLOW_NOT_EFFECTIVE_EVENT_NOT_CAUSAL
delta_publication_daily,2026-08-10,individual,expiration_publication,1,174,40-business-day official delta download window,PUBLICATION_CHANGE_FLOW_NOT_EFFECTIVE_EVENT_NOT_CAUSAL
delta_publication_daily,2026-08-10,individual,public_info_change,1,1,40-business-day official delta download window,PUBLICATION_CHANGE_FLOW_NOT_EFFECTIVE_EVENT_NOT_CAUSAL
delta_publication_daily,2026-08-10,individual,registration_publication,1,334,40-business-day official delta download window,PUBLICATION_CHANGE_FLOW_NOT_EFFECTIVE_EVENT_NOT_CAUSAL
delta_publication_daily,2026-08-10,unknown,deletion,0,8,40-business-day official delta download window,PUBLICATION_CHANGE_FLOW_NOT_EFFECTIVE_EVENT_NOT_CAUSAL
delta_publication_daily,2026-08-10,unknown,expiration_publication,0,1,40-business-day official delta download window,PUBLICATION_CHANGE_FLOW_NOT_EFFECTIVE_EVENT_NOT_CAUSAL
delta_publication_daily,2026-08-10,unknown,registration_publication,0,3,40-business-day official delta download window,PUBLICATION_CHANGE_FLOW_NOT_EFFECTIVE_EVENT_NOT_CAUSAL
delta_publication_daily,2026-08-12,corporation_or_unincorporated_association,expiration_publication,1,17,40-business-day official delta download window,PUBLICATION_CHANGE_FLOW_NOT_EFFECTIVE_EVENT_NOT_CAUSAL
delta_publication_daily,2026-08-12,corporation_or_unincorporated_association,public_info_change,1,16,40-business-day official delta download window,PUBLICATION_CHANGE_FLOW_NOT_EFFECTIVE_EVENT_NOT_CAUSAL
delta_publication_daily,2026-08-12,corporation_or_unincorporated_association,registration_publication,1,145,40-business-day official delta download window,PUBLICATION_CHANGE_FLOW_NOT_EFFECTIVE_EVENT_NOT_CAUSAL
delta_publication_daily,2026-08-12,individual,expiration_publication,1,58,40-business-day official delta download window,PUBLICATION_CHANGE_FLOW_NOT_EFFECTIVE_EVENT_NOT_CAUSAL
delta_publication_daily,2026-08-12,individual,public_info_change,1,4,40-business-day official delta download window,PUBLICATION_CHANGE_FLOW_NOT_EFFECTIVE_EVENT_NOT_CAUSAL
delta_publication_daily,2026-08-12,individual,registration_publication,1,287,40-business-day official delta download window,PUBLICATION_CHANGE_FLOW_NOT_EFFECTIVE_EVENT_NOT_CAUSAL
delta_publication_daily,2026-08-12,unknown,deletion,0,10,40-business-day official delta download window,PUBLICATION_CHANGE_FLOW_NOT_EFFECTIVE_EVENT_NOT_CAUSAL
delta_publication_daily,2026-08-12,unknown,registration_publication,0,3,40-business-day official delta download window,PUBLICATION_CHANGE_FLOW_NOT_EFFECTIVE_EVENT_NOT_CAUSAL
delta_publication_daily,2026-08-13,corporation_or_unincorporated_association,cancellation_publication,1,20,40-business-day official delta download window,PUBLICATION_CHANGE_FLOW_NOT_EFFECTIVE_EVENT_NOT_CAUSAL
delta_publication_daily,2026-08-13,corporation_or_unincorporated_association,expiration_publication,1,54,40-business-day official delta download window,PUBLICATION_CHANGE_FLOW_NOT_EFFECTIVE_EVENT_NOT_CAUSAL
delta_publication_daily,2026-08-13,corporation_or_unincorporated_association,public_info_change,1,3,40-business-day official delta download window,PUBLICATION_CHANGE_FLOW_NOT_EFFECTIVE_EVENT_NOT_CAUSAL
delta_publication_daily,2026-08-13,corporation_or_unincorporated_association,registration_publication,1,93,40-business-day official delta download window,PUBLICATION_CHANGE_FLOW_NOT_EFFECTIVE_EVENT_NOT_CAUSAL
delta_publication_daily,2026-08-13,individual,deletion,0,2,40-business-day official delta download window,PUBLICATION_CHANGE_FLOW_NOT_EFFECTIVE_EVENT_NOT_CAUSAL
delta_publication_daily,2026-08-13,individual,expiration_publication,1,72,40-business-day official delta download window,PUBLICATION_CHANGE_FLOW_NOT_EFFECTIVE_EVENT_NOT_CAUSAL
delta_publication_daily,2026-08-13,individual,public_info_change,1,4,40-business-day official delta download window,PUBLICATION_CHANGE_FLOW_NOT_EFFECTIVE_EVENT_NOT_CAUSAL
delta_publication_daily,2026-08-13,individual,registration_publication,1,205,40-business-day official delta download window,PUBLICATION_CHANGE_FLOW_NOT_EFFECTIVE_EVENT_NOT_CAUSAL
delta_publication_daily,2026-08-13,unknown,deletion,0,5,40-business-day official delta download window,PUBLICATION_CHANGE_FLOW_NOT_EFFECTIVE_EVENT_NOT_CAUSAL
delta_publication_daily,2026-08-13,unknown,registration_publication,0,1,40-business-day official delta download window,PUBLICATION_CHANGE_FLOW_NOT_EFFECTIVE_EVENT_NOT_CAUSAL
delta_publication_daily,2026-08-14,corporation_or_unincorporated_association,cancellation_publication,1,5,40-business-day official delta download window,PUBLICATION_CHANGE_FLOW_NOT_EFFECTIVE_EVENT_NOT_CAUSAL
delta_publication_daily,2026-08-14,corporation_or_unincorporated_association,deletion,0,2,40-business-day official delta download window,PUBLICATION_CHANGE_FLOW_NOT_EFFECTIVE_EVENT_NOT_CAUSAL
delta_publication_daily,2026-08-14,corporation_or_unincorporated_association,expiration_publication,1,289,40-business-day official delta download window,PUBLICATION_CHANGE_FLOW_NOT_EFFECTIVE_EVENT_NOT_CAUSAL
delta_publication_daily,2026-08-14,corporation_or_unincorporated_association,public_info_change,1,404,40-business-day official delta download window,PUBLICATION_CHANGE_FLOW_NOT_EFFECTIVE_EVENT_NOT_CAUSAL
delta_publication_daily,2026-08-14,corporation_or_unincorporated_association,registration_publication,1,57,40-business-day official delta download window,PUBLICATION_CHANGE_FLOW_NOT_EFFECTIVE_EVENT_NOT_CAUSAL
delta_publication_daily,2026-08-14,individual,expiration_publication,1,3,40-business-day official delta download window,PUBLICATION_CHANGE_FLOW_NOT_EFFECTIVE_EVENT_NOT_CAUSAL
delta_publication_daily,2026-08-14,individual,public_info_change,1,15,40-business-day official delta download window,PUBLICATION_CHANGE_FLOW_NOT_EFFECTIVE_EVENT_NOT_CAUSAL
delta_publication_daily,2026-08-14,individual,registration_publication,1,172,40-business-day official delta download window,PUBLICATION_CHANGE_FLOW_NOT_EFFECTIVE_EVENT_NOT_CAUSAL
delta_publication_daily,2026-08-14,unknown,deletion,0,6,40-business-day official delta download window,PUBLICATION_CHANGE_FLOW_NOT_EFFECTIVE_EVENT_NOT_CAUSAL
delta_publication_daily,2026-08-14,unknown,registration_publication,0,4,40-business-day official delta download window,PUBLICATION_CHANGE_FLOW_NOT_EFFECTIVE_EVENT_NOT_CAUSAL
delta_publication_daily,2026-08-17,corporation_or_unincorporated_association,cancellation_publication,1,14,40-business-day official delta download window,PUBLICATION_CHANGE_FLOW_NOT_EFFECTIVE_EVENT_NOT_CAUSAL
delta_publication_daily,2026-08-17,corporation_or_unincorporated_association,deletion,0,1,40-business-day official delta download window,PUBLICATION_CHANGE_FLOW_NOT_EFFECTIVE_EVENT_NOT_CAUSAL
delta_publication_daily,2026-08-17,corporation_or_unincorporated_association,expiration_publication,1,39,40-business-day official delta download window,PUBLICATION_CHANGE_FLOW_NOT_EFFECTIVE_EVENT_NOT_CAUSAL
delta_publication_daily,2026-08-17,corporation_or_unincorporated_association,public_info_change,1,29,40-business-day official delta download window,PUBLICATION_CHANGE_FLOW_NOT_EFFECTIVE_EVENT_NOT_CAUSAL
delta_publication_daily,2026-08-17,corporation_or_unincorporated_association,registration_publication,1,372,40-business-day official delta download window,PUBLICATION_CHANGE_FLOW_NOT_EFFECTIVE_EVENT_NOT_CAUSAL
delta_publication_daily,2026-08-17,individual,deletion,0,3,40-business-day official delta download window,PUBLICATION_CHANGE_FLOW_NOT_EFFECTIVE_EVENT_NOT_CAUSAL
delta_publication_daily,2026-08-17,individual,expiration_publication,1,88,40-business-day official delta download window,PUBLICATION_CHANGE_FLOW_NOT_EFFECTIVE_EVENT_NOT_CAUSAL
delta_publication_daily,2026-08-17,individual,public_info_change,1,5,40-business-day official delta download window,PUBLICATION_CHANGE_FLOW_NOT_EFFECTIVE_EVENT_NOT_CAUSAL
delta_publication_daily,2026-08-17,individual,registration_publication,1,686,40-business-day official delta download window,PUBLICATION_CHANGE_FLOW_NOT_EFFECTIVE_EVENT_NOT_CAUSAL
delta_publication_daily,2026-08-17,unknown,deletion,0,12,40-business-day official delta download window,PUBLICATION_CHANGE_FLOW_NOT_EFFECTIVE_EVENT_NOT_CAUSAL
delta_publication_daily,2026-08-17,unknown,registration_publication,0,3,40-business-day official delta download window,PUBLICATION_CHANGE_FLOW_NOT_EFFECTIVE_EVENT_NOT_CAUSAL
delta_publication_daily,2026-08-18,corporation_or_unincorporated_association,deletion,0,1,40-business-day official delta download window,PUBLICATION_CHANGE_FLOW_NOT_EFFECTIVE_EVENT_NOT_CAUSAL
delta_publication_daily,2026-08-18,corporation_or_unincorporated_association,expiration_publication,1,31,40-business-day official delta download window,PUBLICATION_CHANGE_FLOW_NOT_EFFECTIVE_EVENT_NOT_CAUSAL
delta_publication_daily,2026-08-18,corporation_or_unincorporated_association,public_info_change,1,463,40-business-day official delta download window,PUBLICATION_CHANGE_FLOW_NOT_EFFECTIVE_EVENT_NOT_CAUSAL
delta_publication_daily,2026-08-18,corporation_or_unincorporated_association,registration_publication,1,627,40-business-day official delta download window,PUBLICATION_CHANGE_FLOW_NOT_EFFECTIVE_EVENT_NOT_CAUSAL
delta_publication_daily,2026-08-18,individual,deletion,0,8,40-business-day official delta download window,PUBLICATION_CHANGE_FLOW_NOT_EFFECTIVE_EVENT_NOT_CAUSAL
delta_publication_daily,2026-08-18,individual,expiration_publication,1,458,40-business-day official delta download window,PUBLICATION_CHANGE_FLOW_NOT_EFFECTIVE_EVENT_NOT_CAUSAL
delta_publication_daily,2026-08-18,individual,public_info_change,1,19,40-business-day official delta download window,PUBLICATION_CHANGE_FLOW_NOT_EFFECTIVE_EVENT_NOT_CAUSAL
delta_publication_daily,2026-08-18,individual,registration_publication,1,506,40-business-day official delta download window,PUBLICATION_CHANGE_FLOW_NOT_EFFECTIVE_EVENT_NOT_CAUSAL
delta_publication_daily,2026-08-18,unknown,deletion,0,24,40-business-day official delta download window,PUBLICATION_CHANGE_FLOW_NOT_EFFECTIVE_EVENT_NOT_CAUSAL
delta_publication_daily,2026-08-18,unknown,registration_publication,0,7,40-business-day official delta download window,PUBLICATION_CHANGE_FLOW_NOT_EFFECTIVE_EVENT_NOT_CAUSAL
delta_publication_daily,2026-08-19,corporation_or_unincorporated_association,cancellation_publication,1,2,40-business-day official delta download window,PUBLICATION_CHANGE_FLOW_NOT_EFFECTIVE_EVENT_NOT_CAUSAL
delta_publication_daily,2026-08-19,corporation_or_unincorporated_association,expiration_publication,1,449,40-business-day official delta download window,PUBLICATION_CHANGE_FLOW_NOT_EFFECTIVE_EVENT_NOT_CAUSAL
delta_publication_daily,2026-08-19,corporation_or_unincorporated_association,public_info_change,1,552,40-business-day official delta download window,PUBLICATION_CHANGE_FLOW_NOT_EFFECTIVE_EVENT_NOT_CAUSAL
delta_publication_daily,2026-08-19,corporation_or_unincorporated_association,registration_publication,1,243,40-business-day official delta download window,PUBLICATION_CHANGE_FLOW_NOT_EFFECTIVE_EVENT_NOT_CAUSAL
delta_publication_daily,2026-08-19,individual,deletion,0,4,40-business-day official delta download window,PUBLICATION_CHANGE_FLOW_NOT_EFFECTIVE_EVENT_NOT_CAUSAL
delta_publication_daily,2026-08-19,individual,expiration_publication,1,331,40-business-day official delta download window,PUBLICATION_CHANGE_FLOW_NOT_EFFECTIVE_EVENT_NOT_CAUSAL
delta_publication_daily,2026-08-19,individual,public_info_change,1,8,40-business-day official delta download window,PUBLICATION_CHANGE_FLOW_NOT_EFFECTIVE_EVENT_NOT_CAUSAL
delta_publication_daily,2026-08-19,individual,registration_publication,1,729,40-business-day official delta download window,PUBLICATION_CHANGE_FLOW_NOT_EFFECTIVE_EVENT_NOT_CAUSAL
delta_publication_daily,2026-08-19,unknown,deletion,0,12,40-business-day official delta download window,PUBLICATION_CHANGE_FLOW_NOT_EFFECTIVE_EVENT_NOT_CAUSAL
delta_publication_daily,2026-08-19,unknown,registration_publication,0,3,40-business-day official delta download window,PUBLICATION_CHANGE_FLOW_NOT_EFFECTIVE_EVENT_NOT_CAUSAL
delta_publication_daily,2026-08-20,corporation_or_unincorporated_association,deletion,0,1,40-business-day official delta download window,PUBLICATION_CHANGE_FLOW_NOT_EFFECTIVE_EVENT_NOT_CAUSAL
delta_publication_daily,2026-08-20,corporation_or_unincorporated_association,expiration_publication,1,158,40-business-day official delta download window,PUBLICATION_CHANGE_FLOW_NOT_EFFECTIVE_EVENT_NOT_CAUSAL
delta_publication_daily,2026-08-20,corporation_or_unincorporated_association,public_info_change,0,1,40-business-day official delta download window,PUBLICATION_CHANGE_FLOW_NOT_EFFECTIVE_EVENT_NOT_CAUSAL
delta_publication_daily,2026-08-20,corporation_or_unincorporated_association,public_info_change,1,134,40-business-day official delta download window,PUBLICATION_CHANGE_FLOW_NOT_EFFECTIVE_EVENT_NOT_CAUSAL
delta_publication_daily,2026-08-20,corporation_or_unincorporated_association,registration_publication,1,417,40-business-day official delta download window,PUBLICATION_CHANGE_FLOW_NOT_EFFECTIVE_EVENT_NOT_CAUSAL
delta_publication_daily,2026-08-20,individual,deletion,0,1,40-business-day official delta download window,PUBLICATION_CHANGE_FLOW_NOT_EFFECTIVE_EVENT_NOT_CAUSAL
delta_publication_daily,2026-08-20,individual,expiration_publication,1,230,40-business-day official delta download window,PUBLICATION_CHANGE_FLOW_NOT_EFFECTIVE_EVENT_NOT_CAUSAL
delta_publication_daily,2026-08-20,individual,public_info_change,1,13,40-business-day official delta download window,PUBLICATION_CHANGE_FLOW_NOT_EFFECTIVE_EVENT_NOT_CAUSAL
delta_publication_daily,2026-08-20,individual,registration_publication,1,584,40-business-day official delta download window,PUBLICATION_CHANGE_FLOW_NOT_EFFECTIVE_EVENT_NOT_CAUSAL
delta_publication_daily,2026-08-20,unknown,deletion,0,13,40-business-day official delta download window,PUBLICATION_CHANGE_FLOW_NOT_EFFECTIVE_EVENT_NOT_CAUSAL
delta_publication_daily,2026-08-20,unknown,expiration_publication,0,1,40-business-day official delta download window,PUBLICATION_CHANGE_FLOW_NOT_EFFECTIVE_EVENT_NOT_CAUSAL
delta_publication_daily,2026-08-20,unknown,registration_publication,0,4,40-business-day official delta download window,PUBLICATION_CHANGE_FLOW_NOT_EFFECTIVE_EVENT_NOT_CAUSAL
delta_publication_daily,2026-08-21,corporation_or_unincorporated_association,cancellation_publication,1,1,40-business-day official delta download window,PUBLICATION_CHANGE_FLOW_NOT_EFFECTIVE_EVENT_NOT_CAUSAL
delta_publication_daily,2026-08-21,corporation_or_unincorporated_association,expiration_publication,1,33,40-business-day official delta download window,PUBLICATION_CHANGE_FLOW_NOT_EFFECTIVE_EVENT_NOT_CAUSAL
delta_publication_daily,2026-08-21,corporation_or_unincorporated_association,public_info_change,1,112,40-business-day official delta download window,PUBLICATION_CHANGE_FLOW_NOT_EFFECTIVE_EVENT_NOT_CAUSAL
delta_publication_daily,2026-08-21,corporation_or_unincorporated_association,registration_publication,1,456,40-business-day official delta download window,PUBLICATION_CHANGE_FLOW_NOT_EFFECTIVE_EVENT_NOT_CAUSAL
delta_publication_daily,2026-08-21,individual,expiration_publication,1,159,40-business-day official delta download window,PUBLICATION_CHANGE_FLOW_NOT_EFFECTIVE_EVENT_NOT_CAUSAL
delta_publication_daily,2026-08-21,individual,public_info_change,1,10,40-business-day official delta download window,PUBLICATION_CHANGE_FLOW_NOT_EFFECTIVE_EVENT_NOT_CAUSAL
delta_publication_daily,2026-08-21,individual,registration_publication,1,351,40-business-day official delta download window,PUBLICATION_CHANGE_FLOW_NOT_EFFECTIVE_EVENT_NOT_CAUSAL
delta_publication_daily,2026-08-21,unknown,deletion,0,25,40-business-day official delta download window,PUBLICATION_CHANGE_FLOW_NOT_EFFECTIVE_EVENT_NOT_CAUSAL
delta_publication_daily,2026-08-21,unknown,registration_publication,0,20,40-business-day official delta download window,PUBLICATION_CHANGE_FLOW_NOT_EFFECTIVE_EVENT_NOT_CAUSAL
delta_publication_daily,2026-08-24,corporation_or_unincorporated_association,cancellation_publication,1,7,40-business-day official delta download window,PUBLICATION_CHANGE_FLOW_NOT_EFFECTIVE_EVENT_NOT_CAUSAL
delta_publication_daily,2026-08-24,corporation_or_unincorporated_association,deletion,0,1,40-business-day official delta download window,PUBLICATION_CHANGE_FLOW_NOT_EFFECTIVE_EVENT_NOT_CAUSAL
delta_publication_daily,2026-08-24,corporation_or_unincorporated_association,expiration_publication,1,145,40-business-day official delta download window,PUBLICATION_CHANGE_FLOW_NOT_EFFECTIVE_EVENT_NOT_CAUSAL
delta_publication_daily,2026-08-24,corporation_or_unincorporated_association,public_info_change,1,122,40-business-day official delta download window,PUBLICATION_CHANGE_FLOW_NOT_EFFECTIVE_EVENT_NOT_CAUSAL
delta_publication_daily,2026-08-24,corporation_or_unincorporated_association,registration_publication,1,396,40-business-day official delta download window,PUBLICATION_CHANGE_FLOW_NOT_EFFECTIVE_EVENT_NOT_CAUSAL
delta_publication_daily,2026-08-24,individual,deletion,0,3,40-business-day official delta download window,PUBLICATION_CHANGE_FLOW_NOT_EFFECTIVE_EVENT_NOT_CAUSAL
delta_publication_daily,2026-08-24,individual,expiration_publication,1,442,40-business-day official delta download window,PUBLICATION_CHANGE_FLOW_NOT_EFFECTIVE_EVENT_NOT_CAUSAL
delta_publication_daily,2026-08-24,individual,public_info_change,1,36,40-business-day official delta download window,PUBLICATION_CHANGE_FLOW_NOT_EFFECTIVE_EVENT_NOT_CAUSAL
delta_publication_daily,2026-08-24,individual,registration_publication,1,778,40-business-day official delta download window,PUBLICATION_CHANGE_FLOW_NOT_EFFECTIVE_EVENT_NOT_CAUSAL
delta_publication_daily,2026-08-24,unknown,deletion,0,16,40-business-day official delta download window,PUBLICATION_CHANGE_FLOW_NOT_EFFECTIVE_EVENT_NOT_CAUSAL
delta_publication_daily,2026-08-24,unknown,registration_publication,0,6,40-business-day official delta download window,PUBLICATION_CHANGE_FLOW_NOT_EFFECTIVE_EVENT_NOT_CAUSAL
delta_publication_daily,2026-08-25,corporation_or_unincorporated_association,deletion,0,1,40-business-day official delta download window,PUBLICATION_CHANGE_FLOW_NOT_EFFECTIVE_EVENT_NOT_CAUSAL
delta_publication_daily,2026-08-25,corporation_or_unincorporated_association,expiration_publication,1,133,40-business-day official delta download window,PUBLICATION_CHANGE_FLOW_NOT_EFFECTIVE_EVENT_NOT_CAUSAL
delta_publication_daily,2026-08-25,corporation_or_unincorporated_association,public_info_change,1,334,40-business-day official delta download window,PUBLICATION_CHANGE_FLOW_NOT_EFFECTIVE_EVENT_NOT_CAUSAL
delta_publication_daily,2026-08-25,corporation_or_unincorporated_association,registration_publication,1,471,40-business-day official delta download window,PUBLICATION_CHANGE_FLOW_NOT_EFFECTIVE_EVENT_NOT_CAUSAL
delta_publication_daily,2026-08-25,individual,deletion,0,9,40-business-day official delta download window,PUBLICATION_CHANGE_FLOW_NOT_EFFECTIVE_EVENT_NOT_CAUSAL
delta_publication_daily,2026-08-25,individual,expiration_publication,1,241,40-business-day official delta download window,PUBLICATION_CHANGE_FLOW_NOT_EFFECTIVE_EVENT_NOT_CAUSAL
delta_publication_daily,2026-08-25,individual,public_info_change,1,8,40-business-day official delta download window,PUBLICATION_CHANGE_FLOW_NOT_EFFECTIVE_EVENT_NOT_CAUSAL
delta_publication_daily,2026-08-25,individual,registration_publication,1,886,40-business-day official delta download window,PUBLICATION_CHANGE_FLOW_NOT_EFFECTIVE_EVENT_NOT_CAUSAL
delta_publication_daily,2026-08-25,unknown,deletion,0,21,40-business-day official delta download window,PUBLICATION_CHANGE_FLOW_NOT_EFFECTIVE_EVENT_NOT_CAUSAL
delta_publication_daily,2026-08-25,unknown,registration_publication,0,15,40-business-day official delta download window,PUBLICATION_CHANGE_FLOW_NOT_EFFECTIVE_EVENT_NOT_CAUSAL
delta_publication_daily,2026-08-26,corporation_or_unincorporated_association,cancellation_publication,1,10,40-business-day official delta download window,PUBLICATION_CHANGE_FLOW_NOT_EFFECTIVE_EVENT_NOT_CAUSAL
delta_publication_daily,2026-08-26,corporation_or_unincorporated_association,expiration_publication,1,120,40-business-day official delta download window,PUBLICATION_CHANGE_FLOW_NOT_EFFECTIVE_EVENT_NOT_CAUSAL
delta_publication_daily,2026-08-26,corporation_or_unincorporated_association,public_info_change,1,273,40-business-day official delta download window,PUBLICATION_CHANGE_FLOW_NOT_EFFECTIVE_EVENT_NOT_CAUSAL
delta_publication_daily,2026-08-26,corporation_or_unincorporated_association,registration_publication,1,542,40-business-day official delta download window,PUBLICATION_CHANGE_FLOW_NOT_EFFECTIVE_EVENT_NOT_CAUSAL
delta_publication_daily,2026-08-26,individual,deletion,0,5,40-business-day official delta download window,PUBLICATION_CHANGE_FLOW_NOT_EFFECTIVE_EVENT_NOT_CAUSAL
delta_publication_daily,2026-08-26,individual,expiration_publication,1,211,40-business-day official delta download window,PUBLICATION_CHANGE_FLOW_NOT_EFFECTIVE_EVENT_NOT_CAUSAL
delta_publication_daily,2026-08-26,individual,public_info_change,1,6,40-business-day official delta download window,PUBLICATION_CHANGE_FLOW_NOT_EFFECTIVE_EVENT_NOT_CAUSAL
delta_publication_daily,2026-08-26,individual,registration_publication,1,475,40-business-day official delta download window,PUBLICATION_CHANGE_FLOW_NOT_EFFECTIVE_EVENT_NOT_CAUSAL
delta_publication_daily,2026-08-26,unknown,deletion,0,12,40-business-day official delta download window,PUBLICATION_CHANGE_FLOW_NOT_EFFECTIVE_EVENT_NOT_CAUSAL
delta_publication_daily,2026-08-26,unknown,registration_publication,0,5,40-business-day official delta download window,PUBLICATION_CHANGE_FLOW_NOT_EFFECTIVE_EVENT_NOT_CAUSAL
delta_publication_daily,2026-08-27,corporation_or_unincorporated_association,cancellation_publication,1,1,40-business-day official delta download window,PUBLICATION_CHANGE_FLOW_NOT_EFFECTIVE_EVENT_NOT_CAUSAL
delta_publication_daily,2026-08-27,corporation_or_unincorporated_association,deletion,0,2,40-business-day official delta download window,PUBLICATION_CHANGE_FLOW_NOT_EFFECTIVE_EVENT_NOT_CAUSAL
delta_publication_daily,2026-08-27,corporation_or_unincorporated_association,expiration_publication,1,147,40-business-day official delta download window,PUBLICATION_CHANGE_FLOW_NOT_EFFECTIVE_EVENT_NOT_CAUSAL
delta_publication_daily,2026-08-27,corporation_or_unincorporated_association,public_info_change,1,1632,40-business-day official delta download window,PUBLICATION_CHANGE_FLOW_NOT_EFFECTIVE_EVENT_NOT_CAUSAL
delta_publication_daily,2026-08-27,corporation_or_unincorporated_association,registration_publication,1,302,40-business-day official delta download window,PUBLICATION_CHANGE_FLOW_NOT_EFFECTIVE_EVENT_NOT_CAUSAL
delta_publication_daily,2026-08-27,individual,deletion,0,2,40-business-day official delta download window,PUBLICATION_CHANGE_FLOW_NOT_EFFECTIVE_EVENT_NOT_CAUSAL
delta_publication_daily,2026-08-27,individual,expiration_publication,1,128,40-business-day official delta download window,PUBLICATION_CHANGE_FLOW_NOT_EFFECTIVE_EVENT_NOT_CAUSAL
delta_publication_daily,2026-08-27,individual,public_info_change,1,25,40-business-day official delta download window,PUBLICATION_CHANGE_FLOW_NOT_EFFECTIVE_EVENT_NOT_CAUSAL
delta_publication_daily,2026-08-27,individual,registration_publication,1,606,40-business-day official delta download window,PUBLICATION_CHANGE_FLOW_NOT_EFFECTIVE_EVENT_NOT_CAUSAL
delta_publication_daily,2026-08-27,unknown,deletion,0,14,40-business-day official delta download window,PUBLICATION_CHANGE_FLOW_NOT_EFFECTIVE_EVENT_NOT_CAUSAL
delta_publication_daily,2026-08-27,unknown,registration_publication,0,3,40-business-day official delta download window,PUBLICATION_CHANGE_FLOW_NOT_EFFECTIVE_EVENT_NOT_CAUSAL
delta_publication_daily,2026-08-28,corporation_or_unincorporated_association,cancellation_publication,1,1,40-business-day official delta download window,PUBLICATION_CHANGE_FLOW_NOT_EFFECTIVE_EVENT_NOT_CAUSAL
delta_publication_daily,2026-08-28,corporation_or_unincorporated_association,deletion,0,2,40-business-day official delta download window,PUBLICATION_CHANGE_FLOW_NOT_EFFECTIVE_EVENT_NOT_CAUSAL
delta_publication_daily,2026-08-28,corporation_or_unincorporated_association,expiration_publication,1,220,40-business-day official delta download window,PUBLICATION_CHANGE_FLOW_NOT_EFFECTIVE_EVENT_NOT_CAUSAL
delta_publication_daily,2026-08-28,corporation_or_unincorporated_association,public_info_change,1,222,40-business-day official delta download window,PUBLICATION_CHANGE_FLOW_NOT_EFFECTIVE_EVENT_NOT_CAUSAL
delta_publication_daily,2026-08-28,corporation_or_unincorporated_association,registration_publication,1,317,40-business-day official delta download window,PUBLICATION_CHANGE_FLOW_NOT_EFFECTIVE_EVENT_NOT_CAUSAL
delta_publication_daily,2026-08-28,individual,deletion,0,3,40-business-day official delta download window,PUBLICATION_CHANGE_FLOW_NOT_EFFECTIVE_EVENT_NOT_CAUSAL
delta_publication_daily,2026-08-28,individual,expiration_publication,1,712,40-business-day official delta download window,PUBLICATION_CHANGE_FLOW_NOT_EFFECTIVE_EVENT_NOT_CAUSAL
delta_publication_daily,2026-08-28,individual,public_info_change,1,8,40-business-day official delta download window,PUBLICATION_CHANGE_FLOW_NOT_EFFECTIVE_EVENT_NOT_CAUSAL
delta_publication_daily,2026-08-28,individual,registration_publication,1,598,40-business-day official delta download window,PUBLICATION_CHANGE_FLOW_NOT_EFFECTIVE_EVENT_NOT_CAUSAL
delta_publication_daily,2026-08-28,unknown,deletion,0,12,40-business-day official delta download window,PUBLICATION_CHANGE_FLOW_NOT_EFFECTIVE_EVENT_NOT_CAUSAL
delta_publication_daily,2026-08-28,unknown,registration_publication,0,6,40-business-day official delta download window,PUBLICATION_CHANGE_FLOW_NOT_EFFECTIVE_EVENT_NOT_CAUSAL
delta_publication_daily,2026-08-31,corporation_or_unincorporated_association,deletion,0,1,40-business-day official delta download window,PUBLICATION_CHANGE_FLOW_NOT_EFFECTIVE_EVENT_NOT_CAUSAL
delta_publication_daily,2026-08-31,corporation_or_unincorporated_association,expiration_publication,1,80,40-business-day official delta download window,PUBLICATION_CHANGE_FLOW_NOT_EFFECTIVE_EVENT_NOT_CAUSAL
delta_publication_daily,2026-08-31,corporation_or_unincorporated_association,public_info_change,1,537,40-business-day official delta download window,PUBLICATION_CHANGE_FLOW_NOT_EFFECTIVE_EVENT_NOT_CAUSAL
delta_publication_daily,2026-08-31,corporation_or_unincorporated_association,registration_publication,1,624,40-business-day official delta download window,PUBLICATION_CHANGE_FLOW_NOT_EFFECTIVE_EVENT_NOT_CAUSAL
delta_publication_daily,2026-08-31,individual,deletion,0,1,40-business-day official delta download window,PUBLICATION_CHANGE_FLOW_NOT_EFFECTIVE_EVENT_NOT_CAUSAL
delta_publication_daily,2026-08-31,individual,expiration_publication,1,303,40-business-day official delta download window,PUBLICATION_CHANGE_FLOW_NOT_EFFECTIVE_EVENT_NOT_CAUSAL
delta_publication_daily,2026-08-31,individual,public_info_change,1,19,40-business-day official delta download window,PUBLICATION_CHANGE_FLOW_NOT_EFFECTIVE_EVENT_NOT_CAUSAL
delta_publication_daily,2026-08-31,individual,registration_publication,1,802,40-business-day official delta download window,PUBLICATION_CHANGE_FLOW_NOT_EFFECTIVE_EVENT_NOT_CAUSAL
delta_publication_daily,2026-08-31,unknown,deletion,0,47,40-business-day official delta download window,PUBLICATION_CHANGE_FLOW_NOT_EFFECTIVE_EVENT_NOT_CAUSAL
delta_publication_daily,2026-08-31,unknown,registration_publication,0,8,40-business-day official delta download window,PUBLICATION_CHANGE_FLOW_NOT_EFFECTIVE_EVENT_NOT_CAUSAL
delta_publication_daily,2026-09-01,corporation_or_unincorporated_association,deletion,0,1,40-business-day official delta download window,PUBLICATION_CHANGE_FLOW_NOT_EFFECTIVE_EVENT_NOT_CAUSAL
delta_publication_daily,2026-09-01,corporation_or_unincorporated_association,expiration_publication,1,205,40-business-day official delta download window,PUBLICATION_CHANGE_FLOW_NOT_EFFECTIVE_EVENT_NOT_CAUSAL
delta_publication_daily,2026-09-01,corporation_or_unincorporated_association,public_info_change,1,670,40-business-day official delta download window,PUBLICATION_CHANGE_FLOW_NOT_EFFECTIVE_EVENT_NOT_CAUSAL
delta_publication_daily,2026-09-01,corporation_or_unincorporated_association,registration_publication,1,494,40-business-day official delta download window,PUBLICATION_CHANGE_FLOW_NOT_EFFECTIVE_EVENT_NOT_CAUSAL
delta_publication_daily,2026-09-01,individual,deletion,0,7,40-business-day official delta download window,PUBLICATION_CHANGE_FLOW_NOT_EFFECTIVE_EVENT_NOT_CAUSAL
delta_publication_daily,2026-09-01,individual,expiration_publication,1,272,40-business-day official delta download window,PUBLICATION_CHANGE_FLOW_NOT_EFFECTIVE_EVENT_NOT_CAUSAL
delta_publication_daily,2026-09-01,individual,public_info_change,1,18,40-business-day official delta download window,PUBLICATION_CHANGE_FLOW_NOT_EFFECTIVE_EVENT_NOT_CAUSAL
delta_publication_daily,2026-09-01,individual,registration_publication,1,973,40-business-day official delta download window,PUBLICATION_CHANGE_FLOW_NOT_EFFECTIVE_EVENT_NOT_CAUSAL
delta_publication_daily,2026-09-01,unknown,deletion,0,16,40-business-day official delta download window,PUBLICATION_CHANGE_FLOW_NOT_EFFECTIVE_EVENT_NOT_CAUSAL
delta_publication_daily,2026-09-01,unknown,registration_publication,0,9,40-business-day official delta download window,PUBLICATION_CHANGE_FLOW_NOT_EFFECTIVE_EVENT_NOT_CAUSAL
delta_publication_daily,2026-09-02,corporation_or_unincorporated_association,cancellation_publication,1,11,40-business-day official delta download window,PUBLICATION_CHANGE_FLOW_NOT_EFFECTIVE_EVENT_NOT_CAUSAL
delta_publication_daily,2026-09-02,corporation_or_unincorporated_association,expiration_publication,1,1069,40-business-day official delta download window,PUBLICATION_CHANGE_FLOW_NOT_EFFECTIVE_EVENT_NOT_CAUSAL
delta_publication_daily,2026-09-02,corporation_or_unincorporated_association,public_info_change,1,275,40-business-day official delta download window,PUBLICATION_CHANGE_FLOW_NOT_EFFECTIVE_EVENT_NOT_CAUSAL
delta_publication_daily,2026-09-02,corporation_or_unincorporated_association,registration_publication,1,521,40-business-day official delta download window,PUBLICATION_CHANGE_FLOW_NOT_EFFECTIVE_EVENT_NOT_CAUSAL
delta_publication_daily,2026-09-02,individual,deletion,0,3,40-business-day official delta download window,PUBLICATION_CHANGE_FLOW_NOT_EFFECTIVE_EVENT_NOT_CAUSAL
delta_publication_daily,2026-09-02,individual,expiration_publication,1,67,40-business-day official delta download window,PUBLICATION_CHANGE_FLOW_NOT_EFFECTIVE_EVENT_NOT_CAUSAL
delta_publication_daily,2026-09-02,individual,public_info_change,1,12,40-business-day official delta download window,PUBLICATION_CHANGE_FLOW_NOT_EFFECTIVE_EVENT_NOT_CAUSAL
delta_publication_daily,2026-09-02,individual,registration_publication,1,649,40-business-day official delta download window,PUBLICATION_CHANGE_FLOW_NOT_EFFECTIVE_EVENT_NOT_CAUSAL
delta_publication_daily,2026-09-02,unknown,deletion,0,11,40-business-day official delta download window,PUBLICATION_CHANGE_FLOW_NOT_EFFECTIVE_EVENT_NOT_CAUSAL
delta_publication_daily,2026-09-02,unknown,registration_publication,0,3,40-business-day official delta download window,PUBLICATION_CHANGE_FLOW_NOT_EFFECTIVE_EVENT_NOT_CAUSAL
delta_publication_daily,2026-09-03,corporation_or_unincorporated_association,cancellation_publication,1,32,40-business-day official delta download window,PUBLICATION_CHANGE_FLOW_NOT_EFFECTIVE_EVENT_NOT_CAUSAL
delta_publication_daily,2026-09-03,corporation_or_unincorporated_association,deletion,0,7,40-business-day official delta download window,PUBLICATION_CHANGE_FLOW_NOT_EFFECTIVE_EVENT_NOT_CAUSAL
delta_publication_daily,2026-09-03,corporation_or_unincorporated_association,expiration_publication,1,431,40-business-day official delta download window,PUBLICATION_CHANGE_FLOW_NOT_EFFECTIVE_EVENT_NOT_CAUSAL
delta_publication_daily,2026-09-03,corporation_or_unincorporated_association,public_info_change,1,461,40-business-day official delta download window,PUBLICATION_CHANGE_FLOW_NOT_EFFECTIVE_EVENT_NOT_CAUSAL
delta_publication_daily,2026-09-03,corporation_or_unincorporated_association,registration_publication,1,680,40-business-day official delta download window,PUBLICATION_CHANGE_FLOW_NOT_EFFECTIVE_EVENT_NOT_CAUSAL
delta_publication_daily,2026-09-03,individual,deletion,0,9,40-business-day official delta download window,PUBLICATION_CHANGE_FLOW_NOT_EFFECTIVE_EVENT_NOT_CAUSAL
delta_publication_daily,2026-09-03,individual,expiration_publication,1,153,40-business-day official delta download window,PUBLICATION_CHANGE_FLOW_NOT_EFFECTIVE_EVENT_NOT_CAUSAL
delta_publication_daily,2026-09-03,individual,public_info_change,1,32,40-business-day official delta download window,PUBLICATION_CHANGE_FLOW_NOT_EFFECTIVE_EVENT_NOT_CAUSAL
delta_publication_daily,2026-09-03,individual,registration_publication,1,851,40-business-day official delta download window,PUBLICATION_CHANGE_FLOW_NOT_EFFECTIVE_EVENT_NOT_CAUSAL
delta_publication_daily,2026-09-03,unknown,deletion,0,19,40-business-day official delta download window,PUBLICATION_CHANGE_FLOW_NOT_EFFECTIVE_EVENT_NOT_CAUSAL
delta_publication_daily,2026-09-03,unknown,registration_publication,0,9,40-business-day official delta download window,PUBLICATION_CHANGE_FLOW_NOT_EFFECTIVE_EVENT_NOT_CAUSAL
delta_publication_daily,2026-09-04,corporation_or_unincorporated_association,cancellation_publication,1,17,40-business-day official delta download window,PUBLICATION_CHANGE_FLOW_NOT_EFFECTIVE_EVENT_NOT_CAUSAL
delta_publication_daily,2026-09-04,corporation_or_unincorporated_association,expiration_publication,1,595,40-business-day official delta download window,PUBLICATION_CHANGE_FLOW_NOT_EFFECTIVE_EVENT_NOT_CAUSAL
delta_publication_daily,2026-09-04,corporation_or_unincorporated_association,public_info_change,1,517,40-business-day official delta download window,PUBLICATION_CHANGE_FLOW_NOT_EFFECTIVE_EVENT_NOT_CAUSAL
delta_publication_daily,2026-09-04,corporation_or_unincorporated_association,registration_publication,1,433,40-business-day official delta download window,PUBLICATION_CHANGE_FLOW_NOT_EFFECTIVE_EVENT_NOT_CAUSAL
delta_publication_daily,2026-09-04,individual,deletion,0,8,40-business-day official delta download window,PUBLICATION_CHANGE_FLOW_NOT_EFFECTIVE_EVENT_NOT_CAUSAL
delta_publication_daily,2026-09-04,individual,expiration_publication,1,695,40-business-day official delta download window,PUBLICATION_CHANGE_FLOW_NOT_EFFECTIVE_EVENT_NOT_CAUSAL
delta_publication_daily,2026-09-04,individual,public_info_change,1,31,40-business-day official delta download window,PUBLICATION_CHANGE_FLOW_NOT_EFFECTIVE_EVENT_NOT_CAUSAL
delta_publication_daily,2026-09-04,individual,registration_publication,1,659,40-business-day official delta download window,PUBLICATION_CHANGE_FLOW_NOT_EFFECTIVE_EVENT_NOT_CAUSAL
delta_publication_daily,2026-09-04,unknown,deletion,0,20,40-business-day official delta download window,PUBLICATION_CHANGE_FLOW_NOT_EFFECTIVE_EVENT_NOT_CAUSAL
delta_publication_daily,2026-09-04,unknown,registration_publication,0,12,40-business-day official delta download window,PUBLICATION_CHANGE_FLOW_NOT_EFFECTIVE_EVENT_NOT_CAUSAL
delta_publication_daily,2026-09-07,corporation_or_unincorporated_association,cancellation_publication,1,3,40-business-day official delta download window,PUBLICATION_CHANGE_FLOW_NOT_EFFECTIVE_EVENT_NOT_CAUSAL
delta_publication_daily,2026-09-07,corporation_or_unincorporated_association,expiration_publication,1,46,40-business-day official delta download window,PUBLICATION_CHANGE_FLOW_NOT_EFFECTIVE_EVENT_NOT_CAUSAL
delta_publication_daily,2026-09-07,corporation_or_unincorporated_association,public_info_change,1,826,40-business-day official delta download window,PUBLICATION_CHANGE_FLOW_NOT_EFFECTIVE_EVENT_NOT_CAUSAL
delta_publication_daily,2026-09-07,corporation_or_unincorporated_association,registration_publication,1,394,40-business-day official delta download window,PUBLICATION_CHANGE_FLOW_NOT_EFFECTIVE_EVENT_NOT_CAUSAL
delta_publication_daily,2026-09-07,individual,deletion,0,3,40-business-day official delta download window,PUBLICATION_CHANGE_FLOW_NOT_EFFECTIVE_EVENT_NOT_CAUSAL
delta_publication_daily,2026-09-07,individual,expiration_publication,1,408,40-business-day official delta download window,PUBLICATION_CHANGE_FLOW_NOT_EFFECTIVE_EVENT_NOT_CAUSAL
delta_publication_daily,2026-09-07,individual,public_info_change,1,5,40-business-day official delta download window,PUBLICATION_CHANGE_FLOW_NOT_EFFECTIVE_EVENT_NOT_CAUSAL
delta_publication_daily,2026-09-07,individual,registration_publication,1,989,40-business-day official delta download window,PUBLICATION_CHANGE_FLOW_NOT_EFFECTIVE_EVENT_NOT_CAUSAL
delta_publication_daily,2026-09-07,unknown,deletion,0,8,40-business-day official delta download window,PUBLICATION_CHANGE_FLOW_NOT_EFFECTIVE_EVENT_NOT_CAUSAL
delta_publication_daily,2026-09-08,corporation_or_unincorporated_association,cancellation_publication,1,5,40-business-day official delta download window,PUBLICATION_CHANGE_FLOW_NOT_EFFECTIVE_EVENT_NOT_CAUSAL
delta_publication_daily,2026-09-08,corporation_or_unincorporated_association,deletion,0,5,40-business-day official delta download window,PUBLICATION_CHANGE_FLOW_NOT_EFFECTIVE_EVENT_NOT_CAUSAL
delta_publication_daily,2026-09-08,corporation_or_unincorporated_association,expiration_publication,1,281,40-business-day official delta download window,PUBLICATION_CHANGE_FLOW_NOT_EFFECTIVE_EVENT_NOT_CAUSAL
delta_publication_daily,2026-09-08,corporation_or_unincorporated_association,public_info_change,1,745,40-business-day official delta download window,PUBLICATION_CHANGE_FLOW_NOT_EFFECTIVE_EVENT_NOT_CAUSAL
delta_publication_daily,2026-09-08,corporation_or_unincorporated_association,registration_publication,1,456,40-business-day official delta download window,PUBLICATION_CHANGE_FLOW_NOT_EFFECTIVE_EVENT_NOT_CAUSAL
delta_publication_daily,2026-09-08,individual,deletion,0,7,40-business-day official delta download window,PUBLICATION_CHANGE_FLOW_NOT_EFFECTIVE_EVENT_NOT_CAUSAL
delta_publication_daily,2026-09-08,individual,expiration_publication,1,559,40-business-day official delta download window,PUBLICATION_CHANGE_FLOW_NOT_EFFECTIVE_EVENT_NOT_CAUSAL
delta_publication_daily,2026-09-08,individual,public_info_change,1,13,40-business-day official delta download window,PUBLICATION_CHANGE_FLOW_NOT_EFFECTIVE_EVENT_NOT_CAUSAL
delta_publication_daily,2026-09-08,individual,registration_publication,1,673,40-business-day official delta download window,PUBLICATION_CHANGE_FLOW_NOT_EFFECTIVE_EVENT_NOT_CAUSAL
delta_publication_daily,2026-09-08,unknown,deletion,0,26,40-business-day official delta download window,PUBLICATION_CHANGE_FLOW_NOT_EFFECTIVE_EVENT_NOT_CAUSAL
delta_publication_daily,2026-09-08,unknown,registration_publication,0,9,40-business-day official delta download window,PUBLICATION_CHANGE_FLOW_NOT_EFFECTIVE_EVENT_NOT_CAUSAL
delta_publication_daily,2026-09-09,corporation_or_unincorporated_association,cancellation_publication,1,22,40-business-day official delta download window,PUBLICATION_CHANGE_FLOW_NOT_EFFECTIVE_EVENT_NOT_CAUSAL
delta_publication_daily,2026-09-09,corporation_or_unincorporated_association,expiration_publication,1,84,40-business-day official delta download window,PUBLICATION_CHANGE_FLOW_NOT_EFFECTIVE_EVENT_NOT_CAUSAL
delta_publication_daily,2026-09-09,corporation_or_unincorporated_association,public_info_change,1,85,40-business-day official delta download window,PUBLICATION_CHANGE_FLOW_NOT_EFFECTIVE_EVENT_NOT_CAUSAL
delta_publication_daily,2026-09-09,corporation_or_unincorporated_association,registration_publication,1,583,40-business-day official delta download window,PUBLICATION_CHANGE_FLOW_NOT_EFFECTIVE_EVENT_NOT_CAUSAL
delta_publication_daily,2026-09-09,individual,deletion,0,3,40-business-day official delta download window,PUBLICATION_CHANGE_FLOW_NOT_EFFECTIVE_EVENT_NOT_CAUSAL
delta_publication_daily,2026-09-09,individual,expiration_publication,1,158,40-business-day official delta download window,PUBLICATION_CHANGE_FLOW_NOT_EFFECTIVE_EVENT_NOT_CAUSAL
delta_publication_daily,2026-09-09,individual,public_info_change,1,28,40-business-day official delta download window,PUBLICATION_CHANGE_FLOW_NOT_EFFECTIVE_EVENT_NOT_CAUSAL
delta_publication_daily,2026-09-09,individual,registration_publication,1,1317,40-business-day official delta download window,PUBLICATION_CHANGE_FLOW_NOT_EFFECTIVE_EVENT_NOT_CAUSAL
delta_publication_daily,2026-09-09,unknown,deletion,0,20,40-business-day official delta download window,PUBLICATION_CHANGE_FLOW_NOT_EFFECTIVE_EVENT_NOT_CAUSAL
delta_publication_daily,2026-09-09,unknown,registration_publication,0,9,40-business-day official delta download window,PUBLICATION_CHANGE_FLOW_NOT_EFFECTIVE_EVENT_NOT_CAUSAL
delta_publication_daily,2026-09-10,corporation_or_unincorporated_association,cancellation_publication,1,28,40-business-day official delta download window,PUBLICATION_CHANGE_FLOW_NOT_EFFECTIVE_EVENT_NOT_CAUSAL
delta_publication_daily,2026-09-10,corporation_or_unincorporated_association,deletion,0,1,40-business-day official delta download window,PUBLICATION_CHANGE_FLOW_NOT_EFFECTIVE_EVENT_NOT_CAUSAL
delta_publication_daily,2026-09-10,corporation_or_unincorporated_association,expiration_publication,1,211,40-business-day official delta download window,PUBLICATION_CHANGE_FLOW_NOT_EFFECTIVE_EVENT_NOT_CAUSAL
delta_publication_daily,2026-09-10,corporation_or_unincorporated_association,public_info_change,1,138,40-business-day official delta download window,PUBLICATION_CHANGE_FLOW_NOT_EFFECTIVE_EVENT_NOT_CAUSAL
delta_publication_daily,2026-09-10,corporation_or_unincorporated_association,registration_publication,1,642,40-business-day official delta download window,PUBLICATION_CHANGE_FLOW_NOT_EFFECTIVE_EVENT_NOT_CAUSAL
delta_publication_daily,2026-09-10,individual,cancellation_publication,1,1,40-business-day official delta download window,PUBLICATION_CHANGE_FLOW_NOT_EFFECTIVE_EVENT_NOT_CAUSAL
delta_publication_daily,2026-09-10,individual,deletion,0,9,40-business-day official delta download window,PUBLICATION_CHANGE_FLOW_NOT_EFFECTIVE_EVENT_NOT_CAUSAL
delta_publication_daily,2026-09-10,individual,expiration_publication,1,683,40-business-day official delta download window,PUBLICATION_CHANGE_FLOW_NOT_EFFECTIVE_EVENT_NOT_CAUSAL
delta_publication_daily,2026-09-10,individual,public_info_change,1,23,40-business-day official delta download window,PUBLICATION_CHANGE_FLOW_NOT_EFFECTIVE_EVENT_NOT_CAUSAL
delta_publication_daily,2026-09-10,individual,registration_publication,1,984,40-business-day official delta download window,PUBLICATION_CHANGE_FLOW_NOT_EFFECTIVE_EVENT_NOT_CAUSAL
delta_publication_daily,2026-09-10,unknown,deletion,0,15,40-business-day official delta download window,PUBLICATION_CHANGE_FLOW_NOT_EFFECTIVE_EVENT_NOT_CAUSAL
delta_publication_daily,2026-09-10,unknown,registration_publication,0,4,40-business-day official delta download window,PUBLICATION_CHANGE_FLOW_NOT_EFFECTIVE_EVENT_NOT_CAUSAL
