source_id,publisher,title,source_url,raw_file,sha256,bytes,source_status,domain,rights_status,terms_url,terms_checked_date,public_release_action,acquisition_instruction,archive_reliance,attribution_requirement,third_party_caveat,note
BOJ-OUTLOOK-2019-07-CONSUMPTION-TAX,Bank of Japan,"Outlook for Economic Activity and Prices, July 2019 - consumption-tax assumptions and demand channels",https://www.boj.or.jp/en/mopo/outlook/gor1907a.htm,data/raw/vat_incidence/boj_outlook_2019_07.html,5aceffc5a8d4c459a2cd2952aeb017bb71c6bd7a3b01b6e2a0d533b1e2488b32,66610,RAW_OFFICIAL_ANALYTICAL_METADATA,www.boj.or.jp,CONDITIONAL_REUSE_TERMS,https://www.boj.or.jp/about/copyright.htm,2026-09-13,EXCLUDE_RAW_ACQUIRE_EXTERNALLY,"Retrieve from https://www.boj.or.jp/en/mopo/outlook/gor1907a.htm and verify SHA-256 5aceffc5a8d4c459a2cd2952aeb017bb71c6bd7a3b01b6e2a0d533b1e2488b32; if bytes differ, treat the upstream source as changed and do not silently substitute.",NONE_DECLARED_IN_SOURCE_CATALOG,CITE_PUBLISHER_TITLE_AND_SOURCE_URL,SOURCE_OR_EMBEDDED_THIRD_PARTY_RIGHTS_MAY_OVERRIDE_SITE_TERMS,BOJ permits reproduction with attribution except specified cases including commercial use and some images; public bundle therefore acquires externally.
CAO-2014-CONSUMPTION-TAX-DEMAND,Cabinet Office,Japanese Economy 2014 Chapter 1 Section 1 - consumption-tax front-loading and rebound,https://www5.cao.go.jp/keizai3/2014/0113nk/nk14/n14_1_1.html,data/raw/vat_incidence/cao_2014_consumption_tax_demand.html,4707c274068e22b7d351ed968e92f1c9cbdfb29a4a28f22ff93a40b468b19a22,34011,RAW_OFFICIAL_ANALYSIS,www5.cao.go.jp,ORGANIZATION_TERMS_SCOPE_NOT_VERIFIED_FOR_SUBDOMAIN,https://www.cao.go.jp/notice/rule.html,2026-09-13,EXCLUDE_RAW_ACQUIRE_EXTERNALLY,"Retrieve from https://www5.cao.go.jp/keizai3/2014/0113nk/nk14/n14_1_1.html and verify SHA-256 4707c274068e22b7d351ed968e92f1c9cbdfb29a4a28f22ff93a40b468b19a22; if bytes differ, treat the upstream source as changed and do not silently substitute.",NONE_DECLARED_IN_SOURCE_CATALOG,CITE_PUBLISHER_TITLE_AND_SOURCE_URL,SOURCE_OR_EMBEDDED_THIRD_PARTY_RIGHTS_MAY_OVERRIDE_SITE_TERMS,"Cabinet Office PDL1.0 terms exist, but this audit does not assume subdomain/source-specific scope without separate confirmation."
EMICRO-2026-ONSITE-BSBSA-QUERY,Statistics Bureau of Japan / e-Stat Microdata Portal,"Available-data positive-control query: Basic Survey of Japanese Business Structure and Activities, onsite access",https://www.e-stat.go.jp/microdata/available-data/onsite?keywords=%E4%BC%81%E6%A5%AD%E6%B4%BB%E5%8B%95%E5%9F%BA%E6%9C%AC%E8%AA%BF%E6%9F%BB,data/raw/vat_linkage/emicro_2026_onsite_bsbsa_query.html,1cb148469944041109278d8bffaba22449cd339a08caef3d11c47dc6eb890f49,57287,RAW_OFFICIAL_ACCESS_QUERY,www.e-stat.go.jp,SITE_TERMS_ALLOW_REUSE_WITH_ATTRIBUTION,https://www.e-stat.go.jp/terms-of-use,2026-09-13,EXCLUDE_RAW_ACQUIRE_EXTERNALLY,"Retrieve from https://www.e-stat.go.jp/microdata/available-data/onsite?keywords=%E4%BC%81%E6%A5%AD%E6%B4%BB%E5%8B%95%E5%9F%BA%E6%9C%AC%E8%AA%BF%E6%9F%BB and verify SHA-256 1cb148469944041109278d8bffaba22449cd339a08caef3d11c47dc6eb890f49; if bytes differ, treat the upstream source as changed and do not silently substitute.",NONE_DECLARED_IN_SOURCE_CATALOG,CITE_PUBLISHER_TITLE_AND_SOURCE_URL,SOURCE_OR_EMBEDDED_THIRD_PARTY_RIGHTS_MAY_OVERRIDE_SITE_TERMS,"e-Stat terms permit reuse including commercial reuse with attribution, subject to third-party rights and listed exceptions."
EMICRO-2026-ONSITE-NSFCW-QUERY,Statistics Bureau of Japan / e-Stat Microdata Portal,"Available-data query: National Survey of Family Income, Consumption and Wealth, onsite access",https://www.e-stat.go.jp/microdata/available-data/onsite?keywords=%E5%85%A8%E5%9B%BD%E5%AE%B6%E8%A8%88%E6%A7%8B%E9%80%A0%E8%AA%BF%E6%9F%BB,data/raw/objective_rank/emicro_2026_onsite_nsfcw_query.html,2da565d7548a876f803a87aa4190c98e7b709c987c41d74208d9bd2ff9a9cbe7,55279,RAW_OFFICIAL_ACCESS_QUERY,www.e-stat.go.jp,SITE_TERMS_ALLOW_REUSE_WITH_ATTRIBUTION,https://www.e-stat.go.jp/terms-of-use,2026-09-13,EXCLUDE_RAW_ACQUIRE_EXTERNALLY,"Retrieve from https://www.e-stat.go.jp/microdata/available-data/onsite?keywords=%E5%85%A8%E5%9B%BD%E5%AE%B6%E8%A8%88%E6%A7%8B%E9%80%A0%E8%AA%BF%E6%9F%BB and verify SHA-256 2da565d7548a876f803a87aa4190c98e7b709c987c41d74208d9bd2ff9a9cbe7; if bytes differ, treat the upstream source as changed and do not silently substitute.",NONE_DECLARED_IN_SOURCE_CATALOG,CITE_PUBLISHER_TITLE_AND_SOURCE_URL,SOURCE_OR_EMBEDDED_THIRD_PARTY_RIGHTS_MAY_OVERRIDE_SITE_TERMS,"e-Stat terms permit reuse including commercial reuse with attribution, subject to third-party rights and listed exceptions."
EMICRO-2026-ONSITE-SME-TAX-SURVEY-QUERY,Statistics Bureau of Japan / e-Stat Microdata Portal,"Available-data query: historic SME tax survey, onsite access",https://www.e-stat.go.jp/microdata/available-data/onsite?keywords=%E4%B8%AD%E5%B0%8F%E4%BC%81%E6%A5%AD%E7%A8%8E%E5%88%B6%E3%81%AB%E9%96%A2%E3%81%99%E3%82%8B%E3%82%A2%E3%83%B3%E3%82%B1%E3%83%BC%E3%83%88%E8%AA%BF%E6%9F%BB,data/raw/vat_linkage/emicro_2026_onsite_sme_tax_survey_query.html,8d360cffd7ed58c1a39af8f4c388ccc50a46778483bcb745a7355cd513844539,43600,RAW_OFFICIAL_ACCESS_QUERY,www.e-stat.go.jp,SITE_TERMS_ALLOW_REUSE_WITH_ATTRIBUTION,https://www.e-stat.go.jp/terms-of-use,2026-09-13,EXCLUDE_RAW_ACQUIRE_EXTERNALLY,"Retrieve from https://www.e-stat.go.jp/microdata/available-data/onsite?keywords=%E4%B8%AD%E5%B0%8F%E4%BC%81%E6%A5%AD%E7%A8%8E%E5%88%B6%E3%81%AB%E9%96%A2%E3%81%99%E3%82%8B%E3%82%A2%E3%83%B3%E3%82%B1%E3%83%BC%E3%83%88%E8%AA%BF%E6%9F%BB and verify SHA-256 8d360cffd7ed58c1a39af8f4c388ccc50a46778483bcb745a7355cd513844539; if bytes differ, treat the upstream source as changed and do not silently substitute.",NONE_DECLARED_IN_SOURCE_CATALOG,CITE_PUBLISHER_TITLE_AND_SOURCE_URL,SOURCE_OR_EMBEDDED_THIRD_PARTY_RIGHTS_MAY_OVERRIDE_SITE_TERMS,"e-Stat terms permit reuse including commercial reuse with attribution, subject to third-party rights and listed exceptions."
EMICRO-2026-REMOTE-BSBSA-QUERY,Statistics Bureau of Japan / e-Stat Microdata Portal,"Available-data positive-control query: Basic Survey of Japanese Business Structure and Activities, media/remote access",https://www.e-stat.go.jp/microdata/available-data/extracted-data?keywords=%E4%BC%81%E6%A5%AD%E6%B4%BB%E5%8B%95%E5%9F%BA%E6%9C%AC%E8%AA%BF%E6%9F%BB,data/raw/vat_linkage/emicro_2026_remote_bsbsa_query.html,b0ed0e7e3bcec11ff43a4f284089f9ac60e7410af1af813ca5aa470dfa9688ef,57197,RAW_OFFICIAL_ACCESS_QUERY,www.e-stat.go.jp,SITE_TERMS_ALLOW_REUSE_WITH_ATTRIBUTION,https://www.e-stat.go.jp/terms-of-use,2026-09-13,EXCLUDE_RAW_ACQUIRE_EXTERNALLY,"Retrieve from https://www.e-stat.go.jp/microdata/available-data/extracted-data?keywords=%E4%BC%81%E6%A5%AD%E6%B4%BB%E5%8B%95%E5%9F%BA%E6%9C%AC%E8%AA%BF%E6%9F%BB and verify SHA-256 b0ed0e7e3bcec11ff43a4f284089f9ac60e7410af1af813ca5aa470dfa9688ef; if bytes differ, treat the upstream source as changed and do not silently substitute.",NONE_DECLARED_IN_SOURCE_CATALOG,CITE_PUBLISHER_TITLE_AND_SOURCE_URL,SOURCE_OR_EMBEDDED_THIRD_PARTY_RIGHTS_MAY_OVERRIDE_SITE_TERMS,"e-Stat terms permit reuse including commercial reuse with attribution, subject to third-party rights and listed exceptions."
EMICRO-2026-REMOTE-SME-TAX-SURVEY-QUERY,Statistics Bureau of Japan / e-Stat Microdata Portal,"Available-data query: historic SME tax survey, media/remote access",https://www.e-stat.go.jp/microdata/available-data/extracted-data?keywords=%E4%B8%AD%E5%B0%8F%E4%BC%81%E6%A5%AD%E7%A8%8E%E5%88%B6%E3%81%AB%E9%96%A2%E3%81%99%E3%82%8B%E3%82%A2%E3%83%B3%E3%82%B1%E3%83%BC%E3%83%88%E8%AA%BF%E6%9F%BB,data/raw/vat_linkage/emicro_2026_remote_sme_tax_survey_query.html,2eeed4cc0709d9b625a99afc4ab7642fc0305dab7bc28a50dc1b57466dc585b9,43690,RAW_OFFICIAL_ACCESS_QUERY,www.e-stat.go.jp,SITE_TERMS_ALLOW_REUSE_WITH_ATTRIBUTION,https://www.e-stat.go.jp/terms-of-use,2026-09-13,EXCLUDE_RAW_ACQUIRE_EXTERNALLY,"Retrieve from https://www.e-stat.go.jp/microdata/available-data/extracted-data?keywords=%E4%B8%AD%E5%B0%8F%E4%BC%81%E6%A5%AD%E7%A8%8E%E5%88%B6%E3%81%AB%E9%96%A2%E3%81%99%E3%82%8B%E3%82%A2%E3%83%B3%E3%82%B1%E3%83%BC%E3%83%88%E8%AA%BF%E6%9F%BB and verify SHA-256 2eeed4cc0709d9b625a99afc4ab7642fc0305dab7bc28a50dc1b57466dc585b9; if bytes differ, treat the upstream source as changed and do not silently substitute.",NONE_DECLARED_IN_SOURCE_CATALOG,CITE_PUBLISHER_TITLE_AND_SOURCE_URL,SOURCE_OR_EMBEDDED_THIRD_PARTY_RIGHTS_MAY_OVERRIDE_SITE_TERMS,"e-Stat terms permit reuse including commercial reuse with attribution, subject to third-party rights and listed exceptions."
EMICRO-NSFCW-2024-DS51-META,Statistics Bureau of Japan / e-Stat Microdata Portal,2024 NSFCW onsite secondary metadata: income/assets aggregation system,https://www.e-stat.go.jp/microdata/available-data/onsite?keywords=%E5%85%A8%E5%9B%BD%E5%AE%B6%E8%A8%88%E6%A7%8B%E9%80%A0%E8%AA%BF%E6%9F%BB,data/raw/objective_rank/nsfcw_2024_onsite_ds51_meta.xlsx,e8a25d4c5e684d74ceb6d31aa6833dbf6f8d80d637c181a84a6bff3bd399e80c,274233,RAW_OFFICIAL_SECURE_MICRODATA_METADATA,www.e-stat.go.jp,SITE_TERMS_ALLOW_REUSE_WITH_ATTRIBUTION,https://www.e-stat.go.jp/terms-of-use,2026-09-13,EXCLUDE_RAW_ACQUIRE_EXTERNALLY,"Retrieve from https://www.e-stat.go.jp/microdata/available-data/onsite?keywords=%E5%85%A8%E5%9B%BD%E5%AE%B6%E8%A8%88%E6%A7%8B%E9%80%A0%E8%AA%BF%E6%9F%BB and verify SHA-256 e8a25d4c5e684d74ceb6d31aa6833dbf6f8d80d637c181a84a6bff3bd399e80c; if bytes differ, treat the upstream source as changed and do not silently substitute.",NONE_DECLARED_IN_SOURCE_CATALOG,CITE_PUBLISHER_TITLE_AND_SOURCE_URL,SOURCE_OR_EMBEDDED_THIRD_PARTY_RIGHTS_MAY_OVERRIDE_SITE_TERMS,"e-Stat terms permit reuse including commercial reuse with attribution, subject to third-party rights and listed exceptions."
EMICRO-NSFCW-2024-DS52-META,Statistics Bureau of Japan / e-Stat Microdata Portal,2024 NSFCW onsite secondary metadata: detailed two-month-average household accounts,https://www.e-stat.go.jp/microdata/available-data/onsite?keywords=%E5%85%A8%E5%9B%BD%E5%AE%B6%E8%A8%88%E6%A7%8B%E9%80%A0%E8%AA%BF%E6%9F%BB,data/raw/objective_rank/nsfcw_2024_onsite_ds52_meta.xlsx,c4dbcd548fa799f291d6319355ac63ee3d643f1511a1cca85dd280bac67d85b0,266374,RAW_OFFICIAL_SECURE_MICRODATA_METADATA,www.e-stat.go.jp,SITE_TERMS_ALLOW_REUSE_WITH_ATTRIBUTION,https://www.e-stat.go.jp/terms-of-use,2026-09-13,EXCLUDE_RAW_ACQUIRE_EXTERNALLY,"Retrieve from https://www.e-stat.go.jp/microdata/available-data/onsite?keywords=%E5%85%A8%E5%9B%BD%E5%AE%B6%E8%A8%88%E6%A7%8B%E9%80%A0%E8%AA%BF%E6%9F%BB and verify SHA-256 c4dbcd548fa799f291d6319355ac63ee3d643f1511a1cca85dd280bac67d85b0; if bytes differ, treat the upstream source as changed and do not silently substitute.",NONE_DECLARED_IN_SOURCE_CATALOG,CITE_PUBLISHER_TITLE_AND_SOURCE_URL,SOURCE_OR_EMBEDDED_THIRD_PARTY_RIGHTS_MAY_OVERRIDE_SITE_TERMS,"e-Stat terms permit reuse including commercial reuse with attribution, subject to third-party rights and listed exceptions."
EMICRO-ONSITE-USE-GUIDANCE,Statistics Bureau of Japan / e-Stat Microdata Portal,Questionnaire-information onsite-use guidance,https://www.e-stat.go.jp/microdata/data-use/on-site,data/raw/objective_rank/emicro_onsite_use_guidance.html,f78084c5b9b8d03337692235a387d784046c8d5c57eb9a16fd68153f13f97b24,46246,RAW_OFFICIAL_ACCESS_METADATA,www.e-stat.go.jp,SITE_TERMS_ALLOW_REUSE_WITH_ATTRIBUTION,https://www.e-stat.go.jp/terms-of-use,2026-09-13,EXCLUDE_RAW_ACQUIRE_EXTERNALLY,"Retrieve from https://www.e-stat.go.jp/microdata/data-use/on-site and verify SHA-256 f78084c5b9b8d03337692235a387d784046c8d5c57eb9a16fd68153f13f97b24; if bytes differ, treat the upstream source as changed and do not silently substitute.",NONE_DECLARED_IN_SOURCE_CATALOG,CITE_PUBLISHER_TITLE_AND_SOURCE_URL,SOURCE_OR_EMBEDDED_THIRD_PARTY_RIGHTS_MAY_OVERRIDE_SITE_TERMS,"e-Stat terms permit reuse including commercial reuse with attribution, subject to third-party rights and listed exceptions."
ESRI-SNA-2024-NOMINAL-GDP-FISCAL-YEAR,Cabinet Office Economic and Social Research Institute,"National Accounts for 2024: Gross Domestic Product (Expenditure approach) at current prices, Fiscal Year",https://www.esri.cao.go.jp/en/sna/data/kakuhou/files/2024/tables/2024ffm1n_en.xlsx,data/raw/esri/2024ffm1n_en.xlsx,a0cd9e5e973360e704c2a4abbe3208239884559310d4df045c345cc3b9f17ae5,46819,RAW_OFFICIAL,www.esri.cao.go.jp,ORGANIZATION_TERMS_SCOPE_NOT_VERIFIED_FOR_SUBDOMAIN,https://www.cao.go.jp/notice/rule.html,2026-09-13,EXCLUDE_RAW_ACQUIRE_EXTERNALLY,"Retrieve from https://www.esri.cao.go.jp/en/sna/data/kakuhou/files/2024/tables/2024ffm1n_en.xlsx and verify SHA-256 a0cd9e5e973360e704c2a4abbe3208239884559310d4df045c345cc3b9f17ae5; if bytes differ, treat the upstream source as changed and do not silently substitute.",NONE_DECLARED_IN_SOURCE_CATALOG,CITE_PUBLISHER_TITLE_AND_SOURCE_URL,SOURCE_OR_EMBEDDED_THIRD_PARTY_RIGHTS_MAY_OVERRIDE_SITE_TERMS,"Cabinet Office PDL1.0 terms exist, but this audit does not assume subdomain/source-specific scope without separate confirmation."
ESTAT-7141-1-2024,Statistics Bureau of Japan,2024 NSFCW table 7-141-1: household members by main annual-income type and equivalized disposable-income class/decile,https://www.e-stat.go.jp/stat-search/file-download?statInfId=000040490407&fileKind=0,data/raw/estat/000040490407.xlsx,69353ddff26920ab4f1769e89dd92ea82cb473dc204166ee1d6275eebe9c0a05,48268537,RAW_OFFICIAL,www.e-stat.go.jp,SITE_TERMS_ALLOW_REUSE_WITH_ATTRIBUTION,https://www.e-stat.go.jp/terms-of-use,2026-09-13,EXCLUDE_RAW_ACQUIRE_EXTERNALLY,"Retrieve from https://www.e-stat.go.jp/stat-search/file-download?statInfId=000040490407&fileKind=0 and verify SHA-256 69353ddff26920ab4f1769e89dd92ea82cb473dc204166ee1d6275eebe9c0a05; if bytes differ, treat the upstream source as changed and do not silently substitute.",NONE_DECLARED_IN_SOURCE_CATALOG,CITE_PUBLISHER_TITLE_AND_SOURCE_URL,SOURCE_OR_EMBEDDED_THIRD_PARTY_RIGHTS_MAY_OVERRIDE_SITE_TERMS,"e-Stat terms permit reuse including commercial reuse with attribution, subject to third-party rights and listed exceptions."
ESTAT-7142-1-2-2024-DBVIEW,Statistics Bureau of Japan,2024 NSFCW table 7-142-1-2 DB view: household members by OECD-new equivalized-disposable-income class/decile and household characteristics,https://www.e-stat.go.jp/dbview?sid=0004056128,data/raw/estat/dbview_0004056128.html,5919ba3a9ce4b6d8d11e1b43930ae5af86bbd970225fbfaabc1aa85901d12544,426481,RAW_OFFICIAL_METADATA,www.e-stat.go.jp,SITE_TERMS_ALLOW_REUSE_WITH_ATTRIBUTION,https://www.e-stat.go.jp/terms-of-use,2026-09-13,EXCLUDE_RAW_ACQUIRE_EXTERNALLY,"Retrieve from https://www.e-stat.go.jp/dbview?sid=0004056128 and verify SHA-256 5919ba3a9ce4b6d8d11e1b43930ae5af86bbd970225fbfaabc1aa85901d12544; if bytes differ, treat the upstream source as changed and do not silently substitute.",NONE_DECLARED_IN_SOURCE_CATALOG,CITE_PUBLISHER_TITLE_AND_SOURCE_URL,SOURCE_OR_EMBEDDED_THIRD_PARTY_RIGHTS_MAY_OVERRIDE_SITE_TERMS,"e-Stat terms permit reuse including commercial reuse with attribution, subject to third-party rights and listed exceptions."
ESTAT-7145-1-2024-DBVIEW,Statistics Bureau of Japan,2024 NSFCW table 7-145-1 DB view: household members by household type and OECD-new equivalized-disposable-income class/decile,https://www.e-stat.go.jp/dbview?sid=0004056154,data/raw/estat/dbview_0004056154.html,37dea334e8dee15a8c9364251c10ffcda8f16c521cd38bea27f8e46e3f9683a2,455774,RAW_OFFICIAL_METADATA,www.e-stat.go.jp,SITE_TERMS_ALLOW_REUSE_WITH_ATTRIBUTION,https://www.e-stat.go.jp/terms-of-use,2026-09-13,EXCLUDE_RAW_ACQUIRE_EXTERNALLY,"Retrieve from https://www.e-stat.go.jp/dbview?sid=0004056154 and verify SHA-256 37dea334e8dee15a8c9364251c10ffcda8f16c521cd38bea27f8e46e3f9683a2; if bytes differ, treat the upstream source as changed and do not silently substitute.",NONE_DECLARED_IN_SOURCE_CATALOG,CITE_PUBLISHER_TITLE_AND_SOURCE_URL,SOURCE_OR_EMBEDDED_THIRD_PARTY_RIGHTS_MAY_OVERRIDE_SITE_TERMS,"e-Stat terms permit reuse including commercial reuse with attribution, subject to third-party rights and listed exceptions."
ESTAT-7153-1-2024,Statistics Bureau of Japan,2024 NSFCW table 7-153-1: equivalized annual income by OECD-new equivalized-disposable-income class/decile and income component,https://www.e-stat.go.jp/stat-search/file-download?statInfId=000040490416&fileKind=0,data/raw/estat/000040490416.xlsx,3c039606b6dea33926d6fa7e7d711a1c18da490856e4812e2737c5544f34cc4c,20894,RAW_OFFICIAL,www.e-stat.go.jp,SITE_TERMS_ALLOW_REUSE_WITH_ATTRIBUTION,https://www.e-stat.go.jp/terms-of-use,2026-09-13,EXCLUDE_RAW_ACQUIRE_EXTERNALLY,"Retrieve from https://www.e-stat.go.jp/stat-search/file-download?statInfId=000040490416&fileKind=0 and verify SHA-256 3c039606b6dea33926d6fa7e7d711a1c18da490856e4812e2737c5544f34cc4c; if bytes differ, treat the upstream source as changed and do not silently substitute.",NONE_DECLARED_IN_SOURCE_CATALOG,CITE_PUBLISHER_TITLE_AND_SOURCE_URL,SOURCE_OR_EMBEDDED_THIRD_PARTY_RIGHTS_MAY_OVERRIDE_SITE_TERMS,"e-Stat terms permit reuse including commercial reuse with attribution, subject to third-party rights and listed exceptions."
ESTAT-7155-1-2024,Statistics Bureau of Japan,2024 NSFCW table 7-155-1: sex x age class x equivalized disposable-income class/decile x equivalized annual-income component,https://www.e-stat.go.jp/stat-search/file-download?statInfId=000040490418&fileKind=0,data/raw/estat/000040490418.xlsx,f38e97b7e619a43ca89140039dab7332100976de6772ef26f9d8b06e3c799892,25677254,RAW_OFFICIAL,www.e-stat.go.jp,SITE_TERMS_ALLOW_REUSE_WITH_ATTRIBUTION,https://www.e-stat.go.jp/terms-of-use,2026-09-13,EXCLUDE_RAW_ACQUIRE_EXTERNALLY,"Retrieve from https://www.e-stat.go.jp/stat-search/file-download?statInfId=000040490418&fileKind=0 and verify SHA-256 f38e97b7e619a43ca89140039dab7332100976de6772ef26f9d8b06e3c799892; if bytes differ, treat the upstream source as changed and do not silently substitute.",NONE_DECLARED_IN_SOURCE_CATALOG,CITE_PUBLISHER_TITLE_AND_SOURCE_URL,SOURCE_OR_EMBEDDED_THIRD_PARTY_RIGHTS_MAY_OVERRIDE_SITE_TERMS,"e-Stat terms permit reuse including commercial reuse with attribution, subject to third-party rights and listed exceptions."
ESTAT-7156-1-2024,Statistics Bureau of Japan,2024 NSFCW table 7-156-1: household type x OECD-new equivalized-disposable-income class/decile x equivalized annual-income component,https://www.e-stat.go.jp/stat-search/file-download?statInfId=000040490419&fileKind=0,data/raw/estat/000040490419.xlsx,b5cdd2ba4f2501956fa8ffe36ee061267690bbca801156c6b3aa43580559135f,15064501,RAW_OFFICIAL,www.e-stat.go.jp,SITE_TERMS_ALLOW_REUSE_WITH_ATTRIBUTION,https://www.e-stat.go.jp/terms-of-use,2026-09-13,EXCLUDE_RAW_ACQUIRE_EXTERNALLY,"Retrieve from https://www.e-stat.go.jp/stat-search/file-download?statInfId=000040490419&fileKind=0 and verify SHA-256 b5cdd2ba4f2501956fa8ffe36ee061267690bbca801156c6b3aa43580559135f; if bytes differ, treat the upstream source as changed and do not silently substitute.",NONE_DECLARED_IN_SOURCE_CATALOG,CITE_PUBLISHER_TITLE_AND_SOURCE_URL,SOURCE_OR_EMBEDDED_THIRD_PARTY_RIGHTS_MAY_OVERRIDE_SITE_TERMS,"e-Stat terms permit reuse including commercial reuse with attribution, subject to third-party rights and listed exceptions."
ESTAT-7171-2024,Statistics Bureau of Japan,2024 NSFCW table 7-171: equivalized annual-income quantiles by main annual-income type and other characteristics,https://www.e-stat.go.jp/stat-search/file-download?statInfId=000040490427&fileKind=0,data/raw/estat/000040490427.xlsx,e239ec816a1ebcd2de84c7bb53653a7fb11ee84917d066da2adb880317117cf6,73666,RAW_OFFICIAL,www.e-stat.go.jp,SITE_TERMS_ALLOW_REUSE_WITH_ATTRIBUTION,https://www.e-stat.go.jp/terms-of-use,2026-09-13,EXCLUDE_RAW_ACQUIRE_EXTERNALLY,"Retrieve from https://www.e-stat.go.jp/stat-search/file-download?statInfId=000040490427&fileKind=0 and verify SHA-256 e239ec816a1ebcd2de84c7bb53653a7fb11ee84917d066da2adb880317117cf6; if bytes differ, treat the upstream source as changed and do not silently substitute.",NONE_DECLARED_IN_SOURCE_CATALOG,CITE_PUBLISHER_TITLE_AND_SOURCE_URL,SOURCE_OR_EMBEDDED_THIRD_PARTY_RIGHTS_MAY_OVERRIDE_SITE_TERMS,"e-Stat terms permit reuse including commercial reuse with attribution, subject to third-party rights and listed exceptions."
ESTAT-7191-1-2024,Statistics Bureau of Japan,"2024 NSFCW table 7-191-1: household members by sex, age, household size, head employment, income and asset classes",https://www.e-stat.go.jp/stat-search/file-download?statInfId=000040490431&fileKind=0,data/raw/estat/000040490431.xlsx,3e58114ef07d0cc1b60c8acf9137ba9d33c48c1437f5f593a7f1c00a5fba7008,41019201,RAW_OFFICIAL,www.e-stat.go.jp,SITE_TERMS_ALLOW_REUSE_WITH_ATTRIBUTION,https://www.e-stat.go.jp/terms-of-use,2026-09-13,EXCLUDE_RAW_ACQUIRE_EXTERNALLY,"Retrieve from https://www.e-stat.go.jp/stat-search/file-download?statInfId=000040490431&fileKind=0 and verify SHA-256 3e58114ef07d0cc1b60c8acf9137ba9d33c48c1437f5f593a7f1c00a5fba7008; if bytes differ, treat the upstream source as changed and do not silently substitute.",NONE_DECLARED_IN_SOURCE_CATALOG,CITE_PUBLISHER_TITLE_AND_SOURCE_URL,SOURCE_OR_EMBEDDED_THIRD_PARTY_RIGHTS_MAY_OVERRIDE_SITE_TERMS,"e-Stat terms permit reuse including commercial reuse with attribution, subject to third-party rights and listed exceptions."
ESTAT-762-1-2024-DBVIEW,Statistics Bureau of Japan,2024 NSFCW table 7-62-1 DB view: households and household members by annual disposable-income class/decile,https://www.e-stat.go.jp/dbview?sid=0004056282,data/raw/estat/dbview_0004056282.html,690dbe37398555c1c30e8384069a5f00cbcf31e544c05533634b86eba3aa1cfb,479804,RAW_OFFICIAL_METADATA,www.e-stat.go.jp,SITE_TERMS_ALLOW_REUSE_WITH_ATTRIBUTION,https://www.e-stat.go.jp/terms-of-use,2026-09-13,EXCLUDE_RAW_ACQUIRE_EXTERNALLY,"Retrieve from https://www.e-stat.go.jp/dbview?sid=0004056282 and verify SHA-256 690dbe37398555c1c30e8384069a5f00cbcf31e544c05533634b86eba3aa1cfb; if bytes differ, treat the upstream source as changed and do not silently substitute.",NONE_DECLARED_IN_SOURCE_CATALOG,CITE_PUBLISHER_TITLE_AND_SOURCE_URL,SOURCE_OR_EMBEDDED_THIRD_PARTY_RIGHTS_MAY_OVERRIDE_SITE_TERMS,"e-Stat terms permit reuse including commercial reuse with attribution, subject to third-party rights and listed exceptions."
ESTAT-BSWS-2019-INDUSTRY-WAGE-DB-SNAPSHOT,"Ministry of Health, Labour and Welfare / e-Stat",2019 Basic Survey on Wage Structure industry wage DB snapshot,https://www.e-stat.go.jp/dbview?sid=0003084009,data/raw/estat/bsws_2019_industry_major_wage_db_snapshot.json,510b65c6a47d54d4074594fe376458920e5a74edc105acc7aa14aea49993a8a1,184533,RAW_OFFICIAL_API_SNAPSHOT,www.e-stat.go.jp,SITE_TERMS_ALLOW_REUSE_WITH_ATTRIBUTION,https://www.e-stat.go.jp/terms-of-use,2026-09-13,EXCLUDE_RAW_ACQUIRE_EXTERNALLY,"Retrieve from https://www.e-stat.go.jp/dbview?sid=0003084009 and verify SHA-256 510b65c6a47d54d4074594fe376458920e5a74edc105acc7aa14aea49993a8a1; if bytes differ, treat the upstream source as changed and do not silently substitute.",NONE_DECLARED_IN_SOURCE_CATALOG,CITE_PUBLISHER_TITLE_AND_SOURCE_URL,SOURCE_OR_EMBEDDED_THIRD_PARTY_RIGHTS_MAY_OVERRIDE_SITE_TERMS,"e-Stat terms permit reuse including commercial reuse with attribution, subject to third-party rights and listed exceptions."
ESTAT-BSWS-2019-INDUSTRY-WAGE-T1,"Ministry of Health, Labour and Welfare",2019 Basic Survey on Wage Structure Table 1 - wages and working hours by industry,https://www.e-stat.go.jp/stat-search/file-download?statInfId=000031919751&fileKind=0,data/raw/estat/bsws_2019_industry_wage_table1.xls,9583495007287b89e163a3202c4d3f6e757dfcfc355076dcde0321e0276ac811,1733632,RAW_OFFICIAL,www.e-stat.go.jp,SITE_TERMS_ALLOW_REUSE_WITH_ATTRIBUTION,https://www.e-stat.go.jp/terms-of-use,2026-09-13,EXCLUDE_RAW_ACQUIRE_EXTERNALLY,"Retrieve from https://www.e-stat.go.jp/stat-search/file-download?statInfId=000031919751&fileKind=0 and verify SHA-256 9583495007287b89e163a3202c4d3f6e757dfcfc355076dcde0321e0276ac811; if bytes differ, treat the upstream source as changed and do not silently substitute.",NONE_DECLARED_IN_SOURCE_CATALOG,CITE_PUBLISHER_TITLE_AND_SOURCE_URL,SOURCE_OR_EMBEDDED_THIRD_PARTY_RIGHTS_MAY_OVERRIDE_SITE_TERMS,"e-Stat terms permit reuse including commercial reuse with attribution, subject to third-party rights and listed exceptions."
ESTAT-LOCAL-PUBLIC-SALARY-2024-METADATA,Ministry of Internal Affairs and Communications,2024 Local Public Employee Salary Survey e-Stat metadata,https://www.e-stat.go.jp/stat-search/files?bunya_l=13&cycle=0&layout=datalist&page=1&result_page=1&tclass1=000001226528&tclass2val=0&toukei=00200212&tstat=000001226526,data/raw/estat/estat_2024_local_public_salary_survey_metadata.html,9cc66f668f0126977aad94133cf3b397c4b010978f4acd3887808409e54cb0d0,210896,RAW_OFFICIAL_METADATA,www.e-stat.go.jp,SITE_TERMS_ALLOW_REUSE_WITH_ATTRIBUTION,https://www.e-stat.go.jp/terms-of-use,2026-09-13,EXCLUDE_RAW_ACQUIRE_EXTERNALLY,"Retrieve from https://www.e-stat.go.jp/stat-search/files?bunya_l=13&cycle=0&layout=datalist&page=1&result_page=1&tclass1=000001226528&tclass2val=0&toukei=00200212&tstat=000001226526 and verify SHA-256 9cc66f668f0126977aad94133cf3b397c4b010978f4acd3887808409e54cb0d0; if bytes differ, treat the upstream source as changed and do not silently substitute.",NONE_DECLARED_IN_SOURCE_CATALOG,CITE_PUBLISHER_TITLE_AND_SOURCE_URL,SOURCE_OR_EMBEDDED_THIRD_PARTY_RIGHTS_MAY_OVERRIDE_SITE_TERMS,"e-Stat terms permit reuse including commercial reuse with attribution, subject to third-party rights and listed exceptions."
ESTAT-LOCAL-PUBLIC-SALARY-2024-T1,Ministry of Internal Affairs and Communications,2024 Local Public Employee Salary Survey Table 1 - staff counts by public-body category,https://www.e-stat.go.jp/stat-search/file-download?statInfId=000040324410&fileKind=0,data/raw/estat/000040324410.xlsx,c55545c73c96713aa59c70c4c902431aea79029f2da1f8b7278dc5d4916dd17b,51900,RAW_OFFICIAL,www.e-stat.go.jp,SITE_TERMS_ALLOW_REUSE_WITH_ATTRIBUTION,https://www.e-stat.go.jp/terms-of-use,2026-09-13,EXCLUDE_RAW_ACQUIRE_EXTERNALLY,"Retrieve from https://www.e-stat.go.jp/stat-search/file-download?statInfId=000040324410&fileKind=0 and verify SHA-256 c55545c73c96713aa59c70c4c902431aea79029f2da1f8b7278dc5d4916dd17b; if bytes differ, treat the upstream source as changed and do not silently substitute.",NONE_DECLARED_IN_SOURCE_CATALOG,CITE_PUBLISHER_TITLE_AND_SOURCE_URL,SOURCE_OR_EMBEDDED_THIRD_PARTY_RIGHTS_MAY_OVERRIDE_SITE_TERMS,"e-Stat terms permit reuse including commercial reuse with attribution, subject to third-party rights and listed exceptions."
ESTAT-NSFCW-2024-T1-21-ANNUAL-INCOME-DECILE-EXPENDITURE,Statistics Bureau of Japan,"2024 National Survey of Family Income, Consumption and Wealth Table 1-21: monthly income and expenditure by annual-income class/decile",https://www.e-stat.go.jp/stat-search/file-download?statInfId=000040379252&fileKind=0,data/raw/estat/000040379252.xlsx,189e1e777ffa8aed1a37f26709c8918dc35a2adfe42126465b973ac6f6f5acb0,6060605,RAW_OFFICIAL,www.e-stat.go.jp,SITE_TERMS_ALLOW_REUSE_WITH_ATTRIBUTION,https://www.e-stat.go.jp/terms-of-use,2026-09-13,EXCLUDE_RAW_ACQUIRE_EXTERNALLY,"Retrieve from https://www.e-stat.go.jp/stat-search/file-download?statInfId=000040379252&fileKind=0 and verify SHA-256 189e1e777ffa8aed1a37f26709c8918dc35a2adfe42126465b973ac6f6f5acb0; if bytes differ, treat the upstream source as changed and do not silently substitute.",NONE_DECLARED_IN_SOURCE_CATALOG,CITE_PUBLISHER_TITLE_AND_SOURCE_URL,SOURCE_OR_EMBEDDED_THIRD_PARTY_RIGHTS_MAY_OVERRIDE_SITE_TERMS,"e-Stat terms permit reuse including commercial reuse with attribution, subject to third-party rights and listed exceptions."
ICHIKAWA-ARUDCHELVAN-ONJI-2019-VAT-10M-BUNCHING,Hitotsubashi University Teikoku Databank Center for Advanced Empirical Research on Enterprise and Economy,Bunching of Small Businesses at the Value-Added Tax Threshold in Japan: Lessons for the 2019 Tax Hike,https://hit-u.repo.nii.ac.jp/record/2055770/files/070careeDP-J-1901.pdf,data/raw/vat_compliance/ichikawa_2019_vat_10m_threshold_bunching.pdf,93f68057104b6a4bb693c5fafbea8386ad830f6f3714291968d9937784517b28,1830086,RAW_RESEARCH_PRIMARY_EMPIRICAL,hit-u.repo.nii.ac.jp,NO_VERIFIED_REDISTRIBUTION_LICENSE,https://www.hit-u.ac.jp/academic/oap/,2026-09-13,EXCLUDE_RAW_ACQUIRE_EXTERNALLY,"Retrieve from https://hit-u.repo.nii.ac.jp/record/2055770/files/070careeDP-J-1901.pdf and verify SHA-256 93f68057104b6a4bb693c5fafbea8386ad830f6f3714291968d9937784517b28; if bytes differ, treat the upstream source as changed and do not silently substitute.",NONE_DECLARED_IN_SOURCE_CATALOG,CITE_PUBLISHER_TITLE_AND_SOURCE_URL,SOURCE_OR_EMBEDDED_THIRD_PARTY_RIGHTS_MAY_OVERRIDE_SITE_TERMS,Repository access does not itself grant third-party redistribution rights; copyright may remain with authors or publishers.
ISHIKAWA-CENSUS-2020,Ishikawa Prefecture,2020 Population Census basic tabulation summary - Ishikawa,https://toukei.pref.ishikawa.lg.jp/dl/4461/R2census_jinkou.pdf,data/raw/ishikawa/2020_population_census_summary.pdf,77eca2aa7ab9ba0b06f81613a7799e200fb19f0f3bb973efe290d07ea252ecaa,1847199,RAW_OFFICIAL,toukei.pref.ishikawa.lg.jp,NO_VERIFIED_REDISTRIBUTION_LICENSE,,2026-09-13,EXCLUDE_RAW_ACQUIRE_EXTERNALLY,"Retrieve from https://toukei.pref.ishikawa.lg.jp/dl/4461/R2census_jinkou.pdf and verify SHA-256 77eca2aa7ab9ba0b06f81613a7799e200fb19f0f3bb973efe290d07ea252ecaa; if bytes differ, treat the upstream source as changed and do not silently substitute.",NONE_DECLARED_IN_SOURCE_CATALOG,CITE_PUBLISHER_TITLE_AND_SOURCE_URL,SOURCE_OR_EMBEDDED_THIRD_PARTY_RIGHTS_MAY_OVERRIDE_SITE_TERMS,No source-specific redistribution license was verified for this captured source.
JCCI-2024-INVOICE-BACKOFFICE-SURVEY,Japan Chamber of Commerce and Industry / Tokyo Chamber of Commerce and Industry,"2024 Survey on the Invoice System, Electronic Bookkeeping Act, and Back-office Operations",https://www.jcci.or.jp/20240909_invoice_survey.pdf,data/raw/vat_compliance/jcci_2024_invoice_backoffice_survey.pdf,7ab80915efa7659e6f25cc152b7b5d2eef3c70038333eb6bc043642759d56126,962200,RAW_PRIMARY_SURVEY,www.jcci.or.jp,NO_VERIFIED_MAIN_SITE_REDISTRIBUTION_LICENSE,https://eco.jcci.or.jp/policy,2026-09-13,EXCLUDE_RAW_ACQUIRE_EXTERNALLY,"Retrieve from https://www.jcci.or.jp/20240909_invoice_survey.pdf and verify SHA-256 7ab80915efa7659e6f25cc152b7b5d2eef3c70038333eb6bc043642759d56126; if bytes differ, treat the upstream source as changed and do not silently substitute.",NONE_DECLARED_IN_SOURCE_CATALOG,CITE_PUBLISHER_TITLE_AND_SOURCE_URL,SOURCE_OR_EMBEDDED_THIRD_PARTY_RIGHTS_MAY_OVERRIDE_SITE_TERMS,A JCCI-operated site states no unauthorized reproduction; no affirmative redistribution license for the captured www.jcci.or.jp sources was verified.
JCCI-2025-INVOICE-SURVEY,Japan Chamber of Commerce and Industry / Tokyo Chamber of Commerce and Industry,2025 Survey on the Invoice System and Back-office Operations,https://www.jcci.or.jp/file/sangyo1/202509/20250909_invoice_survey.pdf,data/raw/vat_compliance/jcci_2025_invoice_survey.pdf,d89a599e900146c7c8ec5e1f4b0702b9dd7d292b47042e9e57186dda4525605e,1020194,RAW_PRIMARY_SURVEY,www.jcci.or.jp,NO_VERIFIED_MAIN_SITE_REDISTRIBUTION_LICENSE,https://eco.jcci.or.jp/policy,2026-09-13,EXCLUDE_RAW_ACQUIRE_EXTERNALLY,"Retrieve from https://www.jcci.or.jp/file/sangyo1/202509/20250909_invoice_survey.pdf and verify SHA-256 d89a599e900146c7c8ec5e1f4b0702b9dd7d292b47042e9e57186dda4525605e; if bytes differ, treat the upstream source as changed and do not silently substitute.",NONE_DECLARED_IN_SOURCE_CATALOG,CITE_PUBLISHER_TITLE_AND_SOURCE_URL,SOURCE_OR_EMBEDDED_THIRD_PARTY_RIGHTS_MAY_OVERRIDE_SITE_TERMS,A JCCI-operated site states no unauthorized reproduction; no affirmative redistribution license for the captured www.jcci.or.jp sources was verified.
JINJI-2024-PUBLIC-SALARY-SURVEY-RESULTS,National Personnel Authority,2024 National Public Employee Salary Survey - official results and scope,https://www.jinji.go.jp/content/000012098.pdf,data/raw/jinji_2024_national_public_salary_survey_results.pdf,ff9c8b9c43429f84463e50cac72069283b4aab83ad9e8c00ec6fe4c459d604e4,83689,RAW_OFFICIAL_METADATA,www.jinji.go.jp,SITE_TERMS_ALLOW_REUSE_WITH_ATTRIBUTION,https://www.jinji.go.jp/shinsei/notice.html,2026-09-13,EXCLUDE_RAW_ACQUIRE_EXTERNALLY,"Retrieve from https://www.jinji.go.jp/content/000012098.pdf and verify SHA-256 ff9c8b9c43429f84463e50cac72069283b4aab83ad9e8c00ec6fe4c459d604e4; if bytes differ, treat the upstream source as changed and do not silently substitute.",NONE_DECLARED_IN_SOURCE_CATALOG,CITE_PUBLISHER_TITLE_AND_SOURCE_URL,SOURCE_OR_EMBEDDED_THIRD_PARTY_RIGHTS_MAY_OVERRIDE_SITE_TERMS,"PDL1.0-style reuse terms apply subject to attribution, third-party rights, and content-specific exceptions."
JINJI-2024-PUBLIC-SALARY-SURVEY-SUMMARY,National Personnel Authority,2024 National Public Employee Salary Survey - staff count and average pay summary,https://www.jinji.go.jp/content/000012099.csv,data/raw/jinji_2024_national_public_staff_summary.csv,11e94371337b4c17d8b13b6f64db7df85ccb1e979e6ad1a362a9693ddc4a4e5c,2312,RAW_OFFICIAL,www.jinji.go.jp,SITE_TERMS_ALLOW_REUSE_WITH_ATTRIBUTION,https://www.jinji.go.jp/shinsei/notice.html,2026-09-13,EXCLUDE_RAW_ACQUIRE_EXTERNALLY,"Retrieve from https://www.jinji.go.jp/content/000012099.csv and verify SHA-256 11e94371337b4c17d8b13b6f64db7df85ccb1e979e6ad1a362a9693ddc4a4e5c; if bytes differ, treat the upstream source as changed and do not silently substitute.",NONE_DECLARED_IN_SOURCE_CATALOG,CITE_PUBLISHER_TITLE_AND_SOURCE_URL,SOURCE_OR_EMBEDDED_THIRD_PARTY_RIGHTS_MAY_OVERRIDE_SITE_TERMS,"PDL1.0-style reuse terms apply subject to attribution, third-party rights, and content-specific exceptions."
JINJI-2024-PUBLIC-SALARY-SURVEY-T1,National Personnel Authority,"2024 National Public Employee Salary Survey Table 1 - persons by pay schedule, sex and age",https://www.jinji.go.jp/content/000012101.csv,data/raw/jinji_2024_national_public_staff_by_pay_schedule_age.csv,3b060fa5412e39df21409214c70a7ab8c6a2fcb09c30ca709f5b50f8d64e8019,3892,RAW_OFFICIAL,www.jinji.go.jp,SITE_TERMS_ALLOW_REUSE_WITH_ATTRIBUTION,https://www.jinji.go.jp/shinsei/notice.html,2026-09-13,EXCLUDE_RAW_ACQUIRE_EXTERNALLY,"Retrieve from https://www.jinji.go.jp/content/000012101.csv and verify SHA-256 3b060fa5412e39df21409214c70a7ab8c6a2fcb09c30ca709f5b50f8d64e8019; if bytes differ, treat the upstream source as changed and do not silently substitute.",NONE_DECLARED_IN_SOURCE_CATALOG,CITE_PUBLISHER_TITLE_AND_SOURCE_URL,SOURCE_OR_EMBEDDED_THIRD_PARTY_RIGHTS_MAY_OVERRIDE_SITE_TERMS,"PDL1.0-style reuse terms apply subject to attribution, third-party rights, and content-specific exceptions."
JSTAGE-SHIRAISHI-2016-VAT-PASS-THROUGH-POS,Japan Institute of Public Finance / J-STAGE,Pass Through in Value Added Tax: Evidence from the Point-of-Sale (POS) Data,https://www.jstage.jst.go.jp/article/pfsjipf/12/0/12_119/_pdf/-char/en,data/raw/vat_incidence/shiraishi_2016_pos_vat_pass_through.pdf,23b7fb786fa7b563a142a31af82c952314154661ca21411c44428612570e8b77,1201037,RAW_RESEARCH_PRIMARY_EMPIRICAL,www.jstage.jst.go.jp,RIGHTSHOLDER_PERMISSION_REQUIRED_UNLESS_ITEM_LICENSE,https://www.jstage.jst.go.jp/static/pages/TermsAndPolicies/ForIndividuals/-char/ja,2026-09-13,EXCLUDE_RAW_ACQUIRE_EXTERNALLY,"Retrieve from https://www.jstage.jst.go.jp/article/pfsjipf/12/0/12_119/_pdf/-char/en and verify SHA-256 23b7fb786fa7b563a142a31af82c952314154661ca21411c44428612570e8b77; if bytes differ, treat the upstream source as changed and do not silently substitute.",NONE_DECLARED_IN_SOURCE_CATALOG,CITE_PUBLISHER_TITLE_AND_SOURCE_URL,SOURCE_OR_EMBEDDED_THIRD_PARTY_RIGHTS_MAY_OVERRIDE_SITE_TERMS,J-STAGE states article rights generally belong to publishers/authors; redistribution requires rightsholder permission unless an item-specific license permits it.
METI-2019-REPORT-LISTING-20210213-ARCHIVED,"Ministry of Economy, Trade and Industry",FY2019 commissioned survey report publication list - archived 2021-02-13,https://www.meti.go.jp/meti_lib/report/2019FY/itakuichiran2019FY.pdf,data/raw/meti_metadata/meti_2019_report_listing_20210213_archived.pdf,413ebf3d9f9b431e5ddfbcf902cc2a526689a0d0667b40389bfaf0d85af0568d,271020,RAW_OFFICIAL_METADATA_ARCHIVED_COPY,www.meti.go.jp,SITE_TERMS_ALLOW_REUSE_WITH_ATTRIBUTION,https://www.meti.go.jp/main/rules.html,2026-09-13,EXCLUDE_RAW_ACQUIRE_EXTERNALLY,"Retrieve from https://www.meti.go.jp/meti_lib/report/2019FY/itakuichiran2019FY.pdf and verify SHA-256 413ebf3d9f9b431e5ddfbcf902cc2a526689a0d0667b40389bfaf0d85af0568d; if bytes differ, treat the upstream source as changed and do not silently substitute.",NONE_DECLARED_IN_SOURCE_CATALOG,CITE_PUBLISHER_TITLE_AND_SOURCE_URL,SOURCE_OR_EMBEDDED_THIRD_PARTY_RIGHTS_MAY_OVERRIDE_SITE_TERMS,"PDL1.0-style reuse terms apply subject to attribution, third-party rights, and content-specific exceptions."
METI-2019-SME-TAX-REPORT-ARCHIVED,"Ministry of Economy, Trade and Industry",FY2019 Research on the Effects of Special Tax Measures Related to SMEs,https://www.meti.go.jp/meti_lib/report/2019FY/000249.pdf,data/raw/vat_compliance/meti_2019_sme_tax_report_archived.pdf,148db29d866f77bb50c71eb23e229d64b1605fccf737ce1e7c39b072d85b1cd0,3266848,RAW_OFFICIAL_ARCHIVED_COPY,www.meti.go.jp,SITE_TERMS_ALLOW_REUSE_WITH_ATTRIBUTION,https://www.meti.go.jp/main/rules.html,2026-09-13,EXCLUDE_RAW_ACQUIRE_EXTERNALLY,"Retrieve from https://www.meti.go.jp/meti_lib/report/2019FY/000249.pdf and verify SHA-256 148db29d866f77bb50c71eb23e229d64b1605fccf737ce1e7c39b072d85b1cd0; if bytes differ, treat the upstream source as changed and do not silently substitute.",NONE_DECLARED_IN_SOURCE_CATALOG,CITE_PUBLISHER_TITLE_AND_SOURCE_URL,SOURCE_OR_EMBEDDED_THIRD_PARTY_RIGHTS_MAY_OVERRIDE_SITE_TERMS,"PDL1.0-style reuse terms apply subject to attribution, third-party rights, and content-specific exceptions."
METI-2020-REPORT-LISTING-20211202-ARCHIVED,"Ministry of Economy, Trade and Industry",FY2020 commissioned survey report publication list - archived 2021-12-02,https://www.meti.go.jp/meti_lib/report/2020FY/itakuichiran2020FY.pdf,data/raw/meti_metadata/meti_2020_report_listing_20211202_archived.pdf,9cb8d5dc819522da8a9eac75fa84f61037d8edba0e4d12257bfbb08981c2392e,309263,RAW_OFFICIAL_METADATA_ARCHIVED_COPY,www.meti.go.jp,SITE_TERMS_ALLOW_REUSE_WITH_ATTRIBUTION,https://www.meti.go.jp/main/rules.html,2026-09-13,EXCLUDE_RAW_ACQUIRE_EXTERNALLY,"Retrieve from https://www.meti.go.jp/meti_lib/report/2020FY/itakuichiran2020FY.pdf and verify SHA-256 9cb8d5dc819522da8a9eac75fa84f61037d8edba0e4d12257bfbb08981c2392e; if bytes differ, treat the upstream source as changed and do not silently substitute.",NONE_DECLARED_IN_SOURCE_CATALOG,CITE_PUBLISHER_TITLE_AND_SOURCE_URL,SOURCE_OR_EMBEDDED_THIRD_PARTY_RIGHTS_MAY_OVERRIDE_SITE_TERMS,"PDL1.0-style reuse terms apply subject to attribution, third-party rights, and content-specific exceptions."
METI-2020-SME-TAX-REPORT-ARCHIVED,"Ministry of Economy, Trade and Industry",FY2020 Research on the Effects of Special Tax Measures Related to SMEs,https://www.meti.go.jp/meti_lib/report/2020FY/000409.pdf,data/raw/vat_compliance/meti_2020_sme_tax_report_archived.pdf,66c0af8b84c6b35a2396da67bb1add2d30c5eea4cba51f1bfad7f5cf62166763,4001032,RAW_OFFICIAL_ARCHIVED_COPY,www.meti.go.jp,SITE_TERMS_ALLOW_REUSE_WITH_ATTRIBUTION,https://www.meti.go.jp/main/rules.html,2026-09-13,EXCLUDE_RAW_ACQUIRE_EXTERNALLY,"Retrieve from https://www.meti.go.jp/meti_lib/report/2020FY/000409.pdf and verify SHA-256 66c0af8b84c6b35a2396da67bb1add2d30c5eea4cba51f1bfad7f5cf62166763; if bytes differ, treat the upstream source as changed and do not silently substitute.",NONE_DECLARED_IN_SOURCE_CATALOG,CITE_PUBLISHER_TITLE_AND_SOURCE_URL,SOURCE_OR_EMBEDDED_THIRD_PARTY_RIGHTS_MAY_OVERRIDE_SITE_TERMS,"PDL1.0-style reuse terms apply subject to attribution, third-party rights, and content-specific exceptions."
METI-2021-REPORT-LISTING-20220718-ARCHIVED,"Ministry of Economy, Trade and Industry",FY2021 commissioned survey report publication list - archived 2022-07-18,https://www.meti.go.jp/meti_lib/report/2021FY/itakuichiran2021FY.pdf,data/raw/meti_metadata/meti_2021_report_listing_20220718_archived.pdf,ae840c57ce054e48209b2b721a19d533d36d36f5c8f79efa3df79e54a59a7c1e,190196,RAW_OFFICIAL_METADATA_ARCHIVED_COPY,www.meti.go.jp,SITE_TERMS_ALLOW_REUSE_WITH_ATTRIBUTION,https://www.meti.go.jp/main/rules.html,2026-09-13,EXCLUDE_RAW_ACQUIRE_EXTERNALLY,"Retrieve from https://www.meti.go.jp/meti_lib/report/2021FY/itakuichiran2021FY.pdf and verify SHA-256 ae840c57ce054e48209b2b721a19d533d36d36f5c8f79efa3df79e54a59a7c1e; if bytes differ, treat the upstream source as changed and do not silently substitute.",NONE_DECLARED_IN_SOURCE_CATALOG,CITE_PUBLISHER_TITLE_AND_SOURCE_URL,SOURCE_OR_EMBEDDED_THIRD_PARTY_RIGHTS_MAY_OVERRIDE_SITE_TERMS,"PDL1.0-style reuse terms apply subject to attribution, third-party rights, and content-specific exceptions."
METI-2021-SME-TAX-SURVEY,"Ministry of Economy, Trade and Industry",FY2021 Survey on Tax System Related to SMEs,https://www.meti.go.jp/meti_lib/report/2021FY/000139.pdf,data/raw/vat_compliance/meti_2021_sme_tax_survey.pdf,e6a5767910f2c1e024ec0b281e6f300949e735cdc6c9b052e164b6890948e563,8447353,RAW_OFFICIAL_SURVEY,www.meti.go.jp,SITE_TERMS_ALLOW_REUSE_WITH_ATTRIBUTION,https://www.meti.go.jp/main/rules.html,2026-09-13,EXCLUDE_RAW_ACQUIRE_EXTERNALLY,"Retrieve from https://www.meti.go.jp/meti_lib/report/2021FY/000139.pdf and verify SHA-256 e6a5767910f2c1e024ec0b281e6f300949e735cdc6c9b052e164b6890948e563; if bytes differ, treat the upstream source as changed and do not silently substitute.",NONE_DECLARED_IN_SOURCE_CATALOG,CITE_PUBLISHER_TITLE_AND_SOURCE_URL,SOURCE_OR_EMBEDDED_THIRD_PARTY_RIGHTS_MAY_OVERRIDE_SITE_TERMS,"PDL1.0-style reuse terms apply subject to attribution, third-party rights, and content-specific exceptions."
METI-BSBSA-OVERVIEW-2026,"Ministry of Economy, Trade and Industry",2026 Basic Survey of Japanese Business Structure and Activities - survey overview,https://www.meti.go.jp/statistics/tyo/kikatu/gaiyo.html,data/raw/vat_linkage/meti_bsbsa_overview.html,7496d232bc69dfad576681e83596667c3d8539bdddc4b0d2a90637f4ece269ea,19259,RAW_OFFICIAL_SURVEY_METADATA,www.meti.go.jp,SITE_TERMS_ALLOW_REUSE_WITH_ATTRIBUTION,https://www.meti.go.jp/main/rules.html,2026-09-13,EXCLUDE_RAW_ACQUIRE_EXTERNALLY,"Retrieve from https://www.meti.go.jp/statistics/tyo/kikatu/gaiyo.html and verify SHA-256 7496d232bc69dfad576681e83596667c3d8539bdddc4b0d2a90637f4ece269ea; if bytes differ, treat the upstream source as changed and do not silently substitute.",NONE_DECLARED_IN_SOURCE_CATALOG,CITE_PUBLISHER_TITLE_AND_SOURCE_URL,SOURCE_OR_EMBEDDED_THIRD_PARTY_RIGHTS_MAY_OVERRIDE_SITE_TERMS,"PDL1.0-style reuse terms apply subject to attribution, third-party rights, and content-specific exceptions."
METI-MICRODATA-SECONDARY-USE,"Ministry of Economy, Trade and Industry",Use of METI questionnaire microdata for secondary research,https://www.meti.go.jp/statistics/toppage/teikyou.html,data/raw/vat_linkage/meti_microdata_secondary_use.html,66d2556531d138f4ac134ea1e33322ac3827122283ddf4aa142f8191bf3cfca4,12389,RAW_OFFICIAL_ACCESS_METADATA,www.meti.go.jp,SITE_TERMS_ALLOW_REUSE_WITH_ATTRIBUTION,https://www.meti.go.jp/main/rules.html,2026-09-13,EXCLUDE_RAW_ACQUIRE_EXTERNALLY,"Retrieve from https://www.meti.go.jp/statistics/toppage/teikyou.html and verify SHA-256 66d2556531d138f4ac134ea1e33322ac3827122283ddf4aa142f8191bf3cfca4; if bytes differ, treat the upstream source as changed and do not silently substitute.",NONE_DECLARED_IN_SOURCE_CATALOG,CITE_PUBLISHER_TITLE_AND_SOURCE_URL,SOURCE_OR_EMBEDDED_THIRD_PARTY_RIGHTS_MAY_OVERRIDE_SITE_TERMS,"PDL1.0-style reuse terms apply subject to attribution, third-party rights, and content-specific exceptions."
MHLW-VITAL-2020-PAGE,"Ministry of Health, Labour and Welfare",2020 Vital Statistics final landing page,https://www.mhlw.go.jp/toukei/saikin/hw/jinkou/kakutei20/index.html,data/raw/mhlw/2020_vital_statistics_final_page.html,b2ce649d5b9205a68dc581239a21afa4e53cf6996b17a0d4d08c95813cf0bc1f,14199,RAW_OFFICIAL_METADATA,www.mhlw.go.jp,SITE_TERMS_ALLOW_REUSE_WITH_ATTRIBUTION,https://www.mhlw.go.jp/chosakuken/,2026-09-13,EXCLUDE_RAW_ACQUIRE_EXTERNALLY,"Retrieve from https://www.mhlw.go.jp/toukei/saikin/hw/jinkou/kakutei20/index.html and verify SHA-256 b2ce649d5b9205a68dc581239a21afa4e53cf6996b17a0d4d08c95813cf0bc1f; if bytes differ, treat the upstream source as changed and do not silently substitute.",NONE_DECLARED_IN_SOURCE_CATALOG,CITE_PUBLISHER_TITLE_AND_SOURCE_URL,SOURCE_OR_EMBEDDED_THIRD_PARTY_RIGHTS_MAY_OVERRIDE_SITE_TERMS,"PDL1.0-style reuse terms apply subject to attribution, third-party rights, and content-specific exceptions."
MHLW-VITAL-2020-T1,"Ministry of Health, Labour and Welfare",2020 Vital Statistics final - Table 1,https://www.mhlw.go.jp/toukei/saikin/hw/jinkou/kakutei20/dl/03_h1.pdf,data/raw/mhlw/2020_vital_table1.pdf,11ec14dd0530428debba27edaf27297fd34c3a1816536d3457927c09de3fba11,76735,RAW_OFFICIAL,www.mhlw.go.jp,SITE_TERMS_ALLOW_REUSE_WITH_ATTRIBUTION,https://www.mhlw.go.jp/chosakuken/,2026-09-13,EXCLUDE_RAW_ACQUIRE_EXTERNALLY,"Retrieve from https://www.mhlw.go.jp/toukei/saikin/hw/jinkou/kakutei20/dl/03_h1.pdf and verify SHA-256 11ec14dd0530428debba27edaf27297fd34c3a1816536d3457927c09de3fba11; if bytes differ, treat the upstream source as changed and do not silently substitute.",NONE_DECLARED_IN_SOURCE_CATALOG,CITE_PUBLISHER_TITLE_AND_SOURCE_URL,SOURCE_OR_EMBEDDED_THIRD_PARTY_RIGHTS_MAY_OVERRIDE_SITE_TERMS,"PDL1.0-style reuse terms apply subject to attribution, third-party rights, and content-specific exceptions."
MHLW-VITAL-2020-T2,"Ministry of Health, Labour and Welfare",2020 Vital Statistics final - Table 2-1 annual trend,https://www.mhlw.go.jp/toukei/saikin/hw/jinkou/kakutei20/dl/04_h2-1.pdf,data/raw/mhlw/2020_vital_trend_table2_1.pdf,a2f07182f8f654b587558e6d70f6b4f94aa3f0d1c873e726d8269ab82ddbfd7c,109885,RAW_OFFICIAL,www.mhlw.go.jp,SITE_TERMS_ALLOW_REUSE_WITH_ATTRIBUTION,https://www.mhlw.go.jp/chosakuken/,2026-09-13,EXCLUDE_RAW_ACQUIRE_EXTERNALLY,"Retrieve from https://www.mhlw.go.jp/toukei/saikin/hw/jinkou/kakutei20/dl/04_h2-1.pdf and verify SHA-256 a2f07182f8f654b587558e6d70f6b4f94aa3f0d1c873e726d8269ab82ddbfd7c; if bytes differ, treat the upstream source as changed and do not silently substitute.",NONE_DECLARED_IN_SOURCE_CATALOG,CITE_PUBLISHER_TITLE_AND_SOURCE_URL,SOURCE_OR_EMBEDDED_THIRD_PARTY_RIGHTS_MAY_OVERRIDE_SITE_TERMS,"PDL1.0-style reuse terms apply subject to attribution, third-party rights, and content-specific exceptions."
MHLW-VITAL-2022-PAGE,"Ministry of Health, Labour and Welfare",2022 Vital Statistics final landing page,https://www.mhlw.go.jp/toukei/saikin/hw/jinkou/kakutei22/,data/raw/mhlw/2022_vital_statistics_final_page.html,770039da9180411eaab53fa35adfe49c6e15f33eeacb0794f2d75617912aa497,13868,RAW_OFFICIAL_METADATA,www.mhlw.go.jp,SITE_TERMS_ALLOW_REUSE_WITH_ATTRIBUTION,https://www.mhlw.go.jp/chosakuken/,2026-09-13,EXCLUDE_RAW_ACQUIRE_EXTERNALLY,"Retrieve from https://www.mhlw.go.jp/toukei/saikin/hw/jinkou/kakutei22/ and verify SHA-256 770039da9180411eaab53fa35adfe49c6e15f33eeacb0794f2d75617912aa497; if bytes differ, treat the upstream source as changed and do not silently substitute.",NONE_DECLARED_IN_SOURCE_CATALOG,CITE_PUBLISHER_TITLE_AND_SOURCE_URL,SOURCE_OR_EMBEDDED_THIRD_PARTY_RIGHTS_MAY_OVERRIDE_SITE_TERMS,"PDL1.0-style reuse terms apply subject to attribution, third-party rights, and content-specific exceptions."
MHLW-VITAL-2022-T1,"Ministry of Health, Labour and Welfare",2022 Vital Statistics final - Table 1,https://www.mhlw.go.jp/toukei/saikin/hw/jinkou/kakutei22/dl/03_h1.pdf,data/raw/mhlw/2022_vital_table1.pdf,a69db48d693463449e35ef436b9ec08a75f35664fadf4fb5860379d7e4faa59b,75646,RAW_OFFICIAL,www.mhlw.go.jp,SITE_TERMS_ALLOW_REUSE_WITH_ATTRIBUTION,https://www.mhlw.go.jp/chosakuken/,2026-09-13,EXCLUDE_RAW_ACQUIRE_EXTERNALLY,"Retrieve from https://www.mhlw.go.jp/toukei/saikin/hw/jinkou/kakutei22/dl/03_h1.pdf and verify SHA-256 a69db48d693463449e35ef436b9ec08a75f35664fadf4fb5860379d7e4faa59b; if bytes differ, treat the upstream source as changed and do not silently substitute.",NONE_DECLARED_IN_SOURCE_CATALOG,CITE_PUBLISHER_TITLE_AND_SOURCE_URL,SOURCE_OR_EMBEDDED_THIRD_PARTY_RIGHTS_MAY_OVERRIDE_SITE_TERMS,"PDL1.0-style reuse terms apply subject to attribution, third-party rights, and content-specific exceptions."
MHLW-VITAL-2022-T2,"Ministry of Health, Labour and Welfare",2022 Vital Statistics final - Table 2-1 annual trend,https://www.mhlw.go.jp/toukei/saikin/hw/jinkou/kakutei22/dl/04_h2-1.pdf,data/raw/mhlw/2022_vital_trend_table2_1.pdf,81241fb3a5211229b37024a645e6341045896cf5a16096305fb338e90d7a59cd,128145,RAW_OFFICIAL,www.mhlw.go.jp,SITE_TERMS_ALLOW_REUSE_WITH_ATTRIBUTION,https://www.mhlw.go.jp/chosakuken/,2026-09-13,EXCLUDE_RAW_ACQUIRE_EXTERNALLY,"Retrieve from https://www.mhlw.go.jp/toukei/saikin/hw/jinkou/kakutei22/dl/04_h2-1.pdf and verify SHA-256 81241fb3a5211229b37024a645e6341045896cf5a16096305fb338e90d7a59cd; if bytes differ, treat the upstream source as changed and do not silently substitute.",NONE_DECLARED_IN_SOURCE_CATALOG,CITE_PUBLISHER_TITLE_AND_SOURCE_URL,SOURCE_OR_EMBEDDED_THIRD_PARTY_RIGHTS_MAY_OVERRIDE_SITE_TERMS,"PDL1.0-style reuse terms apply subject to attribution, third-party rights, and content-specific exceptions."
MHLW-VITAL-2024-ANNUAL-PAGE,"Ministry of Health, Labour and Welfare",2024 Vital Statistics annual-summary landing page,https://www.mhlw.go.jp/toukei/saikin/hw/jinkou/geppo/nengai24/,data/raw/mhlw/2024_vital_statistics_annual_summary_page.html,56fd5dff80ae5e07d7a7a0ca9c2d1537b0797a5df43f7266ad7ae5379e6c7d32,12170,RAW_OFFICIAL_METADATA,www.mhlw.go.jp,SITE_TERMS_ALLOW_REUSE_WITH_ATTRIBUTION,https://www.mhlw.go.jp/chosakuken/,2026-09-13,EXCLUDE_RAW_ACQUIRE_EXTERNALLY,"Retrieve from https://www.mhlw.go.jp/toukei/saikin/hw/jinkou/geppo/nengai24/ and verify SHA-256 56fd5dff80ae5e07d7a7a0ca9c2d1537b0797a5df43f7266ad7ae5379e6c7d32; if bytes differ, treat the upstream source as changed and do not silently substitute.",NONE_DECLARED_IN_SOURCE_CATALOG,CITE_PUBLISHER_TITLE_AND_SOURCE_URL,SOURCE_OR_EMBEDDED_THIRD_PARTY_RIGHTS_MAY_OVERRIDE_SITE_TERMS,"PDL1.0-style reuse terms apply subject to attribution, third-party rights, and content-specific exceptions."
MHLW-VITAL-2024-ANNUAL-T1,"Ministry of Health, Labour and Welfare",2024 Vital Statistics annual-summary Table 1,https://www.mhlw.go.jp/toukei/saikin/hw/jinkou/geppo/nengai24/dl/h1.pdf,data/raw/mhlw/2024_annual_vital_table1.pdf,f12d0c4a0cf2ce609e3334a7ade1134e0a68c2a2b222994f0442d50096cfe8f7,199286,RAW_OFFICIAL,www.mhlw.go.jp,SITE_TERMS_ALLOW_REUSE_WITH_ATTRIBUTION,https://www.mhlw.go.jp/chosakuken/,2026-09-13,EXCLUDE_RAW_ACQUIRE_EXTERNALLY,"Retrieve from https://www.mhlw.go.jp/toukei/saikin/hw/jinkou/geppo/nengai24/dl/h1.pdf and verify SHA-256 f12d0c4a0cf2ce609e3334a7ade1134e0a68c2a2b222994f0442d50096cfe8f7; if bytes differ, treat the upstream source as changed and do not silently substitute.",NONE_DECLARED_IN_SOURCE_CATALOG,CITE_PUBLISHER_TITLE_AND_SOURCE_URL,SOURCE_OR_EMBEDDED_THIRD_PARTY_RIGHTS_MAY_OVERRIDE_SITE_TERMS,"PDL1.0-style reuse terms apply subject to attribution, third-party rights, and content-specific exceptions."
MHLW-VITAL-2024-PAGE,"Ministry of Health, Labour and Welfare",2024 Vital Statistics final landing page,https://www.mhlw.go.jp/toukei/saikin/hw/jinkou/kakutei24/,data/raw/mhlw/2024_vital_statistics_final_page.html,845451e86fbc4252d67cad6c2561e65ee5786130699a50f0748b501d4b6909eb,14035,RAW_OFFICIAL_METADATA,www.mhlw.go.jp,SITE_TERMS_ALLOW_REUSE_WITH_ATTRIBUTION,https://www.mhlw.go.jp/chosakuken/,2026-09-13,EXCLUDE_RAW_ACQUIRE_EXTERNALLY,"Retrieve from https://www.mhlw.go.jp/toukei/saikin/hw/jinkou/kakutei24/ and verify SHA-256 845451e86fbc4252d67cad6c2561e65ee5786130699a50f0748b501d4b6909eb; if bytes differ, treat the upstream source as changed and do not silently substitute.",NONE_DECLARED_IN_SOURCE_CATALOG,CITE_PUBLISHER_TITLE_AND_SOURCE_URL,SOURCE_OR_EMBEDDED_THIRD_PARTY_RIGHTS_MAY_OVERRIDE_SITE_TERMS,"PDL1.0-style reuse terms apply subject to attribution, third-party rights, and content-specific exceptions."
MHLW-VITAL-2024-T1,"Ministry of Health, Labour and Welfare",2024 Vital Statistics final - Table 1,https://www.mhlw.go.jp/toukei/saikin/hw/jinkou/kakutei24/dl/03_h1.pdf,data/raw/mhlw/2024_vital_table1.pdf,d89fd0b59195c2d6943306485472ae553a6cf1a92dd0236c6d93a5a18a545ecc,364190,RAW_OFFICIAL,www.mhlw.go.jp,SITE_TERMS_ALLOW_REUSE_WITH_ATTRIBUTION,https://www.mhlw.go.jp/chosakuken/,2026-09-13,EXCLUDE_RAW_ACQUIRE_EXTERNALLY,"Retrieve from https://www.mhlw.go.jp/toukei/saikin/hw/jinkou/kakutei24/dl/03_h1.pdf and verify SHA-256 d89fd0b59195c2d6943306485472ae553a6cf1a92dd0236c6d93a5a18a545ecc; if bytes differ, treat the upstream source as changed and do not silently substitute.",NONE_DECLARED_IN_SOURCE_CATALOG,CITE_PUBLISHER_TITLE_AND_SOURCE_URL,SOURCE_OR_EMBEDDED_THIRD_PARTY_RIGHTS_MAY_OVERRIDE_SITE_TERMS,"PDL1.0-style reuse terms apply subject to attribution, third-party rights, and content-specific exceptions."
MHLW-VITAL-2024-T2,"Ministry of Health, Labour and Welfare",2024 Vital Statistics final - Table 2 annual trend,https://www.mhlw.go.jp/toukei/saikin/hw/jinkou/kakutei24/dl/04_h2.pdf,data/raw/mhlw/2024_vital_trend_table2.pdf,db3394548d4ac1e4715297d8bd04e80800c6440fdc9952414edfd87b914384a8,1439880,RAW_OFFICIAL,www.mhlw.go.jp,SITE_TERMS_ALLOW_REUSE_WITH_ATTRIBUTION,https://www.mhlw.go.jp/chosakuken/,2026-09-13,EXCLUDE_RAW_ACQUIRE_EXTERNALLY,"Retrieve from https://www.mhlw.go.jp/toukei/saikin/hw/jinkou/kakutei24/dl/04_h2.pdf and verify SHA-256 db3394548d4ac1e4715297d8bd04e80800c6440fdc9952414edfd87b914384a8; if bytes differ, treat the upstream source as changed and do not silently substitute.",NONE_DECLARED_IN_SOURCE_CATALOG,CITE_PUBLISHER_TITLE_AND_SOURCE_URL,SOURCE_OR_EMBEDDED_THIRD_PARTY_RIGHTS_MAY_OVERRIDE_SITE_TERMS,"PDL1.0-style reuse terms apply subject to attribution, third-party rights, and content-specific exceptions."
MOF-2019-CONSUMPTION-TAX-HIKE,Ministry of Finance,"Consumption Tax rate hike (October 1, 2019)",https://www.mof.go.jp/english/policy/tax_policy/consumption_tax/index.html,data/raw/vat_incidence/mof_2019_consumption_tax_hike.html,8824d30b2fb4ce1be09a9089215a4c0519fb3a70d92790223e763dde2c579a73,22871,RAW_OFFICIAL_METADATA,www.mof.go.jp,SITE_TERMS_ALLOW_REUSE_WITH_ATTRIBUTION,https://www.mof.go.jp/about_mof/notice/index.html,2026-09-13,EXCLUDE_RAW_ACQUIRE_EXTERNALLY,"Retrieve from https://www.mof.go.jp/english/policy/tax_policy/consumption_tax/index.html and verify SHA-256 8824d30b2fb4ce1be09a9089215a4c0519fb3a70d92790223e763dde2c579a73; if bytes differ, treat the upstream source as changed and do not silently substitute.",NONE_DECLARED_IN_SOURCE_CATALOG,CITE_PUBLISHER_TITLE_AND_SOURCE_URL,SOURCE_OR_EMBEDDED_THIRD_PARTY_RIGHTS_MAY_OVERRIDE_SITE_TERMS,"PDL1.0-style reuse terms apply subject to attribution, third-party rights, and content-specific exceptions."
MOF-CONSUMPTION-TAX-RATE-HISTORY,Ministry of Finance,History of Japanese taxes: consumption-tax standard-rate introduction and increases,https://www.mof.go.jp/tax_information/qanda015.html,data/raw/vat_incidence/mof_consumption_tax_rate_history.html,739217b9e11f414fed31e51eece41ddc9a6fdb23e2bab13d91d48f3bf49900a3,26163,RAW_OFFICIAL_METADATA,www.mof.go.jp,SITE_TERMS_ALLOW_REUSE_WITH_ATTRIBUTION,https://www.mof.go.jp/about_mof/notice/index.html,2026-09-13,EXCLUDE_RAW_ACQUIRE_EXTERNALLY,"Retrieve from https://www.mof.go.jp/tax_information/qanda015.html and verify SHA-256 739217b9e11f414fed31e51eece41ddc9a6fdb23e2bab13d91d48f3bf49900a3; if bytes differ, treat the upstream source as changed and do not silently substitute.",NONE_DECLARED_IN_SOURCE_CATALOG,CITE_PUBLISHER_TITLE_AND_SOURCE_URL,SOURCE_OR_EMBEDDED_THIRD_PARTY_RIGHTS_MAY_OVERRIDE_SITE_TERMS,"PDL1.0-style reuse terms apply subject to attribution, third-party rights, and content-specific exceptions."
MOF-CONSUMPTION-TAX-SME-EXEMPTION-THRESHOLD,Ministry of Finance,Consumption-tax special measures for SMEs and small businesses,https://www.mof.go.jp/tax_policy/summary/consumption/d06.htm,data/raw/vat_compliance/mof_consumption_tax_sme_exemption_threshold.html,0ba2fec17b051245e96babcb54853b98edc6cc6dd5f5556562cf5501c94c4146,32415,RAW_OFFICIAL_METADATA,www.mof.go.jp,SITE_TERMS_ALLOW_REUSE_WITH_ATTRIBUTION,https://www.mof.go.jp/about_mof/notice/index.html,2026-09-13,EXCLUDE_RAW_ACQUIRE_EXTERNALLY,"Retrieve from https://www.mof.go.jp/tax_policy/summary/consumption/d06.htm and verify SHA-256 0ba2fec17b051245e96babcb54853b98edc6cc6dd5f5556562cf5501c94c4146; if bytes differ, treat the upstream source as changed and do not silently substitute.",NONE_DECLARED_IN_SOURCE_CATALOG,CITE_PUBLISHER_TITLE_AND_SOURCE_URL,SOURCE_OR_EMBEDDED_THIRD_PARTY_RIGHTS_MAY_OVERRIDE_SITE_TERMS,"PDL1.0-style reuse terms apply subject to attribution, third-party rights, and content-specific exceptions."
MOF-FY2024-TREASURY-REVENUE-2025-07,Ministry of Finance,Treasury Revenue and Expenditure Status: FY2024 revenue through July 2025,https://www.mof.go.jp/policy/budget/report/revenue_and_expenditure/fy2024/0707a.html,data/raw/mof/fy2024_treasury_revenue_2025_07.html,20670bb317eeef1e69a8a910cb43efc50b7df7ae58c6324a23909c7433f1c243,48959,RAW_OFFICIAL,www.mof.go.jp,SITE_TERMS_ALLOW_REUSE_WITH_ATTRIBUTION,https://www.mof.go.jp/about_mof/notice/index.html,2026-09-13,EXCLUDE_RAW_ACQUIRE_EXTERNALLY,"Retrieve from https://www.mof.go.jp/policy/budget/report/revenue_and_expenditure/fy2024/0707a.html and verify SHA-256 20670bb317eeef1e69a8a910cb43efc50b7df7ae58c6324a23909c7433f1c243; if bytes differ, treat the upstream source as changed and do not silently substitute.",NONE_DECLARED_IN_SOURCE_CATALOG,CITE_PUBLISHER_TITLE_AND_SOURCE_URL,SOURCE_OR_EMBEDDED_THIRD_PARTY_RIGHTS_MAY_OVERRIDE_SITE_TERMS,"PDL1.0-style reuse terms apply subject to attribution, third-party rights, and content-specific exceptions."
NSTAC-CUSTOM-TABULATION-GUIDANCE,National Statistics Center,Custom-made tabulation service guidance and currently available surveys,https://www.nstac.go.jp/use/archives/order/,data/raw/objective_rank/nstac_custom_tabulation_guidance.html,c01a901f05ddc1c1200e376863f05d565c48d41a818ca98a88856af30ac3a023,105091,RAW_OFFICIAL_ACCESS_METADATA,www.nstac.go.jp,SITE_TERMS_ALLOW_REUSE_WITH_ATTRIBUTION,https://www.nstac.go.jp/info/site-policy/,2026-09-13,EXCLUDE_RAW_ACQUIRE_EXTERNALLY,"Retrieve from https://www.nstac.go.jp/use/archives/order/ and verify SHA-256 c01a901f05ddc1c1200e376863f05d565c48d41a818ca98a88856af30ac3a023; if bytes differ, treat the upstream source as changed and do not silently substitute.",NONE_DECLARED_IN_SOURCE_CATALOG,CITE_PUBLISHER_TITLE_AND_SOURCE_URL,SOURCE_OR_EMBEDDED_THIRD_PARTY_RIGHTS_MAY_OVERRIDE_SITE_TERMS,"Statistics Center terms allow reuse with attribution, subject to third-party rights and listed exceptions."
NTA-2024-ANNUAL-T23-INCOME-TYPE,National Tax Agency,2024 Annual Statistics Table 2-3 - persons and income by income type,https://www.nta.go.jp/publication/statistics/kokuzeicho/shinkoku2024/pdf/02_syotokushu.pdf,data/raw/nta/nta_2024_annual_income_type_persons_amounts.pdf,70bb66e22010b9642d7015c9e765432c01b017caa2e1498c25013bdd95e4e5ce,1116897,RAW_OFFICIAL,www.nta.go.jp,SITE_TERMS_ALLOW_REUSE_WITH_ATTRIBUTION,https://www.nta.go.jp/chuijiko/copy.htm,2026-09-13,EXCLUDE_RAW_ACQUIRE_EXTERNALLY,"Retrieve from https://www.nta.go.jp/publication/statistics/kokuzeicho/shinkoku2024/pdf/02_syotokushu.pdf and verify SHA-256 70bb66e22010b9642d7015c9e765432c01b017caa2e1498c25013bdd95e4e5ce; if bytes differ, treat the upstream source as changed and do not silently substitute.",NONE_DECLARED_IN_SOURCE_CATALOG,CITE_PUBLISHER_TITLE_AND_SOURCE_URL,SOURCE_OR_EMBEDDED_THIRD_PARTY_RIGHTS_MAY_OVERRIDE_SITE_TERMS,"PDL1.0-style reuse terms apply subject to attribution, third-party rights, and content-specific exceptions."
NTA-2024-ANNUAL-TABLE-NOTES,National Tax Agency,2024 Annual Statistics self-assessment income-tax table notes,https://www.nta.go.jp/publication/statistics/kokuzeicho/shinkoku2024/pdf/02_tokeihyo.pdf,data/raw/nta/nta_2024_annual_self_assessment_table_notes.pdf,24cd4a7bcd745a83d343f53837b21e26f3a34af13ecde519b4e885e0b1c690f9,331258,RAW_OFFICIAL_METADATA,www.nta.go.jp,SITE_TERMS_ALLOW_REUSE_WITH_ATTRIBUTION,https://www.nta.go.jp/chuijiko/copy.htm,2026-09-13,EXCLUDE_RAW_ACQUIRE_EXTERNALLY,"Retrieve from https://www.nta.go.jp/publication/statistics/kokuzeicho/shinkoku2024/pdf/02_tokeihyo.pdf and verify SHA-256 24cd4a7bcd745a83d343f53837b21e26f3a34af13ecde519b4e885e0b1c690f9; if bytes differ, treat the upstream source as changed and do not silently substitute.",NONE_DECLARED_IN_SOURCE_CATALOG,CITE_PUBLISHER_TITLE_AND_SOURCE_URL,SOURCE_OR_EMBEDDED_THIRD_PARTY_RIGHTS_MAY_OVERRIDE_SITE_TERMS,"PDL1.0-style reuse terms apply subject to attribution, third-party rights, and content-specific exceptions."
NTA-2024-PROCESSING-STATUS,National Tax Agency,2024 Self-Assessment Income Tax - filing returns and cases processed,https://www.nta.go.jp/publication/statistics/kokuzeicho/shinkoku2024/pdf/02_kazeijokyo.pdf,data/raw/nta/nta_2024_self_assessment_processing_status.pdf,e8a10581e2167eb9b39a1d84056d2b561250c914cde0dc509ed2c356cfce8351,409806,RAW_OFFICIAL,www.nta.go.jp,SITE_TERMS_ALLOW_REUSE_WITH_ATTRIBUTION,https://www.nta.go.jp/chuijiko/copy.htm,2026-09-13,EXCLUDE_RAW_ACQUIRE_EXTERNALLY,"Retrieve from https://www.nta.go.jp/publication/statistics/kokuzeicho/shinkoku2024/pdf/02_kazeijokyo.pdf and verify SHA-256 e8a10581e2167eb9b39a1d84056d2b561250c914cde0dc509ed2c356cfce8351; if bytes differ, treat the upstream source as changed and do not silently substitute.",NONE_DECLARED_IN_SOURCE_CATALOG,CITE_PUBLISHER_TITLE_AND_SOURCE_URL,SOURCE_OR_EMBEDDED_THIRD_PARTY_RIGHTS_MAY_OVERRIDE_SITE_TERMS,"PDL1.0-style reuse terms apply subject to attribution, third-party rights, and content-specific exceptions."
NTA-2024-RETURN-PRESS-T31,National Tax Agency,2024 final-return filing situation press release - Table 3-1 primary income category,https://www.nta.go.jp/topics/pdf/0025005-063.pdf,data/raw/nta/nta_2024_final_return_press_table31.pdf,54f30a1f26da7e93c42a0d5255ad3825d6df578321dd65fc9099d435698c4978,2648694,RAW_OFFICIAL,www.nta.go.jp,SITE_TERMS_ALLOW_REUSE_WITH_ATTRIBUTION,https://www.nta.go.jp/chuijiko/copy.htm,2026-09-13,EXCLUDE_RAW_ACQUIRE_EXTERNALLY,"Retrieve from https://www.nta.go.jp/topics/pdf/0025005-063.pdf and verify SHA-256 54f30a1f26da7e93c42a0d5255ad3825d6df578321dd65fc9099d435698c4978; if bytes differ, treat the upstream source as changed and do not silently substitute.",NONE_DECLARED_IN_SOURCE_CATALOG,CITE_PUBLISHER_TITLE_AND_SOURCE_URL,SOURCE_OR_EMBEDDED_THIRD_PARTY_RIGHTS_MAY_OVERRIDE_SITE_TERMS,"PDL1.0-style reuse terms apply subject to attribution, third-party rights, and content-specific exceptions."
NTA-2024-SALARY-FILING-REQUIREMENT,National Tax Agency,2024 filing guidance - salary earners required to file a final return,https://www.keisan.nta.go.jp/r6yokuaru/cat2/cat21/cat213/cid405.html,data/raw/nta/nta_2024_salary_final_return_requirement.html,a759d06efa32cf73164dc8d6f6a3d74faf4409cf2988bdadeda9825b5f8a7c3a,15291,RAW_OFFICIAL_METADATA,www.keisan.nta.go.jp,SITE_TERMS_ALLOW_REUSE_WITH_ATTRIBUTION,https://www.nta.go.jp/chuijiko/copy.htm,2026-09-13,EXCLUDE_RAW_ACQUIRE_EXTERNALLY,"Retrieve from https://www.keisan.nta.go.jp/r6yokuaru/cat2/cat21/cat213/cid405.html and verify SHA-256 a759d06efa32cf73164dc8d6f6a3d74faf4409cf2988bdadeda9825b5f8a7c3a; if bytes differ, treat the upstream source as changed and do not silently substitute.",NONE_DECLARED_IN_SOURCE_CATALOG,CITE_PUBLISHER_TITLE_AND_SOURCE_URL,SOURCE_OR_EMBEDDED_THIRD_PARTY_RIGHTS_MAY_OVERRIDE_SITE_TERMS,"NTA terms explicitly apply to the tax-return preparation subdomain; PDL1.0 reuse terms apply subject to attribution, third-party rights, and content-specific exceptions."
NTA-2024-SHINKOKU-SAMPLE,National Tax Agency,2024 Sample Survey for Self-Assessment Income Tax,https://www.nta.go.jp/publication/statistics/kokuzeicho/shinkokuhyohon2024/pdf/R06.pdf,data/raw/nta/nta_2024_shinkoku_sample_survey.pdf,fb5ba4e1c80e49ee3cb4c19c9ff14b80646d3e8071184e6677f71841199ab6e4,1306979,RAW_OFFICIAL,www.nta.go.jp,SITE_TERMS_ALLOW_REUSE_WITH_ATTRIBUTION,https://www.nta.go.jp/chuijiko/copy.htm,2026-09-13,EXCLUDE_RAW_ACQUIRE_EXTERNALLY,"Retrieve from https://www.nta.go.jp/publication/statistics/kokuzeicho/shinkokuhyohon2024/pdf/R06.pdf and verify SHA-256 fb5ba4e1c80e49ee3cb4c19c9ff14b80646d3e8071184e6677f71841199ab6e4; if bytes differ, treat the upstream source as changed and do not silently substitute.",NONE_DECLARED_IN_SOURCE_CATALOG,CITE_PUBLISHER_TITLE_AND_SOURCE_URL,SOURCE_OR_EMBEDDED_THIRD_PARTY_RIGHTS_MAY_OVERRIDE_SITE_TERMS,"PDL1.0-style reuse terms apply subject to attribution, third-party rights, and content-specific exceptions."
NTA-2024-SHINKOKU-T1-XLSX,National Tax Agency,2024 Sample Survey for Self-Assessment Income Tax Table 1 - Summary Table,https://www.nta.go.jp/publication/statistics/kokuzeicho/shinkokuhyohon2024/xls/R06_01.xlsx,data/raw/nta/nta_2024_shinkoku_sample_table1_summary.xlsx,df23218947cf02235dbb526ab7a9315fd0475ed37e4aa064be7d06dbe23e99f8,32752,RAW_OFFICIAL,www.nta.go.jp,SITE_TERMS_ALLOW_REUSE_WITH_ATTRIBUTION,https://www.nta.go.jp/chuijiko/copy.htm,2026-09-13,EXCLUDE_RAW_ACQUIRE_EXTERNALLY,"Retrieve from https://www.nta.go.jp/publication/statistics/kokuzeicho/shinkokuhyohon2024/xls/R06_01.xlsx and verify SHA-256 df23218947cf02235dbb526ab7a9315fd0475ed37e4aa064be7d06dbe23e99f8; if bytes differ, treat the upstream source as changed and do not silently substitute.",NONE_DECLARED_IN_SOURCE_CATALOG,CITE_PUBLISHER_TITLE_AND_SOURCE_URL,SOURCE_OR_EMBEDDED_THIRD_PARTY_RIGHTS_MAY_OVERRIDE_SITE_TERMS,"PDL1.0-style reuse terms apply subject to attribution, third-party rights, and content-specific exceptions."
NTA-2024-SHINKOKU-T2-PDF,National Tax Agency,2024 Sample Survey for Self-Assessment Income Tax Table 2 - Income Type Table PDF,https://www.nta.go.jp/publication/statistics/kokuzeicho/shinkokuhyohon2024/pdf/R06_02.pdf,data/raw/nta/nta_2024_shinkoku_sample_table2.pdf,9ebc7580d3922d7dfaba87e143d15d41307beb289960285734512601bb91ab26,312102,RAW_OFFICIAL,www.nta.go.jp,SITE_TERMS_ALLOW_REUSE_WITH_ATTRIBUTION,https://www.nta.go.jp/chuijiko/copy.htm,2026-09-13,EXCLUDE_RAW_ACQUIRE_EXTERNALLY,"Retrieve from https://www.nta.go.jp/publication/statistics/kokuzeicho/shinkokuhyohon2024/pdf/R06_02.pdf and verify SHA-256 9ebc7580d3922d7dfaba87e143d15d41307beb289960285734512601bb91ab26; if bytes differ, treat the upstream source as changed and do not silently substitute.",NONE_DECLARED_IN_SOURCE_CATALOG,CITE_PUBLISHER_TITLE_AND_SOURCE_URL,SOURCE_OR_EMBEDDED_THIRD_PARTY_RIGHTS_MAY_OVERRIDE_SITE_TERMS,"PDL1.0-style reuse terms apply subject to attribution, third-party rights, and content-specific exceptions."
NTA-2024-SHINKOKU-T2-XLSX,National Tax Agency,2024 Sample Survey for Self-Assessment Income Tax Table 2 - Income Type Table,https://www.nta.go.jp/publication/statistics/kokuzeicho/shinkokuhyohon2024/xls/R06_02.xlsx,data/raw/nta/nta_2024_shinkoku_sample_table2.xlsx,a134dc943714152ae351316b3442d8171705c65076c2b7e2f0a0aee7a7e1c791,73355,RAW_OFFICIAL,www.nta.go.jp,SITE_TERMS_ALLOW_REUSE_WITH_ATTRIBUTION,https://www.nta.go.jp/chuijiko/copy.htm,2026-09-13,EXCLUDE_RAW_ACQUIRE_EXTERNALLY,"Retrieve from https://www.nta.go.jp/publication/statistics/kokuzeicho/shinkokuhyohon2024/xls/R06_02.xlsx and verify SHA-256 a134dc943714152ae351316b3442d8171705c65076c2b7e2f0a0aee7a7e1c791; if bytes differ, treat the upstream source as changed and do not silently substitute.",NONE_DECLARED_IN_SOURCE_CATALOG,CITE_PUBLISHER_TITLE_AND_SOURCE_URL,SOURCE_OR_EMBEDDED_THIRD_PARTY_RIGHTS_MAY_OVERRIDE_SITE_TERMS,"PDL1.0-style reuse terms apply subject to attribution, third-party rights, and content-specific exceptions."
NTA-2024-SHINKOKU-T4-XLSX,National Tax Agency,2024 Sample Survey for Self-Assessment Income Tax Table 4 - Tax Credits Table,https://www.nta.go.jp/publication/statistics/kokuzeicho/shinkokuhyohon2024/xls/R06_04.xlsx,data/raw/nta/nta_2024_shinkoku_sample_table4_tax_credits.xlsx,172c4c315fb146cac0b3f7beaef65bedbac07634b0f79cae0ee12635980b6da2,26548,RAW_OFFICIAL,www.nta.go.jp,SITE_TERMS_ALLOW_REUSE_WITH_ATTRIBUTION,https://www.nta.go.jp/chuijiko/copy.htm,2026-09-13,EXCLUDE_RAW_ACQUIRE_EXTERNALLY,"Retrieve from https://www.nta.go.jp/publication/statistics/kokuzeicho/shinkokuhyohon2024/xls/R06_04.xlsx and verify SHA-256 172c4c315fb146cac0b3f7beaef65bedbac07634b0f79cae0ee12635980b6da2; if bytes differ, treat the upstream source as changed and do not silently substitute.",NONE_DECLARED_IN_SOURCE_CATALOG,CITE_PUBLISHER_TITLE_AND_SOURCE_URL,SOURCE_OR_EMBEDDED_THIRD_PARTY_RIGHTS_MAY_OVERRIDE_SITE_TERMS,"PDL1.0-style reuse terms apply subject to attribution, third-party rights, and content-specific exceptions."
NTA-2024-SHINKOKU-T5-XLSX,National Tax Agency,2024 Sample Survey for Self-Assessment Income Tax Table 5 - Withholding Tax Table,https://www.nta.go.jp/publication/statistics/kokuzeicho/shinkokuhyohon2024/xls/R06_05.xlsx,data/raw/nta/nta_2024_shinkoku_sample_table5_withholding.xlsx,4f74c500b213630eceeb0099939529b9a370378e8cfddbe6e5173dd128774088,30781,RAW_OFFICIAL,www.nta.go.jp,SITE_TERMS_ALLOW_REUSE_WITH_ATTRIBUTION,https://www.nta.go.jp/chuijiko/copy.htm,2026-09-13,EXCLUDE_RAW_ACQUIRE_EXTERNALLY,"Retrieve from https://www.nta.go.jp/publication/statistics/kokuzeicho/shinkokuhyohon2024/xls/R06_05.xlsx and verify SHA-256 4f74c500b213630eceeb0099939529b9a370378e8cfddbe6e5173dd128774088; if bytes differ, treat the upstream source as changed and do not silently substitute.",NONE_DECLARED_IN_SOURCE_CATALOG,CITE_PUBLISHER_TITLE_AND_SOURCE_URL,SOURCE_OR_EMBEDDED_THIRD_PARTY_RIGHTS_MAY_OVERRIDE_SITE_TERMS,"PDL1.0-style reuse terms apply subject to attribution, third-party rights, and content-specific exceptions."
NTA-2024-SHINKOKU-T7-PDF,National Tax Agency,2024 Sample Survey for Self-Assessment Income Tax Table 7 - Salary Receipt Class Table PDF,https://www.nta.go.jp/publication/statistics/kokuzeicho/shinkokuhyohon2024/pdf/R06_07.pdf,data/raw/nta/nta_2024_shinkoku_sample_table7_salary_receipts.pdf,edb9e08376628e9b8de1f3815e6198a6ab96cfdb73ebbc5b4074ac8af3376ebc,227692,RAW_OFFICIAL,www.nta.go.jp,SITE_TERMS_ALLOW_REUSE_WITH_ATTRIBUTION,https://www.nta.go.jp/chuijiko/copy.htm,2026-09-13,EXCLUDE_RAW_ACQUIRE_EXTERNALLY,"Retrieve from https://www.nta.go.jp/publication/statistics/kokuzeicho/shinkokuhyohon2024/pdf/R06_07.pdf and verify SHA-256 edb9e08376628e9b8de1f3815e6198a6ab96cfdb73ebbc5b4074ac8af3376ebc; if bytes differ, treat the upstream source as changed and do not silently substitute.",NONE_DECLARED_IN_SOURCE_CATALOG,CITE_PUBLISHER_TITLE_AND_SOURCE_URL,SOURCE_OR_EMBEDDED_THIRD_PARTY_RIGHTS_MAY_OVERRIDE_SITE_TERMS,"PDL1.0-style reuse terms apply subject to attribution, third-party rights, and content-specific exceptions."
NTA-2024-SHINKOKU-T7-XLSX,National Tax Agency,2024 Sample Survey for Self-Assessment Income Tax Table 7 - Salary Receipt Class Table,https://www.nta.go.jp/publication/statistics/kokuzeicho/shinkokuhyohon2024/xls/R06_07.xlsx,data/raw/nta/nta_2024_shinkoku_sample_table7_salary_receipts.xlsx,626eec739f998eddfffcada85061d8050073d43a4fb05f5f7532603001213680,19104,RAW_OFFICIAL,www.nta.go.jp,SITE_TERMS_ALLOW_REUSE_WITH_ATTRIBUTION,https://www.nta.go.jp/chuijiko/copy.htm,2026-09-13,EXCLUDE_RAW_ACQUIRE_EXTERNALLY,"Retrieve from https://www.nta.go.jp/publication/statistics/kokuzeicho/shinkokuhyohon2024/xls/R06_07.xlsx and verify SHA-256 626eec739f998eddfffcada85061d8050073d43a4fb05f5f7532603001213680; if bytes differ, treat the upstream source as changed and do not silently substitute.",NONE_DECLARED_IN_SOURCE_CATALOG,CITE_PUBLISHER_TITLE_AND_SOURCE_URL,SOURCE_OR_EMBEDDED_THIRD_PARTY_RIGHTS_MAY_OVERRIDE_SITE_TERMS,"PDL1.0-style reuse terms apply subject to attribution, third-party rights, and content-specific exceptions."
NTA-2026-DEPENDENT-DEDUCTION,National Tax Agency,2026 withholding declaration instructions - dependent deduction amounts,https://www.nta.go.jp/taxes/tetsuzuki/shinsei/annai/gensen/pdf/2026bun_08.pdf,data/raw/nta/nta_2026_dependent_deduction_amounts.pdf,430721c32e4d35a84a40670089f761ffacfb3b494c8050a982e43c4f516bce00,1759277,RAW_OFFICIAL,www.nta.go.jp,SITE_TERMS_ALLOW_REUSE_WITH_ATTRIBUTION,https://www.nta.go.jp/chuijiko/copy.htm,2026-09-13,EXCLUDE_RAW_ACQUIRE_EXTERNALLY,"Retrieve from https://www.nta.go.jp/taxes/tetsuzuki/shinsei/annai/gensen/pdf/2026bun_08.pdf and verify SHA-256 430721c32e4d35a84a40670089f761ffacfb3b494c8050a982e43c4f516bce00; if bytes differ, treat the upstream source as changed and do not silently substitute.",NONE_DECLARED_IN_SOURCE_CATALOG,CITE_PUBLISHER_TITLE_AND_SOURCE_URL,SOURCE_OR_EMBEDDED_THIRD_PARTY_RIGHTS_MAY_OVERRIDE_SITE_TERMS,"PDL1.0-style reuse terms apply subject to attribution, third-party rights, and content-specific exceptions."
NTA-2026-INCOME-TAX,National Tax Agency,Income tax mechanism - 2026,https://www.nta.go.jp/publication/pamph/koho/kurashi/html/01_1.htm,data/raw/nta/nta_2026_income_tax_mechanism.html,4c7450ea67d9a33995916f6e29da8cf05810448b4694d81b83a5c213b1fa7a86,13902,RAW_OFFICIAL,www.nta.go.jp,SITE_TERMS_ALLOW_REUSE_WITH_ATTRIBUTION,https://www.nta.go.jp/chuijiko/copy.htm,2026-09-13,EXCLUDE_RAW_ACQUIRE_EXTERNALLY,"Retrieve from https://www.nta.go.jp/publication/pamph/koho/kurashi/html/01_1.htm and verify SHA-256 4c7450ea67d9a33995916f6e29da8cf05810448b4694d81b83a5c213b1fa7a86; if bytes differ, treat the upstream source as changed and do not silently substitute.",NONE_DECLARED_IN_SOURCE_CATALOG,CITE_PUBLISHER_TITLE_AND_SOURCE_URL,SOURCE_OR_EMBEDDED_THIRD_PARTY_RIGHTS_MAY_OVERRIDE_SITE_TERMS,"PDL1.0-style reuse terms apply subject to attribution, third-party rights, and content-specific exceptions."
NTA-2026-PENSION-DETAIL,National Tax Agency,2026 withholding income-tax outline - public pension deduction detail,https://www.nta.go.jp/publication/pamph/gensen/aramashi2026/pdf/06.pdf,data/raw/nta/nta_2026_public_pension_deduction_detail.pdf,d73b46f7b3e855cfd8016251bb699049ec721017e8693ea722cf72e001eb1e71,743850,RAW_OFFICIAL,www.nta.go.jp,SITE_TERMS_ALLOW_REUSE_WITH_ATTRIBUTION,https://www.nta.go.jp/chuijiko/copy.htm,2026-09-13,EXCLUDE_RAW_ACQUIRE_EXTERNALLY,"Retrieve from https://www.nta.go.jp/publication/pamph/gensen/aramashi2026/pdf/06.pdf and verify SHA-256 d73b46f7b3e855cfd8016251bb699049ec721017e8693ea722cf72e001eb1e71; if bytes differ, treat the upstream source as changed and do not silently substitute.",NONE_DECLARED_IN_SOURCE_CATALOG,CITE_PUBLISHER_TITLE_AND_SOURCE_URL,SOURCE_OR_EMBEDDED_THIRD_PARTY_RIGHTS_MAY_OVERRIDE_SITE_TERMS,"PDL1.0-style reuse terms apply subject to attribution, third-party rights, and content-specific exceptions."
NTA-2026-PENSION-TAX,National Tax Agency,Elderly people and tax (pensions) - 2026,https://www.nta.go.jp/publication/pamph/koho/kurashi/html/03_1.htm,data/raw/nta/nta_2026_pension_tax.html,c245594531bd0993895054e77f1e523b516d22496dc1bd8dd32d2d16754bfb57,12597,RAW_OFFICIAL,www.nta.go.jp,SITE_TERMS_ALLOW_REUSE_WITH_ATTRIBUTION,https://www.nta.go.jp/chuijiko/copy.htm,2026-09-13,EXCLUDE_RAW_ACQUIRE_EXTERNALLY,"Retrieve from https://www.nta.go.jp/publication/pamph/koho/kurashi/html/03_1.htm and verify SHA-256 c245594531bd0993895054e77f1e523b516d22496dc1bd8dd32d2d16754bfb57; if bytes differ, treat the upstream source as changed and do not silently substitute.",NONE_DECLARED_IN_SOURCE_CATALOG,CITE_PUBLISHER_TITLE_AND_SOURCE_URL,SOURCE_OR_EMBEDDED_THIRD_PARTY_RIGHTS_MAY_OVERRIDE_SITE_TERMS,"PDL1.0-style reuse terms apply subject to attribution, third-party rights, and content-specific exceptions."
NTA-2026-TAX-REFORM,National Tax Agency,April 2026 outline of withholding income-tax reform,https://www.nta.go.jp/publication/pamph/gensen/2026kaisei.pdf,data/raw/nta/nta_2026_withholding_tax_reform.pdf,8db585cd5feef2eb29109a16a2e7b16054a0fa4d6423ac622d9ea12c54b39945,1632234,RAW_OFFICIAL,www.nta.go.jp,SITE_TERMS_ALLOW_REUSE_WITH_ATTRIBUTION,https://www.nta.go.jp/chuijiko/copy.htm,2026-09-13,EXCLUDE_RAW_ACQUIRE_EXTERNALLY,"Retrieve from https://www.nta.go.jp/publication/pamph/gensen/2026kaisei.pdf and verify SHA-256 8db585cd5feef2eb29109a16a2e7b16054a0fa4d6423ac622d9ea12c54b39945; if bytes differ, treat the upstream source as changed and do not silently substitute.",NONE_DECLARED_IN_SOURCE_CATALOG,CITE_PUBLISHER_TITLE_AND_SOURCE_URL,SOURCE_OR_EMBEDDED_THIRD_PARTY_RIGHTS_MAY_OVERRIDE_SITE_TERMS,"PDL1.0-style reuse terms apply subject to attribution, third-party rights, and content-specific exceptions."
NTA-CONSUMPTION-TAX-BASIC,National Tax Agency,Tax Answer No.6101 - basic mechanism of consumption tax,https://www.nta.go.jp/taxes/shiraberu/taxanswer/shohi/6101.htm,data/raw/vat_compliance/nta_consumption_tax_basic_mechanism.html,b5ecdc37b7b5de3376fe64c7bb30f420b0938fe4835dd4d1d7bdfb46184921f1,16878,RAW_OFFICIAL_METADATA,www.nta.go.jp,SITE_TERMS_ALLOW_REUSE_WITH_ATTRIBUTION,https://www.nta.go.jp/chuijiko/copy.htm,2026-09-13,EXCLUDE_RAW_ACQUIRE_EXTERNALLY,"Retrieve from https://www.nta.go.jp/taxes/shiraberu/taxanswer/shohi/6101.htm and verify SHA-256 b5ecdc37b7b5de3376fe64c7bb30f420b0938fe4835dd4d1d7bdfb46184921f1; if bytes differ, treat the upstream source as changed and do not silently substitute.",NONE_DECLARED_IN_SOURCE_CATALOG,CITE_PUBLISHER_TITLE_AND_SOURCE_URL,SOURCE_OR_EMBEDDED_THIRD_PARTY_RIGHTS_MAY_OVERRIDE_SITE_TERMS,"PDL1.0-style reuse terms apply subject to attribution, third-party rights, and content-specific exceptions."
NTA-FY2024-WITHHOLDING-STATUS,National Tax Agency,FY2024 Withholding Income Tax Statistics - taxation status,https://www.nta.go.jp/publication/statistics/kokuzeicho/gensen2024/gensen/pdf/03_kazeijokyo.xlsx,data/raw/nta/nta_fy2024_withholding_income_tax_status.xlsx,87133c85ecaa3ea0a16953ebadb52d25e7b99de85a839148b127179877eb11fb,69711,RAW_OFFICIAL,www.nta.go.jp,SITE_TERMS_ALLOW_REUSE_WITH_ATTRIBUTION,https://www.nta.go.jp/chuijiko/copy.htm,2026-09-13,EXCLUDE_RAW_ACQUIRE_EXTERNALLY,"Retrieve from https://www.nta.go.jp/publication/statistics/kokuzeicho/gensen2024/gensen/pdf/03_kazeijokyo.xlsx and verify SHA-256 87133c85ecaa3ea0a16953ebadb52d25e7b99de85a839148b127179877eb11fb; if bytes differ, treat the upstream source as changed and do not silently substitute.",NONE_DECLARED_IN_SOURCE_CATALOG,CITE_PUBLISHER_TITLE_AND_SOURCE_URL,SOURCE_OR_EMBEDDED_THIRD_PARTY_RIGHTS_MAY_OVERRIDE_SITE_TERMS,"PDL1.0-style reuse terms apply subject to attribution, third-party rights, and content-specific exceptions."
NTA-INCOME-TAX-RATE-2260,National Tax Agency,Tax Answer No.2260 - income tax rates,https://www.nta.go.jp/taxes/shiraberu/taxanswer/shotoku/2260.htm,data/raw/nta/nta_income_tax_answer_2260_rates.html,b3c03d163fa7ee33870b3c96a9b07ba084c2fb25a56afe5ff75b7117808c2171,20221,RAW_OFFICIAL,www.nta.go.jp,SITE_TERMS_ALLOW_REUSE_WITH_ATTRIBUTION,https://www.nta.go.jp/chuijiko/copy.htm,2026-09-13,EXCLUDE_RAW_ACQUIRE_EXTERNALLY,"Retrieve from https://www.nta.go.jp/taxes/shiraberu/taxanswer/shotoku/2260.htm and verify SHA-256 b3c03d163fa7ee33870b3c96a9b07ba084c2fb25a56afe5ff75b7117808c2171; if bytes differ, treat the upstream source as changed and do not silently substitute.",NONE_DECLARED_IN_SOURCE_CATALOG,CITE_PUBLISHER_TITLE_AND_SOURCE_URL,SOURCE_OR_EMBEDDED_THIRD_PARTY_RIGHTS_MAY_OVERRIDE_SITE_TERMS,"PDL1.0-style reuse terms apply subject to attribution, third-party rights, and content-specific exceptions."
NTA-INFO-EXCHANGE-2024,National Tax Agency,FY2024 status of information exchange under tax treaties,https://www.nta.go.jp/information/release/pdf/0026001-016.pdf,data/raw/nta/nta_fy2024_tax_treaty_information_exchange.pdf,a3299656b33d37d30c541f7495c07f409218ae1d81f1e273ee0c3aa58e96faab,1701795,RAW_OFFICIAL,www.nta.go.jp,SITE_TERMS_ALLOW_REUSE_WITH_ATTRIBUTION,https://www.nta.go.jp/chuijiko/copy.htm,2026-09-13,EXCLUDE_RAW_ACQUIRE_EXTERNALLY,"Retrieve from https://www.nta.go.jp/information/release/pdf/0026001-016.pdf and verify SHA-256 a3299656b33d37d30c541f7495c07f409218ae1d81f1e273ee0c3aa58e96faab; if bytes differ, treat the upstream source as changed and do not silently substitute.",NONE_DECLARED_IN_SOURCE_CATALOG,CITE_PUBLISHER_TITLE_AND_SOURCE_URL,SOURCE_OR_EMBEDDED_THIRD_PARTY_RIGHTS_MAY_OVERRIDE_SITE_TERMS,"PDL1.0-style reuse terms apply subject to attribution, third-party rights, and content-specific exceptions."
NTA-INVOICE-REGISTRATION-NUMBER-RULE,National Tax Agency,Qualified-invoice issuer registration-number construction rule,https://www.keisan.nta.go.jp/r4yokuaru/shohizei/ippankazei/shiirezeigakukojo/tekikakuseikyuusyo.html,data/raw/vat_linkage/nta_invoice_registration_number_rule.html,f046ecd6a2cc253174752cdd1fe07830450d464b1cafa6d4f37d4a3f573c13f0,22349,RAW_OFFICIAL_LINKAGE_METADATA,www.keisan.nta.go.jp,SITE_TERMS_ALLOW_REUSE_WITH_ATTRIBUTION,https://www.nta.go.jp/chuijiko/copy.htm,2026-09-13,EXCLUDE_RAW_ACQUIRE_EXTERNALLY,"Retrieve from https://www.keisan.nta.go.jp/r4yokuaru/shohizei/ippankazei/shiirezeigakukojo/tekikakuseikyuusyo.html and verify SHA-256 f046ecd6a2cc253174752cdd1fe07830450d464b1cafa6d4f37d4a3f573c13f0; if bytes differ, treat the upstream source as changed and do not silently substitute.",NONE_DECLARED_IN_SOURCE_CATALOG,CITE_PUBLISHER_TITLE_AND_SOURCE_URL,SOURCE_OR_EMBEDDED_THIRD_PARTY_RIGHTS_MAY_OVERRIDE_SITE_TERMS,"NTA terms explicitly apply to the tax-return preparation subdomain; PDL1.0 reuse terms apply subject to attribution, third-party rights, and content-specific exceptions."
NTA-INVOICE-SYSTEM-OVERVIEW,National Tax Agency,Invoice system overview,https://www.nta.go.jp/taxes/shiraberu/zeimokubetsu/shohi/keigenzeiritsu/invoice_about.htm,data/raw/vat_compliance/nta_invoice_system_overview.html,f2cb2875e430e1565dbb03685d7952c5c40a3cac9b5ed6486b55f8c12c58c8a1,78273,RAW_OFFICIAL_METADATA,www.nta.go.jp,SITE_TERMS_ALLOW_REUSE_WITH_ATTRIBUTION,https://www.nta.go.jp/chuijiko/copy.htm,2026-09-13,EXCLUDE_RAW_ACQUIRE_EXTERNALLY,"Retrieve from https://www.nta.go.jp/taxes/shiraberu/zeimokubetsu/shohi/keigenzeiritsu/invoice_about.htm and verify SHA-256 f2cb2875e430e1565dbb03685d7952c5c40a3cac9b5ed6486b55f8c12c58c8a1; if bytes differ, treat the upstream source as changed and do not silently substitute.",NONE_DECLARED_IN_SOURCE_CATALOG,CITE_PUBLISHER_TITLE_AND_SOURCE_URL,SOURCE_OR_EMBEDDED_THIRD_PARTY_RIGHTS_MAY_OVERRIDE_SITE_TERMS,"PDL1.0-style reuse terms apply subject to attribution, third-party rights, and content-specific exceptions."
NTA-MINKAN-2024-T1,National Tax Agency,"2024 Private Salary Survey Table 1 - salary earners, salary amount and tax",https://www.nta.go.jp/publication/statistics/kokuzeicho/minkan2024/excel/R06_01.xlsx,data/raw/nta/nta_minkan2024_table1_salary_persons_amount_tax.xlsx,e4d957dc0c115a42a8a34dc2cd58a2044c41b237697b2ede23574637a42b3904,26609,RAW_OFFICIAL,www.nta.go.jp,SITE_TERMS_ALLOW_REUSE_WITH_ATTRIBUTION,https://www.nta.go.jp/chuijiko/copy.htm,2026-09-13,EXCLUDE_RAW_ACQUIRE_EXTERNALLY,"Retrieve from https://www.nta.go.jp/publication/statistics/kokuzeicho/minkan2024/excel/R06_01.xlsx and verify SHA-256 e4d957dc0c115a42a8a34dc2cd58a2044c41b237697b2ede23574637a42b3904; if bytes differ, treat the upstream source as changed and do not silently substitute.",NONE_DECLARED_IN_SOURCE_CATALOG,CITE_PUBLISHER_TITLE_AND_SOURCE_URL,SOURCE_OR_EMBEDDED_THIRD_PARTY_RIGHTS_MAY_OVERRIDE_SITE_TERMS,"PDL1.0-style reuse terms apply subject to attribution, third-party rights, and content-specific exceptions."
NTA-MINKAN-2024-T16,National Tax Agency,2024 Private Salary Survey Table 16 - taxpayers/non-taxpayers by salary class,https://www.nta.go.jp/publication/statistics/kokuzeicho/minkan2024/excel/R06_16.xlsx,data/raw/nta/nta_minkan2024_table16_taxpayer_nontaxpayer.xlsx,11b941a52dff3681f0e19415ba095746cd0ed24e54dd6b159521e2145b13c1e6,38372,RAW_OFFICIAL,www.nta.go.jp,SITE_TERMS_ALLOW_REUSE_WITH_ATTRIBUTION,https://www.nta.go.jp/chuijiko/copy.htm,2026-09-13,EXCLUDE_RAW_ACQUIRE_EXTERNALLY,"Retrieve from https://www.nta.go.jp/publication/statistics/kokuzeicho/minkan2024/excel/R06_16.xlsx and verify SHA-256 11b941a52dff3681f0e19415ba095746cd0ed24e54dd6b159521e2145b13c1e6; if bytes differ, treat the upstream source as changed and do not silently substitute.",NONE_DECLARED_IN_SOURCE_CATALOG,CITE_PUBLISHER_TITLE_AND_SOURCE_URL,SOURCE_OR_EMBEDDED_THIRD_PARTY_RIGHTS_MAY_OVERRIDE_SITE_TERMS,"PDL1.0-style reuse terms apply subject to attribution, third-party rights, and content-specific exceptions."
NTA-MINKAN-2024-T17,National Tax Agency,2024 Private Salary Survey Table 17 - deductions by salary class,https://www.nta.go.jp/publication/statistics/kokuzeicho/minkan2024/excel/R06_17.xlsx,data/raw/nta/nta_minkan2024_table17.xlsx,b10882fab0de60802f1b430274527dbf987b20dce6ada348cfd709f9f2d6fee6,180713,RAW_OFFICIAL,www.nta.go.jp,SITE_TERMS_ALLOW_REUSE_WITH_ATTRIBUTION,https://www.nta.go.jp/chuijiko/copy.htm,2026-09-13,EXCLUDE_RAW_ACQUIRE_EXTERNALLY,"Retrieve from https://www.nta.go.jp/publication/statistics/kokuzeicho/minkan2024/excel/R06_17.xlsx and verify SHA-256 b10882fab0de60802f1b430274527dbf987b20dce6ada348cfd709f9f2d6fee6; if bytes differ, treat the upstream source as changed and do not silently substitute.",NONE_DECLARED_IN_SOURCE_CATALOG,CITE_PUBLISHER_TITLE_AND_SOURCE_URL,SOURCE_OR_EMBEDDED_THIRD_PARTY_RIGHTS_MAY_OVERRIDE_SITE_TERMS,"PDL1.0-style reuse terms apply subject to attribution, third-party rights, and content-specific exceptions."
NTA-MINKAN-2024-T19,National Tax Agency,2024 Private Salary Survey Table 19 - salary earners without year-end adjustment,https://www.nta.go.jp/publication/statistics/kokuzeicho/minkan2024/excel/R06_19.xlsx,data/raw/nta/nta_minkan2024_table19_not_year_end_adjusted.xlsx,220b34508d4ff778cf375aabdd097d425aa7ded0f173c40022f51ad2cd2614e4,33271,RAW_OFFICIAL,www.nta.go.jp,SITE_TERMS_ALLOW_REUSE_WITH_ATTRIBUTION,https://www.nta.go.jp/chuijiko/copy.htm,2026-09-13,EXCLUDE_RAW_ACQUIRE_EXTERNALLY,"Retrieve from https://www.nta.go.jp/publication/statistics/kokuzeicho/minkan2024/excel/R06_19.xlsx and verify SHA-256 220b34508d4ff778cf375aabdd097d425aa7ded0f173c40022f51ad2cd2614e4; if bytes differ, treat the upstream source as changed and do not silently substitute.",NONE_DECLARED_IN_SOURCE_CATALOG,CITE_PUBLISHER_TITLE_AND_SOURCE_URL,SOURCE_OR_EMBEDDED_THIRD_PARTY_RIGHTS_MAY_OVERRIDE_SITE_TERMS,"PDL1.0-style reuse terms apply subject to attribution, third-party rights, and content-specific exceptions."
NTA-MINKAN-METHODOLOGY,National Tax Agency,Private Salary Survey methodology and terminology,https://www.nta.go.jp/publication/statistics/kokuzeicho/minkan/top.htm,data/raw/nta/nta_private_salary_survey_methodology.html,4ce6d9a50704b9035fa3e4f0522e519a63ad6f90acde54096326c536212319e8,29871,RAW_OFFICIAL_METADATA,www.nta.go.jp,SITE_TERMS_ALLOW_REUSE_WITH_ATTRIBUTION,https://www.nta.go.jp/chuijiko/copy.htm,2026-09-13,EXCLUDE_RAW_ACQUIRE_EXTERNALLY,"Retrieve from https://www.nta.go.jp/publication/statistics/kokuzeicho/minkan/top.htm and verify SHA-256 4ce6d9a50704b9035fa3e4f0522e519a63ad6f90acde54096326c536212319e8; if bytes differ, treat the upstream source as changed and do not silently substitute.",NONE_DECLARED_IN_SOURCE_CATALOG,CITE_PUBLISHER_TITLE_AND_SOURCE_URL,SOURCE_OR_EMBEDDED_THIRD_PARTY_RIGHTS_MAY_OVERRIDE_SITE_TERMS,"PDL1.0-style reuse terms apply subject to attribution, third-party rights, and content-specific exceptions."
NTA-NAGOYA-2024-SHINKOKU-21-XLSX,National Tax Agency - Nagoya Regional Taxation Bureau,2024 Self-Assessment Income Tax regional Table 2-1 - taxation status,https://www.nta.go.jp/about/organization/nagoya/statistics/r06/xls/2-1.xlsx,data/raw/nta/nta_nagoya_2024_shinkoku_2-1.xlsx,0322d55bdc3c7b07373519bcbd38ae6762098435658222a3ca3be9fbfe5b4e2f,84695,RAW_OFFICIAL,www.nta.go.jp,SITE_TERMS_ALLOW_REUSE_WITH_ATTRIBUTION,https://www.nta.go.jp/chuijiko/copy.htm,2026-09-13,EXCLUDE_RAW_ACQUIRE_EXTERNALLY,"Retrieve from https://www.nta.go.jp/about/organization/nagoya/statistics/r06/xls/2-1.xlsx and verify SHA-256 0322d55bdc3c7b07373519bcbd38ae6762098435658222a3ca3be9fbfe5b4e2f; if bytes differ, treat the upstream source as changed and do not silently substitute.",NONE_DECLARED_IN_SOURCE_CATALOG,CITE_PUBLISHER_TITLE_AND_SOURCE_URL,SOURCE_OR_EMBEDDED_THIRD_PARTY_RIGHTS_MAY_OVERRIDE_SITE_TERMS,"PDL1.0-style reuse terms apply subject to attribution, third-party rights, and content-specific exceptions."
NTA-NAGOYA-2024-SHINKOKU-22-XLSX,National Tax Agency - Nagoya Regional Taxation Bureau,2024 Self-Assessment Income Tax regional Table 2-2 - income-class persons,https://www.nta.go.jp/about/organization/nagoya/statistics/r06/xls/2-2.xlsx,data/raw/nta/nta_nagoya_2024_shinkoku_2-2.xlsx,6afa9f4cf9235401e5f12aa642fcf293e868a3e3acd09c2a8454ca558feec42e,222006,RAW_OFFICIAL,www.nta.go.jp,SITE_TERMS_ALLOW_REUSE_WITH_ATTRIBUTION,https://www.nta.go.jp/chuijiko/copy.htm,2026-09-13,EXCLUDE_RAW_ACQUIRE_EXTERNALLY,"Retrieve from https://www.nta.go.jp/about/organization/nagoya/statistics/r06/xls/2-2.xlsx and verify SHA-256 6afa9f4cf9235401e5f12aa642fcf293e868a3e3acd09c2a8454ca558feec42e; if bytes differ, treat the upstream source as changed and do not silently substitute.",NONE_DECLARED_IN_SOURCE_CATALOG,CITE_PUBLISHER_TITLE_AND_SOURCE_URL,SOURCE_OR_EMBEDDED_THIRD_PARTY_RIGHTS_MAY_OVERRIDE_SITE_TERMS,"PDL1.0-style reuse terms apply subject to attribution, third-party rights, and content-specific exceptions."
NTA-NONRESIDENT-GUIDANCE,National Tax Agency,Tax Answer No.1926 - non-residents with Japanese domestic-source income,https://www.nta.go.jp/taxes/shiraberu/taxanswer/shotoku/1926.htm,data/raw/nta/nonresident_domestic_source_guidance.html,49396b4da0f520ce391d964aa711c7d48e10badba9ff3e77abfd1e6590e1fd50,19908,RAW_OFFICIAL,www.nta.go.jp,SITE_TERMS_ALLOW_REUSE_WITH_ATTRIBUTION,https://www.nta.go.jp/chuijiko/copy.htm,2026-09-13,EXCLUDE_RAW_ACQUIRE_EXTERNALLY,"Retrieve from https://www.nta.go.jp/taxes/shiraberu/taxanswer/shotoku/1926.htm and verify SHA-256 49396b4da0f520ce391d964aa711c7d48e10badba9ff3e77abfd1e6590e1fd50; if bytes differ, treat the upstream source as changed and do not silently substitute.",NONE_DECLARED_IN_SOURCE_CATALOG,CITE_PUBLISHER_TITLE_AND_SOURCE_URL,SOURCE_OR_EMBEDDED_THIRD_PARTY_RIGHTS_MAY_OVERRIDE_SITE_TERMS,"PDL1.0-style reuse terms apply subject to attribution, third-party rights, and content-specific exceptions."
NTA-NTC-INDEX-2026-09-12,National Tax Agency / National Tax College,National Tax College index snapshot for current joint-research announcements,https://www.nta.go.jp/about/organization/ntc/,data/raw/income_tax/nta_ntc_index_2026-09-12.html,e8f32f3e23754754ccc20414793cb78a41a68056e442a251cd52132c3aa8c1fd,26455,RAW_OFFICIAL_ACCESS_QUERY,www.nta.go.jp,SITE_TERMS_ALLOW_REUSE_WITH_ATTRIBUTION,https://www.nta.go.jp/chuijiko/copy.htm,2026-09-13,EXCLUDE_RAW_ACQUIRE_EXTERNALLY,"Retrieve from https://www.nta.go.jp/about/organization/ntc/ and verify SHA-256 e8f32f3e23754754ccc20414793cb78a41a68056e442a251cd52132c3aa8c1fd; if bytes differ, treat the upstream source as changed and do not silently substitute.",NONE_DECLARED_IN_SOURCE_CATALOG,CITE_PUBLISHER_TITLE_AND_SOURCE_URL,SOURCE_OR_EMBEDDED_THIRD_PARTY_RIGHTS_MAY_OVERRIDE_SITE_TERMS,"PDL1.0-style reuse terms apply subject to attribution, third-party rights, and content-specific exceptions."
NTA-NTC-JOINT-RESEARCH-CALL6,National Tax Agency / National Tax College,Sixth call for joint research using NTA administrative-record microdata,https://www.nta.go.jp/about/organization/ntc/kyodokenkyu/koubo/index.htm,data/raw/vat_linkage/nta_joint_research_call6.html,79e16af0843eef9b09b4a99e835a72f357ef5380efef54e71e10b294a660c88f,20350,RAW_OFFICIAL_ACCESS_METADATA,www.nta.go.jp,SITE_TERMS_ALLOW_REUSE_WITH_ATTRIBUTION,https://www.nta.go.jp/chuijiko/copy.htm,2026-09-13,EXCLUDE_RAW_ACQUIRE_EXTERNALLY,"Retrieve from https://www.nta.go.jp/about/organization/ntc/kyodokenkyu/koubo/index.htm and verify SHA-256 79e16af0843eef9b09b4a99e835a72f357ef5380efef54e71e10b294a660c88f; if bytes differ, treat the upstream source as changed and do not silently substitute.",NONE_DECLARED_IN_SOURCE_CATALOG,CITE_PUBLISHER_TITLE_AND_SOURCE_URL,SOURCE_OR_EMBEDDED_THIRD_PARTY_RIGHTS_MAY_OVERRIDE_SITE_TERMS,"PDL1.0-style reuse terms apply subject to attribution, third-party rights, and content-specific exceptions."
NTA-NTC-JOINT-RESEARCH-FAQ,National Tax Agency / National Tax College,Joint-research frequently asked questions,https://www.nta.go.jp/about/organization/ntc/kyodokenkyu/yokuaru/index.htm,data/raw/income_tax/nta_joint_research_faq.html,12329e6b311d3135787340d28383fcf72775283a3b69347603979270970820ed,74312,RAW_OFFICIAL_ACCESS_METADATA,www.nta.go.jp,SITE_TERMS_ALLOW_REUSE_WITH_ATTRIBUTION,https://www.nta.go.jp/chuijiko/copy.htm,2026-09-13,EXCLUDE_RAW_ACQUIRE_EXTERNALLY,"Retrieve from https://www.nta.go.jp/about/organization/ntc/kyodokenkyu/yokuaru/index.htm and verify SHA-256 12329e6b311d3135787340d28383fcf72775283a3b69347603979270970820ed; if bytes differ, treat the upstream source as changed and do not silently substitute.",NONE_DECLARED_IN_SOURCE_CATALOG,CITE_PUBLISHER_TITLE_AND_SOURCE_URL,SOURCE_OR_EMBEDDED_THIRD_PARTY_RIGHTS_MAY_OVERRIDE_SITE_TERMS,"PDL1.0-style reuse terms apply subject to attribution, third-party rights, and content-specific exceptions."
NTA-NTC-JOINT-RESEARCH-GUIDELINE,National Tax Agency / National Tax College,Guideline for use of NTA administrative records in joint research,https://www.nta.go.jp/about/organization/ntc/guideline.pdf,data/raw/income_tax/nta_joint_research_guideline.pdf,01fc596e90de5280832f7187cd1f9a732e6ac1cafe18158a33ae182babefed8d,357383,RAW_OFFICIAL_ACCESS_METADATA,www.nta.go.jp,SITE_TERMS_ALLOW_REUSE_WITH_ATTRIBUTION,https://www.nta.go.jp/chuijiko/copy.htm,2026-09-13,EXCLUDE_RAW_ACQUIRE_EXTERNALLY,"Retrieve from https://www.nta.go.jp/about/organization/ntc/guideline.pdf and verify SHA-256 01fc596e90de5280832f7187cd1f9a732e6ac1cafe18158a33ae182babefed8d; if bytes differ, treat the upstream source as changed and do not silently substitute.",NONE_DECLARED_IN_SOURCE_CATALOG,CITE_PUBLISHER_TITLE_AND_SOURCE_URL,SOURCE_OR_EMBEDDED_THIRD_PARTY_RIGHTS_MAY_OVERRIDE_SITE_TERMS,"PDL1.0-style reuse terms apply subject to attribution, third-party rights, and content-specific exceptions."
NTA-NTC-JOINT-RESEARCH-OVERVIEW,National Tax Agency / National Tax College,Joint-research overview and tax-data panel illustration,https://www.nta.go.jp/about/organization/ntc/kyodokenkyu/pdf/kyodokenkyugaiyou.pdf,data/raw/income_tax/nta_joint_research_overview.pdf,e04d80bb8214603969863846d66e5578d367c05fe277e5a9ff8e41f5553f46f7,387071,RAW_OFFICIAL_ACCESS_METADATA,www.nta.go.jp,SITE_TERMS_ALLOW_REUSE_WITH_ATTRIBUTION,https://www.nta.go.jp/chuijiko/copy.htm,2026-09-13,EXCLUDE_RAW_ACQUIRE_EXTERNALLY,"Retrieve from https://www.nta.go.jp/about/organization/ntc/kyodokenkyu/pdf/kyodokenkyugaiyou.pdf and verify SHA-256 e04d80bb8214603969863846d66e5578d367c05fe277e5a9ff8e41f5553f46f7; if bytes differ, treat the upstream source as changed and do not silently substitute.",NONE_DECLARED_IN_SOURCE_CATALOG,CITE_PUBLISHER_TITLE_AND_SOURCE_URL,SOURCE_OR_EMBEDDED_THIRD_PARTY_RIGHTS_MAY_OVERRIDE_SITE_TERMS,"PDL1.0-style reuse terms apply subject to attribution, third-party rights, and content-specific exceptions."
NTA-NTC-JOINT-RESEARCH-THEME1-SAMPLE,National Tax Agency / National Tax College,Theme 1 individual income-tax return synthetic schema/sample for the sixth joint-research call,https://www.nta.go.jp/about/organization/ntc/kyodokenkyu/koubo/excel/kyodokenkyukoumoku_sampledata_thema1.xlsx,data/raw/income_tax/nta_joint_research_theme1_sample.xlsx,1f38ba548a916b08048f79f30ff1ae5e7067513bf55106fbb7e3b2eb528a967b,117433,RAW_OFFICIAL_SCHEMA_SAMPLE,www.nta.go.jp,SITE_TERMS_ALLOW_REUSE_WITH_ATTRIBUTION,https://www.nta.go.jp/chuijiko/copy.htm,2026-09-13,EXCLUDE_RAW_ACQUIRE_EXTERNALLY,"Retrieve from https://www.nta.go.jp/about/organization/ntc/kyodokenkyu/koubo/excel/kyodokenkyukoumoku_sampledata_thema1.xlsx and verify SHA-256 1f38ba548a916b08048f79f30ff1ae5e7067513bf55106fbb7e3b2eb528a967b; if bytes differ, treat the upstream source as changed and do not silently substitute.",NONE_DECLARED_IN_SOURCE_CATALOG,CITE_PUBLISHER_TITLE_AND_SOURCE_URL,SOURCE_OR_EMBEDDED_THIRD_PARTY_RIGHTS_MAY_OVERRIDE_SITE_TERMS,"PDL1.0-style reuse terms apply subject to attribution, third-party rights, and content-specific exceptions."
NTA-NTC-JOINT-RESEARCH-THEME2-SAMPLE,National Tax Agency / National Tax College,Theme 2 corporation-tax microdata synthetic schema/sample for the sixth joint-research call,https://www.nta.go.jp/about/organization/ntc/kyodokenkyu/koubo/excel/kyodokenkyukoumoku_sampledata_thema2.xlsx,data/raw/vat_linkage/nta_joint_research_theme2_sample.xlsx,7b66618516a3213cd8d0217719575afc199dda077c99c555d81349f3574e99c6,149978,RAW_OFFICIAL_SCHEMA_SAMPLE,www.nta.go.jp,SITE_TERMS_ALLOW_REUSE_WITH_ATTRIBUTION,https://www.nta.go.jp/chuijiko/copy.htm,2026-09-13,EXCLUDE_RAW_ACQUIRE_EXTERNALLY,"Retrieve from https://www.nta.go.jp/about/organization/ntc/kyodokenkyu/koubo/excel/kyodokenkyukoumoku_sampledata_thema2.xlsx and verify SHA-256 7b66618516a3213cd8d0217719575afc199dda077c99c555d81349f3574e99c6; if bytes differ, treat the upstream source as changed and do not silently substitute.",NONE_DECLARED_IN_SOURCE_CATALOG,CITE_PUBLISHER_TITLE_AND_SOURCE_URL,SOURCE_OR_EMBEDDED_THIRD_PARTY_RIGHTS_MAY_OVERRIDE_SITE_TERMS,"PDL1.0-style reuse terms apply subject to attribution, third-party rights, and content-specific exceptions."
NTA-NTC-JOINT-RESEARCH-THEME4-SAMPLE,National Tax Agency / National Tax College,Theme 4 consumption-tax microdata synthetic schema/sample for the sixth joint-research call,https://www.nta.go.jp/about/organization/ntc/kyodokenkyu/koubo/excel/kyodokenkyukoumoku_sampledata_thema4.xlsx,data/raw/vat_linkage/nta_joint_research_theme4_sample.xlsx,b1b2179782cad5459404fa4b9319777edda0ba245b806c313a0660d0b6307f99,71055,RAW_OFFICIAL_SCHEMA_SAMPLE,www.nta.go.jp,SITE_TERMS_ALLOW_REUSE_WITH_ATTRIBUTION,https://www.nta.go.jp/chuijiko/copy.htm,2026-09-13,EXCLUDE_RAW_ACQUIRE_EXTERNALLY,"Retrieve from https://www.nta.go.jp/about/organization/ntc/kyodokenkyu/koubo/excel/kyodokenkyukoumoku_sampledata_thema4.xlsx and verify SHA-256 b1b2179782cad5459404fa4b9319777edda0ba245b806c313a0660d0b6307f99; if bytes differ, treat the upstream source as changed and do not silently substitute.",NONE_DECLARED_IN_SOURCE_CATALOG,CITE_PUBLISHER_TITLE_AND_SOURCE_URL,SOURCE_OR_EMBEDDED_THIRD_PARTY_RIGHTS_MAY_OVERRIDE_SITE_TERMS,"PDL1.0-style reuse terms apply subject to attribution, third-party rights, and content-specific exceptions."
NTA-R06,National Tax Agency,FY2024 National Tax Agency Annual Statistics Report,https://www.nta.go.jp/publication/statistics/kokuzeicho/r06/R06.pdf,data/raw/nta/nta_fy2024_annual_statistics.pdf,18e26ad7d255a41d82d171d42478c76a36bae5cb8345c65fef717318db5bf529,10479407,RAW_OFFICIAL,www.nta.go.jp,SITE_TERMS_ALLOW_REUSE_WITH_ATTRIBUTION,https://www.nta.go.jp/chuijiko/copy.htm,2026-09-13,EXCLUDE_RAW_ACQUIRE_EXTERNALLY,"Retrieve from https://www.nta.go.jp/publication/statistics/kokuzeicho/r06/R06.pdf and verify SHA-256 18e26ad7d255a41d82d171d42478c76a36bae5cb8345c65fef717318db5bf529; if bytes differ, treat the upstream source as changed and do not silently substitute.",NONE_DECLARED_IN_SOURCE_CATALOG,CITE_PUBLISHER_TITLE_AND_SOURCE_URL,SOURCE_OR_EMBEDDED_THIRD_PARTY_RIGHTS_MAY_OVERRIDE_SITE_TERMS,"PDL1.0-style reuse terms apply subject to attribution, third-party rights, and content-specific exceptions."
NTA-SALARY-DEDUCTION-1410,National Tax Agency,Tax Answer No.1410 - employment income deduction,https://www.nta.go.jp/taxes/shiraberu/taxanswer/shotoku/1410.htm,data/raw/nta/nta_income_tax_answer_1410_salary_deduction.html,1d7a7668e3430ce7f4f65409fd7f133b6c979bb5097ef203ca06cd802f85780e,29993,RAW_OFFICIAL,www.nta.go.jp,SITE_TERMS_ALLOW_REUSE_WITH_ATTRIBUTION,https://www.nta.go.jp/chuijiko/copy.htm,2026-09-13,EXCLUDE_RAW_ACQUIRE_EXTERNALLY,"Retrieve from https://www.nta.go.jp/taxes/shiraberu/taxanswer/shotoku/1410.htm and verify SHA-256 1d7a7668e3430ce7f4f65409fd7f133b6c979bb5097ef203ca06cd802f85780e; if bytes differ, treat the upstream source as changed and do not silently substitute.",NONE_DECLARED_IN_SOURCE_CATALOG,CITE_PUBLISHER_TITLE_AND_SOURCE_URL,SOURCE_OR_EMBEDDED_THIRD_PARTY_RIGHTS_MAY_OVERRIDE_SITE_TERMS,"PDL1.0-style reuse terms apply subject to attribution, third-party rights, and content-specific exceptions."
NTA-SHINKOKU-JIKEIRETSU-T1-XLSX,National Tax Agency,Long-term Sample Survey for Self-Assessment Income Tax Table 1 - Summary,https://www.nta.go.jp/publication/statistics/kokuzeicho/jikeiretsu/xls01/s1.xlsx,data/raw/nta/nta_jikeiretsu_shinkoku_sample_table1.xlsx,4466ab1322052daaae18d3ecea5d12fa1ae794877b188762d3ec9606d844cc88,61876,RAW_OFFICIAL,www.nta.go.jp,SITE_TERMS_ALLOW_REUSE_WITH_ATTRIBUTION,https://www.nta.go.jp/chuijiko/copy.htm,2026-09-13,EXCLUDE_RAW_ACQUIRE_EXTERNALLY,"Retrieve from https://www.nta.go.jp/publication/statistics/kokuzeicho/jikeiretsu/xls01/s1.xlsx and verify SHA-256 4466ab1322052daaae18d3ecea5d12fa1ae794877b188762d3ec9606d844cc88; if bytes differ, treat the upstream source as changed and do not silently substitute.",NONE_DECLARED_IN_SOURCE_CATALOG,CITE_PUBLISHER_TITLE_AND_SOURCE_URL,SOURCE_OR_EMBEDDED_THIRD_PARTY_RIGHTS_MAY_OVERRIDE_SITE_TERMS,"PDL1.0-style reuse terms apply subject to attribution, third-party rights, and content-specific exceptions."
NTA-SHINKOKU-JIKEIRETSU-T2-XLSX,National Tax Agency,Long-term Sample Survey for Self-Assessment Income Tax Table 2 - Income Class Series,https://www.nta.go.jp/publication/statistics/kokuzeicho/jikeiretsu/xls01/s2.xlsx,data/raw/nta/nta_jikeiretsu_shinkoku_sample_table2.xlsx,bddd841d53ad3694ae1cc1a6dc8415d21547245f56b655a02cd156ec49dcfb53,396166,RAW_OFFICIAL,www.nta.go.jp,SITE_TERMS_ALLOW_REUSE_WITH_ATTRIBUTION,https://www.nta.go.jp/chuijiko/copy.htm,2026-09-13,EXCLUDE_RAW_ACQUIRE_EXTERNALLY,"Retrieve from https://www.nta.go.jp/publication/statistics/kokuzeicho/jikeiretsu/xls01/s2.xlsx and verify SHA-256 bddd841d53ad3694ae1cc1a6dc8415d21547245f56b655a02cd156ec49dcfb53; if bytes differ, treat the upstream source as changed and do not silently substitute.",NONE_DECLARED_IN_SOURCE_CATALOG,CITE_PUBLISHER_TITLE_AND_SOURCE_URL,SOURCE_OR_EMBEDDED_THIRD_PARTY_RIGHTS_MAY_OVERRIDE_SITE_TERMS,"PDL1.0-style reuse terms apply subject to attribution, third-party rights, and content-specific exceptions."
NTA-WITHHOLDING-2006-STATUS,National Tax Agency,2006 Withholding Income Tax Statistics - taxation status,https://www.nta.go.jp/publication/statistics/kokuzeicho/gensen2006/kazeijyokyo.pdf,data/raw/nta/nta_2006_withholding_tax_status.pdf,cf6991d25fc92aee3682f8871afe005a4ff2f88bfd28e3db26c112741e7a1ff8,469981,RAW_OFFICIAL,www.nta.go.jp,SITE_TERMS_ALLOW_REUSE_WITH_ATTRIBUTION,https://www.nta.go.jp/chuijiko/copy.htm,2026-09-13,EXCLUDE_RAW_ACQUIRE_EXTERNALLY,"Retrieve from https://www.nta.go.jp/publication/statistics/kokuzeicho/gensen2006/kazeijyokyo.pdf and verify SHA-256 cf6991d25fc92aee3682f8871afe005a4ff2f88bfd28e3db26c112741e7a1ff8; if bytes differ, treat the upstream source as changed and do not silently substitute.",NONE_DECLARED_IN_SOURCE_CATALOG,CITE_PUBLISHER_TITLE_AND_SOURCE_URL,SOURCE_OR_EMBEDDED_THIRD_PARTY_RIGHTS_MAY_OVERRIDE_SITE_TERMS,"PDL1.0-style reuse terms apply subject to attribution, third-party rights, and content-specific exceptions."
NTA-WITHHOLDING-2007-STATUS,National Tax Agency,2007 Withholding Income Tax Statistics - taxation status,https://www.nta.go.jp/publication/statistics/kokuzeicho/gensen2007/pdf/gensen.pdf,data/raw/nta/nta_2007_withholding_tax_status.pdf,40e96b1a88358fb31a7227c958b18f71998c3ab826e6ae27b003039cb6ef95ba,228832,RAW_OFFICIAL,www.nta.go.jp,SITE_TERMS_ALLOW_REUSE_WITH_ATTRIBUTION,https://www.nta.go.jp/chuijiko/copy.htm,2026-09-13,EXCLUDE_RAW_ACQUIRE_EXTERNALLY,"Retrieve from https://www.nta.go.jp/publication/statistics/kokuzeicho/gensen2007/pdf/gensen.pdf and verify SHA-256 40e96b1a88358fb31a7227c958b18f71998c3ab826e6ae27b003039cb6ef95ba; if bytes differ, treat the upstream source as changed and do not silently substitute.",NONE_DECLARED_IN_SOURCE_CATALOG,CITE_PUBLISHER_TITLE_AND_SOURCE_URL,SOURCE_OR_EMBEDDED_THIRD_PARTY_RIGHTS_MAY_OVERRIDE_SITE_TERMS,"PDL1.0-style reuse terms apply subject to attribution, third-party rights, and content-specific exceptions."
NTA-WITHHOLDING-LONG-TERM,National Tax Agency,Long-term Withholding Income Tax Statistics,https://www.nta.go.jp/publication/statistics/kokuzeicho/jikeiretsu/xls/02.xlsx,data/raw/nta/nta_withholding_long_term_series.xlsx,21dd517e4508eb0db2d379c9ac31998f7a599161187ab27ab27b0d5b700cdef4,90319,RAW_OFFICIAL,www.nta.go.jp,SITE_TERMS_ALLOW_REUSE_WITH_ATTRIBUTION,https://www.nta.go.jp/chuijiko/copy.htm,2026-09-13,EXCLUDE_RAW_ACQUIRE_EXTERNALLY,"Retrieve from https://www.nta.go.jp/publication/statistics/kokuzeicho/jikeiretsu/xls/02.xlsx and verify SHA-256 21dd517e4508eb0db2d379c9ac31998f7a599161187ab27ab27b0d5b700cdef4; if bytes differ, treat the upstream source as changed and do not silently substitute.",NONE_DECLARED_IN_SOURCE_CATALOG,CITE_PUBLISHER_TITLE_AND_SOURCE_URL,SOURCE_OR_EMBEDDED_THIRD_PARTY_RIGHTS_MAY_OVERRIDE_SITE_TERMS,"PDL1.0-style reuse terms apply subject to attribution, third-party rights, and content-specific exceptions."
OXFORD-2014-UK-TEMP-VAT-CUT,University of Oxford Department of Economics,Using a temporary indirect tax cut as a fiscal stimulus: evidence from the UK,https://www.economics.ox.ac.uk/publication/924464/manual,data/raw/vat_incidence/oxford_uk_2008_temporary_vat_cut.html,a6abc4f6473dea307c77ea940ac7a01d6d4d5ca32762154fbb7632a14f7b9176,129780,RAW_RESEARCH_PRIMARY_EMPIRICAL_METADATA,www.economics.ox.ac.uk,NO_VERIFIED_REDISTRIBUTION_LICENSE,,2026-09-13,EXCLUDE_RAW_ACQUIRE_EXTERNALLY,"Retrieve from https://www.economics.ox.ac.uk/publication/924464/manual and verify SHA-256 a6abc4f6473dea307c77ea940ac7a01d6d4d5ca32762154fbb7632a14f7b9176; if bytes differ, treat the upstream source as changed and do not silently substitute.",NONE_DECLARED_IN_SOURCE_CATALOG,CITE_PUBLISHER_TITLE_AND_SOURCE_URL,SOURCE_OR_EMBEDDED_THIRD_PARTY_RIGHTS_MAY_OVERRIDE_SITE_TERMS,Open web access is not treated as permission to redistribute the captured page.
REPEC-CESIFO-2021-GERMANY-TEMP-VAT-CUT,CESifo / IDEAS-RePEc mirror,The Pass-Through of Temporary VAT Rate Cuts: Evidence from German Supermarket Retail,https://ideas.repec.org/p/ces/ceswps/_9149.html,data/raw/vat_incidence/repec_cesifo_germany_2020_temporary_vat_cut.html,86f58edff474966c6f53a86c5d8ec20855fa53e7f78b1ce6fbd6f931d523aa56,85121,RAW_RESEARCH_METADATA_MIRROR,ideas.repec.org,NO_VERIFIED_REDISTRIBUTION_LICENSE,,2026-09-13,EXCLUDE_RAW_ACQUIRE_EXTERNALLY,"Retrieve from https://ideas.repec.org/p/ces/ceswps/_9149.html and verify SHA-256 86f58edff474966c6f53a86c5d8ec20855fa53e7f78b1ce6fbd6f931d523aa56; if bytes differ, treat the upstream source as changed and do not silently substitute.",NONE_DECLARED_IN_SOURCE_CATALOG,CITE_PUBLISHER_TITLE_AND_SOURCE_URL,SOURCE_OR_EMBEDDED_THIRD_PARTY_RIGHTS_MAY_OVERRIDE_SITE_TERMS,Public metadata/download availability is not treated as redistribution permission.
RIETI-2019-VAT-COMPLIANCE-FIRM-GROWTH,"Research Institute of Economy, Trade and Industry","Size-dependent VAT, Compliance Costs, and Firm Growth",https://www.rieti.go.jp/jp/publications/dp/19e041.pdf,data/raw/vat_compliance/rieti_2019_vat_compliance_firm_growth.pdf,458d092bddb5a49af25f2f36cd202c5b96876df710aefa651187851dbdb75eca,1608934,RAW_RESEARCH_PRIMARY_EMPIRICAL,www.rieti.go.jp,SITE_TERMS_RESTRICT_REUSE,https://www.rieti.go.jp/jp/site_policy.html,2026-09-13,EXCLUDE_RAW_ACQUIRE_EXTERNALLY,"Retrieve from https://www.rieti.go.jp/jp/publications/dp/19e041.pdf and verify SHA-256 458d092bddb5a49af25f2f36cd202c5b96876df710aefa651187851dbdb75eca; if bytes differ, treat the upstream source as changed and do not silently substitute.",NONE_DECLARED_IN_SOURCE_CATALOG,CITE_PUBLISHER_TITLE_AND_SOURCE_URL,SOURCE_OR_EMBEDDED_THIRD_PARTY_RIGHTS_MAY_OVERRIDE_SITE_TERMS,RIETI site policy limits reproduction to personal/non-public use absent permission; public redistribution is not authorized by the site policy.
RIETI-2021-QUANT-TAX-COMPLIANCE-COST,"Research Institute of Economy, Trade and Industry",Quantitative Evaluation of Tax Compliance Cost in Japan,https://www.rieti.go.jp/jp/publications/pdp/21p018.pdf,data/raw/vat_compliance/rieti_2021_quantitative_tax_compliance_cost_japan.pdf,69f2dab66a34d0765f019f4590a8ca423a4226ff665d689f6d117a71cb210fc4,770555,RAW_RESEARCH_PRIMARY_SURVEY,www.rieti.go.jp,SITE_TERMS_RESTRICT_REUSE,https://www.rieti.go.jp/jp/site_policy.html,2026-09-13,EXCLUDE_RAW_ACQUIRE_EXTERNALLY,"Retrieve from https://www.rieti.go.jp/jp/publications/pdp/21p018.pdf and verify SHA-256 69f2dab66a34d0765f019f4590a8ca423a4226ff665d689f6d117a71cb210fc4; if bytes differ, treat the upstream source as changed and do not silently substitute.",NONE_DECLARED_IN_SOURCE_CATALOG,CITE_PUBLISHER_TITLE_AND_SOURCE_URL,SOURCE_OR_EMBEDDED_THIRD_PARTY_RIGHTS_MAY_OVERRIDE_SITE_TERMS,RIETI site policy limits reproduction to personal/non-public use absent permission; public redistribution is not authorized by the site policy.
RIETI-2021-SME-VAT-COMPLIANCE,"Research Institute of Economy, Trade and Industry",Are SMEs Avoiding Compliance Costs? Evidence from VAT Reforms in Japan,https://www.rieti.go.jp/jp/publications/dp/21e090.pdf,data/raw/vat_compliance/rieti_2021_sme_vat_compliance_costs.pdf,397ef1b7202d6aec440e422587aa3ab09a1144ce0108db79fbc61166e64fe49b,1488350,RAW_RESEARCH_PRIMARY_EMPIRICAL,www.rieti.go.jp,SITE_TERMS_RESTRICT_REUSE,https://www.rieti.go.jp/jp/site_policy.html,2026-09-13,EXCLUDE_RAW_ACQUIRE_EXTERNALLY,"Retrieve from https://www.rieti.go.jp/jp/publications/dp/21e090.pdf and verify SHA-256 397ef1b7202d6aec440e422587aa3ab09a1144ce0108db79fbc61166e64fe49b; if bytes differ, treat the upstream source as changed and do not silently substitute.",NONE_DECLARED_IN_SOURCE_CATALOG,CITE_PUBLISHER_TITLE_AND_SOURCE_URL,SOURCE_OR_EMBEDDED_THIRD_PARTY_RIGHTS_MAY_OVERRIDE_SITE_TERMS,RIETI site policy limits reproduction to personal/non-public use absent permission; public redistribution is not authorized by the site policy.
SMEA-FY2025-INVOICE-TRANSACTION-SURVEY-ARCHIVED,Small and Medium Enterprise Agency / Tokyo Shoko Research,FY2025 SME Transaction Countermeasures Project (Invoice-System Transaction Survey) Final Report,https://www.chusho.meti.go.jp/keiei/torihiki/download/others/invoice_report_r7.pdf,data/raw/vat_compliance/smea_fy2025_invoice_transaction_survey_archived.pdf,5d35852bc1602c575425532244d7475393dc7385d24cc0cbfcc32f553af57d7b,1090470,RAW_OFFICIAL_REPORT_ARCHIVED_COPY,www.chusho.meti.go.jp,SITE_TERMS_ALLOW_REUSE_WITH_ATTRIBUTION,https://www.chusho.meti.go.jp/riyou_kiyaku.html,2026-09-13,EXCLUDE_RAW_ACQUIRE_EXTERNALLY,"Retrieve from https://www.chusho.meti.go.jp/keiei/torihiki/download/others/invoice_report_r7.pdf and verify SHA-256 5d35852bc1602c575425532244d7475393dc7385d24cc0cbfcc32f553af57d7b; if bytes differ, treat the upstream source as changed and do not silently substitute.",NONE_DECLARED_IN_SOURCE_CATALOG,CITE_PUBLISHER_TITLE_AND_SOURCE_URL,SOURCE_OR_EMBEDDED_THIRD_PARTY_RIGHTS_MAY_OVERRIDE_SITE_TERMS,"PDL1.0-style reuse terms apply subject to attribution, third-party rights, and content-specific exceptions."
SMRJ-FY2019-LIGHT-RATE-SUBSIDY-PERFORMANCE,"Organization for Small & Medium Enterprises and Regional Innovation, Japan",FY2019 Business Performance Report,https://www.smrj.go.jp/org/info/report/fbrion0000002uim-att/r1_gyomu.pdf,data/raw/vat_compliance/smrj_fy2019_light_rate_subsidy_performance.pdf,7b30ebbb9dc0da5b94e56c0e8df1d935672bfb4f0729564bc76390bcf033d4c3,2400233,RAW_OFFICIAL_PROGRAM_PERFORMANCE,www.smrj.go.jp,SITE_TERMS_REQUIRE_PERMISSION,https://www.smrj.go.jp/rule/index.html,2026-09-13,EXCLUDE_RAW_ACQUIRE_EXTERNALLY,"Retrieve from https://www.smrj.go.jp/org/info/report/fbrion0000002uim-att/r1_gyomu.pdf and verify SHA-256 7b30ebbb9dc0da5b94e56c0e8df1d935672bfb4f0729564bc76390bcf033d4c3; if bytes differ, treat the upstream source as changed and do not silently substitute.",NONE_DECLARED_IN_SOURCE_CATALOG,CITE_PUBLISHER_TITLE_AND_SOURCE_URL,SOURCE_OR_EMBEDDED_THIRD_PARTY_RIGHTS_MAY_OVERRIDE_SITE_TERMS,"SMRJ terms prohibit reproduction, publication, distribution, reprinting, or reuse without prior consent."
STAT-CENSUS-2020-BASIC,Statistics Bureau of Japan,2020 Population Census basic complete tabulation - results overview,https://www.stat.go.jp/data/kokusei/2020/kekka/pdf/outline_01.pdf,data/raw/statistics_bureau/2020_population_census_basic_complete_summary.pdf,2c25f23b122098627aea69283eb6f174398aef14999336f5c84c9221593e53c1,8021961,RAW_OFFICIAL,www.stat.go.jp,SITE_TERMS_ALLOW_REUSE_WITH_ATTRIBUTION,https://www.stat.go.jp/info/riyou.html,2026-09-13,EXCLUDE_RAW_ACQUIRE_EXTERNALLY,"Retrieve from https://www.stat.go.jp/data/kokusei/2020/kekka/pdf/outline_01.pdf and verify SHA-256 2c25f23b122098627aea69283eb6f174398aef14999336f5c84c9221593e53c1; if bytes differ, treat the upstream source as changed and do not silently substitute.",NONE_DECLARED_IN_SOURCE_CATALOG,CITE_PUBLISHER_TITLE_AND_SOURCE_URL,SOURCE_OR_EMBEDDED_THIRD_PARTY_RIGHTS_MAY_OVERRIDE_SITE_TERMS,"PDL1.0-style reuse terms allow reproduction/public transmission with attribution, subject to third-party rights and exceptions."
STAT-CENSUS-2020-SUMMARY,Statistics Bureau of Japan,Population and Households of Japan 2020 - overview,https://www.stat.go.jp/english/data/kokusei/2020/summary/pdf/all.pdf,data/raw/statistics_bureau/2020_population_census_summary_en.pdf,e34dd8b82b8defca12dbefeb964c95652b828d978f9e2448c35ad1f2901d1300,4778033,RAW_OFFICIAL,www.stat.go.jp,SITE_TERMS_ALLOW_REUSE_WITH_ATTRIBUTION,https://www.stat.go.jp/info/riyou.html,2026-09-13,EXCLUDE_RAW_ACQUIRE_EXTERNALLY,"Retrieve from https://www.stat.go.jp/english/data/kokusei/2020/summary/pdf/all.pdf and verify SHA-256 e34dd8b82b8defca12dbefeb964c95652b828d978f9e2448c35ad1f2901d1300; if bytes differ, treat the upstream source as changed and do not silently substitute.",NONE_DECLARED_IN_SOURCE_CATALOG,CITE_PUBLISHER_TITLE_AND_SOURCE_URL,SOURCE_OR_EMBEDDED_THIRD_PARTY_RIGHTS_MAY_OVERRIDE_SITE_TERMS,"PDL1.0-style reuse terms allow reproduction/public transmission with attribution, subject to third-party rights and exceptions."
STAT-F71561-DESIGN,Statistics Bureau of Japan,"2024 National Survey of Family Income, Consumption and Wealth sample design",https://www.stat.go.jp/data/zenkokukakei/2024/pdf/hyohon2024.pdf,data/raw/statistics_bureau/2024_nsfcw_sample_design.pdf,6de948257288726bb7513eb65c2cddbda2b377e1714678fa9943352b1bef3cea,989475,RAW_OFFICIAL,www.stat.go.jp,SITE_TERMS_ALLOW_REUSE_WITH_ATTRIBUTION,https://www.stat.go.jp/info/riyou.html,2026-09-13,EXCLUDE_RAW_ACQUIRE_EXTERNALLY,"Retrieve from https://www.stat.go.jp/data/zenkokukakei/2024/pdf/hyohon2024.pdf and verify SHA-256 6de948257288726bb7513eb65c2cddbda2b377e1714678fa9943352b1bef3cea; if bytes differ, treat the upstream source as changed and do not silently substitute.",NONE_DECLARED_IN_SOURCE_CATALOG,CITE_PUBLISHER_TITLE_AND_SOURCE_URL,SOURCE_OR_EMBEDDED_THIRD_PARTY_RIGHTS_MAY_OVERRIDE_SITE_TERMS,"PDL1.0-style reuse terms allow reproduction/public transmission with attribution, subject to third-party rights and exceptions."
STAT-MIGRATION-2024,Statistics Bureau of Japan,Report on Internal Migration in Japan 2024 - summary,https://www.stat.go.jp/data/idou/2024np/jissu/pdf/gaiyou.pdf,data/raw/statistics_bureau/2024_basic_resident_register_migration_summary.pdf,762eae1edcef3d6d880be6cd76836910ff68cd7736dec3a568e0089ce0abcbce,889706,RAW_OFFICIAL,www.stat.go.jp,SITE_TERMS_ALLOW_REUSE_WITH_ATTRIBUTION,https://www.stat.go.jp/info/riyou.html,2026-09-13,EXCLUDE_RAW_ACQUIRE_EXTERNALLY,"Retrieve from https://www.stat.go.jp/data/idou/2024np/jissu/pdf/gaiyou.pdf and verify SHA-256 762eae1edcef3d6d880be6cd76836910ff68cd7736dec3a568e0089ce0abcbce; if bytes differ, treat the upstream source as changed and do not silently substitute.",NONE_DECLARED_IN_SOURCE_CATALOG,CITE_PUBLISHER_TITLE_AND_SOURCE_URL,SOURCE_OR_EMBEDDED_THIRD_PARTY_RIGHTS_MAY_OVERRIDE_SITE_TERMS,"PDL1.0-style reuse terms allow reproduction/public transmission with attribution, subject to third-party rights and exceptions."
STAT-NSFCW-2024-ANNUAL-NONCONSUMPTION-METHOD,Statistics Bureau of Japan,"2024 National Survey of Family Income, Consumption and Wealth - Method for estimating annual non-consumption expenditures",https://www.stat.go.jp/data/zenkokukakei/2024/pdf/hisyouhi2024.pdf,data/raw/statistics_bureau/2024_nsfcw_annual_nonconsumption_estimation_method.pdf,db0a878f5af5ebde43b10a4bb94eda2965ea082c8d68e4d480e3cfdda5e59b3b,217087,RAW_OFFICIAL_METHOD,www.stat.go.jp,SITE_TERMS_ALLOW_REUSE_WITH_ATTRIBUTION,https://www.stat.go.jp/info/riyou.html,2026-09-13,EXCLUDE_RAW_ACQUIRE_EXTERNALLY,"Retrieve from https://www.stat.go.jp/data/zenkokukakei/2024/pdf/hisyouhi2024.pdf and verify SHA-256 db0a878f5af5ebde43b10a4bb94eda2965ea082c8d68e4d480e3cfdda5e59b3b; if bytes differ, treat the upstream source as changed and do not silently substitute.",NONE_DECLARED_IN_SOURCE_CATALOG,CITE_PUBLISHER_TITLE_AND_SOURCE_URL,SOURCE_OR_EMBEDDED_THIRD_PARTY_RIGHTS_MAY_OVERRIDE_SITE_TERMS,"PDL1.0-style reuse terms allow reproduction/public transmission with attribution, subject to third-party rights and exceptions."
STAT-NSFCW-2024-USAGE-NOTES,Statistics Bureau of Japan,"2024 National Survey of Family Income, Consumption and Wealth - Notes on Use",https://www.stat.go.jp/data/zenkokukakei/2024/pdf/riyou2024.pdf,data/raw/statistics_bureau/2024_nsfcw_usage_notes.pdf,5b35f3ca118e3e0e887b5fed1ba4c6158ae6456afa17e9f8ebff98ae446fd96f,512707,RAW_OFFICIAL_METADATA,www.stat.go.jp,SITE_TERMS_ALLOW_REUSE_WITH_ATTRIBUTION,https://www.stat.go.jp/info/riyou.html,2026-09-13,EXCLUDE_RAW_ACQUIRE_EXTERNALLY,"Retrieve from https://www.stat.go.jp/data/zenkokukakei/2024/pdf/riyou2024.pdf and verify SHA-256 5b35f3ca118e3e0e887b5fed1ba4c6158ae6456afa17e9f8ebff98ae446fd96f; if bytes differ, treat the upstream source as changed and do not silently substitute.",NONE_DECLARED_IN_SOURCE_CATALOG,CITE_PUBLISHER_TITLE_AND_SOURCE_URL,SOURCE_OR_EMBEDDED_THIRD_PARTY_RIGHTS_MAY_OVERRIDE_SITE_TERMS,"PDL1.0-style reuse terms allow reproduction/public transmission with attribution, subject to third-party rights and exceptions."
